Scenario,Model,Agents,Episode,Seed,Success,Steps,Total Cost,Cost Gini,Boundary Violations,Total Reward,Final Consensus,Consensus AUC,Switch Recovery Steps,Mean Half Width
iid_control,Interval Meta-GDM,10,0,20686802,1,28,13.110755621007199,0.5745136940224278,0,10.600771052321804,0.9062243536069023,0.8542835706810538,,0.053291323650797785
iid_control,Interval Meta-GDM,10,1,20687799,1,10,34.68204005609439,0.5340433324000302,0,25.818659232909084,0.9166060121676116,0.8999951453210654,,0.05889057370574813
iid_control,Interval Meta-GDM,10,2,20688796,1,7,48.0056815020392,0.5722902671606196,0,27.619541499967614,0.9056774883181501,0.8940392664265359,,0.05083604685659567
iid_control,Interval Meta-GDM,10,3,20689793,1,31,15.400019827326178,0.5213248673655639,0,13.277794327598425,0.9010272095910827,0.854004191879433,,0.04879808985825605
iid_control,Interval Meta-GDM,10,4,20690790,1,21,21.490065209383577,0.6133578395858081,0,14.320386517284902,0.9027266081071107,0.8754299305355909,,0.048733766260332004
iid_control,Interval Meta-GDM,10,5,20691787,1,10,47.054135834977814,0.4960553027178818,0,26.611480681421828,0.9154347136697774,0.8970122903231597,,0.05378777226764164
iid_control,Interval Meta-GDM,10,6,20692784,1,22,28.37968609069983,0.7446521979891465,0,11.89009525338945,0.9006585546015273,0.8821326067379316,,0.044832993748392946
iid_control,Interval Meta-GDM,10,7,20693781,1,8,53.82820038261947,0.5380616036079384,0,27.864385749534872,0.9030767214098526,0.8921152214383103,,0.06350960935951823
iid_control,Interval Meta-GDM,10,8,20694778,1,23,32.80441335627698,0.6822809408172683,0,15.668631425051693,0.9015180779311764,0.8654969616820325,,0.05580895951972924
iid_control,Interval Meta-GDM,10,9,20695775,1,10,30.712185645490283,0.6256971004475502,0,24.41060859302906,0.902560996357227,0.8896374171173586,,0.05059312710555112
iid_control,Interval Meta-GDM,10,10,20696772,1,10,19.15430599237629,0.596571689178657,0,25.241568922423298,0.9007846442446187,0.8855363975021352,,0.05135216880592357
iid_control,Interval Meta-GDM,10,11,20697769,1,7,32.7782143817342,0.5802565885195545,0,28.575334377588895,0.9068674510566914,0.8942918624811682,,0.04477310796462205
iid_control,Interval Meta-GDM,10,12,20698766,1,11,37.345927541831394,0.5773739661921737,0,26.727795660287427,0.9119044353385098,0.8943476788854379,,0.048581192204993316
iid_control,Interval Meta-GDM,10,13,20699763,1,18,23.96678192056141,0.5916140421578397,0,18.815034737922204,0.9001760736152038,0.8720158713736905,,0.04829081809370798
iid_control,Interval Meta-GDM,10,14,20700760,1,11,35.98676512162637,0.6217288555255422,0,23.800661447850928,0.9013783035731509,0.8875224415211972,,0.04969355501523458
iid_control,Interval Meta-GDM,10,15,20701757,1,6,29.803186022001416,0.6279474539605685,0,25.575695120735006,0.9158659543381898,0.9079118290678638,,0.05133144670681775
iid_control,Interval Meta-GDM,10,16,20702754,1,66,20.780697767973,0.4565570157722767,0,-8.559464413562976,0.900005347778604,0.8845447228378854,,0.05101290547408186
iid_control,Interval Meta-GDM,10,17,20703751,1,6,28.95622889293305,0.53752350919269,0,28.55836536171332,0.9124487761231116,0.9042302318158929,,0.049918662345999065
iid_control,Interval Meta-GDM,10,18,20704748,1,28,21.91306019491126,0.5404042023477795,0,14.978144019649813,0.9004261541349294,0.8505097583882394,,0.04494692587695419
iid_control,Interval Meta-GDM,10,19,20705745,1,12,42.89736534756109,0.5432936595087732,0,24.719374305727875,0.9008601558026031,0.8774711939200688,,0.04049412391657567
iid_control,Interval Meta-GDM,10,20,20706742,1,10,17.21079138172724,0.5349185805639249,0,26.521880069879767,0.900761923952883,0.8835050289777766,,0.0307739375594901
iid_control,Interval Meta-GDM,10,21,20707739,1,14,11.401539763542901,0.576898660828411,0,20.02051615099517,0.9048344656317593,0.887840567201458,,0.05163960291470733
iid_control,Interval Meta-GDM,10,22,20708736,1,11,17.42094184574776,0.45554145132036283,0,26.818383071978772,0.9127062281318747,0.8912762606182001,,0.057351164227661997
iid_control,Interval Meta-GDM,10,23,20709733,1,7,24.286289995415757,0.5892288820971681,0,26.235491758272122,0.9163196431312491,0.9059890406114507,,0.04664388621658584
iid_control,Interval Meta-GDM,10,24,20710730,1,8,11.177688963530365,0.5134188534451205,0,25.09640096354247,0.9082769130291385,0.8977236111127839,,0.04438937338108872
iid_control,Interval Meta-GDM,10,25,20711727,1,9,42.17927192616787,0.5316552220389514,0,26.724718369666235,0.9143464380236012,0.8988886695024518,,0.052333353412217565
iid_control,Interval Meta-GDM,10,26,20712724,1,13,23.603390211002786,0.43091668626104185,0,23.28877062014449,0.9003433419402074,0.8802895296689537,,0.046756131129291764
iid_control,Interval Meta-GDM,10,27,20713721,1,7,39.71812401396008,0.4369337261752779,0,29.791880811371314,0.9103090621101209,0.8975435732947268,,0.048791221621305045
iid_control,Interval Meta-GDM,10,28,20714718,1,11,22.585359458149817,0.4940229428280065,0,27.34006887142292,0.9112938327339605,0.8936076349718685,,0.05107483926891172
iid_control,Interval Meta-GDM,10,29,20715715,1,10,23.14716427397674,0.6314064269649973,0,24.48051914516971,0.9134022054604447,0.8993228422798979,,0.05184986956415159
iid_control,Interval Meta-GDM,10,30,20716712,1,11,16.88866296257863,0.6297548929710632,0,26.02318030607107,0.9028012744654719,0.8819887141244849,,0.04830962879769581
iid_control,Interval Meta-GDM,10,31,20717709,1,9,17.034800694894336,0.4910483152752363,0,23.76126210900562,0.910845589799576,0.8979281858890514,,0.04761781544579529
iid_control,Interval Meta-GDM,10,32,20718706,1,66,42.10056949028964,0.49047800559923616,0,-9.354622715811427,0.9000169374739407,0.887565017184826,,0.05846828230098441
iid_control,Interval Meta-GDM,10,33,20719703,1,13,18.548527182062564,0.6438358849511607,0,18.285361320709974,0.908111383082648,0.8911756826132937,,0.06146259564754843
iid_control,Interval Meta-GDM,10,34,20720700,1,9,24.804638299553556,0.3899816763152304,0,24.249110549752228,0.9035397210689529,0.8917932416746753,,0.039235170262631826
iid_control,Interval Meta-GDM,10,35,20721697,1,16,30.85661623299722,0.6643635894895479,0,22.048651404717226,0.9033693366335055,0.8789225426015274,,0.043115969170023014
iid_control,Interval Meta-GDM,10,36,20722694,1,11,15.786369735151409,0.7222603657739599,0,19.995994048553534,0.9008637885479477,0.8894228406424641,,0.04434563960469035
iid_control,Interval Meta-GDM,10,37,20723691,1,82,32.172098160728375,0.5780986582732546,0,-14.119322962005647,0.9000107482461005,0.8652029840929328,,0.0538978088626483
iid_control,Interval Meta-GDM,10,38,20724688,1,8,20.616867398854104,0.45700769566252464,0,24.642697873228126,0.9000955177895325,0.89071720845337,,0.04936225854595303
iid_control,Interval Meta-GDM,10,39,20725685,1,11,26.49907572614329,0.3958443752884082,0,26.588732123191864,0.9011617495901385,0.8861916720446043,,0.0562094734435447
iid_control,Interval Meta-GDM,10,40,20726682,1,8,24.683245762950033,0.5555212240482585,0,25.620228909973314,0.912136097744029,0.9018864147877739,,0.05337896104815395
iid_control,Interval Meta-GDM,10,41,20727679,1,3,31.954014264379968,0.5043914594371086,0,25.92202352705462,0.9075198083349991,0.9043366158661585,,0.052142146220825115
iid_control,Interval Meta-GDM,10,42,20728676,1,8,24.161565965230142,0.68926632495575,0,28.80451977918633,0.9184617302163749,0.9030272019922703,,0.05121117493200215
iid_control,Interval Meta-GDM,10,43,20729673,1,17,30.79203038734441,0.5572768246756663,0,21.420653888003475,0.9046321739885587,0.8756755150058971,,0.05068454062506715
iid_control,Interval Meta-GDM,10,44,20730670,1,19,13.550415882285561,0.46109585983112766,0,14.766670189997715,0.9005266434043967,0.8801040782321927,,0.04945310170534149
iid_control,Interval Meta-GDM,10,45,20731667,1,14,43.554834356752174,0.650346229524668,0,20.010772645725382,0.9008462145670647,0.8878903795462674,,0.05269043045089918
iid_control,Interval Meta-GDM,10,46,20732664,1,6,25.659593663780065,0.5600050894581667,0,29.373702351369875,0.9175551264846928,0.9073581140963519,,0.05136473641508239
iid_control,Interval Meta-GDM,10,47,20733661,1,13,47.140475156983186,0.5928208826002934,0,22.17367884510741,0.9014907567966084,0.8814916135941665,,0.05205637118393312
iid_control,Interval Meta-GDM,10,48,20734658,1,7,16.698053019166686,0.6455078592328116,0,24.868343672854397,0.9123151757694351,0.9039207607118415,,0.057453173887794695
iid_control,Interval Meta-GDM,10,49,20735655,1,9,15.598790160636122,0.4076938973036952,0,26.275659748174945,0.9028701495694816,0.8914484165479486,,0.05521594796439337
iid_control,Bounded confidence,10,0,20686802,1,27,11.531278907062035,0.6334510653299987,0,9.96820560981614,0.9001220830874359,0.8528350783517717,,0.053291323650797785
iid_control,Bounded confidence,10,1,20687799,1,12,28.617374526854952,0.5894753284327585,0,24.14820348400181,0.9048276223322853,0.8879363889909062,,0.05889057370574813
iid_control,Bounded confidence,10,2,20688796,1,6,46.951320496470466,0.5579104295855997,0,28.006838435182882,0.901184425307309,0.8908825415459108,,0.05083604685659567
iid_control,Bounded confidence,10,3,20689793,1,29,15.248381829737506,0.534692917940377,0,9.309907266997282,0.9021548872781924,0.8583224200194076,,0.04879808985825605
iid_control,Bounded confidence,10,4,20690790,1,20,18.89585945620317,0.6554527595123634,0,17.562776180770932,0.9002503899507659,0.873403177145695,,0.048733766260332004
iid_control,Bounded confidence,10,5,20691787,1,11,44.39910483208409,0.4981222086086514,0,25.624095349208034,0.9107704945867637,0.8932496148970119,,0.05378777226764164
iid_control,Bounded confidence,10,6,20692784,1,21,26.689355936214938,0.7882281849551187,0,11.928531465566662,0.9025930294393686,0.8825998562147312,,0.044832993748392946
iid_control,Bounded confidence,10,7,20693781,1,10,53.98215301978526,0.5402099285676756,0,26.816612910874376,0.9036407936361228,0.8928728458805353,,0.06350960935951823
iid_control,Bounded confidence,10,8,20694778,1,24,30.58050699510153,0.7422730178203059,0,13.476399819903033,0.9018767515571406,0.8614877552591752,,0.05580895951972924
iid_control,Bounded confidence,10,9,20695775,1,12,28.637784207777173,0.6307412431283603,0,22.95122832366636,0.9017613031619224,0.8889592910170698,,0.05059312710555112
iid_control,Bounded confidence,10,10,20696772,1,12,17.588536758844754,0.6625954280737203,0,22.935689090676416,0.9021732934771165,0.8867378273684003,,0.05135216880592357
iid_control,Bounded confidence,10,11,20697769,1,9,27.63739308078214,0.6315278378223546,0,27.491510733240506,0.9049332372315592,0.8923869705548626,,0.04477310796462205
iid_control,Bounded confidence,10,12,20698766,1,12,34.18281000138936,0.6241493234810622,0,25.514202506181647,0.9043824241835237,0.8870550061044614,,0.048581192204993316
iid_control,Bounded confidence,10,13,20699763,1,22,18.013768424095055,0.5263927484245876,0,16.954386725323097,0.9036916775659998,0.8686866619511594,,0.04829081809370798
iid_control,Bounded confidence,10,14,20700760,1,13,31.13285808185695,0.647554107706275,0,22.012692725526705,0.9006545039183961,0.8871029397661175,,0.04969355501523458
iid_control,Bounded confidence,10,15,20701757,1,6,29.597016511451933,0.6452879012598935,0,24.882586232316967,0.9032520843838281,0.8963294088818351,,0.05133144670681775
iid_control,Bounded confidence,10,16,20702754,1,17,14.813470618182947,0.4953406675384484,0,18.16264026455498,0.9000950490924127,0.8849985946745869,,0.05101290547408186
iid_control,Bounded confidence,10,17,20703751,1,7,27.275333254861525,0.5579962795985343,0,27.72513495186498,0.9053591097780975,0.8976328097622697,,0.049918662345999065
iid_control,Bounded confidence,10,18,20704748,1,28,21.551801219886528,0.5015278924062831,0,13.34432364622484,0.9000247405726656,0.8539895837482631,,0.04494692587695419
iid_control,Bounded confidence,10,19,20705745,1,13,42.13968641449927,0.5583789486700852,0,23.48887333315502,0.9027361330028033,0.8804938077911922,,0.04049412391657567
iid_control,Bounded confidence,10,20,20706742,1,11,16.06939409879945,0.5294307323821454,0,26.084308152225216,0.9024919047633032,0.8853708295601118,,0.0307739375594901
iid_control,Bounded confidence,10,21,20707739,1,14,10.23946282718277,0.6100957198623085,0,18.01444362003402,0.9006122143565919,0.8849301972259721,,0.05163960291470733
iid_control,Bounded confidence,10,22,20708736,1,12,17.62117115361437,0.44758849113455135,0,25.42226708883422,0.9124782375053284,0.8920967292516611,,0.057351164227661997
iid_control,Bounded confidence,10,23,20709733,1,9,19.157681918691964,0.6558321703232015,0,24.081316708169247,0.9134335158034164,0.901319296361607,,0.04664388621658584
iid_control,Bounded confidence,10,24,20710730,1,9,9.987003245765312,0.5518678884198092,0,24.2901870093443,0.9017013513903058,0.8917863742773195,,0.04438937338108872
iid_control,Bounded confidence,10,25,20711727,1,10,40.61027263304487,0.5497371808868627,0,25.474585481424015,0.9084693236001261,0.8939040430420957,,0.052333353412217565
iid_control,Bounded confidence,10,26,20712724,1,17,22.958287977875663,0.4826853266437441,0,19.14669256240076,0.9006885819556009,0.8776682774428539,,0.046756131129291764
iid_control,Bounded confidence,10,27,20713721,1,7,40.078290208305496,0.45835983719585105,0,29.689063541817468,0.9120829242309505,0.9002819773128192,,0.048791221621305045
iid_control,Bounded confidence,10,28,20714718,1,12,21.90045218881046,0.5010193688870104,0,25.69001767296914,0.9032706039090962,0.8871331602840296,,0.05107483926891172
iid_control,Bounded confidence,10,29,20715715,1,12,20.179761782062535,0.6619968417388034,0,22.40873341116677,0.9060833382449418,0.8915739416618398,,0.05184986956415159
iid_control,Bounded confidence,10,30,20716712,1,13,15.759683725081455,0.6502449434766782,0,24.509335968473554,0.9053347280746643,0.8846438997722484,,0.04830962879769581
iid_control,Bounded confidence,10,31,20717709,1,10,14.165652197379453,0.560663348939882,0,22.1733077464619,0.905303859764568,0.8919708861049974,,0.04761781544579529
iid_control,Bounded confidence,10,32,20718706,1,19,27.818866482547623,0.5570561458387451,0,16.85096900178919,0.9008879978525101,0.8875434707620812,,0.05846828230098441
iid_control,Bounded confidence,10,33,20719703,1,14,16.02647373209169,0.6510471147542893,0,16.93654827616291,0.9076081477271495,0.8912253761834789,,0.06146259564754843
iid_control,Bounded confidence,10,34,20720700,1,11,23.117506077869383,0.3818413724168237,0,21.53671034610608,0.9056470134694113,0.8936467968500975,,0.039235170262631826
iid_control,Bounded confidence,10,35,20721697,1,15,28.90482246983557,0.6142049952028761,0,22.048114941993486,0.9007819961020156,0.8784331621096672,,0.043115969170023014
iid_control,Bounded confidence,10,36,20722694,1,12,14.475519760755308,0.7252062431480295,0,18.632102055805884,0.9013552921204289,0.8900762375499378,,0.04434563960469035
iid_control,Bounded confidence,10,37,20723691,1,31,22.090532968791415,0.5191959713748493,0,9.09218648970459,0.9001320569863581,0.865311602203753,,0.0538978088626483
iid_control,Bounded confidence,10,38,20724688,1,11,18.733567316807854,0.5387660967260683,0,23.00356019060817,0.900274116300559,0.8907550510461133,,0.04936225854595303
iid_control,Bounded confidence,10,39,20725685,1,13,25.421596756928142,0.4180090333220483,0,23.571698133928088,0.9032088999792326,0.8885326432216795,,0.0562094734435447
iid_control,Bounded confidence,10,40,20726682,1,10,21.58304414882049,0.5803337378802369,0,24.946457646021333,0.9051328958880993,0.8945619629763488,,0.05337896104815395
iid_control,Bounded confidence,10,41,20727679,1,3,31.11305823061154,0.5123409021402419,0,26.058204289528987,0.910146144288811,0.9072433831090384,,0.052142146220825115
iid_control,Bounded confidence,10,42,20728676,1,8,22.362363267327474,0.7286921754023037,0,28.024139228636066,0.9027239807073026,0.888752395990789,,0.05121117493200215
iid_control,Bounded confidence,10,43,20729673,1,18,26.94453266272949,0.514675722750906,0,20.020009752684672,0.9054717927520614,0.8776320531811205,,0.05068454062506715
iid_control,Bounded confidence,10,44,20730670,1,20,11.535733274603306,0.49281650254802023,0,13.081842282160416,0.9023296591623597,0.8821515934772869,,0.04945310170534149
iid_control,Bounded confidence,10,45,20731667,1,16,39.52925732608941,0.6561266500769012,0,18.423390570773293,0.9019438497854062,0.8871887933821991,,0.05269043045089918
iid_control,Bounded confidence,10,46,20732664,1,6,24.776481769061327,0.560426773882567,0,29.09158981024028,0.9114980699526839,0.9021247554998333,,0.05136473641508239
iid_control,Bounded confidence,10,47,20733661,1,16,39.90779170964652,0.611612188386665,0,22.028875632510115,0.9024108888783934,0.8795452163755502,,0.05205637118393312
iid_control,Bounded confidence,10,48,20734658,1,8,16.269402071465937,0.6599138625061862,0,23.868665823577935,0.9048511122563272,0.8969034156367637,,0.057453173887794695
iid_control,Bounded confidence,10,49,20735655,1,10,13.780966649831177,0.4175198342368005,0,24.522696874424028,0.9065593370032337,0.8954159512075631,,0.05521594796439337
iid_control,Mean consensus,10,0,20686802,1,27,12.635861072860626,0.5861724535016499,0,9.686103348159785,0.9000254309367361,0.8531642222527754,,0.053291323650797785
iid_control,Mean consensus,10,1,20687799,1,12,29.09403348081969,0.5739565532057149,0,24.159098914486528,0.9064968403980324,0.8897587503205712,,0.05889057370574813
iid_control,Mean consensus,10,2,20688796,1,7,47.868098625661204,0.5456527856423923,0,27.6328207317259,0.9123414820809124,0.9016247488726565,,0.05083604685659567
iid_control,Mean consensus,10,3,20689793,1,29,16.706454831185894,0.500987283564919,0,8.956267184607778,0.9021885844759111,0.8585942307537202,,0.04879808985825605
iid_control,Mean consensus,10,4,20690790,1,21,19.99136595323486,0.6478760220520945,0,17.26023258927699,0.9063818800675648,0.8785430708465092,,0.048733766260332004
iid_control,Mean consensus,10,5,20691787,1,10,45.88373738280819,0.48622711735260604,0,25.846753674972234,0.901845186256505,0.8856534549611534,,0.05378777226764164
iid_control,Mean consensus,10,6,20692784,1,20,26.87405422671493,0.782277180394022,0,12.583469022628208,0.9003597008909449,0.8810697227755017,,0.044832993748392946
iid_control,Mean consensus,10,7,20693781,1,10,54.45008612265069,0.528512187509343,0,26.740349732936664,0.903217815999833,0.8926736805851898,,0.06350960935951823
iid_control,Mean consensus,10,8,20694778,1,22,33.42032079636977,0.7163612882800778,0,14.858334827064107,0.9013165582431012,0.8668765150979022,,0.05580895951972924
iid_control,Mean consensus,10,9,20695775,1,12,28.66593637072875,0.6308332930475411,0,22.960280924715413,0.9018309625976878,0.8890626181287052,,0.05059312710555112
iid_control,Mean consensus,10,10,20696772,1,12,17.42653510812834,0.6339635816870963,0,23.069158612669423,0.9040380544641952,0.8890062509260795,,0.05135216880592357
iid_control,Mean consensus,10,11,20697769,1,9,30.392880398854086,0.6081099979528086,0,27.206600450950653,0.9038135107395417,0.8915059062112239,,0.04477310796462205
iid_control,Mean consensus,10,12,20698766,1,12,35.54658830856216,0.6081811936124069,0,25.220068811020433,0.906599253133954,0.8900837798029246,,0.048581192204993316
iid_control,Mean consensus,10,13,20699763,1,21,21.1588434103627,0.5402574027035218,0,17.461705374040125,0.9059448689413089,0.874615668500038,,0.04829081809370798
iid_control,Mean consensus,10,14,20700760,1,13,32.06671513924334,0.6229786807999871,0,22.04218852100409,0.9004423215103919,0.8868893504778477,,0.04969355501523458
iid_control,Mean consensus,10,15,20701757,1,6,29.736318654982355,0.6413001261501179,0,24.89090587823881,0.9034893775149035,0.8965818459773165,,0.05133144670681775
iid_control,Mean consensus,10,16,20702754,1,17,15.412138716467188,0.48882445542224073,0,18.02725415461868,0.9001018529738383,0.885071525389449,,0.05101290547408186
iid_control,Mean consensus,10,17,20703751,1,7,27.31643163864437,0.5571375929329381,0,27.719441505651034,0.9054056870512817,0.8976865988201145,,0.049918662345999065
iid_control,Mean consensus,10,18,20704748,1,29,26.601746101230592,0.5417920186192662,0,11.745812286622193,0.9017110301402744,0.856106812107844,,0.04494692587695419
iid_control,Mean consensus,10,19,20705745,1,13,43.75066122103637,0.5542133758437469,0,23.294299488374286,0.9029200887900048,0.8807760437367381,,0.04049412391657567
iid_control,Mean consensus,10,20,20706742,1,11,17.27669394812772,0.5316290535273269,0,25.838440888161124,0.9046499961196612,0.887782216267727,,0.0307739375594901
iid_control,Mean consensus,10,21,20707739,1,14,10.23946282718277,0.6100957198623085,0,18.014443620034008,0.9006122143565918,0.8849301972259721,,0.05163960291470733
iid_control,Mean consensus,10,22,20708736,1,11,17.527771832171112,0.42957489966484097,0,25.742385973243323,0.9002547419425817,0.8810794989195234,,0.057351164227661997
iid_control,Mean consensus,10,23,20709733,1,8,19.635831444530623,0.6513492239127878,0,24.404936220377238,0.9039253297978476,0.8930964237030514,,0.04664388621658584
iid_control,Mean consensus,10,24,20710730,1,9,10.208166795787632,0.5443880186614434,0,24.2559899362765,0.9018720005955398,0.8920485944158083,,0.04438937338108872
iid_control,Mean consensus,10,25,20711727,1,10,41.97093559681265,0.5343580046590686,0,25.398184789076957,0.9086845286559673,0.8942140428245305,,0.052333353412217565
iid_control,Mean consensus,10,26,20712724,1,16,23.080083291307766,0.43484455330746563,0,19.698220187440555,0.9000148087748299,0.8787496052419606,,0.046756131129291764
iid_control,Mean consensus,10,27,20713721,1,7,41.598857722711145,0.42856719375138375,0,29.52067677105787,0.9120640762218162,0.9003052110617986,,0.048791221621305045
iid_control,Mean consensus,10,28,20714718,1,12,22.481981392786242,0.48771064932260844,0,25.679046262026144,0.905012835453716,0.8889936250462885,,0.05107483926891172
iid_control,Mean consensus,10,29,20715715,1,12,20.532089737738616,0.6825040073818058,0,22.441334500023082,0.9068730742103601,0.8925393179229921,,0.05184986956415159
iid_control,Mean consensus,10,30,20716712,1,13,16.29008042026965,0.6264088689110161,0,24.517116959511668,0.9055156720069398,0.8850766204347305,,0.04830962879769581
iid_control,Mean consensus,10,31,20717709,1,10,15.508742112617027,0.5243797183184948,0,22.1176793363363,0.9074991747253968,0.8945664651084002,,0.04761781544579529
iid_control,Mean consensus,10,32,20718706,1,19,27.996154353530525,0.5587859853468025,0,16.844634917622237,0.9008760271141847,0.887565888700068,,0.05846828230098441
iid_control,Mean consensus,10,33,20719703,1,14,16.66857568027492,0.6606373998065902,0,16.912415774544492,0.907658620404004,0.8912953997664455,,0.06146259564754843
iid_control,Mean consensus,10,34,20720700,1,11,23.350623511080027,0.37723875183635336,0,21.493537648454225,0.9057074714948451,0.8937209657866111,,0.039235170262631826
iid_control,Mean consensus,10,35,20721697,1,15,30.547617565327357,0.6255849011689083,0,21.83963037597551,0.9015573242359732,0.8793619696825343,,0.043115969170023014
iid_control,Mean consensus,10,36,20722694,1,12,14.676402219827219,0.7170296601289925,0,18.623469784164598,0.9012828203387946,0.8900118024837766,,0.04434563960469035
iid_control,Mean consensus,10,37,20723691,1,30,24.642883138423517,0.5410974804911868,0,9.152368126799562,0.9000333923059469,0.866279817336728,,0.0538978088626483
iid_control,Mean consensus,10,38,20724688,1,11,19.200600059138868,0.5006595236248603,0,23.041580254255205,0.9001083942731009,0.8905808762028106,,0.04936225854595303
iid_control,Mean consensus,10,39,20725685,1,13,25.54364017731967,0.41425934993172575,0,23.544335404678872,0.9030979672912657,0.8884445376775919,,0.0562094734435447
iid_control,Mean consensus,10,40,20726682,1,10,21.58304414882049,0.5803337378802369,0,24.94645764602133,0.9051328958880993,0.8945619629763488,,0.05337896104815395
iid_control,Mean consensus,10,41,20727679,1,3,31.11305823061154,0.5123409021402419,0,26.058204289528987,0.910146144288811,0.9072433831090384,,0.052142146220825115
iid_control,Mean consensus,10,42,20728676,1,8,23.622846196453306,0.6959450001583289,0,27.846249637757637,0.9013373864886342,0.8875998900477821,,0.05121117493200215
iid_control,Mean consensus,10,43,20729673,1,17,28.802445530865587,0.4771010735098151,0,20.248167512370312,0.9002656836810422,0.8739170662151707,,0.05068454062506715
iid_control,Mean consensus,10,44,20730670,1,20,11.849012823591213,0.49292287736204576,0,13.003105181724388,0.902339274189242,0.8822277076965729,,0.04945310170534149
iid_control,Mean consensus,10,45,20731667,1,16,40.89986226215321,0.6474203612466807,0,18.292420220894137,0.9024027444484157,0.8881177596195863,,0.05269043045089918
iid_control,Mean consensus,10,46,20732664,1,6,26.398878485453146,0.5426147098380936,0,28.853293793812526,0.9109882789790038,0.901740281893854,,0.05136473641508239
iid_control,Mean consensus,10,47,20733661,1,16,42.44926187127648,0.6186431532807928,0,21.82045043354279,0.904338067169043,0.8820152564766734,,0.05205637118393312
iid_control,Mean consensus,10,48,20734658,1,8,16.344865369264692,0.6587150639544836,0,23.855978373994166,0.9048181660820545,0.896919077227719,,0.057453173887794695
iid_control,Mean consensus,10,49,20735655,1,10,14.159439904336347,0.4081739351224978,0,24.427560222043418,0.9057603667664342,0.8947484805221885,,0.05521594796439337
iid_control,Observable cost-aware,10,0,20686802,1,42,9.410812689604201,0.6468732546149292,0,-4.520136424546948,0.9028043043844043,0.8450244085353381,,0.053291323650797785
iid_control,Observable cost-aware,10,1,20687799,1,16,20.714634050989233,0.6096297599581193,0,21.995876568734847,0.9060086641595564,0.8854602661222956,,0.05889057370574813
iid_control,Observable cost-aware,10,2,20688796,1,8,39.94596517907775,0.5828004144565728,0,27.26507269137401,0.9055292788738237,0.8938529999942981,,0.05083604685659567
iid_control,Observable cost-aware,10,3,20689793,1,48,12.239221130955436,0.5479350028853176,0,-8.337932743191434,0.9010239818418794,0.8484598209521865,,0.04879808985825605
iid_control,Observable cost-aware,10,4,20690790,1,31,13.868351789548765,0.7061039068223038,0,8.818394889459663,0.9001975655017503,0.8667094165169611,,0.048733766260332004
iid_control,Observable cost-aware,10,5,20691787,1,15,36.74184870141264,0.5179639025260361,0,22.440047820868628,0.9001269526617156,0.880069888609856,,0.05378777226764164
iid_control,Observable cost-aware,10,6,20692784,1,38,21.725814877692372,0.8242510844975293,0,-2.6335432739966507,0.9004958328817557,0.8714346054852008,,0.044832993748392946
iid_control,Observable cost-aware,10,7,20693781,1,16,46.89117721163612,0.5667754527704143,0,23.068930093378675,0.9014021065677574,0.8879557601253926,,0.06350960935951823
iid_control,Observable cost-aware,10,8,20694778,1,34,27.016024056646046,0.7608852293235997,0,2.1956421060823352,0.9000739477007134,0.8562250078594293,,0.05580895951972924
iid_control,Observable cost-aware,10,9,20695775,1,20,20.895960458462557,0.6675380051151742,0,18.95412307376444,0.9015847993826638,0.8822309864392035,,0.05059312710555112
iid_control,Observable cost-aware,10,10,20696772,1,25,13.965954780790824,0.7015738204364217,0,11.519721739487096,0.900702689007922,0.8783597461272111,,0.05135216880592357
iid_control,Observable cost-aware,10,11,20697769,1,13,23.61227374005719,0.680457506576613,0,24.28556266301424,0.9016253371449119,0.8869948697527422,,0.04477310796462205
iid_control,Observable cost-aware,10,12,20698766,1,17,28.098564261104098,0.6228997417533197,0,21.979253273985535,0.9023190481745212,0.881123584973393,,0.048581192204993316
iid_control,Observable cost-aware,10,13,20699763,1,32,14.267913205482742,0.5645779270934081,0,7.468891683753557,0.900491550267179,0.8588763673744547,,0.04829081809370798
iid_control,Observable cost-aware,10,14,20700760,1,22,25.70557332270998,0.7081072648472293,0,15.332794709444041,0.9008806899521911,0.8831654817285352,,0.04969355501523458
iid_control,Observable cost-aware,10,15,20701757,1,11,22.70897623455926,0.6872004401415654,0,21.30208633704921,0.9021715986041363,0.8916311605669078,,0.05133144670681775
iid_control,Observable cost-aware,10,16,20702754,1,36,10.27474922790333,0.55477021024117,0,4.082683621637323,0.9000416505102858,0.8778748023776763,,0.05101290547408186
iid_control,Observable cost-aware,10,17,20703751,1,12,18.63892270638834,0.5373486745254918,0,25.08516823935794,0.9008462574944931,0.8887628906758128,,0.049918662345999065
iid_control,Observable cost-aware,10,18,20704748,1,48,19.7442633342656,0.5285479273224236,0,-3.9061541034647167,0.9006593049205331,0.8457411391805262,,0.04494692587695419
iid_control,Observable cost-aware,10,19,20705745,1,16,37.69296384396337,0.5727088695081926,0,21.22345857984917,0.900171696587785,0.8765400228344943,,0.04049412391657567
iid_control,Observable cost-aware,10,20,20706742,1,16,11.70508431777598,0.555751276179685,0,23.085155301806104,0.9069827866088636,0.885217197610175,,0.0307739375594901
iid_control,Observable cost-aware,10,21,20707739,1,23,6.949807343066905,0.6707713647329863,0,10.967065184602156,0.9017578810256541,0.8806459419341126,,0.05163960291470733
iid_control,Observable cost-aware,10,22,20708736,1,16,13.294803504017334,0.49912840506501976,0,22.378993107920536,0.9025881562672308,0.8789448380989618,,0.057351164227661997
iid_control,Observable cost-aware,10,23,20709733,1,10,14.683530755263252,0.6496060603808771,0,22.944166638742406,0.9042901744439961,0.8914559304065033,,0.04664388621658584
iid_control,Observable cost-aware,10,24,20710730,1,15,6.853569095697374,0.590844454736515,0,20.98084150989802,0.9008838336631475,0.8877557363612755,,0.04438937338108872
iid_control,Observable cost-aware,10,25,20711727,1,14,32.125495299226316,0.5810521102195774,0,23.329431518330313,0.903652655805195,0.8857544743033742,,0.052333353412217565
iid_control,Observable cost-aware,10,26,20712724,1,23,12.489183851570909,0.42233317738799814,0,14.0736583257524,0.9001084495922956,0.8744109512935447,,0.046756131129291764
iid_control,Observable cost-aware,10,27,20713721,1,9,34.219174063133536,0.48678833293373613,0,28.43367182578792,0.9052171387680868,0.8920306682071178,,0.048791221621305045
iid_control,Observable cost-aware,10,28,20714718,1,21,16.592347454962297,0.5074951073413605,0,18.840652127724795,0.9028669765389048,0.8812683598800779,,0.05107483926891172
iid_control,Observable cost-aware,10,29,20715715,1,17,13.839964584967714,0.6837477477185625,0,18.376123437439688,0.9048762683549632,0.88588868611039,,0.05184986956415159
iid_control,Observable cost-aware,10,30,20716712,1,17,13.320722866364884,0.6927058230302674,0,21.34530049855765,0.9034828508817707,0.8798615848121732,,0.04830962879769581
iid_control,Observable cost-aware,10,31,20717709,1,13,10.328710775656758,0.6512751806500217,0,19.278940396867625,0.9061076906974096,0.8900931861560605,,0.04761781544579529
iid_control,Observable cost-aware,10,32,20718706,1,35,20.215296759183747,0.6114416145756376,0,5.685500662806682,0.9001599289238019,0.8798932598610624,,0.05846828230098441
iid_control,Observable cost-aware,10,33,20719703,1,20,10.108847249961865,0.6705427941890696,0,12.218173774582601,0.9006072151356935,0.8797601154466071,,0.06146259564754843
iid_control,Observable cost-aware,10,34,20720700,1,15,14.491862512331027,0.4395726390282848,0,18.660216852375655,0.9030997943137412,0.8885266541968245,,0.039235170262631826
iid_control,Observable cost-aware,10,35,20721697,1,25,25.119018521467225,0.6394716233063615,0,13.416069943485656,0.9021170909601427,0.8737159977910289,,0.043115969170023014
iid_control,Observable cost-aware,10,36,20722694,1,22,11.608114528487938,0.7571708010117366,0,9.47530050759044,0.9000672630269436,0.8839986720389394,,0.04434563960469035
iid_control,Observable cost-aware,10,37,20723691,1,53,17.733015699507,0.5362481057752166,0,-9.890464620462005,0.9000536862305941,0.8600084795358657,,0.0538978088626483
iid_control,Observable cost-aware,10,38,20724688,1,22,12.730863634444383,0.6177038648629551,0,15.5473037031106,0.9009053274092034,0.8852525168259191,,0.04936225854595303
iid_control,Observable cost-aware,10,39,20725685,1,21,17.38381284462523,0.4047188693774142,0,18.66368382172893,0.9008431576882966,0.8809652433517093,,0.0562094734435447
iid_control,Observable cost-aware,10,40,20726682,1,17,14.275680872424585,0.580067568441573,0,20.498457376533654,0.9027827570878919,0.8865191329336459,,0.05337896104815395
iid_control,Observable cost-aware,10,41,20727679,1,6,20.07881340655749,0.5587840163472066,0,25.215701215321054,0.9126019060783851,0.9072323677775704,,0.052142146220825115
iid_control,Observable cost-aware,10,42,20728676,1,11,19.124712887618806,0.7452644063729688,0,25.697960585566356,0.9040555058943516,0.8869594411996718,,0.05121117493200215
iid_control,Observable cost-aware,10,43,20729673,1,26,22.4527712419905,0.5009880024997801,0,12.890627103792166,0.9000310603565932,0.8676868563223533,,0.05068454062506715
iid_control,Observable cost-aware,10,44,20730670,1,37,6.438496200514214,0.48707593783069836,0,-0.5881645275322072,0.9007968814931635,0.8697815090616224,,0.04945310170534149
iid_control,Observable cost-aware,10,45,20731667,1,26,30.174137938128766,0.6846473351480327,0,10.674272744348693,0.9003537529055348,0.8801852483972971,,0.05269043045089918
iid_control,Observable cost-aware,10,46,20732664,1,8,19.637504934217848,0.6230810458196532,0,27.88733058055159,0.9075997925140455,0.896383656490621,,0.05136473641508239
iid_control,Observable cost-aware,10,47,20733661,1,24,31.85793525401145,0.6178332998391474,0,15.996047322441687,0.9005506411989314,0.8716223198310324,,0.05205637118393312
iid_control,Observable cost-aware,10,48,20734658,1,14,11.426434427711945,0.7006769022994146,0,19.997638087841818,0.9010935586844071,0.8890268487998602,,0.057453173887794695
iid_control,Observable cost-aware,10,49,20735655,1,15,9.382094288877411,0.46824515270510103,0,21.0052757556876,0.9037384067711318,0.8883583617315772,,0.05521594796439337
iid_control,Random,10,0,20686802,0,120,185.30176862122076,0.721170240139023,303,-223.98578404377542,0.057501985449407815,0.08101231484894093,,0.053291323650797785
iid_control,Random,10,1,20687799,0,120,409.6320271521562,0.4006070557658048,179,-211.08665768575398,0.0,0.08156863724918047,,0.05889057370574813
iid_control,Random,10,2,20688796,0,120,813.1050511160255,0.42226558404604364,243,-250.0654146671843,0.0,0.11619098512077278,,0.05083604685659567
iid_control,Random,10,3,20689793,0,120,271.674944808943,0.5665817583940254,201,-201.7939260327847,0.09799829105783199,0.1315488674943604,,0.04879808985825605
iid_control,Random,10,4,20690790,0,120,573.8684722074271,0.49097719706362475,162,-231.25636033781717,0.004773907983516524,0.1756637573680044,,0.048733766260332004
iid_control,Random,10,5,20691787,0,120,582.9531769038264,0.40828483777128133,204,-234.65325838486726,0.0,0.13175112556962268,,0.05378777226764164
iid_control,Random,10,6,20692784,0,120,349.0205722430446,0.6367321642333033,164,-192.46948450692742,0.37226176673475136,0.1241989516315852,,0.044832993748392946
iid_control,Random,10,7,20693781,0,120,683.4453400614135,0.4918842038144915,312,-257.4051059271614,0.051194195851685956,0.07114220276983897,,0.06350960935951823
iid_control,Random,10,8,20694778,0,120,395.2224548849734,0.6350621393062006,248,-213.69384228209123,0.05613876990929828,0.15410609475557174,,0.05580895951972924
iid_control,Random,10,9,20695775,0,120,370.26332723119884,0.5053413996264937,47,-168.52063346792852,0.20652629474763518,0.42196424333304905,,0.05059312710555112
iid_control,Random,10,10,20696772,0,120,269.5221785200937,0.5193953062360741,181,-181.2180253877315,0.20712941281126646,0.1530421103652306,,0.05135216880592357
iid_control,Random,10,11,20697769,0,120,475.4771140734886,0.47082487753670277,212,-223.1291818823513,0.0,0.10507646351482085,,0.04477310796462205
iid_control,Random,10,12,20698766,0,120,439.3635838402894,0.4179222771461659,273,-229.2797309948562,0.02824255939057562,0.06427376752950928,,0.048581192204993316
iid_control,Random,10,13,20699763,0,120,280.8477505576435,0.576342769527374,199,-198.35724909927043,0.10927206618151,0.15533375131597454,,0.04829081809370798
iid_control,Random,10,14,20700760,0,120,472.1485865470763,0.5481452251182288,297,-241.00980413951956,0.046903432794989826,0.08093071941104854,,0.04969355501523458
iid_control,Random,10,15,20701757,0,120,679.139438199227,0.49980947150856503,172,-238.54118450178518,0.020798781550977447,0.2229050245163457,,0.05133144670681775
iid_control,Random,10,16,20702754,0,120,206.24317124717177,0.6347051333387097,216,-192.0422807367444,0.1687085288385158,0.14804128960000848,,0.05101290547408186
iid_control,Random,10,17,20703751,0,120,413.7696676616577,0.47742661477899584,158,-199.20140209231448,0.22996121722681942,0.1574733404523449,,0.049918662345999065
iid_control,Random,10,18,20704748,0,120,321.3811018732551,0.7339111212686227,315,-244.21785185568348,0.0,0.06537413018797948,,0.04494692587695419
iid_control,Random,10,19,20705745,0,120,563.0877635747684,0.4512060347902127,135,-215.64296495650797,0.024487896800746103,0.155021287303936,,0.04049412391657567
iid_control,Random,10,20,20706742,0,120,271.35620699294753,0.5666610355700685,284,-217.6039824949617,0.010971529822121445,0.09665858404914164,,0.0307739375594901
iid_control,Random,10,21,20707739,0,120,447.49400414558704,0.67970429834261,225,-232.55406031434606,0.02287065121296875,0.11037202370614756,,0.05163960291470733
iid_control,Random,10,22,20708736,0,120,277.4161304112823,0.5579675734765093,229,-197.0477943524319,0.04896665595238501,0.18267928725877838,,0.057351164227661997
iid_control,Random,10,23,20709733,0,120,378.92518472440213,0.5836413600530816,233,-211.10967221441723,0.13714147333512863,0.12897488126614234,,0.04664388621658584
iid_control,Random,10,24,20710730,0,120,308.1822763594589,0.4604211689861395,129,-193.3392692528472,0.0,0.21095440118238282,,0.04438937338108872
iid_control,Random,10,25,20711727,0,120,576.0450965433035,0.521469952465428,214,-231.81188076040544,0.026224956555361337,0.1197267940301967,,0.052333353412217565
iid_control,Random,10,26,20712724,0,120,468.1615006871877,0.558935450776848,351,-251.78114964915284,0.0,0.10345662183266797,,0.046756131129291764
iid_control,Random,10,27,20713721,0,120,639.2354167265959,0.4044784833622601,356,-262.6350971134389,0.0,0.05319355780699813,,0.048791221621305045
iid_control,Random,10,28,20714718,0,120,387.7788718484064,0.5091915606845168,192,-214.03335201410292,0.0,0.13529934959986994,,0.05107483926891172
iid_control,Random,10,29,20715715,0,120,310.6990471621087,0.5176431722108301,159,-202.4045749766707,0.0,0.2036129226111407,,0.05184986956415159
iid_control,Random,10,30,20716712,0,120,174.25105243272046,0.5398323330680366,231,-187.19882679977223,0.09412066563308924,0.10589867294494969,,0.04830962879769581
iid_control,Random,10,31,20717709,0,120,305.3210313089447,0.4206456961054179,404,-241.7802890020692,0.0,0.0738439533449833,,0.04761781544579529
iid_control,Random,10,32,20718706,0,120,488.3730884431037,0.45625546126452843,201,-211.2613132470991,0.15133732052275337,0.24066486328129244,,0.05846828230098441
iid_control,Random,10,33,20719703,0,120,396.9498036987701,0.5850764200602006,126,-210.5467781409502,0.0,0.21275599092208636,,0.06146259564754843
iid_control,Random,10,34,20720700,0,120,484.83216825330067,0.47000812463850217,156,-224.06385269608964,0.0,0.14262990713497797,,0.039235170262631826
iid_control,Random,10,35,20721697,0,120,328.6535203497339,0.6599605003879705,435,-254.17136572031808,0.0,0.02505362354925174,,0.043115969170023014
iid_control,Random,10,36,20722694,0,120,328.6237401310998,0.5534950996136512,190,-200.5828106597466,0.0958943132429488,0.17367349553930975,,0.04434563960469035
iid_control,Random,10,37,20723691,0,120,289.52588706554377,0.5892958470287508,275,-218.87147304435456,0.00043127815385674007,0.08584774576486004,,0.0538978088626483
iid_control,Random,10,38,20724688,0,120,385.88832061114243,0.4051297623215946,172,-213.78078747879013,0.0,0.15906193944285948,,0.04936225854595303
iid_control,Random,10,39,20725685,0,120,437.391051857909,0.5280668289554975,207,-217.88874557829453,0.0,0.15123503613514747,,0.0562094734435447
iid_control,Random,10,40,20726682,0,120,373.83778335043945,0.39062124109670315,65,-171.7837887465455,0.3714556482632078,0.3014506934396769,,0.05337896104815395
iid_control,Random,10,41,20727679,0,120,853.0542114369084,0.39677216578812935,209,-266.7342658257216,0.0,0.15898151734489996,,0.052142146220825115
iid_control,Random,10,42,20728676,0,120,253.80749969321437,0.5496371170332601,249,-191.015768980181,0.1610143033807232,0.10878446034810162,,0.05121117493200215
iid_control,Random,10,43,20729673,0,120,379.7888467935276,0.5668871359609489,290,-223.00937022583875,0.004518661930679495,0.10321235915655352,,0.05068454062506715
iid_control,Random,10,44,20730670,0,120,219.1067703494223,0.5118233006825843,124,-188.47940225137373,0.016049426291111283,0.18690137950188432,,0.04945310170534149
iid_control,Random,10,45,20731667,0,120,686.8223093173642,0.5843160699930323,109,-238.17011908939745,0.055258046676375246,0.20440852274672666,,0.05269043045089918
iid_control,Random,10,46,20732664,0,120,432.8853369691563,0.5695275437265856,131,-193.93218197348733,0.10400068377170117,0.27854756589978913,,0.05136473641508239
iid_control,Random,10,47,20733661,0,120,469.7076591774166,0.5878739721142325,155,-220.50889712236207,0.01701249859516642,0.16225024715412778,,0.05205637118393312
iid_control,Random,10,48,20734658,0,120,358.6423383468296,0.6401439695755522,176,-201.29864377648246,0.2914993350490473,0.18868837267552346,,0.057453173887794695
iid_control,Random,10,49,20735655,0,120,191.22505646555632,0.4653487709365345,151,-180.2516066195852,0.0,0.2202696696289685,,0.05521594796439337
iid_control,Interval Meta-GDM,40,0,20687192,1,24,68.22812280299269,0.5112269880063525,0,12.786938033155963,0.9011389905179862,0.8715799830705468,,0.0491318476446469
iid_control,Interval Meta-GDM,40,1,20688189,1,26,67.91864373701296,0.5210376602237503,0,10.85797902362934,0.9001624059085677,0.8703014206746037,,0.049413725540263714
iid_control,Interval Meta-GDM,40,2,20689186,1,19,109.2046327077127,0.5328207938935889,0,17.977212072188124,0.9004637221949382,0.8792417084607439,,0.047262494172383894
iid_control,Interval Meta-GDM,40,3,20690183,1,18,105.10366497769874,0.6015684900176081,0,19.169025894662823,0.903927580793217,0.8826784977106265,,0.04810521202970934
iid_control,Interval Meta-GDM,40,4,20691180,1,11,116.14537547738658,0.5207663483080593,0,23.790655182333513,0.9002818035905062,0.8874448504129511,,0.05030743257162201
iid_control,Interval Meta-GDM,40,5,20692177,1,19,111.83354748295748,0.6147096392741784,0,18.414898398438027,0.9007729932360474,0.8825254510663061,,0.052362617699173976
iid_control,Interval Meta-GDM,40,6,20693174,1,17,82.11932560932047,0.5357223167098191,0,17.34778294490299,0.9016694991685201,0.8850900003004364,,0.050940794006328505
iid_control,Interval Meta-GDM,40,7,20694171,1,12,102.60783867074389,0.5233293719495569,0,25.347874378105356,0.9058999648897026,0.8888762777859178,,0.049151340737995305
iid_control,Interval Meta-GDM,40,8,20695168,1,13,106.8310100017481,0.4900774313771237,0,24.93184422269593,0.9015850300789638,0.8833925311350564,,0.05013462120902271
iid_control,Interval Meta-GDM,40,9,20696165,1,10,89.44280889871762,0.5806775160980879,0,22.523009410480654,0.9003816777021009,0.8879288377611779,,0.05202565373183018
iid_control,Interval Meta-GDM,40,10,20697162,1,16,105.56133140920974,0.5824723289901717,0,18.796858533251417,0.9009661581615402,0.8859604450214029,,0.05165950804844268
iid_control,Interval Meta-GDM,40,11,20698159,1,19,111.1503224415824,0.5707724118472022,0,20.68806668941704,0.9005007123585967,0.877577161719851,,0.052722897506088086
iid_control,Interval Meta-GDM,40,12,20699156,1,21,115.43032758203229,0.5218256147559357,0,19.083836726154857,0.9030771520639606,0.8781383136624468,,0.045382359977783934
iid_control,Interval Meta-GDM,40,13,20700153,1,12,128.5260557708457,0.4222546611475424,0,24.38954570406247,0.9094544576603145,0.8899698831264774,,0.04562433296966949
iid_control,Interval Meta-GDM,40,14,20701150,1,19,85.03941582439884,0.5015749643064535,0,19.826030000697926,0.9047120099202478,0.8748378668624855,,0.051123307329772015
iid_control,Interval Meta-GDM,40,15,20702147,1,12,101.09930177457633,0.517505523275329,0,23.156704087552022,0.9028377520436411,0.8880303632965528,,0.04934671516437448
iid_control,Interval Meta-GDM,40,16,20703144,1,12,110.0580207950238,0.5234500479096662,0,23.781356586675162,0.9002193905138554,0.8858585424183956,,0.04768357126774656
iid_control,Interval Meta-GDM,40,17,20704141,1,20,111.7374916609615,0.576851887577821,0,18.44209777967513,0.9010670266715859,0.8803118504510002,,0.049418077797946665
iid_control,Interval Meta-GDM,40,18,20705138,1,15,189.94637418124387,0.4944158377906773,0,22.083076110986397,0.9028262141071671,0.8882466005697883,,0.051279830507810466
iid_control,Interval Meta-GDM,40,19,20706135,1,16,128.11584770802736,0.4838227774688273,0,22.841449085841155,0.9001571556400206,0.8791861734543605,,0.05267228326642441
iid_control,Interval Meta-GDM,40,20,20707132,1,17,153.8452383503051,0.47143127436319965,0,22.150903142324083,0.9061290127066111,0.8845008197439668,,0.050186272421181656
iid_control,Interval Meta-GDM,40,21,20708129,1,22,104.75833203312273,0.4915919257671395,0,19.547088534670927,0.9028987220238434,0.8732840009966198,,0.05012681486027715
iid_control,Interval Meta-GDM,40,22,20709126,1,20,129.61392332604237,0.4966981554844656,0,19.58720293595818,0.900989533864308,0.8800243617801911,,0.05301548278166492
iid_control,Interval Meta-GDM,40,23,20710123,1,14,90.89694044473006,0.5234292064965416,0,21.697915813910594,0.9025497686829552,0.8870616072158897,,0.0455193685499655
iid_control,Interval Meta-GDM,40,24,20711120,1,12,126.52068601601883,0.5874463902449774,0,25.044251472695812,0.9034997619241243,0.8858472348213969,,0.05111273341895597
iid_control,Interval Meta-GDM,40,25,20712117,1,11,87.28436398333767,0.5043550648774671,0,23.24801705364164,0.9017888364762752,0.8845417011188427,,0.04909703669468982
iid_control,Interval Meta-GDM,40,26,20713114,1,17,108.60236401979043,0.5533402696168201,0,19.57248395584495,0.9001281950299924,0.8786251207205467,,0.05159106642979303
iid_control,Interval Meta-GDM,40,27,20714111,1,18,101.81024349762693,0.49415991601472475,0,19.79869246806533,0.901280562182239,0.8835430405236016,,0.0522686392429458
iid_control,Interval Meta-GDM,40,28,20715108,1,14,132.69670074650162,0.5118947024402505,0,25.231163533472213,0.9065730608541188,0.8851799356165505,,0.052579323506670626
iid_control,Interval Meta-GDM,40,29,20716105,1,18,132.24275969065053,0.5100747699863717,0,20.63794532378836,0.900077081320567,0.878640359386481,,0.051797369142860816
iid_control,Interval Meta-GDM,40,30,20717102,1,11,116.97532936606274,0.5767063308173495,0,24.080826852612496,0.9034787826227002,0.8903026185806637,,0.05243037326044473
iid_control,Interval Meta-GDM,40,31,20718099,1,18,97.15969184509098,0.5887756108192699,0,19.983490983390396,0.9010807694479978,0.8793195562730322,,0.053018818988931106
iid_control,Interval Meta-GDM,40,32,20719096,1,19,111.78910056078581,0.5074585638513842,0,20.823439834834012,0.9027075321916811,0.8766726986609373,,0.05062794184367551
iid_control,Interval Meta-GDM,40,33,20720093,1,8,89.88526645885403,0.6160577988749156,0,25.877645998369797,0.9023954162966613,0.8914541507259047,,0.05243585294082194
iid_control,Interval Meta-GDM,40,34,20721090,1,23,154.82111430509252,0.4831765693000807,0,16.56732893311844,0.9018868223408284,0.8737713197973604,,0.049287635238443164
iid_control,Interval Meta-GDM,40,35,20722087,1,19,94.35455510633426,0.4374306421042724,0,18.96636492754515,0.9001688133954768,0.8780218316584528,,0.0529418891711803
iid_control,Interval Meta-GDM,40,36,20723084,1,20,72.50805031853989,0.5125811053743707,0,18.943011859694014,0.9026130253383401,0.8768566118361735,,0.050047651506136846
iid_control,Interval Meta-GDM,40,37,20724081,1,16,96.59401375777895,0.5698004776826555,0,20.81075804029356,0.901690424219208,0.8817470549593572,,0.05242660025029945
iid_control,Interval Meta-GDM,40,38,20725078,1,17,109.61364829403607,0.459571703678185,0,20.881562598320876,0.9009781642041602,0.8829745613302623,,0.043624040085000135
iid_control,Interval Meta-GDM,40,39,20726075,1,13,120.27410382997253,0.5090392603047411,0,23.679844260410142,0.9001182384012907,0.8834787231307882,,0.053922820102538085
iid_control,Interval Meta-GDM,40,40,20727072,1,48,169.5164125740616,0.5014479023318463,0,7.539090164613175,0.9002126937184494,0.8827543986078344,,0.04889373859246075
iid_control,Interval Meta-GDM,40,41,20728069,1,17,86.05115889828309,0.4996532870282915,0,21.38585554084726,0.9031039754428786,0.8845078025560178,,0.055046493757419365
iid_control,Interval Meta-GDM,40,42,20729066,1,20,121.25630601605218,0.5515485363185304,0,18.379012083676333,0.900259848686562,0.8783302343745414,,0.04779241447943257
iid_control,Interval Meta-GDM,40,43,20730063,1,16,106.96841901830459,0.6103394319368596,0,23.048523635641157,0.9058419410694301,0.8829651138548495,,0.047111950108037176
iid_control,Interval Meta-GDM,40,44,20731060,1,18,106.64167263968278,0.5868234607473988,0,22.134745994447915,0.9003538749716695,0.8780091236676371,,0.051578645413247935
iid_control,Interval Meta-GDM,40,45,20732057,1,22,147.6785263189929,0.5645720119160653,0,20.02296086713794,0.9007010882029782,0.8757612745077797,,0.04903023897272328
iid_control,Interval Meta-GDM,40,46,20733054,1,17,100.82825899826359,0.561407869326501,0,20.9978615857623,0.901037870914139,0.877807097759518,,0.04874935390242284
iid_control,Interval Meta-GDM,40,47,20734051,1,28,96.62996233881114,0.4739292587420172,0,14.265576104916605,0.9006223264404194,0.8715585680709864,,0.0513569631126663
iid_control,Interval Meta-GDM,40,48,20735048,1,12,90.50666274634473,0.5149473682653629,0,22.46603604390426,0.9056306805041489,0.8916573595371133,,0.05452390178168802
iid_control,Interval Meta-GDM,40,49,20736045,1,21,82.89374249587318,0.561694631315695,0,16.90931226330237,0.9039174023163805,0.8773743512664722,,0.04802499560457522
iid_control,Bounded confidence,40,0,20687192,1,23,63.881057630750185,0.5367569254632576,0,11.877531790174594,0.9010341866450866,0.8723583332674951,,0.0491318476446469
iid_control,Bounded confidence,40,1,20688189,1,26,61.523694551565384,0.5393130333079628,0,8.986520065941669,0.9018780641288134,0.872010673737427,,0.049413725540263714
iid_control,Bounded confidence,40,2,20689186,1,20,97.81068426050507,0.5574275649869469,0,14.222283443252952,0.9023838741617057,0.8817426780892271,,0.047262494172383894
iid_control,Bounded confidence,40,3,20690183,1,21,76.7410721879431,0.6795767875540082,0,12.725619143485865,0.9045929656899642,0.8833956179488809,,0.04810521202970934
iid_control,Bounded confidence,40,4,20691180,1,12,109.60081236543934,0.5542280895640801,0,21.26547305494301,0.9012244854052249,0.8888864665110531,,0.05030743257162201
iid_control,Bounded confidence,40,5,20692177,1,17,100.66588142320981,0.6172895695101326,0,16.095915506075244,0.9028444878545067,0.8853786883513635,,0.052362617699173976
iid_control,Bounded confidence,40,6,20693174,1,17,75.82270132513993,0.5534047490831364,0,15.213342594668909,0.9035328271562441,0.8875172949513627,,0.050940794006328505
iid_control,Bounded confidence,40,7,20694171,1,13,94.09638417112428,0.5548252905283828,0,22.805034796035507,0.9012941454916045,0.8854030477467612,,0.049151340737995305
iid_control,Bounded confidence,40,8,20695168,1,15,96.73077123743461,0.5116848862678864,0,21.246373774764546,0.9042135374963848,0.8859134000623962,,0.05013462120902271
iid_control,Bounded confidence,40,9,20696165,1,11,85.72326475830593,0.6076892018278128,0,21.025160554522547,0.9072334789336068,0.8947132646956732,,0.05202565373183018
iid_control,Bounded confidence,40,10,20697162,1,17,92.74515404768796,0.646488567101934,0,13.928418905858242,0.9048662300912479,0.8898587138058031,,0.05165950804844268
iid_control,Bounded confidence,40,11,20698159,1,18,106.06994133820363,0.5814255541904776,0,19.849636881946342,0.9011286941704828,0.8787635861589613,,0.052722897506088086
iid_control,Bounded confidence,40,12,20699156,1,22,96.28133833514474,0.5790771480651786,0,11.823704843971463,0.9014278992294088,0.8772972713888477,,0.045382359977783934
iid_control,Bounded confidence,40,13,20700153,1,12,120.31229414302933,0.43347001045180344,0,23.507829212270224,0.9037359117763354,0.8855058228655227,,0.04562433296966949
iid_control,Bounded confidence,40,14,20701150,1,19,80.81625634887679,0.5284513772919008,0,18.10026974204908,0.903951238262005,0.8756180421263726,,0.051123307329772015
iid_control,Bounded confidence,40,15,20702147,1,14,95.72091164836621,0.5658637231698653,0,19.96649398048912,0.9019084670952465,0.8872063332434448,,0.04934671516437448
iid_control,Bounded confidence,40,16,20703144,1,14,99.38626959394969,0.5558603835730402,0,20.46447920202265,0.902983243298774,0.8881324553425853,,0.04768357126774656
iid_control,Bounded confidence,40,17,20704141,1,20,97.24427074074649,0.5982801528966928,0,13.845457226245458,0.9016704082649195,0.8816994753896596,,0.049418077797946665
iid_control,Bounded confidence,40,18,20705138,1,17,161.90063728312327,0.5373434157285271,0,17.38565025904476,0.904303464948061,0.8895899289636117,,0.051279830507810466
iid_control,Bounded confidence,40,19,20706135,1,16,119.01174666262591,0.5275589791635071,0,19.38689724863545,0.902245307510017,0.8823074765641936,,0.05267228326642441
iid_control,Bounded confidence,40,20,20707132,1,16,140.81432468017277,0.503435845661091,0,18.78785285991463,0.9045266552769774,0.884878703302098,,0.050186272421181656
iid_control,Bounded confidence,40,21,20708129,1,22,96.0313585227183,0.5049815368779207,0,14.449430043186458,0.9013208619132047,0.8734459606727228,,0.05012681486027715
iid_control,Bounded confidence,40,22,20709126,1,17,117.78130583242532,0.5241647942379726,0,18.215021411442265,0.9028259025622313,0.8826440194387198,,0.05301548278166492
iid_control,Bounded confidence,40,23,20710123,1,14,80.69483137683568,0.5540515809896893,0,18.657387047863423,0.9003102364580374,0.8857417041211519,,0.0455193685499655
iid_control,Bounded confidence,40,24,20711120,1,14,119.8204568757914,0.6052188859666829,0,21.26706278381664,0.9059653847361417,0.8886155535220809,,0.05111273341895597
iid_control,Bounded confidence,40,25,20712117,1,12,81.44616040590209,0.539922441752124,0,21.892690568676933,0.906447476376039,0.8895637595530445,,0.04909703669468982
iid_control,Bounded confidence,40,26,20713114,1,17,107.35406635283702,0.5680351420186884,0,17.260935872503016,0.9010484555701215,0.8806669484615569,,0.05159106642979303
iid_control,Bounded confidence,40,27,20714111,1,15,93.32030922417104,0.5110449440980143,0,19.34791385663894,0.9021614992862255,0.8853980727255525,,0.0522686392429458
iid_control,Bounded confidence,40,28,20715108,1,15,122.41093582361225,0.5168322905461267,0,22.466396929132834,0.905933794101588,0.8846574616034016,,0.052579323506670626
iid_control,Bounded confidence,40,29,20716105,1,19,121.41922680183012,0.5283835596177371,0,18.011659480166834,0.9026682357625055,0.8808308873680685,,0.051797369142860816
iid_control,Bounded confidence,40,30,20717102,1,11,105.44054486271943,0.6042446364414311,0,22.42149872851937,0.9015913712631721,0.8888397482570238,,0.05243037326044473
iid_control,Bounded confidence,40,31,20718099,1,18,87.5423281581235,0.6091799604598844,0,17.672577728466266,0.9034063288241783,0.8819390162734863,,0.053018818988931106
iid_control,Bounded confidence,40,32,20719096,1,18,103.65376403853676,0.5218222985079999,0,17.76090161797302,0.9010157189894422,0.8767521486547284,,0.05062794184367551
iid_control,Bounded confidence,40,33,20720093,1,9,88.75220554730376,0.6291815174494653,0,24.566609689074163,0.9016910001628993,0.8912555149880217,,0.05243585294082194
iid_control,Bounded confidence,40,34,20721090,1,22,143.31353054712247,0.5163039230340556,0,13.003807749566937,0.9036431140619638,0.8764249180576826,,0.049287635238443164
iid_control,Bounded confidence,40,35,20722087,1,18,81.1726914398706,0.47125196757396326,0,16.659875480280487,0.9012710225095776,0.880419492564066,,0.0529418891711803
iid_control,Bounded confidence,40,36,20723084,1,19,56.615676031528324,0.6079022889570416,0,14.244964394368028,0.9009627351352945,0.8772965958663019,,0.050047651506136846
iid_control,Bounded confidence,40,37,20724081,1,16,85.93713860951434,0.5905263226669695,0,17.88401137905049,0.9002973481594175,0.881391272812394,,0.05242660025029945
iid_control,Bounded confidence,40,38,20725078,1,18,100.17472493098148,0.4993915114099454,0,17.69516949960761,0.9000143396284078,0.8820430618739152,,0.043624040085000135
iid_control,Bounded confidence,40,39,20726075,1,13,107.94073685497159,0.49278201835485635,0,21.532510253120172,0.9010043290955867,0.8854828476976129,,0.053922820102538085
iid_control,Bounded confidence,40,40,20727072,1,17,122.64813538748189,0.5218861705602023,0,16.69449919082407,0.9006605344952596,0.8848960047612754,,0.04889373859246075
iid_control,Bounded confidence,40,41,20728069,1,21,62.03725829598774,0.5472008611371062,0,16.092980283374825,0.9028891589719072,0.8840742028319658,,0.055046493757419365
iid_control,Bounded confidence,40,42,20729066,1,19,109.94257641144813,0.5737486671904741,0,15.660392835068052,0.9020562673228179,0.8809247902391101,,0.04779241447943257
iid_control,Bounded confidence,40,43,20730063,1,18,97.15873256631554,0.6502084425873027,0,19.026121326374735,0.9069037014062913,0.8840524409457331,,0.047111950108037176
iid_control,Bounded confidence,40,44,20731060,1,18,95.62197059194429,0.6107917957077396,0,18.43737222730376,0.9013218246331813,0.8793816576799627,,0.051578645413247935
iid_control,Bounded confidence,40,45,20732057,1,23,137.1288927646654,0.5931209985329353,0,13.321210632713976,0.9016930398957559,0.87732538348459,,0.04903023897272328
iid_control,Bounded confidence,40,46,20733054,1,17,92.3903880886202,0.5793251483194015,0,18.061201757540964,0.9036961181183244,0.8815570484592447,,0.04874935390242284
iid_control,Bounded confidence,40,47,20734051,1,21,87.84239513471721,0.5160459991889672,0,15.21317152337205,0.900616191658342,0.8734235687426517,,0.0513569631126663
iid_control,Bounded confidence,40,48,20735048,1,13,76.02110706608032,0.585729663031487,0,19.44268517764133,0.9048267116128216,0.8911654596487091,,0.05452390178168802
iid_control,Bounded confidence,40,49,20736045,1,20,76.23491672226466,0.5911369781483209,0,13.912107124427088,0.9048450984982104,0.8796941630792013,,0.04802499560457522
iid_control,Mean consensus,40,0,20687192,1,23,66.34839401438313,0.5276163795480204,0,11.735601246177318,0.9011119247575162,0.8725136356741277,,0.0491318476446469
iid_control,Mean consensus,40,1,20688189,1,26,62.96919498519689,0.5309495736836161,0,8.83868743761679,0.9021408226185976,0.8724225892729137,,0.049413725540263714
iid_control,Mean consensus,40,2,20689186,1,20,100.7671265416435,0.5408098938279868,0,14.103592556111153,0.9031259708536883,0.8826036420802033,,0.047262494172383894
iid_control,Mean consensus,40,3,20690183,1,21,82.72844530458221,0.6476541902223658,0,12.4974832549127,0.9049040091771571,0.8838129264398867,,0.04810521202970934
iid_control,Mean consensus,40,4,20691180,1,12,111.98799124610485,0.5391838831514155,0,21.1988952248076,0.9013845352409937,0.8890794644876002,,0.05030743257162201
iid_control,Mean consensus,40,5,20692177,1,17,106.3802294354329,0.5961427632914165,0,15.914631935188872,0.9028730931256082,0.8854639551010571,,0.052362617699173976
iid_control,Mean consensus,40,6,20693174,1,17,76.46267337754925,0.5528158165353632,0,15.180619252275775,0.9035527944634764,0.8875445873697713,,0.050940794006328505
iid_control,Mean consensus,40,7,20694171,1,13,97.74456474814941,0.5426147078746155,0,22.710446117966903,0.9011877844015019,0.8853361427158339,,0.049151340737995305
iid_control,Mean consensus,40,8,20695168,1,15,100.49221667582036,0.49234200535541883,0,21.074401630905953,0.9046709799222891,0.8865552627808133,,0.05013462120902271
iid_control,Mean consensus,40,9,20696165,1,11,87.6279669085335,0.6004908435130762,0,20.959932785900193,0.9070574225804441,0.8945786890136221,,0.05202565373183018
iid_control,Mean consensus,40,10,20697162,1,17,95.18745710952507,0.6379957883725282,0,13.84252778201154,0.9050458281843531,0.8900957278221372,,0.05165950804844268
iid_control,Mean consensus,40,11,20698159,1,18,109.04554461159292,0.5620566017574218,0,19.78521072357103,0.9013022066773039,0.8790928054919983,,0.052722897506088086
iid_control,Mean consensus,40,12,20699156,1,22,101.04480500631115,0.5668790151555392,0,11.631958384652307,0.9015541241232575,0.8774920894244159,,0.045382359977783934
iid_control,Mean consensus,40,13,20700153,1,12,126.5436676112432,0.42350184999008333,0,23.265942976021552,0.9041384755395095,0.8859650535933267,,0.04562433296966949
iid_control,Mean consensus,40,14,20701150,1,19,86.88617255620713,0.4967282702259723,0,17.798380591381516,0.9041614654760162,0.8759555737896833,,0.051123307329772015
iid_control,Mean consensus,40,15,20702147,1,14,99.27539624343767,0.5420385276727202,0,19.873719554785275,0.9026368200320706,0.8879858588803418,,0.04934671516437448
iid_control,Mean consensus,40,16,20703144,1,14,101.40826480283582,0.5506837913680258,0,20.403492929651524,0.9035995440430922,0.8888679949005325,,0.04768357126774656
iid_control,Mean consensus,40,17,20704141,1,20,100.89038379795963,0.5854085470735968,0,13.652618659820284,0.9023098778116619,0.8825032853419088,,0.049418077797946665
iid_control,Mean consensus,40,18,20705138,1,17,169.12198143442157,0.5174478777385345,0,17.144002434674483,0.904167587988428,0.889537140828001,,0.051279830507810466
iid_control,Mean consensus,40,19,20706135,1,16,125.14924050743409,0.49906815066958243,0,19.198648088080994,0.9022751872311336,0.8824145540962405,,0.05267228326642441
iid_control,Mean consensus,40,20,20707132,1,16,147.4983135889205,0.4866114904366414,0,18.55856908589142,0.9048451684401722,0.8853137185583283,,0.050186272421181656
iid_control,Mean consensus,40,21,20708129,1,22,100.01745118101371,0.48828880325615454,0,14.288365037146251,0.9014710333545194,0.8737098002257956,,0.05012681486027715
iid_control,Mean consensus,40,22,20709126,1,17,125.2338438778321,0.5011767682085266,0,17.9880406378521,0.9026183023064684,0.8826533624072775,,0.05301548278166492
iid_control,Mean consensus,40,23,20710123,1,14,83.81538486591438,0.5416541086096827,0,18.525623650874202,0.9001448219942134,0.8856263938847246,,0.0455193685499655
iid_control,Mean consensus,40,24,20711120,1,13,124.55844296927404,0.5915150953445565,0,21.842878050612512,0.9003191842509027,0.8836906342706529,,0.05111273341895597
iid_control,Mean consensus,40,25,20712117,1,12,85.94829098075789,0.5146623004850375,0,21.71129270137228,0.9062747192604587,0.8894648207021274,,0.04909703669468982
iid_control,Mean consensus,40,26,20713114,1,17,110.86168646072817,0.5526418671969957,0,17.125424768197252,0.9009888911131415,0.8806853765839251,,0.05159106642979303
iid_control,Mean consensus,40,27,20714111,1,15,96.9312231875072,0.5010827941336002,0,19.195313294371328,0.9022049932035172,0.8854776494670068,,0.0522686392429458
iid_control,Mean consensus,40,28,20715108,1,14,130.1308252847224,0.5065565644109646,0,22.676206832079487,0.9011685555179624,0.8809025607114747,,0.052579323506670626
iid_control,Mean consensus,40,29,20716105,1,19,126.24997539835655,0.5065568479809563,0,17.86046701237731,0.902886024244328,0.881213745269365,,0.051797369142860816
iid_control,Mean consensus,40,30,20717102,1,11,110.36265552504183,0.5839947381166253,0,22.270352520165353,0.9017003631194623,0.8890194763547089,,0.05243037326044473
iid_control,Mean consensus,40,31,20718099,1,18,93.41398948253217,0.6030760259200949,0,17.26076411259391,0.9038235497879109,0.8826343612436768,,0.053018818988931106
iid_control,Mean consensus,40,32,20719096,1,18,110.38689489350088,0.5139029496361578,0,17.45161721403401,0.901049016944649,0.8769186767067604,,0.05062794184367551
iid_control,Mean consensus,40,33,20720093,1,9,89.89290104037063,0.6214092083111711,0,24.566083208151635,0.9022809208589584,0.891897090876599,,0.05243585294082194
iid_control,Mean consensus,40,34,20721090,1,22,151.51494717215726,0.4997145260533631,0,12.774896394025252,0.9036319757774514,0.8765402697818383,,0.049287635238443164
iid_control,Mean consensus,40,35,20722087,1,18,87.59232853584425,0.4453916255399244,0,16.427404900025913,0.9016107581812672,0.8808642410434692,,0.0529418891711803
iid_control,Mean consensus,40,36,20723084,1,19,61.35739515151126,0.5752230328908441,0,14.072235777787022,0.9007758512118497,0.8772364954925475,,0.050047651506136846
iid_control,Mean consensus,40,37,20724081,1,16,88.58198912744524,0.5781614283026353,0,17.799218270054794,0.9002337018032811,0.8813652852704564,,0.05242660025029945
iid_control,Mean consensus,40,38,20725078,1,18,105.21481835412966,0.47025495577184984,0,17.476370958715396,0.9004819011871452,0.8825780098850732,,0.043624040085000135
iid_control,Mean consensus,40,39,20726075,1,13,111.50522595765518,0.4849906605423362,0,21.37837298401288,0.9007151632399141,0.8852623293497984,,0.053922820102538085
iid_control,Mean consensus,40,40,20727072,1,17,127.97146255564317,0.5065044227488176,0,16.500897263387852,0.900656647570075,0.8849113632271438,,0.04889373859246075
iid_control,Mean consensus,40,41,20728069,1,21,65.63741192068483,0.5233150789682182,0,15.98212455059382,0.9026127256472898,0.88382749256897,,0.055046493757419365
iid_control,Mean consensus,40,42,20729066,1,19,113.21849966495385,0.5658649671126574,0,15.50564932358763,0.9021307666039527,0.8811316208480549,,0.04779241447943257
iid_control,Mean consensus,40,43,20730063,1,17,99.78201661265817,0.6366722562799403,0,19.451225504051365,0.9000820876051323,0.8784876588648359,,0.047111950108037176
iid_control,Mean consensus,40,44,20731060,1,18,101.65348576486592,0.5938640424670116,0,18.185702854205424,0.9016586370203782,0.8799312938993923,,0.051578645413247935
iid_control,Mean consensus,40,45,20732057,1,23,141.68786059033334,0.5795227700486694,0,13.0942225852899,0.9019886876290338,0.8777447442756893,,0.04903023897272328
iid_control,Mean consensus,40,46,20733054,1,17,97.01026311422135,0.5608039915340606,0,17.904042879267124,0.9036914459673188,0.8816564584219663,,0.04874935390242284
iid_control,Mean consensus,40,47,20734051,1,21,92.49564720353676,0.49536910428378045,0,15.042152057921871,0.9005451704837558,0.8734338423455535,,0.0513569631126663
iid_control,Mean consensus,40,48,20735048,1,13,78.68911566141985,0.5663691569068592,0,19.350067503251523,0.9049736419155195,0.8913427822167499,,0.05452390178168802
iid_control,Mean consensus,40,49,20736045,1,20,83.91383455916764,0.5735593464869913,0,13.560467511102578,0.9048772988221192,0.8798377871386281,,0.04802499560457522
iid_control,Observable cost-aware,40,0,20687192,1,35,46.678067429395185,0.5748183733589434,0,0.9023428094925148,0.9010712941425023,0.8664638371357886,,0.0491318476446469
iid_control,Observable cost-aware,40,1,20688189,1,41,43.92875162498693,0.576210309303264,0,-5.245764391362176,0.9010151015381559,0.8636164406827497,,0.049413725540263714
iid_control,Observable cost-aware,40,2,20689186,1,27,74.97749738825979,0.5889707445975443,0,7.44170473140357,0.9014089846823036,0.8774573857565482,,0.047262494172383894
iid_control,Observable cost-aware,40,3,20690183,1,26,60.27456144759427,0.7224692400800137,0,7.398754462056333,0.9012719441592006,0.8782344478406515,,0.04810521202970934
iid_control,Observable cost-aware,40,4,20691180,1,21,83.57845217591935,0.6080727633033092,0,14.159374808690231,0.9004216508951375,0.8839202179217265,,0.05030743257162201
iid_control,Observable cost-aware,40,5,20692177,1,26,77.29974379214333,0.6657887796266198,0,8.14316050392986,0.9011690830877362,0.8794308009591795,,0.052362617699173976
iid_control,Observable cost-aware,40,6,20693174,1,23,53.22305289426027,0.6082981443783617,0,10.803375667138255,0.9001215543959814,0.8799686960099833,,0.050940794006328505
iid_control,Observable cost-aware,40,7,20694171,1,21,72.79496983424762,0.5869705302701169,0,16.873933607896124,0.9017416027097719,0.8820378293402423,,0.049151340737995305
iid_control,Observable cost-aware,40,8,20695168,1,21,75.36407533646157,0.5489928194021108,0,16.00638620542412,0.9000789506897277,0.8782274264529905,,0.05013462120902271
iid_control,Observable cost-aware,40,9,20696165,1,16,61.211750915817845,0.6552941670806649,0,17.05006473175348,0.9008858895425848,0.8853907886640431,,0.05202565373183018
iid_control,Observable cost-aware,40,10,20697162,1,24,69.75173360144882,0.6862185126627545,0,7.523630192582317,0.9018048376216624,0.883034453247752,,0.05165950804844268
iid_control,Observable cost-aware,40,11,20698159,1,30,89.23806943971486,0.6091746050511344,0,9.2129079377497,0.9002245620231505,0.8728473126829921,,0.052722897506088086
iid_control,Observable cost-aware,40,12,20699156,1,29,74.21172030611821,0.6233301576904686,0,5.21618248759378,0.9006190998175064,0.8727484398605271,,0.045382359977783934
iid_control,Observable cost-aware,40,13,20700153,1,16,93.20361297974479,0.46604802323628514,0,20.753081102476642,0.9046936857074475,0.8834349732277602,,0.04562433296966949
iid_control,Observable cost-aware,40,14,20701150,1,25,65.8565342474185,0.5565206720608178,0,12.774731532336515,0.9001028648294102,0.8685858327693882,,0.051123307329772015
iid_control,Observable cost-aware,40,15,20702147,1,19,72.19670348075552,0.6106620690384108,0,15.5843223041821,0.9024107589163456,0.8848728000199898,,0.04934671516437448
iid_control,Observable cost-aware,40,16,20703144,1,21,70.6528064946408,0.6000653762290422,0,14.845722005959235,0.9006340495042353,0.8815087284999082,,0.04768357126774656
iid_control,Observable cost-aware,40,17,20704141,1,29,77.3312733691569,0.653503607922501,0,5.048590265459113,0.9002726872252658,0.8756105245767852,,0.049418077797946665
iid_control,Observable cost-aware,40,18,20705138,1,21,127.7375079641292,0.5831168942633482,0,14.164018110111535,0.900954414667297,0.8844132377819265,,0.051279830507810466
iid_control,Observable cost-aware,40,19,20706135,1,24,98.0312420912247,0.5610720330088284,0,12.443790342053276,0.9003628474220339,0.8771623148948546,,0.05267228326642441
iid_control,Observable cost-aware,40,20,20707132,1,20,113.02374404192135,0.5416458791879146,0,15.857698195229132,0.9003160134399296,0.8784468981433591,,0.050186272421181656
iid_control,Observable cost-aware,40,21,20708129,1,33,78.15847029357403,0.5419563297688297,0,4.421225361648425,0.9000922825914733,0.8671042036848643,,0.05012681486027715
iid_control,Observable cost-aware,40,22,20709126,1,27,94.83334390887956,0.5687359179635776,0,9.632738836076587,0.901185568888578,0.8771050782549246,,0.05301548278166492
iid_control,Observable cost-aware,40,23,20710123,1,20,58.40541712744199,0.6067856955996485,0,14.018529362084127,0.9015785589145275,0.8832582856932569,,0.0455193685499655
iid_control,Observable cost-aware,40,24,20711120,1,21,98.07531013236114,0.643725628704376,0,14.891305927937658,0.9003046090162731,0.8791831721854351,,0.05111273341895597
iid_control,Observable cost-aware,40,25,20712117,1,16,61.55989515540399,0.5901803112319106,0,18.57720059530503,0.901525996757665,0.8822771557601509,,0.04909703669468982
iid_control,Observable cost-aware,40,26,20713114,1,25,84.74081991140181,0.6072399984611558,0,10.351804052029221,0.902094463869817,0.8774071590045842,,0.05159106642979303
iid_control,Observable cost-aware,40,27,20714111,1,23,70.01608153845048,0.5624525885582823,0,12.716431111394861,0.9000921830219775,0.8793351404012386,,0.0522686392429458
iid_control,Observable cost-aware,40,28,20715108,1,18,98.85116333742911,0.5456017431909508,0,19.433242663902632,0.901285152012775,0.8778331235589346,,0.052579323506670626
iid_control,Observable cost-aware,40,29,20716105,1,26,98.92730836649336,0.5769410434655002,0,11.37201201073868,0.90065071372366,0.8748581933066364,,0.051797369142860816
iid_control,Observable cost-aware,40,30,20717102,1,18,81.94038866352265,0.6519421604745603,0,17.020341819734988,0.9011517101068748,0.8848440545461707,,0.05243037326044473
iid_control,Observable cost-aware,40,31,20718099,1,26,70.1987109066117,0.6551133235594295,0,10.998523855835035,0.9012385234283607,0.8759249548044035,,0.053018818988931106
iid_control,Observable cost-aware,40,32,20719096,1,27,83.7344072015083,0.5450290611520188,0,10.711850355945453,0.9012044116455672,0.8729327249088071,,0.05062794184367551
iid_control,Observable cost-aware,40,33,20720093,1,18,70.77043355934259,0.6790324553241285,0,16.98638998536768,0.9015032602500402,0.8870274008843098,,0.05243585294082194
iid_control,Observable cost-aware,40,34,20721090,1,31,114.25753879046418,0.5495256680075489,0,5.150095354077807,0.900201431818286,0.8694774028474969,,0.049287635238443164
iid_control,Observable cost-aware,40,35,20722087,1,25,61.01902386714262,0.5175269338343629,0,10.84241224525846,0.900013004167426,0.8755300719553651,,0.0529418891711803
iid_control,Observable cost-aware,40,36,20723084,1,27,42.726202127900706,0.6468948947111453,0,6.736738900529465,0.9000227946043802,0.8730201858548889,,0.050047651506136846
iid_control,Observable cost-aware,40,37,20724081,1,23,67.86398915518595,0.6411207308606484,0,11.523591418790813,0.9002443509079228,0.8777443134786791,,0.05242660025029945
iid_control,Observable cost-aware,40,38,20725078,1,25,77.67925924105582,0.5442788520476347,0,11.329824526556404,0.9000342334597539,0.8791027954006813,,0.043624040085000135
iid_control,Observable cost-aware,40,39,20726075,1,21,80.54993878823598,0.5322918221145196,0,14.940289107510115,0.9013770499952485,0.8818848388331856,,0.053922820102538085
iid_control,Observable cost-aware,40,40,20727072,1,31,92.69722776802837,0.5792239153392493,0,4.140525107523926,0.9005926582357945,0.8792394991240303,,0.04889373859246075
iid_control,Observable cost-aware,40,41,20728069,1,28,46.332264751097306,0.6151436007766424,0,11.055121567719134,0.9012255478229335,0.8791421984290143,,0.055046493757419365
iid_control,Observable cost-aware,40,42,20729066,1,30,87.47090524099522,0.6099139305619026,0,5.507041811728311,0.9011438638819838,0.8749843135241367,,0.04779241447943257
iid_control,Observable cost-aware,40,43,20730063,1,23,79.4859571792708,0.6830882232861155,0,13.656235104674149,0.9021153923899781,0.8767531800229561,,0.047111950108037176
iid_control,Observable cost-aware,40,44,20731060,1,28,79.25530712009899,0.6328326314688855,0,9.377868228308811,0.9010674973123791,0.875288063158687,,0.051578645413247935
iid_control,Observable cost-aware,40,45,20732057,1,34,115.41788250232969,0.6281420861412297,0,3.013058358149615,0.9001351385383836,0.8704664511244272,,0.04903023897272328
iid_control,Observable cost-aware,40,46,20733054,1,24,74.48928500005083,0.6195880246521026,0,12.253136403757551,0.9020545161677085,0.8764245978223227,,0.04874935390242284
iid_control,Observable cost-aware,40,47,20734051,1,33,72.53649173553276,0.542630624225827,0,4.5293138535411215,0.9009661027881424,0.8689376866510009,,0.0513569631126663
iid_control,Observable cost-aware,40,48,20735048,1,18,56.76423455235335,0.6539286357967695,0,15.17045911842953,0.9023119736661521,0.8855256348316627,,0.05452390178168802
iid_control,Observable cost-aware,40,49,20736045,1,26,59.96485511070261,0.6400371269222507,0,8.503767642081062,0.901596924162863,0.8740947985773718,,0.04802499560457522
iid_control,Random,40,0,20687192,0,120,1284.409188753552,0.595299004298768,490,-204.95824993891944,0.0,0.05713040088756723,,0.0491318476446469
iid_control,Random,40,1,20688189,0,120,1142.30387629948,0.5263073543044625,610,-202.2913016079013,0.0,0.05996885854830612,,0.049413725540263714
iid_control,Random,40,2,20689186,0,120,1788.8838300504717,0.4884706503148364,700,-218.27973660955792,0.0,0.04729138874500281,,0.047262494172383894
iid_control,Random,40,3,20690183,0,120,1758.8649689505946,0.4874633868746683,663,-219.43260050462527,0.0,0.03243065512090031,,0.04810521202970934
iid_control,Random,40,4,20691180,0,120,1945.865309687345,0.5123076311207915,1127,-238.69990317220572,0.07129806641893888,0.023497517592026968,,0.05030743257162201
iid_control,Random,40,5,20692177,0,120,2035.7459557116686,0.5561585620705749,1123,-248.92967980693518,0.0,0.012600551415042047,,0.052362617699173976
iid_control,Random,40,6,20693174,0,120,1490.752650063148,0.554046751888231,743,-221.21286287090766,0.0,0.059584721784339635,,0.050940794006328505
iid_control,Random,40,7,20694171,0,120,1958.951869257879,0.5163963239755713,838,-232.74027369074273,0.0,0.017576608842333915,,0.049151340737995305
iid_control,Random,40,8,20695168,0,120,1925.9010576516387,0.4713275168906501,1146,-241.56295394439283,0.0,0.024544125832718165,,0.05013462120902271
iid_control,Random,40,9,20696165,0,120,1737.6963368296879,0.5585678674321191,725,-221.84249409004855,0.0,0.07220383524659763,,0.05202565373183018
iid_control,Random,40,10,20697162,0,120,1924.4330110562946,0.5384957201266323,692,-224.52729624205222,0.0,0.08084087743661293,,0.05165950804844268
iid_control,Random,40,11,20698159,0,120,1510.2374889090052,0.5290180049811302,1105,-232.2951396684303,0.0,0.0159800904608165,,0.052722897506088086
iid_control,Random,40,12,20699156,0,120,1869.339664912752,0.5297662354880621,601,-217.04268475503457,0.022172691497823277,0.0771679197800377,,0.045382359977783934
iid_control,Random,40,13,20700153,0,120,2051.4756996901124,0.48087661131202086,1031,-238.27345859249445,0.0,0.027723117011261223,,0.04562433296966949
iid_control,Random,40,14,20701150,0,120,1365.5644485292378,0.5584297360017321,837,-220.64379386063848,0.0,0.04262049176606388,,0.051123307329772015
iid_control,Random,40,15,20702147,0,120,1900.2947312148021,0.5287800090315264,958,-238.36590698584814,0.0,0.01411154163328298,,0.04934671516437448
iid_control,Random,40,16,20703144,0,120,1931.0712085826344,0.490167959707434,808,-231.78097320703515,0.0,0.02227925566533362,,0.04768357126774656
iid_control,Random,40,17,20704141,0,120,1745.0647966110712,0.4960029307394225,732,-219.40970586457584,0.0,0.02647062438484315,,0.049418077797946665
iid_control,Random,40,18,20705138,0,120,2710.648844175776,0.5042829210383049,816,-249.7710382987498,0.0,0.03398639390333649,,0.051279830507810466
iid_control,Random,40,19,20706135,0,120,1985.7517465049186,0.509179766349962,954,-236.03878112959057,0.017292338068875823,0.016197545481137294,,0.05267228326642441
iid_control,Random,40,20,20707132,0,120,2247.2992294425467,0.4694827969962021,764,-231.8819429793063,0.0,0.02556802563790972,,0.050186272421181656
iid_control,Random,40,21,20708129,0,120,1325.905635531993,0.5372995536146683,1185,-232.13784616082756,0.0,0.025864665204136727,,0.05012681486027715
iid_control,Random,40,22,20709126,0,120,2153.732389347848,0.47708004128607984,1266,-252.40819471204176,0.0,0.007311145088611883,,0.05301548278166492
iid_control,Random,40,23,20710123,0,120,1938.3257727710366,0.4961978265074114,1029,-241.4227897226228,0.0,0.01773613126011229,,0.0455193685499655
iid_control,Random,40,24,20711120,0,120,1873.4921650204014,0.5497262319635443,729,-224.20650639092423,0.0,0.025912885620517915,,0.05111273341895597
iid_control,Random,40,25,20712117,0,120,1692.3138024991695,0.47575534060226676,886,-224.46568338969414,0.0,0.01843318971701265,,0.04909703669468982
iid_control,Random,40,26,20713114,0,120,1922.6974698173344,0.5514397950462324,1163,-249.10774328149196,0.0,0.004551263529567993,,0.05159106642979303
iid_control,Random,40,27,20714111,0,120,1659.408714282179,0.4908931752674126,738,-220.5072152982016,0.0,0.028579079264253793,,0.0522686392429458
iid_control,Random,40,28,20715108,0,120,2184.838776836255,0.5191505577940032,894,-236.6877689236981,0.005045949472767097,0.022662484686753834,,0.052579323506670626
iid_control,Random,40,29,20716105,0,120,1591.8238845792773,0.4550289655443016,994,-224.94579742497248,0.0,0.01801652231484714,,0.051797369142860816
iid_control,Random,40,30,20717102,0,120,2064.2129082269225,0.5377600547525607,721,-229.06799856687283,0.0,0.02835250873598639,,0.05243037326044473
iid_control,Random,40,31,20718099,0,120,1614.8210029762117,0.5069142170781278,1215,-242.47673283769223,0.0,0.011529220520662069,,0.053018818988931106
iid_control,Random,40,32,20719096,0,120,1545.9076061914093,0.5682656600022553,920,-226.4693702678577,0.0,0.030780343646192046,,0.05062794184367551
iid_control,Random,40,33,20720093,0,120,1711.9459124467721,0.526305486597971,792,-220.39720023177307,0.04662815616498377,0.053220314850062095,,0.05243585294082194
iid_control,Random,40,34,20721090,0,120,2206.1767133260673,0.49259906298044154,695,-229.75992332207278,0.0037938675204946776,0.04191900712800989,,0.049287635238443164
iid_control,Random,40,35,20722087,0,120,1592.3003243942635,0.5309545342740447,922,-224.166665998948,0.0,0.029606223016536395,,0.0529418891711803
iid_control,Random,40,36,20723084,0,120,1650.910923818612,0.5859643663754339,745,-225.558201766348,0.0,0.03325641484754301,,0.050047651506136846
iid_control,Random,40,37,20724081,0,120,1453.3527855671123,0.4831969529386999,757,-213.27455918618773,0.0,0.029764014713075358,,0.05242660025029945
iid_control,Random,40,38,20725078,0,120,1896.2868341993415,0.4398160643133655,892,-228.36400537127713,0.00460259972132219,0.016752834765124274,,0.043624040085000135
iid_control,Random,40,39,20726075,0,120,1955.5941885126624,0.502197164624222,1181,-249.2775943023227,0.0055978396099121384,0.0224438870520859,,0.053922820102538085
iid_control,Random,40,40,20727072,0,120,2421.3646312927613,0.44406414653396986,882,-243.86701895210317,0.0,0.030845196699719538,,0.04889373859246075
iid_control,Random,40,41,20728069,0,120,1350.6188112003779,0.44660334046566486,668,-204.81291117959273,0.0,0.05871727318334428,,0.055046493757419365
iid_control,Random,40,42,20729066,0,120,1877.8512605856326,0.5144557863258699,755,-227.37911409588082,0.0,0.048469620241264805,,0.04779241447943257
iid_control,Random,40,43,20730063,0,120,2049.103248890258,0.5597441779758339,796,-239.04514362606503,0.0,0.027348772706957077,,0.047111950108037176
iid_control,Random,40,44,20731060,0,120,1595.8598484536717,0.5923166710699885,1037,-233.88388624459512,0.0026982744016558237,0.013708693364940653,,0.051578645413247935
iid_control,Random,40,45,20732057,0,120,1928.6391430255037,0.5287904515869273,948,-233.79561912173278,0.017344392241564557,0.027186128251274266,,0.04903023897272328
iid_control,Random,40,46,20733054,0,120,1565.3241444561581,0.5755399237214147,610,-211.368267145762,0.0,0.045978199098112196,,0.04874935390242284
iid_control,Random,40,47,20734051,0,120,1545.2085844885391,0.508787996545115,825,-220.76004010786,0.0,0.01111216102231461,,0.0513569631126663
iid_control,Random,40,48,20735048,0,120,2075.142293009087,0.4479730279768992,817,-231.3242034729065,0.0,0.03438405438197107,,0.05452390178168802
iid_control,Random,40,49,20736045,0,120,1592.6604691170887,0.49410704874167855,976,-231.811815398416,0.0,0.01509261788494013,,0.04802499560457522
iid_control,Interval Meta-GDM,100,0,20687972,1,20,295.91222741500434,0.5049114283638994,0,20.251947520648805,0.9022848267789324,0.8785835082108756,,0.04688555251291202
iid_control,Interval Meta-GDM,100,1,20688969,1,19,318.8569796202581,0.5335311123080593,0,20.060431441622267,0.9010379209976461,0.8816264798907777,,0.05236623478173491
iid_control,Interval Meta-GDM,100,2,20689966,1,21,268.363976016014,0.5631827203978332,0,17.811979179196847,0.9007660684862289,0.8746058253751088,,0.050722538668760836
iid_control,Interval Meta-GDM,100,3,20690963,1,12,271.63241395342055,0.5772148367646905,0,24.20909364376902,0.9009828419002092,0.8854495308663931,,0.052576936909526514
iid_control,Interval Meta-GDM,100,4,20691960,1,17,269.35614485247254,0.5893922919050942,0,20.349577331885385,0.9012003056588636,0.8818907190307077,,0.05107022811273975
iid_control,Interval Meta-GDM,100,5,20692957,1,16,323.5509940167924,0.5205536105594,0,21.438863543238824,0.902225853291964,0.8851522954817881,,0.050940580240691764
iid_control,Interval Meta-GDM,100,6,20693954,1,20,262.48154462804854,0.5580047243910153,0,18.895477810327826,0.9012423487617485,0.8765058653185712,,0.051518459966711255
iid_control,Interval Meta-GDM,100,7,20694951,1,11,246.17223336796954,0.532613842943038,0,24.132321993879508,0.9018995712921336,0.8868298240265076,,0.05013006433183385
iid_control,Interval Meta-GDM,100,8,20695948,1,17,305.5431383727393,0.5302424789710367,0,22.162099984058607,0.9018694477461519,0.8833668520624255,,0.05148657353328853
iid_control,Interval Meta-GDM,100,9,20696945,1,17,254.81101262770812,0.5578888785582123,0,19.341202455549656,0.9004043045274354,0.881210929052132,,0.05410281827132388
iid_control,Interval Meta-GDM,100,10,20697942,1,22,313.5816740405039,0.5007240712797165,0,18.338914067098255,0.9028687522246648,0.8802691110922038,,0.05087956499847248
iid_control,Interval Meta-GDM,100,11,20698939,1,14,310.93336511490133,0.5695655861912898,0,22.558585826985276,0.9032161151435405,0.8860696993685812,,0.05320717775019098
iid_control,Interval Meta-GDM,100,12,20699936,1,14,318.0821399978591,0.5125276280880682,0,22.712638374806506,0.900061868699652,0.8828139587389406,,0.04742257433949793
iid_control,Interval Meta-GDM,100,13,20700933,1,18,319.4049906403582,0.48072315949361744,0,21.566797570385155,0.90005029512811,0.8816237414553233,,0.04996384591090278
iid_control,Interval Meta-GDM,100,14,20701930,1,18,295.88821435056826,0.5499279049582579,0,20.635296901861935,0.9001940693689114,0.8775450153690264,,0.05350587099512445
iid_control,Interval Meta-GDM,100,15,20702927,1,19,268.5307246682828,0.5682816534270183,0,18.162942273569378,0.9020578023324598,0.8811053947318066,,0.04893208459033185
iid_control,Interval Meta-GDM,100,16,20703924,1,16,241.95880230809203,0.5755702196687436,0,20.8117241593162,0.901267949844095,0.8833327340818504,,0.052630329552342904
iid_control,Interval Meta-GDM,100,17,20704921,1,19,278.10758376516344,0.5356269339461435,0,19.364157411981832,0.9005117831372452,0.8820907549354942,,0.05006917096641736
iid_control,Interval Meta-GDM,100,18,20705918,1,13,311.45611303484253,0.5170593854194607,0,22.872290395879705,0.9008964110151906,0.8855177559608867,,0.05209233482338206
iid_control,Interval Meta-GDM,100,19,20706915,1,15,285.35092853400425,0.5345234516132322,0,21.62134238615173,0.9003816056026229,0.8826617113485737,,0.05425034621951305
iid_control,Interval Meta-GDM,100,20,20707912,1,19,306.38044079398634,0.5382898016652373,0,20.14559353614552,0.9030132069169071,0.8828775071431006,,0.049863041518754675
iid_control,Interval Meta-GDM,100,21,20708909,1,15,284.98141194420106,0.48312757886343927,0,22.882108653977273,0.9006895766373331,0.8821783607908246,,0.05138105631607635
iid_control,Interval Meta-GDM,100,22,20709906,1,14,215.11513036408599,0.5283127854723835,0,22.302184087629897,0.9044996766171133,0.8876891077960832,,0.05035536078361305
iid_control,Interval Meta-GDM,100,23,20710903,1,16,377.95964177786374,0.5091591178702886,0,23.023148375058902,0.9050853801737181,0.8841984485303074,,0.047042149456755916
iid_control,Interval Meta-GDM,100,24,20711900,1,20,301.90046498378706,0.5246625292468028,0,18.610798857705923,0.9019639876730992,0.8808619891432105,,0.050692872866278556
iid_control,Interval Meta-GDM,100,25,20712897,1,18,252.67331515463866,0.5242911602153522,0,19.15142703650787,0.9006303495352462,0.8778743033436324,,0.051749585082863155
iid_control,Interval Meta-GDM,100,26,20713894,1,25,272.5034003364781,0.5202007780227782,0,16.101181617287104,0.9002989134527511,0.8772577603327202,,0.04997707265952192
iid_control,Interval Meta-GDM,100,27,20714891,1,19,295.3771471118907,0.5508637883317808,0,19.889155335344228,0.902948310683773,0.879519985954179,,0.049730192626082886
iid_control,Interval Meta-GDM,100,28,20715888,1,19,243.73849350583416,0.534546519677521,0,19.14454105017842,0.9020166062240379,0.8823105013181303,,0.04885617343270195
iid_control,Interval Meta-GDM,100,29,20716885,1,22,227.86959520265555,0.48868837172250923,0,17.080960017371204,0.9002388991840159,0.8748009149551625,,0.0470821303070961
iid_control,Interval Meta-GDM,100,30,20717882,1,19,269.177464599548,0.6136213720360966,0,18.427211642364036,0.9016087903688016,0.8811891721753853,,0.04953132578716493
iid_control,Interval Meta-GDM,100,31,20718879,1,21,260.26577642584846,0.5861380792599065,0,16.147780383817494,0.900792845742355,0.8794747842357318,,0.04971671283615908
iid_control,Interval Meta-GDM,100,32,20719876,1,18,285.5592643854449,0.5605391763185348,0,21.313427075686796,0.9001420422320147,0.8803383022226395,,0.04712844705402748
iid_control,Interval Meta-GDM,100,33,20720873,1,21,326.29010122656143,0.5655134841131599,0,18.382521592904066,0.9011941478561019,0.8787470358980907,,0.05027108187369711
iid_control,Interval Meta-GDM,100,34,20721870,1,17,303.4476130741207,0.5555351559850448,0,21.1785585122644,0.9019590611642699,0.8831284993351095,,0.04799004260491827
iid_control,Interval Meta-GDM,100,35,20722867,1,22,321.5407641889155,0.5127234038883115,0,17.998539920100676,0.9001411161025175,0.8808505671676022,,0.04867360918963734
iid_control,Interval Meta-GDM,100,36,20723864,1,23,290.53862442398315,0.501332219954362,0,16.26949840508,0.9006982892868276,0.8724968083773977,,0.04886604758953893
iid_control,Interval Meta-GDM,100,37,20724861,1,19,249.32236911455573,0.5569874872520808,0,18.15150019705163,0.9000015466574298,0.8786123848989374,,0.05139880375028004
iid_control,Interval Meta-GDM,100,38,20725858,1,21,256.7381678150029,0.5269902380998355,0,16.613327122748515,0.9022470994281208,0.8810028727174595,,0.052204796179979925
iid_control,Interval Meta-GDM,100,39,20726855,1,19,329.5260497814018,0.5024219075758867,0,19.9844293405979,0.9016303101519144,0.8811920998404096,,0.05044448267590227
iid_control,Interval Meta-GDM,100,40,20727852,1,20,281.22444603741866,0.5136348119630578,0,18.667544271075997,0.9033429560801158,0.8812975516122908,,0.0488185599330078
iid_control,Interval Meta-GDM,100,41,20728849,1,18,273.6604234179454,0.5228631480027468,0,20.34477413736736,0.9002969762898525,0.8808908393440091,,0.04949846125452228
iid_control,Interval Meta-GDM,100,42,20729846,1,16,288.985707457631,0.4872635719587737,0,23.07651719784924,0.9033815707311986,0.8811811278314406,,0.05214204656870502
iid_control,Interval Meta-GDM,100,43,20730843,1,25,325.5469594474408,0.4734141143458792,0,15.273611340845303,0.9002666323240335,0.8772263605719741,,0.05008050438510278
iid_control,Interval Meta-GDM,100,44,20731840,1,38,354.8800654667698,0.4745469185330904,0,11.208364959188804,0.9001108029173204,0.8765452819641879,,0.048081501447374955
iid_control,Interval Meta-GDM,100,45,20732837,1,16,308.21777640599885,0.5503793907463053,0,21.166405798718454,0.9029521803304664,0.8838094258271291,,0.0504843002292226
iid_control,Interval Meta-GDM,100,46,20733834,1,24,290.2469878732934,0.4970902876820058,0,17.28249118902974,0.9024020178905665,0.8709051132315203,,0.046608431680141296
iid_control,Interval Meta-GDM,100,47,20734831,1,17,283.2404416702548,0.5366408458838481,0,21.31034425285921,0.90318470167487,0.8840141555480384,,0.05001499554145116
iid_control,Interval Meta-GDM,100,48,20735828,1,23,301.3506096166378,0.5306845952810013,0,15.754407128443509,0.900074346744544,0.8762338230973853,,0.04792780055576506
iid_control,Interval Meta-GDM,100,49,20736825,1,21,290.65067394757574,0.546075025352242,0,18.56486540024016,0.9008504878670698,0.8799455049467123,,0.049636881591539
iid_control,Bounded confidence,100,0,20687972,1,19,266.31916896732895,0.5510481476009967,0,15.506076698018912,0.9002529515871379,0.8782559986914814,,0.04688555251291202
iid_control,Bounded confidence,100,1,20688969,1,17,288.9653419033211,0.568788399426233,0,18.119317235766637,0.9007135027725142,0.8822453167063938,,0.05236623478173491
iid_control,Bounded confidence,100,2,20689966,1,21,255.31308903978777,0.5988956363987512,0,13.823278516679814,0.9032608818125787,0.8782512583746264,,0.050722538668760836
iid_control,Bounded confidence,100,3,20690963,1,12,253.18348219356423,0.6268158235354586,0,22.14085962164678,0.9006559797510305,0.886050531917293,,0.052576936909526514
iid_control,Bounded confidence,100,4,20691960,1,16,250.9648176315091,0.6171874742997483,0,17.751310217255046,0.9001602175112905,0.8822591721102467,,0.05107022811273975
iid_control,Bounded confidence,100,5,20692957,1,15,293.98272352147757,0.563737401319147,0,18.728541159322667,0.901741864944383,0.8856846467991154,,0.050940580240691764
iid_control,Bounded confidence,100,6,20693954,1,19,253.35673060068854,0.5792516806212795,0,16.128497208761626,0.9003828509612175,0.8770849597793309,,0.051518459966711255
iid_control,Bounded confidence,100,7,20694951,1,12,227.26011690862478,0.5780336158921604,0,22.20299195267863,0.9045448351340086,0.8897824541272903,,0.05013006433183385
iid_control,Bounded confidence,100,8,20695948,1,18,265.3257363194085,0.5614546279402508,0,17.615371179202146,0.9016187416724599,0.88289714988072,,0.05148657353328853
iid_control,Bounded confidence,100,9,20696945,1,17,244.37111373076655,0.5766474482646102,0,16.65709606856976,0.9050503767372372,0.8862747125514322,,0.05410281827132388
iid_control,Bounded confidence,100,10,20697942,1,21,281.6515626205193,0.5358140279227557,0,12.819237823755294,0.9025455397324225,0.8812801933893013,,0.05087956499847248
iid_control,Bounded confidence,100,11,20698939,1,14,292.0035745197661,0.591043483206587,0,20.007576275307994,0.906961060082035,0.8906109670077542,,0.05320717775019098
iid_control,Bounded confidence,100,12,20699936,1,15,296.513460169253,0.535485390437827,0,19.859498824684998,0.9041393534100307,0.8868947076241389,,0.04742257433949793
iid_control,Bounded confidence,100,13,20700933,1,18,287.43864585737816,0.5258529828295564,0,16.23622780842996,0.9009620205643285,0.8833077749718825,,0.04996384591090278
iid_control,Bounded confidence,100,14,20701930,1,18,274.8739232594067,0.5723028852254997,0,16.49488532659759,0.9032717577640827,0.882287095348081,,0.05350587099512445
iid_control,Bounded confidence,100,15,20702927,1,19,245.4734168457506,0.5949443741428644,0,15.152855638793175,0.9026995638568623,0.8827290850698704,,0.04893208459033185
iid_control,Bounded confidence,100,16,20703924,1,16,225.0937346427988,0.5998887429055724,0,18.14451128640825,0.9042349712940339,0.8869278673323476,,0.052630329552342904
iid_control,Bounded confidence,100,17,20704921,1,18,252.46442435090609,0.5770985995262747,0,15.317528977236172,0.9028965097839902,0.8855964363598233,,0.05006917096641736
iid_control,Bounded confidence,100,18,20705918,1,13,293.800523132658,0.53573000110567,0,21.14868287309932,0.902816890015562,0.8880432238086252,,0.05209233482338206
iid_control,Bounded confidence,100,19,20706915,1,15,270.35558107442586,0.5652785938069023,0,18.80590082921077,0.9027914035644997,0.8858852976394498,,0.05425034621951305
iid_control,Bounded confidence,100,20,20707912,1,17,265.98692149863393,0.5716262290776097,0,17.334825405895714,0.9006421949609688,0.8823782310357846,,0.049863041518754675
iid_control,Bounded confidence,100,21,20708909,1,15,256.06668429006,0.502370754437585,0,20.179972808148396,0.9033546726645934,0.8856221688485515,,0.05138105631607635
iid_control,Bounded confidence,100,22,20709906,1,14,186.96934808506165,0.5803911266584392,0,19.41189270701326,0.9020882726248876,0.8863469526477225,,0.05035536078361305
iid_control,Bounded confidence,100,23,20710903,1,16,355.5102198137559,0.5345852128033972,0,19.099441024602598,0.9043518942279825,0.8844974604406173,,0.047042149456755916
iid_control,Bounded confidence,100,24,20711900,1,19,281.31630997918984,0.5478176549394924,0,16.89576361415331,0.9018651236213289,0.8811832887573502,,0.050692872866278556
iid_control,Bounded confidence,100,25,20712897,1,18,234.4695423939901,0.5524663419830493,0,16.670006427576123,0.9003128737496012,0.879053665665703,,0.051749585082863155
iid_control,Bounded confidence,100,26,20713894,1,20,244.19006948395162,0.5584602320222489,0,14.327259423007,0.9017915360347493,0.879593312995329,,0.04997707265952192
iid_control,Bounded confidence,100,27,20714891,1,17,281.832589036945,0.5764466534335153,0,17.54739859676806,0.9009126562282576,0.8794810764501958,,0.049730192626082886
iid_control,Bounded confidence,100,28,20715888,1,18,217.79809489131569,0.5785812435863162,0,15.095904034530731,0.9011332339739571,0.8826710903363213,,0.04885617343270195
iid_control,Bounded confidence,100,29,20716885,1,21,206.5837497331977,0.5440573351055344,0,13.666009663078764,0.9005477667901561,0.8763673782553363,,0.0470821303070961
iid_control,Bounded confidence,100,30,20717882,1,17,249.67693151464726,0.6345634778952736,0,15.921168315092418,0.9006168074158964,0.8814228540915648,,0.04953132578716493
iid_control,Bounded confidence,100,31,20718879,1,21,231.42002929789382,0.6153957958731653,0,10.9067456094064,0.9000311139146221,0.8812417657371151,,0.04971671283615908
iid_control,Bounded confidence,100,32,20719876,1,17,258.4960889479758,0.6009337897371847,0,17.851129883085278,0.900610901674278,0.8815993442766747,,0.04712844705402748
iid_control,Bounded confidence,100,33,20720873,1,22,285.419615628547,0.6266257306858081,0,11.165267056866837,0.9016743478297451,0.8796495627996808,,0.05027108187369711
iid_control,Bounded confidence,100,34,20721870,1,17,271.1590200865654,0.6019071023312219,0,16.95229592862117,0.9010288927509664,0.8835469318205341,,0.04799004260491827
iid_control,Bounded confidence,100,35,20722867,1,21,280.5902820533799,0.5546193055576891,0,12.06686225528424,0.9012309784644028,0.8828306705722648,,0.04867360918963734
iid_control,Bounded confidence,100,36,20723864,1,22,278.0387307371873,0.5329346098708889,0,12.913123736959456,0.9018839453957151,0.8751980759555004,,0.04886604758953893
iid_control,Bounded confidence,100,37,20724861,1,19,233.65250835817818,0.5683294057902801,0,14.313929820096838,0.9002969873297063,0.8807116969107167,,0.05139880375028004
iid_control,Bounded confidence,100,38,20725858,1,20,232.47728008434402,0.5449049919552014,0,14.273852526090336,0.9000915000355626,0.88004165648932,,0.052204796179979925
iid_control,Bounded confidence,100,39,20726855,1,18,290.1860682141959,0.5392875331987077,0,15.8597393652983,0.9019964602221224,0.8828862227513609,,0.05044448267590227
iid_control,Bounded confidence,100,40,20727852,1,19,266.47221931855586,0.5354153895453169,0,15.303046223915267,0.9030465821200827,0.882549370564863,,0.0488185599330078
iid_control,Bounded confidence,100,41,20728849,1,18,260.1960950961866,0.5556460991548029,0,15.937465103806941,0.903332013560309,0.8848985550817415,,0.04949846125452228
iid_control,Bounded confidence,100,42,20729846,1,16,270.3641796481538,0.5244454456680767,0,19.335667786686848,0.9028780517678334,0.882221521569816,,0.05214204656870502
iid_control,Bounded confidence,100,43,20730843,1,24,288.7907462060179,0.5411515449705648,0,10.748715947995827,0.9012564375870467,0.8796472326332437,,0.05008050438510278
iid_control,Bounded confidence,100,44,20731840,1,26,291.86692254756537,0.5371832742598119,0,7.740220177909387,0.9001076850826029,0.8775809937931436,,0.048081501447374955
iid_control,Bounded confidence,100,45,20732837,1,15,286.2708670524722,0.5918066767209673,0,19.039170433069536,0.9016353236239638,0.8840003107448864,,0.0504843002292226
iid_control,Bounded confidence,100,46,20733834,1,23,257.5903963216373,0.5208478219489778,0,12.28475872314539,0.9031287193589572,0.8742298303122026,,0.046608431680141296
iid_control,Bounded confidence,100,47,20734831,1,16,253.68938778343252,0.5785342333447463,0,17.711369790226456,0.9005083819368839,0.8830500184393576,,0.05001499554145116
iid_control,Bounded confidence,100,48,20735828,1,22,268.65344500121574,0.5761397018272674,0,12.209084737761483,0.9018784645838844,0.8788877415474096,,0.04792780055576506
iid_control,Bounded confidence,100,49,20736825,1,20,263.9600065858945,0.587680946024913,0,13.296858548242486,0.9011360825524781,0.8813671132887096,,0.049636881591539
iid_control,Mean consensus,100,0,20687972,1,19,281.07552953111383,0.5296361470557542,0,15.29287424969609,0.9002327279314144,0.878350517033719,,0.04688555251291202
iid_control,Mean consensus,100,1,20688969,1,17,299.8424027828457,0.5521723744271039,0,17.968846479752127,0.9008533854868344,0.8824687137524838,,0.05236623478173491
iid_control,Mean consensus,100,2,20689966,1,21,265.10888510980055,0.5805525889969307,0,13.670759324761516,0.9034514426459421,0.878547440614407,,0.050722538668760836
iid_control,Mean consensus,100,3,20690963,1,12,261.93730294518014,0.6089122353358929,0,22.0504609056144,0.9008501971224036,0.8863183441640944,,0.052576936909526514
iid_control,Mean consensus,100,4,20691960,1,16,261.24010804795495,0.6039558162004159,0,17.602870110983325,0.9003321595454663,0.8824970986811292,,0.05107022811273975
iid_control,Mean consensus,100,5,20692957,1,15,306.3194539236002,0.5436851548169233,0,18.587335491488258,0.9017353026204552,0.8857356915049261,,0.050940580240691764
iid_control,Mean consensus,100,6,20693954,1,19,265.8422911155029,0.5664270326026908,0,15.891603148216529,0.9003950461794925,0.8772361898499419,,0.051518459966711255
iid_control,Mean consensus,100,7,20694951,1,12,239.21907259030502,0.5578313527247096,0,22.049355615590628,0.9046346076941645,0.8899266323722245,,0.05013006433183385
iid_control,Mean consensus,100,8,20695948,1,18,278.2487511693529,0.5499021350550688,0,17.42677068740982,0.9021398751926852,0.8835841588007531,,0.05148657353328853
iid_control,Mean consensus,100,9,20696945,1,17,249.6446106369476,0.5647055225136608,0,16.58708907758701,0.9050704843521972,0.8863382294074719,,0.05410281827132388
iid_control,Mean consensus,100,10,20697942,1,21,291.95589427099134,0.5207223752353796,0,12.670837866055253,0.9026430149765761,0.8814405579628285,,0.05087956499847248
iid_control,Mean consensus,100,11,20698939,1,14,298.7375839681823,0.5773678576895354,0,19.928470304195407,0.9071344270072523,0.8908651042396161,,0.05320717775019098
iid_control,Mean consensus,100,12,20699936,1,15,310.2409072702253,0.5148845187708591,0,19.674567811993388,0.9046291949011418,0.8875225415256769,,0.04742257433949793
iid_control,Mean consensus,100,13,20700933,1,18,303.63553290571485,0.5035956297325537,0,16.004378559538935,0.9012436665981184,0.8837056417289484,,0.04996384591090278
iid_control,Mean consensus,100,14,20701930,1,18,285.1201636390585,0.5556157695388124,0,16.365908890373156,0.9033759700700126,0.8824630639209183,,0.05350587099512445
iid_control,Mean consensus,100,15,20702927,1,19,253.82613155027724,0.5846738404131855,0,15.023454840706098,0.9027301861971566,0.8828302383701733,,0.04893208459033185
iid_control,Mean consensus,100,16,20703924,1,16,230.7108306814301,0.5866348272758355,0,18.072549720407274,0.9042330208897063,0.8869758273546812,,0.052630329552342904
iid_control,Mean consensus,100,17,20704921,1,18,259.0568772977214,0.5672958239294184,0,15.221083210789644,0.9029057529434424,0.8856495304364626,,0.05006917096641736
iid_control,Mean consensus,100,18,20705918,1,13,303.27377566809514,0.5203747545233055,0,21.02958377546638,0.9027499924060786,0.8880400253986166,,0.05209233482338206
iid_control,Mean consensus,100,19,20706915,1,15,276.59480915302896,0.5540807266025831,0,18.71841619189174,0.9028387786387544,0.8859812329133887,,0.05425034621951305
iid_control,Mean consensus,100,20,20707912,1,17,278.08308833670634,0.556369308181276,0,17.124809759783794,0.9007578951634155,0.8825929270606595,,0.049863041518754675
iid_control,Mean consensus,100,21,20708909,1,15,267.37887426631755,0.4913638136370504,0,19.952534530183563,0.9034790067006482,0.8858454266383368,,0.05138105631607635
iid_control,Mean consensus,100,22,20709906,1,14,195.14940091519514,0.5660466932635166,0,19.270024026486766,0.9019975446445688,0.8863306381012215,,0.05035536078361305
iid_control,Mean consensus,100,23,20710903,1,16,367.4698381636204,0.5202398594300448,0,18.966935995323418,0.9048372524226959,0.88509764640723,,0.047042149456755916
iid_control,Mean consensus,100,24,20711900,1,19,290.84483280367965,0.5321608142779832,0,16.74478153214437,0.902147614801563,0.8815855773721248,,0.050692872866278556
iid_control,Mean consensus,100,25,20712897,1,18,241.51977167964674,0.5412972250427168,0,16.571131588368203,0.9003459618298705,0.8791352272061321,,0.051749585082863155
iid_control,Mean consensus,100,26,20713894,1,20,258.84885002566455,0.5393828592187504,0,14.077276010779133,0.9019724867980203,0.8799291902288113,,0.04997707265952192
iid_control,Mean consensus,100,27,20714891,1,17,293.9073824030339,0.565977321504717,0,17.36940777946755,0.900923011002584,0.8795556192371552,,0.049730192626082886
iid_control,Mean consensus,100,28,20715888,1,18,226.35044781771285,0.5636101128102917,0,14.965869192231683,0.9010740554024569,0.8826564057298045,,0.04885617343270195
iid_control,Mean consensus,100,29,20716885,1,21,216.38172878834504,0.5324495785191083,0,13.44382957068653,0.9007207496823556,0.8766241358936064,,0.0470821303070961
iid_control,Mean consensus,100,30,20717882,1,17,258.58133891090876,0.6190725025977053,0,15.807394364228557,0.9007136258261021,0.8815965302977098,,0.04953132578716493
iid_control,Mean consensus,100,31,20718879,1,22,240.162826155285,0.601512880464941,0,9.864170992214204,0.9030868932682263,0.8838419961579781,,0.04971671283615908
iid_control,Mean consensus,100,32,20719876,1,17,271.6449342773766,0.5859230593840454,0,17.605679915581433,0.9008622374196228,0.8819519644685011,,0.04712844705402748
iid_control,Mean consensus,100,33,20720873,1,22,293.91655252746654,0.6072936724212554,0,11.0565389393264,0.9018922297004355,0.8799527939028757,,0.05027108187369711
iid_control,Mean consensus,100,34,20721870,1,17,279.66426571842635,0.5861932861770933,0,16.862771464074477,0.9010520937469104,0.8836223597415658,,0.04799004260491827
iid_control,Mean consensus,100,35,20722867,1,21,288.80463149773107,0.5426481838448145,0,11.953781175447988,0.9012428612932635,0.8828956819304271,,0.04867360918963734
iid_control,Mean consensus,100,36,20723864,1,22,293.4664568203491,0.5107095041449692,0,12.672815150640416,0.9018673142469522,0.87528291386065,,0.04886604758953893
iid_control,Mean consensus,100,37,20724861,1,19,241.65382852849035,0.5583884372077754,0,14.174766125612347,0.900277263581289,0.8807539497512004,,0.05139880375028004
iid_control,Mean consensus,100,38,20725858,1,21,245.29383044290967,0.5286547127892895,0,13.254257330275738,0.9033866919064214,0.8828458489998268,,0.052204796179979925
iid_control,Mean consensus,100,39,20726855,1,18,302.65820943212105,0.5225012570680592,0,15.67843046020539,0.9019476625486027,0.8829318417940537,,0.05044448267590227
iid_control,Mean consensus,100,40,20727852,1,19,274.57882614777066,0.5262290764365716,0,15.179600907925023,0.9030788877960454,0.8826256092800449,,0.0488185599330078
iid_control,Mean consensus,100,41,20728849,1,18,267.5480263225916,0.5433779718075133,0,15.83737048674913,0.9033207155966335,0.8849281944650459,,0.04949846125452228
iid_control,Mean consensus,100,42,20729846,1,16,281.9068311874507,0.5138213750513889,0,19.158815637941895,0.9027520235049716,0.8821719827328267,,0.05214204656870502
iid_control,Mean consensus,100,43,20730843,1,24,304.791834262325,0.5155005900859861,0,10.484163017535323,0.901558494269417,0.8800440367749939,,0.05008050438510278
iid_control,Mean consensus,100,44,20731840,1,26,304.63099352051154,0.5186575684189709,0,7.549856759423034,0.9001674830254172,0.8777533641525714,,0.048081501447374955
iid_control,Mean consensus,100,45,20732837,1,15,293.85505815787326,0.5791286204293298,0,18.941846572018036,0.9017874836890983,0.8842237136935902,,0.0504843002292226
iid_control,Mean consensus,100,46,20733834,1,23,272.21310916963165,0.5107381133077802,0,11.99979522312533,0.9031508741947695,0.8743615098696862,,0.046608431680141296
iid_control,Mean consensus,100,47,20734831,1,16,265.71819769976236,0.5598765106982373,0,17.523113452696787,0.9007251982813603,0.8833107286547183,,0.05001499554145116
iid_control,Mean consensus,100,48,20735828,1,22,283.2438538698773,0.5600640925285787,0,12.09145670185309,0.9016249704687367,0.8787079039635225,,0.04792780055576506
iid_control,Mean consensus,100,49,20736825,1,20,271.2994905810526,0.5779837661369174,0,13.193474720579566,0.901170334916841,0.8814571969146885,,0.049636881591539
iid_control,Observable cost-aware,100,0,20687972,1,28,212.5361859110199,0.5917466345735418,0,7.4352086011379885,0.9007330069150381,0.8743102696623489,,0.04688555251291202
iid_control,Observable cost-aware,100,1,20688969,1,26,236.47386738267562,0.6045484496341489,0,10.049219192988957,0.9007798913574672,0.878298694851504,,0.05236623478173491
iid_control,Observable cost-aware,100,2,20689966,1,30,206.13685165226036,0.6361402155326314,0,6.212814233578618,0.9003037933863731,0.8707562357454303,,0.050722538668760836
iid_control,Observable cost-aware,100,3,20690963,1,20,209.61856218621145,0.6666266036072841,0,14.952660776609932,0.9004623847691455,0.8821088033792661,,0.052576936909526514
iid_control,Observable cost-aware,100,4,20691960,1,25,198.74900790772986,0.6559282301677014,0,10.14700539364576,0.9011293470519718,0.8790552471310451,,0.05107022811273975
iid_control,Observable cost-aware,100,5,20692957,1,21,232.54507761534296,0.614970250739526,0,13.872590678510345,0.9013555742256999,0.8820138953441138,,0.050940580240691764
iid_control,Observable cost-aware,100,6,20693954,1,29,203.40629326121186,0.6138193944142669,0,7.3845101819028445,0.9006656867964423,0.8721940798637545,,0.051518459966711255
iid_control,Observable cost-aware,100,7,20694951,1,18,178.2875803373258,0.6251523372379411,0,17.176322716905062,0.9017973647236271,0.8842622313290536,,0.05013006433183385
iid_control,Observable cost-aware,100,8,20695948,1,26,204.67793127374574,0.6096217470337193,0,9.904162683020312,0.9014536847847981,0.8785333519688581,,0.05148657353328853
iid_control,Observable cost-aware,100,9,20696945,1,24,189.08022390223647,0.6270493789615017,0,10.881805782897722,0.9022346628172593,0.8793021493189073,,0.05410281827132388
iid_control,Observable cost-aware,100,10,20697942,1,28,218.65144439147934,0.5791329186220484,0,7.269779866822775,0.9016818604073275,0.8768118082356153,,0.05087956499847248
iid_control,Observable cost-aware,100,11,20698939,1,18,234.36877302546196,0.6321522286569874,0,17.076156667685712,0.9001306500276711,0.881081010776469,,0.05320717775019098
iid_control,Observable cost-aware,100,12,20699936,1,20,234.6100378988923,0.5905768227428561,0,15.780115898153731,0.9002483160494168,0.8799165628940478,,0.04742257433949793
iid_control,Observable cost-aware,100,13,20700933,1,27,229.26369872730297,0.5617634944834464,0,8.146567869769614,0.9007079158049784,0.8790623682372442,,0.04996384591090278
iid_control,Observable cost-aware,100,14,20701930,1,27,217.99592773802334,0.6130352870097959,0,8.48041643548233,0.901200840958356,0.8754159952402584,,0.05350587099512445
iid_control,Observable cost-aware,100,15,20702927,1,26,193.79464249450237,0.6339591314540953,0,9.491504617912089,0.900415247326486,0.8762614092476563,,0.04893208459033185
iid_control,Observable cost-aware,100,16,20703924,1,25,176.52955817513183,0.6429707581145432,0,10.248487621604864,0.9012706098351049,0.87939212845888,,0.052630329552342904
iid_control,Observable cost-aware,100,17,20704921,1,26,197.64417398437956,0.6227929724529737,0,8.198793998898388,0.9000234039591202,0.879145866969548,,0.05006917096641736
iid_control,Observable cost-aware,100,18,20705918,1,18,228.19271260198676,0.5827811413747919,0,17.636476971781633,0.9006901525620302,0.8831522574796616,,0.05209233482338206
iid_control,Observable cost-aware,100,19,20706915,1,22,205.36659045953144,0.6072546926175633,0,13.171340319049339,0.9003519760126308,0.8793019504485654,,0.05425034621951305
iid_control,Observable cost-aware,100,20,20707912,1,26,214.9796001875461,0.6085525146393844,0,8.987622664215424,0.9011836061415627,0.8791556499512281,,0.049863041518754675
iid_control,Observable cost-aware,100,21,20708909,1,23,196.74156161932632,0.5387010755405355,0,13.624529424312271,0.9009722322374073,0.879460132415167,,0.05138105631607635
iid_control,Observable cost-aware,100,22,20709906,1,20,142.1400921985165,0.627409797800734,0,14.512805333521925,0.9001168879081914,0.8813151929143667,,0.05035536078361305
iid_control,Observable cost-aware,100,23,20710903,1,23,288.16469622766766,0.5643656705962314,0,12.626265891423298,0.9010407604853844,0.8775237578554759,,0.047042149456755916
iid_control,Observable cost-aware,100,24,20711900,1,29,220.45592266070162,0.5875602265302708,0,7.692742759155674,0.9003639446587806,0.8748134363776836,,0.050692872866278556
iid_control,Observable cost-aware,100,25,20712897,1,26,184.68952745384752,0.5810323040051655,0,9.782571523187027,0.901737557386826,0.8765104740532161,,0.051749585082863155
iid_control,Observable cost-aware,100,26,20713894,1,31,194.21380226972198,0.6090549631500264,0,4.122004457849777,0.9011057533198108,0.8741545258585776,,0.04997707265952192
iid_control,Observable cost-aware,100,27,20714891,1,25,226.7823096740703,0.6026830606482358,0,10.677826212706389,0.9017940181829495,0.8767174067807441,,0.049730192626082886
iid_control,Observable cost-aware,100,28,20715888,1,26,164.19751441510425,0.6256284156248233,0,8.266234505502284,0.9000832070550616,0.8775602894727127,,0.04885617343270195
iid_control,Observable cost-aware,100,29,20716885,1,29,155.18734443451902,0.5812851350059507,0,6.91630386949641,0.9022197196431305,0.8733442302453656,,0.0470821303070961
iid_control,Observable cost-aware,100,30,20717882,1,28,200.32488046135344,0.6777499472489352,0,5.951927218659353,0.9006477322134679,0.8764971149397226,,0.04953132578716493
iid_control,Observable cost-aware,100,31,20718879,1,27,175.29443645869662,0.665320301352671,0,6.459193254873798,0.9005065773651351,0.8779958455675616,,0.04971671283615908
iid_control,Observable cost-aware,100,32,20719876,1,24,210.14442635603788,0.6362537761594398,0,11.763314370529304,0.9012279290106328,0.8787782709195613,,0.04712844705402748
iid_control,Observable cost-aware,100,33,20720873,1,33,226.50985827353432,0.6632347879952116,0,0.18642858002999496,0.9009453812193269,0.8745446623688877,,0.05027108187369711
iid_control,Observable cost-aware,100,34,20721870,1,24,212.33907746511002,0.6438515987725988,0,10.646932958682541,0.9007725927018839,0.879690481477261,,0.04799004260491827
iid_control,Observable cost-aware,100,35,20722867,1,29,217.70540749546072,0.6017671556047344,0,5.476032596438552,0.9011422723011365,0.8785146177279011,,0.04867360918963734
iid_control,Observable cost-aware,100,36,20723864,1,31,225.36989557394512,0.5686985005450731,0,4.851327343627062,0.9000936124520946,0.8689011455956023,,0.04886604758953893
iid_control,Observable cost-aware,100,37,20724861,1,28,174.21156536492268,0.6080410414649196,0,6.773186843241656,0.9015252199713697,0.8768493296898588,,0.05139880375028004
iid_control,Observable cost-aware,100,38,20725858,1,29,178.7023060474077,0.6005106778718814,0,6.203680379652424,0.9002438178065704,0.8755467204326806,,0.052204796179979925
iid_control,Observable cost-aware,100,39,20726855,1,24,229.08104116475604,0.5812700029421902,0,10.843445230108227,0.9012723069677836,0.8794334898202151,,0.05044448267590227
iid_control,Observable cost-aware,100,40,20727852,1,28,203.41006023126607,0.575484089734412,0,7.7161594386148185,0.900923993337902,0.8753817683966043,,0.0488185599330078
iid_control,Observable cost-aware,100,41,20728849,1,27,200.87398689812088,0.6037027871286316,0,8.300901412332488,0.9012198473483155,0.8783611698017666,,0.04949846125452228
iid_control,Observable cost-aware,100,42,20729846,1,24,211.30779414495905,0.5629658614483743,0,12.658212669417638,0.9009679164021451,0.8760976793778085,,0.05214204656870502
iid_control,Observable cost-aware,100,43,20730843,1,34,233.33542688443674,0.5765544518753747,0,0.5196343868377458,0.9008979917841494,0.8754522741798861,,0.05008050438510278
iid_control,Observable cost-aware,100,44,20731840,1,38,235.4996824840306,0.5759299568430252,0,-3.602579697942879,0.9002631095934376,0.8728433614308212,,0.048081501447374955
iid_control,Observable cost-aware,100,45,20732837,1,22,230.55690834677767,0.6236369657388465,0,12.835583155256908,0.9001094654521417,0.8790518630578872,,0.0504843002292226
iid_control,Observable cost-aware,100,46,20733834,1,31,206.17005272028777,0.5526194936838962,0,5.344917742085665,0.9006651037653898,0.8679413786233112,,0.046608431680141296
iid_control,Observable cost-aware,100,47,20734831,1,23,198.24494470467226,0.6187670679589372,0,11.977653664233868,0.9019233162913722,0.8810092728930087,,0.05001499554145116
iid_control,Observable cost-aware,100,48,20735828,1,32,214.301500407738,0.6161428388634309,0,3.2104555013571296,0.9003601351751523,0.8732941951517785,,0.04792780055576506
iid_control,Observable cost-aware,100,49,20736825,1,31,207.47065958855728,0.6167362973163706,0,3.1230342054062694,0.9012230437785838,0.8770903361594594,,0.049636881591539
iid_control,Random,100,0,20687972,0,120,4728.608971520004,0.5276082009117635,1964,-231.73044849044356,0.0,0.005851646146742264,,0.04688555251291202
iid_control,Random,100,1,20688969,0,120,4683.6331044854305,0.5027027379928122,1849,-225.96877244819797,0.0,0.004648775875077031,,0.05236623478173491
iid_control,Random,100,2,20689966,0,120,4099.492466722154,0.5770216457449702,1848,-224.62203180011707,0.0,0.009243428531547438,,0.050722538668760836
iid_control,Random,100,3,20690963,0,120,4558.50196899351,0.4987883640028101,1945,-226.83552229603976,0.0,0.0053992443090190596,,0.052576936909526514
iid_control,Random,100,4,20691960,0,120,4245.690953901914,0.5477825936744738,1696,-221.48981433943337,0.0,0.017369861242075138,,0.05107022811273975
iid_control,Random,100,5,20692957,0,120,5216.292918270758,0.47521401420788245,2268,-240.11204458522062,0.0,0.003590115094890179,,0.050940580240691764
iid_control,Random,100,6,20693954,0,120,4309.436538375571,0.5641857686753915,2335,-234.78482343587652,0.0,0.007538964014349893,,0.051518459966711255
iid_control,Random,100,7,20694951,0,120,4840.510849528804,0.4978075672834037,1709,-225.49001663347101,0.0,0.0047443134690029485,,0.05013006433183385
iid_control,Random,100,8,20695948,0,120,4777.302774506954,0.4994397276511888,1887,-227.59448308968936,0.0,0.004436342781498881,,0.05148657353328853
iid_control,Random,100,9,20696945,0,120,3899.3417050124363,0.5171818154803123,1819,-217.16366946482785,0.0,0.012854665750171192,,0.05410281827132388
iid_control,Random,100,10,20697942,0,120,4611.1547879233285,0.4924316207562933,1547,-219.79180972848422,0.0,0.011334510221228434,,0.05087956499847248
iid_control,Random,100,11,20698939,0,120,4568.339639797817,0.5414580005905203,2019,-229.8554476924937,0.0,0.0054079640680525475,,0.05320717775019098
iid_control,Random,100,12,20699936,0,120,4539.3163486912235,0.5156162644132041,1985,-227.0287864793774,0.0,0.005729298219729826,,0.04742257433949793
iid_control,Random,100,13,20700933,0,120,5162.11415635939,0.4883405470086164,2090,-234.0640649164909,0.0,0.006678327318024238,,0.04996384591090278
iid_control,Random,100,14,20701930,0,120,4454.5362103753805,0.5180469010571338,2316,-233.67952438885027,0.0,0.0019035733642314026,,0.05350587099512445
iid_control,Random,100,15,20702927,0,120,4041.133176568726,0.5538570270490122,2112,-227.82277975002486,0.005841900890819124,0.004311920282019157,,0.04893208459033185
iid_control,Random,100,16,20703924,0,120,3972.2354136601907,0.5570376169988291,1567,-218.0602743312291,0.0,0.007055421723097981,,0.052630329552342904
iid_control,Random,100,17,20704921,0,120,4497.267799797056,0.5097031500791074,1783,-223.7895652588264,0.0,0.01054851557343805,,0.05006917096641736
iid_control,Random,100,18,20705918,0,120,5262.861771151374,0.47202248024879734,2116,-236.37696244011698,0.0,0.004882817285346539,,0.05209233482338206
iid_control,Random,100,19,20706915,0,120,4672.673233693036,0.540773968557144,2420,-241.44860762185928,0.0,0.0013724547467053284,,0.05425034621951305
iid_control,Random,100,20,20707912,0,120,4685.910306131851,0.5214660538564859,2329,-235.10082234801172,0.0,0.00431237579588841,,0.049863041518754675
iid_control,Random,100,21,20708909,0,120,4260.634526033301,0.5031640333406753,1900,-223.09534970378894,0.0,0.004443653493211267,,0.05138105631607635
iid_control,Random,100,22,20709906,0,120,4020.1642304813736,0.5178687689512989,2040,-223.17660897662546,0.0,0.011084489880158864,,0.05035536078361305
iid_control,Random,100,23,20710903,0,120,5482.519060751734,0.5020583615649388,2003,-237.45928470910656,0.0,0.0077805148232324645,,0.047042149456755916
iid_control,Random,100,24,20711900,0,120,4438.435570501718,0.5269368285700711,2234,-232.03787750207724,0.0,0.011707033759390733,,0.050692872866278556
iid_control,Random,100,25,20712897,0,120,4062.076767211044,0.5271663299660034,1799,-218.5398123180088,0.0,0.006195545602639721,,0.051749585082863155
iid_control,Random,100,26,20713894,0,120,4463.235183182969,0.5204772654704952,2288,-234.68634412251978,0.0,0.006057355829799607,,0.04997707265952192
iid_control,Random,100,27,20714891,0,120,4595.165499164859,0.5560086165777041,2974,-248.30606027459666,0.0,0.005382628629029284,,0.049730192626082886
iid_control,Random,100,28,20715888,0,120,4562.168370705608,0.5527349016892709,2084,-232.05317599778863,0.0,0.003250628284383985,,0.04885617343270195
iid_control,Random,100,29,20716885,0,120,4013.872316866175,0.5529623600995306,2245,-231.55855534902753,0.02612220582567606,0.010425663745500136,,0.0470821303070961
iid_control,Random,100,30,20717882,0,120,4969.870724856205,0.5475064590957213,1887,-235.08510976598365,0.0,0.003915965223690059,,0.04953132578716493
iid_control,Random,100,31,20718879,0,120,4811.0374933951725,0.565499048715125,2056,-235.27637175369145,0.0,0.011721005888871455,,0.04971671283615908
iid_control,Random,100,32,20719876,0,120,4860.03627121749,0.4953775804332554,2200,-234.53473085564298,0.0,0.00706520065627741,,0.04712844705402748
iid_control,Random,100,33,20720873,0,120,4998.033349995349,0.5386250583214196,1868,-230.40718892470633,0.0,0.005464612062356568,,0.05027108187369711
iid_control,Random,100,34,20721870,0,120,5166.261609878412,0.5074146193042761,2070,-235.04831621429994,0.0,0.010324275144714795,,0.04799004260491827
iid_control,Random,100,35,20722867,0,120,4878.984874312926,0.5154204296088714,1841,-230.34274759869533,0.0,0.005911631510211536,,0.04867360918963734
iid_control,Random,100,36,20723864,0,120,4542.194184409059,0.5351417408376691,2537,-239.00053805763153,0.0,0.0034779093910805654,,0.04886604758953893
iid_control,Random,100,37,20724861,0,120,4264.706624705646,0.579956250728688,2056,-231.3587546475229,0.0,0.006721483134510681,,0.05139880375028004
iid_control,Random,100,38,20725858,0,120,4201.769464819503,0.5459066130273533,2105,-230.28634697387312,0.0,0.005922015208497953,,0.052204796179979925
iid_control,Random,100,39,20726855,0,120,5064.8304169560915,0.4842323820688228,2251,-234.99568938983498,0.0,0.008951612712768797,,0.05044448267590227
iid_control,Random,100,40,20727852,0,120,4531.406472660823,0.544042434384876,1822,-228.5917083061836,0.0,0.004532478890301912,,0.0488185599330078
iid_control,Random,100,41,20728849,0,120,5158.077832033257,0.5124290484837086,2355,-242.7979375514457,0.0,0.001975133569169643,,0.04949846125452228
iid_control,Random,100,42,20729846,0,120,4510.724025247121,0.5348833198857272,2799,-243.84103095391356,0.0,0.008465158946933176,,0.05214204656870502
iid_control,Random,100,43,20730843,0,120,5063.50663756027,0.4577047021055316,2404,-239.06543906583622,0.0,0.0046005281903586746,,0.05008050438510278
iid_control,Random,100,44,20731840,0,120,4783.827045182843,0.49383265504513174,2716,-243.21952597321888,0.0,0.004924322492448793,,0.048081501447374955
iid_control,Random,100,45,20732837,0,120,4606.620173432835,0.5482054750179648,2008,-231.74639238203153,0.0,0.010478571465143074,,0.0504843002292226
iid_control,Random,100,46,20733834,0,120,4374.738427394405,0.5254693900545893,2038,-228.18728888506652,0.0,0.002642510683033154,,0.046608431680141296
iid_control,Random,100,47,20734831,0,120,5020.399145372317,0.5124799808438123,2056,-234.21810062540393,0.0,0.008252145085953533,,0.05001499554145116
iid_control,Random,100,48,20735828,0,120,4883.523021580011,0.5304443801399539,1712,-227.2214908982441,0.0,0.004366559945335977,,0.04792780055576506
iid_control,Random,100,49,20736825,0,120,4995.781191543928,0.5205635923256475,1907,-233.08437894399802,0.0,0.002385997544310086,,0.049636881591539
hidden_heterogeneity,Interval Meta-GDM,10,0,20845704,1,17,40.04423871114738,0.47087794294305385,0,20.605402559039785,0.90693807292183,0.8784292262691691,,0.05934839851507079
hidden_heterogeneity,Interval Meta-GDM,10,1,20846701,1,25,21.861553122571433,0.6244908689434463,0,6.156054597256302,0.9016318735451359,0.8701808668547625,,0.04839708749055772
hidden_heterogeneity,Interval Meta-GDM,10,2,20847698,1,14,21.467065826028296,0.4365473253555079,0,23.030781296329383,0.9017714584216083,0.8823484906562382,,0.054777097751929335
hidden_heterogeneity,Interval Meta-GDM,10,3,20848695,1,13,25.820865264100792,0.5501728314181411,0,22.818171575388323,0.9064691020189054,0.8883441128417092,,0.052289311909504234
hidden_heterogeneity,Interval Meta-GDM,10,4,20849692,1,21,13.014151661955898,0.4354662198867145,0,17.880733479828102,0.9018850895034362,0.8721713361199055,,0.057441865927668034
hidden_heterogeneity,Interval Meta-GDM,10,5,20850689,1,16,40.92634079234728,0.5431472190275044,0,21.182297266984666,0.9045519081437767,0.8817654126386764,,0.044889499255766394
hidden_heterogeneity,Interval Meta-GDM,10,6,20851686,1,13,25.188608960174136,0.586454043125999,0,23.560753312725367,0.9094005916401182,0.888417058301449,,0.05049048484971591
hidden_heterogeneity,Interval Meta-GDM,10,7,20852683,1,13,28.685154394157973,0.4704196953323725,0,24.823040126316684,0.9038588327175638,0.8805926146170905,,0.06284082229456436
hidden_heterogeneity,Interval Meta-GDM,10,8,20853680,1,21,14.63581286364083,0.5638701001212849,0,15.852529835448763,0.9018321658881622,0.8653199168393385,,0.05502841209763729
hidden_heterogeneity,Interval Meta-GDM,10,9,20854677,1,5,24.839580217501297,0.534300529111635,0,26.129497594304937,0.9040551414761079,0.8967612113279294,,0.043218397789869786
hidden_heterogeneity,Interval Meta-GDM,10,10,20855674,1,5,25.72148050362091,0.5202196884894932,0,28.46604575049253,0.9175400209925649,0.9103767760834546,,0.05196647988090095
hidden_heterogeneity,Interval Meta-GDM,10,11,20856671,1,19,24.11021595301881,0.42482599325050696,0,21.40466849235061,0.9049889823569701,0.8714852435312949,,0.05772654236611473
hidden_heterogeneity,Interval Meta-GDM,10,12,20857668,1,8,25.942060940250673,0.6378581322637094,0,22.588948881362114,0.9061888858736018,0.8951477548967189,,0.0449828261850712
hidden_heterogeneity,Interval Meta-GDM,10,13,20858665,1,9,38.111124221924264,0.631640492810124,0,27.869218317845153,0.9286006892520522,0.9124612093287923,,0.050603502204762216
hidden_heterogeneity,Interval Meta-GDM,10,14,20859662,1,14,21.007745445976383,0.33604680519677466,0,24.52558142912274,0.922855412329319,0.8956267874497459,,0.051271720647332264
hidden_heterogeneity,Interval Meta-GDM,10,15,20860659,1,9,38.947885080106516,0.4758145031433385,0,27.244330185753995,0.9070276090877052,0.8931425551210356,,0.050736684197349315
hidden_heterogeneity,Interval Meta-GDM,10,16,20861656,1,8,23.588616650943756,0.6940014628940658,0,25.174113228125137,0.9013985409367232,0.8903856436365359,,0.04325864834786743
hidden_heterogeneity,Interval Meta-GDM,10,17,20862653,1,19,21.5438151232552,0.5813289016471117,0,16.12642190890807,0.9081089951013258,0.8808116776166703,,0.05592447988031696
hidden_heterogeneity,Interval Meta-GDM,10,18,20863650,1,9,26.184677414675274,0.5874961155473524,0,23.604582377438824,0.9028034185561357,0.890474201247263,,0.054623483804901195
hidden_heterogeneity,Interval Meta-GDM,10,19,20864647,1,8,35.343627148289464,0.6168830518758333,0,23.58873494678775,0.9215525533903243,0.9103198286634012,,0.05175554928297332
hidden_heterogeneity,Interval Meta-GDM,10,20,20865644,1,13,38.610006601622274,0.47350682781368336,0,27.069553809825624,0.9095754079244305,0.8834532685951,,0.034262272341708255
hidden_heterogeneity,Interval Meta-GDM,10,21,20866641,1,71,41.21072252769734,0.6837252446195474,0,-35.296993984167685,0.9003606393887744,0.8832330304125963,,0.049914006598347584
hidden_heterogeneity,Interval Meta-GDM,10,22,20867638,1,7,17.09478515481754,0.5888817513221507,0,23.28216048244232,0.9182721701773296,0.9094659504343704,,0.05637263192086126
hidden_heterogeneity,Interval Meta-GDM,10,23,20868635,1,9,19.036688985767718,0.5069619401254455,0,27.559626402204792,0.9029212737718161,0.8867318512697684,,0.04853303282483762
hidden_heterogeneity,Interval Meta-GDM,10,24,20869632,1,12,19.778155345766592,0.6887946742813749,0,18.996416035680618,0.9036809160388402,0.8886278560276701,,0.04494273233736486
hidden_heterogeneity,Interval Meta-GDM,10,25,20870629,1,8,34.07799466973572,0.41121932113346604,0,28.589343469029103,0.9082027564417819,0.8962821316221229,,0.04733540412064298
hidden_heterogeneity,Interval Meta-GDM,10,26,20871626,1,8,19.59757836924872,0.546494949655153,0,27.72777416780801,0.919200734954294,0.9061600032195055,,0.05033522496699333
hidden_heterogeneity,Interval Meta-GDM,10,27,20872623,1,7,21.543258587022407,0.46393642485977393,0,27.940311122878818,0.9054570365117741,0.8938745819222922,,0.05405947023182336
hidden_heterogeneity,Interval Meta-GDM,10,28,20873620,1,10,28.2395649108583,0.48010831225561224,0,26.163622611277226,0.9133694924419943,0.8960476496314628,,0.06316664623569221
hidden_heterogeneity,Interval Meta-GDM,10,29,20874617,1,8,35.128041449957124,0.5246038893055636,0,27.239777403604375,0.9103051161270077,0.8971795689539377,,0.040992980946938526
hidden_heterogeneity,Interval Meta-GDM,10,30,20875614,1,5,10.38771997909991,0.5897432481697276,0,23.28883807961728,0.9004419037640335,0.895160617476965,,0.05122534076711632
hidden_heterogeneity,Interval Meta-GDM,10,31,20876611,1,8,23.743456538359528,0.545670570921825,0,24.347906292967764,0.9014030656598861,0.8915267866811983,,0.048075064405799076
hidden_heterogeneity,Interval Meta-GDM,10,32,20877608,1,80,62.80637584640087,0.597175825871231,0,-36.43922509225685,0.9003223577770254,0.8834679964645943,,0.04813859350786563
hidden_heterogeneity,Interval Meta-GDM,10,33,20878605,1,9,30.08743852407673,0.6288376142019731,0,25.3862516100084,0.9058585040151369,0.8923168563970827,,0.054069291466131354
hidden_heterogeneity,Interval Meta-GDM,10,34,20879602,1,6,17.783033014577526,0.46083089727872806,0,23.958333424454008,0.9129296731224654,0.90651367566103,,0.05288232095852045
hidden_heterogeneity,Interval Meta-GDM,10,35,20880599,1,5,37.18471475535166,0.4728064405061252,0,27.942739078944577,0.9190006194741696,0.9118403378323112,,0.05462507433004947
hidden_heterogeneity,Interval Meta-GDM,10,36,20881596,1,18,33.21322795431638,0.41574143733134705,0,22.69791250723424,0.9030324429159259,0.8691812703220628,,0.05293944007674638
hidden_heterogeneity,Interval Meta-GDM,10,37,20882593,1,11,25.42211844600975,0.627183592679132,0,21.0731242106104,0.9061672908335469,0.8902008953951347,,0.059248999187736816
hidden_heterogeneity,Interval Meta-GDM,10,38,20883590,1,17,25.19939080339564,0.5706930383174487,0,14.664319411054567,0.9021418760320049,0.8824746318098773,,0.05118080698958956
hidden_heterogeneity,Interval Meta-GDM,10,39,20884587,1,19,34.54000424595902,0.37029706915614913,0,14.64785905847763,0.900562408427705,0.8801525118608123,,0.046689116039328536
hidden_heterogeneity,Interval Meta-GDM,10,40,20885584,1,20,16.787359421206673,0.5946473750477133,0,15.120207492435712,0.9009327863628138,0.8746529867670607,,0.05037280061585928
hidden_heterogeneity,Interval Meta-GDM,10,41,20886581,1,70,62.4942586902462,0.660229802198016,3,-35.08891536263066,0.900335229111074,0.8866873084390761,,0.05578166223638352
hidden_heterogeneity,Interval Meta-GDM,10,42,20887578,1,10,18.82174820164593,0.5864198086089227,0,24.411275660776838,0.9053654894714703,0.8899935816832927,,0.04992818633633118
hidden_heterogeneity,Interval Meta-GDM,10,43,20888575,1,17,38.83798692680001,0.5063596702404927,0,20.51297382690041,0.9043109474491406,0.876375271502371,,0.05272004778907381
hidden_heterogeneity,Interval Meta-GDM,10,44,20889572,1,6,19.91514833635162,0.5205770076555298,0,29.067617202034107,0.9121536677215362,0.9017048919000115,,0.042758593760574656
hidden_heterogeneity,Interval Meta-GDM,10,45,20890569,0,120,41.66814408344734,0.28613075388365283,0,-85.01937372168632,0.8939577299445645,0.8812469793490306,,0.045689297262638796
hidden_heterogeneity,Interval Meta-GDM,10,46,20891566,1,8,25.438268720681734,0.614026025026656,0,19.22166124836452,0.9048425117141576,0.8969733851275058,,0.050286137055554236
hidden_heterogeneity,Interval Meta-GDM,10,47,20892563,1,8,21.522558746106277,0.4911008060475217,0,25.60121363337497,0.9106267977631902,0.8987290129821252,,0.051923076097574926
hidden_heterogeneity,Interval Meta-GDM,10,48,20893560,1,7,19.633942730904153,0.6441864132564712,0,28.109520385595438,0.909427500384805,0.8980978540563378,,0.05629953241226664
hidden_heterogeneity,Interval Meta-GDM,10,49,20894557,1,7,25.63006808354236,0.46119303121395294,0,22.84133298457978,0.9012507837865961,0.892675580200361,,0.05754360474437081
hidden_heterogeneity,Bounded confidence,10,0,20845704,1,21,36.73998119728493,0.41361863381872355,0,16.54048530594339,0.9026345780089889,0.8710305263960173,,0.05934839851507079
hidden_heterogeneity,Bounded confidence,10,1,20846701,1,27,13.981011188368218,0.7422876068627693,0,2.860108359775671,0.9009007387353709,0.869829690992076,,0.04839708749055772
hidden_heterogeneity,Bounded confidence,10,2,20847698,1,15,20.565975718747183,0.4526309547107559,0,21.547163582184524,0.9007077883743083,0.8820148693593285,,0.054777097751929335
hidden_heterogeneity,Bounded confidence,10,3,20848695,0,120,17.4202722011646,0.6289053365341974,0,-83.67369500249347,0.886029919132167,0.8627231610353804,,0.052289311909504234
hidden_heterogeneity,Bounded confidence,10,4,20849692,1,22,10.920219847346226,0.48340141375705636,0,15.250571004748155,0.9010450509832605,0.8716389813343141,,0.057441865927668034
hidden_heterogeneity,Bounded confidence,10,5,20850689,0,120,39.05986848327193,0.5384909095906756,0,-85.67900949158728,0.892639025210529,0.8696270357722088,,0.044889499255766394
hidden_heterogeneity,Bounded confidence,10,6,20851686,1,15,21.72342639902418,0.6384746423959189,0,19.673509835265094,0.9011891886362966,0.8813210283351283,,0.05049048484971591
hidden_heterogeneity,Bounded confidence,10,7,20852683,1,22,25.299996874981865,0.527004154584106,0,16.046348498537544,0.9014014418636118,0.8754350089373464,,0.06284082229456436
hidden_heterogeneity,Bounded confidence,10,8,20853680,0,120,10.978126575874327,0.564678526704304,0,-59.62603324095961,0.8893573133965306,0.8497804274851215,,0.05502841209763729
hidden_heterogeneity,Bounded confidence,10,9,20854677,1,6,25.630103105535664,0.5883533368073901,0,24.865122644226354,0.9080999010298558,0.9005907594700633,,0.043218397789869786
hidden_heterogeneity,Bounded confidence,10,10,20855674,1,6,23.902659922454802,0.5714035523760723,0,26.84431215215172,0.9037124028956856,0.8966801814852903,,0.05196647988090095
hidden_heterogeneity,Bounded confidence,10,11,20856671,1,23,21.489721791875322,0.447746638565536,0,16.049579088730788,0.9029347174897061,0.8670863547475349,,0.05772654236611473
hidden_heterogeneity,Bounded confidence,10,12,20857668,1,12,23.59169346770265,0.6581885234570406,0,19.031356978297623,0.9009272696063525,0.889912360803988,,0.0449828261850712
hidden_heterogeneity,Bounded confidence,10,13,20858665,1,7,33.099324970448706,0.6375012901708941,0,28.18112799980317,0.900022353736801,0.8865855076238085,,0.050603502204762216
hidden_heterogeneity,Bounded confidence,10,14,20859662,1,16,14.31565566992623,0.5022136293531143,0,20.47017054757424,0.9035903421475348,0.8758221163707673,,0.051271720647332264
hidden_heterogeneity,Bounded confidence,10,15,20860659,1,43,31.683800815541712,0.40597236772365064,0,-0.8083204325395688,0.9000033769067523,0.8821625272138324,,0.050736684197349315
hidden_heterogeneity,Bounded confidence,10,16,20861656,1,12,20.27306186423876,0.727870924258226,0,21.75191115618525,0.9000159027063592,0.8894554410136741,,0.04325864834786743
hidden_heterogeneity,Bounded confidence,10,17,20862653,1,35,14.489342853522457,0.6477395511547148,0,-1.8014516650970922,0.9009063209173083,0.8631899068722234,,0.05592447988031696
hidden_heterogeneity,Bounded confidence,10,18,20863650,0,120,22.44015359419527,0.6194466512637822,0,-95.67975448238033,0.8904778707908163,0.8769336551354101,,0.054623483804901195
hidden_heterogeneity,Bounded confidence,10,19,20864647,1,9,30.46219670460212,0.6901305153196111,0,22.24232164917828,0.9029614167136705,0.8930439783333397,,0.05175554928297332
hidden_heterogeneity,Bounded confidence,10,20,20865644,1,40,37.91557310824342,0.5311437727267396,0,1.1015680023800343,0.9001700248179949,0.8753226021522263,,0.034262272341708255
hidden_heterogeneity,Bounded confidence,10,21,20866641,0,120,20.968728890788963,0.5221412478677931,0,-60.53755943314252,0.888722693717038,0.8716620071601897,,0.049914006598347584
hidden_heterogeneity,Bounded confidence,10,22,20867638,1,7,15.642204421301152,0.599061786123458,0,22.829828955947292,0.904753995431721,0.896725973997672,,0.05637263192086126
hidden_heterogeneity,Bounded confidence,10,23,20868635,1,16,18.062854128535065,0.5552207346056657,0,21.147823242862128,0.900334000568111,0.8845945713990587,,0.04853303282483762
hidden_heterogeneity,Bounded confidence,10,24,20869632,1,24,16.65980609598695,0.7314488451107157,0,7.027921207501246,0.9003170641711778,0.884722454254586,,0.04494273233736486
hidden_heterogeneity,Bounded confidence,10,25,20870629,1,8,33.13333339737623,0.4603168401094955,0,27.87831711565921,0.9001243991770611,0.8894926647152169,,0.04733540412064298
hidden_heterogeneity,Bounded confidence,10,26,20871626,1,8,18.012307501974174,0.5600449205499978,0,26.68124012635976,0.9054255361212398,0.8933220363371622,,0.05033522496699333
hidden_heterogeneity,Bounded confidence,10,27,20872623,1,9,23.39324108221215,0.44493585028610827,0,25.311082458812884,0.902860372699327,0.8917452392190616,,0.05405947023182336
hidden_heterogeneity,Bounded confidence,10,28,20873620,1,19,25.94572367934604,0.4920384206079085,0,17.232030783573716,0.9002293953865386,0.8828350561347296,,0.06316664623569221
hidden_heterogeneity,Bounded confidence,10,29,20874617,0,120,33.583634254202124,0.5458012987196683,0,-89.98389279299462,0.8767561185075367,0.8648674851771477,,0.040992980946938526
hidden_heterogeneity,Bounded confidence,10,30,20875614,1,6,9.740795327282793,0.6044390968033473,0,22.08169331024104,0.9010673526458135,0.8960281222969937,,0.05122534076711632
hidden_heterogeneity,Bounded confidence,10,31,20876611,1,18,22.267170140330723,0.6277268667342197,0,16.342840044045218,0.9003871182565777,0.8902696744477718,,0.048075064405799076
hidden_heterogeneity,Bounded confidence,10,32,20877608,1,94,34.4927054447703,0.5351671562695857,0,-45.34098360056651,0.9000102500694604,0.8854423891258123,,0.04813859350786563
hidden_heterogeneity,Bounded confidence,10,33,20878605,1,10,25.46522371846543,0.6023663444349148,0,24.66621806179832,0.9106906887173537,0.8958893048685292,,0.054069291466131354
hidden_heterogeneity,Bounded confidence,10,34,20879602,1,32,14.789331959184468,0.5380416004665809,0,-2.077599719776776,0.9045031272926531,0.8945515704419691,,0.05288232095852045
hidden_heterogeneity,Bounded confidence,10,35,20880599,1,6,38.400828657612024,0.5077170952685293,0,26.213788225696973,0.9062625824152877,0.899956380272941,,0.05462507433004947
hidden_heterogeneity,Bounded confidence,10,36,20881596,1,23,31.267456812698818,0.40738575874340066,0,16.492586103960164,0.9005365011997044,0.8653265676075211,,0.05293944007674638
hidden_heterogeneity,Bounded confidence,10,37,20882593,0,120,20.354806637798653,0.6269321408676933,0,-94.3940309106273,0.8757915797913158,0.8608327353429466,,0.059248999187736816
hidden_heterogeneity,Bounded confidence,10,38,20883590,0,120,9.849429165076518,0.41844475911304513,0,-65.8869570232232,0.8947651047878726,0.868472168187385,,0.05118080698958956
hidden_heterogeneity,Bounded confidence,10,39,20884587,1,34,28.233829311911393,0.4235817512044877,0,-1.081706909560653,0.9000612921307773,0.878376767551408,,0.046689116039328536
hidden_heterogeneity,Bounded confidence,10,40,20885584,1,23,14.10647871742058,0.6080382632625783,0,11.87602544804327,0.9012274491404595,0.872825236055472,,0.05037280061585928
hidden_heterogeneity,Bounded confidence,10,41,20886581,0,120,26.40527419822721,0.5905184246615673,0,-89.0405053107658,0.8926203791767358,0.8843878717015696,,0.05578166223638352
hidden_heterogeneity,Bounded confidence,10,42,20887578,1,25,16.924119103909245,0.6294091305253819,0,8.538638418736623,0.9002291516835021,0.8838372769860093,,0.04992818633633118
hidden_heterogeneity,Bounded confidence,10,43,20888575,0,120,29.939271719166655,0.564287128478411,0,-95.59210734593957,0.8881085337688703,0.8596319277800059,,0.05272004778907381
hidden_heterogeneity,Bounded confidence,10,44,20889572,1,26,18.513621446966656,0.6029468562902411,0,9.29672464688062,0.9002106266230829,0.889409189162934,,0.042758593760574656
hidden_heterogeneity,Bounded confidence,10,45,20890569,0,120,24.245966854116503,0.3952128904915293,0,-79.90248427157508,0.8784793729810809,0.869648512186249,,0.045689297262638796
hidden_heterogeneity,Bounded confidence,10,46,20891566,1,9,19.082241514007194,0.7503825065623666,0,18.244318168334477,0.9010236371657664,0.8933178029851635,,0.050286137055554236
hidden_heterogeneity,Bounded confidence,10,47,20892563,1,11,19.011497093947202,0.471424860143941,0,22.148629142089074,0.9010583926494613,0.8902800262887575,,0.051923076097574926
hidden_heterogeneity,Bounded confidence,10,48,20893560,1,18,19.99375387255566,0.6808773960555901,0,17.599819945223437,0.9001030997092795,0.8891805870101891,,0.05629953241226664
hidden_heterogeneity,Bounded confidence,10,49,20894557,1,18,23.594307468479816,0.4772500321316877,0,13.873254754171812,0.9001142893973196,0.8913860473442464,,0.05754360474437081
hidden_heterogeneity,Mean consensus,10,0,20845704,1,20,42.73534344752008,0.40903146061838225,0,16.88186326673351,0.9020835172971833,0.8734869875739278,,0.05934839851507079
hidden_heterogeneity,Mean consensus,10,1,20846701,1,27,14.189341455705932,0.7419944726107122,0,2.8216829516032744,0.9008870056932318,0.8698507239851344,,0.04839708749055772
hidden_heterogeneity,Mean consensus,10,2,20847698,1,15,21.448675861027183,0.4203131673633784,0,21.83297435224495,0.9042556504621859,0.885008380625242,,0.054777097751929335
hidden_heterogeneity,Mean consensus,10,3,20848695,0,120,19.67539334643521,0.5688137447397885,0,-76.72752180971784,0.8891915525026903,0.8676413689927632,,0.052289311909504234
hidden_heterogeneity,Mean consensus,10,4,20849692,1,22,11.166910055929087,0.4760874063178451,0,14.923087621085674,0.9012856588563407,0.8721260563925662,,0.057441865927668034
hidden_heterogeneity,Mean consensus,10,5,20850689,1,55,40.63367346960182,0.5224732613294982,0,-18.219389603558085,0.9000446764269822,0.8775038946022363,,0.044889499255766394
hidden_heterogeneity,Mean consensus,10,6,20851686,1,15,22.107331890058845,0.6324808820017485,0,19.63370022561768,0.9008746473777743,0.8810164649485908,,0.05049048484971591
hidden_heterogeneity,Mean consensus,10,7,20852683,1,17,22.766585066510814,0.587093226573729,0,20.048481153954643,0.9000260564503209,0.8764265132364583,,0.06284082229456436
hidden_heterogeneity,Mean consensus,10,8,20853680,0,120,11.596820467260915,0.5736030542737547,0,-32.201251655629704,0.8850278880346399,0.8482228090492413,,0.05502841209763729
hidden_heterogeneity,Mean consensus,10,9,20854677,1,6,25.956438961667686,0.5821628480353367,0,24.913045622622924,0.9089509945962924,0.9015515885218084,,0.043218397789869786
hidden_heterogeneity,Mean consensus,10,10,20855674,1,6,25.479871604050786,0.5499467489299155,0,26.729563622504614,0.9045622731460226,0.8978903694596145,,0.05196647988090095
hidden_heterogeneity,Mean consensus,10,11,20856671,1,21,23.283037528453033,0.47236218027043897,0,17.803509753118487,0.9042160768722527,0.8726734966839357,,0.05772654236611473
hidden_heterogeneity,Mean consensus,10,12,20857668,1,11,24.330872591613932,0.6418841353192608,0,19.96156051759064,0.9030219481988863,0.8920799099753656,,0.0449828261850712
hidden_heterogeneity,Mean consensus,10,13,20858665,1,8,35.77471555271887,0.634069565272267,0,27.420608145049766,0.905658829386876,0.8917224616397916,,0.050603502204762216
hidden_heterogeneity,Mean consensus,10,14,20859662,1,17,16.35707533817028,0.49459724908842073,0,19.28828906669721,0.9046627682853184,0.8786026499134106,,0.051271720647332264
hidden_heterogeneity,Mean consensus,10,15,20860659,1,13,34.353947826505845,0.4320749578132064,0,22.641056361434988,0.9017331210595486,0.8870924320164281,,0.050736684197349315
hidden_heterogeneity,Mean consensus,10,16,20861656,1,13,21.007024140634325,0.7248732556004245,0,20.745320641716837,0.9010372007601165,0.8903704884108455,,0.04325864834786743
hidden_heterogeneity,Mean consensus,10,17,20862653,1,34,15.148564274851639,0.6548378542563436,0,-1.049431257151337,0.9003262696795631,0.8641213735291804,,0.05592447988031696
hidden_heterogeneity,Mean consensus,10,18,20863650,0,120,23.291863771720806,0.6051568051581797,0,-95.76073783318614,0.8927058947781213,0.8790181220109817,,0.054623483804901195
hidden_heterogeneity,Mean consensus,10,19,20864647,1,9,31.408933780911642,0.6606657686985835,0,22.12421817838155,0.9020446407990669,0.8920989206044797,,0.05175554928297332
hidden_heterogeneity,Mean consensus,10,20,20865644,1,21,40.12538965725298,0.4517607621820936,0,18.0606868001329,0.9002506807599926,0.8764746812861636,,0.034262272341708255
hidden_heterogeneity,Mean consensus,10,21,20866641,0,120,21.944923291247374,0.5387291478223115,0,-63.71714663758206,0.8902108605863384,0.8737891535112684,,0.049914006598347584
hidden_heterogeneity,Mean consensus,10,22,20867638,1,7,15.642204421301152,0.599061786123458,0,22.829828955947292,0.904753995431721,0.896725973997672,,0.05637263192086126
hidden_heterogeneity,Mean consensus,10,23,20868635,1,18,18.724695656548114,0.5045064925995313,0,19.218452502865905,0.9003818770331239,0.884535672332905,,0.04853303282483762
hidden_heterogeneity,Mean consensus,10,24,20869632,1,22,16.68323174491176,0.726842685118271,0,9.002031764865958,0.9002323684084088,0.8847894979100356,,0.04494273233736486
hidden_heterogeneity,Mean consensus,10,25,20870629,1,8,35.06624657046433,0.42643878523887957,0,27.631241971560613,0.9002269417466446,0.8897068721413959,,0.04733540412064298
hidden_heterogeneity,Mean consensus,10,26,20871626,1,8,19.03188515735955,0.5174804287410908,0,26.508550228506415,0.906734309674978,0.8948271675766761,,0.05033522496699333
hidden_heterogeneity,Mean consensus,10,27,20872623,1,9,23.451903597270586,0.442457278565372,0,25.343499833271856,0.903622348048386,0.8925454859007569,,0.05405947023182336
hidden_heterogeneity,Mean consensus,10,28,20873620,1,19,27.161152983755372,0.493143460302951,0,16.95687249769363,0.9006989256086421,0.8834276708362552,,0.06316664623569221
hidden_heterogeneity,Mean consensus,10,29,20874617,0,120,34.438206352141165,0.5398506016728652,0,-89.55127991298018,0.8803495573327792,0.868300063180624,,0.040992980946938526
hidden_heterogeneity,Mean consensus,10,30,20875614,1,6,9.740795327282793,0.6044390968033473,0,22.08169331024104,0.9010673526458135,0.8960281222969937,,0.05122534076711632
hidden_heterogeneity,Mean consensus,10,31,20876611,1,17,22.776513572876077,0.6106768406713325,0,16.906375373466414,0.9000171422074282,0.8900639631758265,,0.048075064405799076
hidden_heterogeneity,Mean consensus,10,32,20877608,1,91,36.99397230033188,0.5070720289749948,0,-46.470780681904856,0.9000040337915582,0.8858534485170149,,0.04813859350786563
hidden_heterogeneity,Mean consensus,10,33,20878605,1,9,28.392167717029565,0.6131608013073353,0,24.961228849855424,0.9016101934306815,0.8881416697184996,,0.054069291466131354
hidden_heterogeneity,Mean consensus,10,34,20879602,1,20,16.14827975402273,0.5024385452484323,0,9.449315173957258,0.9006612458175997,0.8928302852152981,,0.05288232095852045
hidden_heterogeneity,Mean consensus,10,35,20880599,1,6,38.56430033988423,0.5063736385241349,0,26.187987119455993,0.9063358589648037,0.9000344532114213,,0.05462507433004947
hidden_heterogeneity,Mean consensus,10,36,20881596,1,23,34.57128642769573,0.41088627898482377,0,16.108972359754716,0.9002728829799901,0.8657119363192883,,0.05293944007674638
hidden_heterogeneity,Mean consensus,10,37,20882593,0,120,22.461036365643494,0.6248656494002476,0,-94.9744944089811,0.8811822089294012,0.8662607582193602,,0.059248999187736816
hidden_heterogeneity,Mean consensus,10,38,20883590,0,120,13.423735955663933,0.5233043767824777,0,-81.9074978087628,0.8858663463444274,0.8640439585392563,,0.05118080698958956
hidden_heterogeneity,Mean consensus,10,39,20884587,1,49,28.81059892088078,0.41596823665664884,0,-11.192865398280357,0.9001477709290088,0.876996629802898,,0.046689116039328536
hidden_heterogeneity,Mean consensus,10,40,20885584,1,23,15.00018728491315,0.5889396432033929,0,11.894518115505466,0.902328989509509,0.8743603148379928,,0.05037280061585928
hidden_heterogeneity,Mean consensus,10,41,20886581,0,120,26.40527419822721,0.5905184246615673,0,-89.04050531077027,0.8926203791767358,0.8843878717015695,,0.05578166223638352
hidden_heterogeneity,Mean consensus,10,42,20887578,1,32,17.047067718270874,0.6234867704251814,0,1.6194862094997902,0.9000556669171103,0.8834003372573368,,0.04992818633633118
hidden_heterogeneity,Mean consensus,10,43,20888575,0,120,31.332707399143,0.5447202840715462,0,-97.6390073322287,0.8799303293786104,0.8526670246829461,,0.05272004778907381
hidden_heterogeneity,Mean consensus,10,44,20889572,1,15,18.91620272769061,0.5810280852654168,0,19.862437325768656,0.9000632665006123,0.8899513904277006,,0.042758593760574656
hidden_heterogeneity,Mean consensus,10,45,20890569,0,120,24.245966854116507,0.3952128904915293,0,-79.90248427157604,0.8784793729810809,0.869648512186249,,0.045689297262638796
hidden_heterogeneity,Mean consensus,10,46,20891566,1,9,20.73735647496076,0.7082973619179009,0,18.154800365707658,0.902929418510145,0.8955110998761515,,0.050286137055554236
hidden_heterogeneity,Mean consensus,10,47,20892563,1,10,20.2954113599524,0.4406707897695852,0,22.89156989548853,0.9005459818302679,0.8898928947549629,,0.051923076097574926
hidden_heterogeneity,Mean consensus,10,48,20893560,1,17,20.5084713098173,0.6617779539137654,0,18.271487835576828,0.900074519424244,0.8894080924265023,,0.05629953241226664
hidden_heterogeneity,Mean consensus,10,49,20894557,1,18,23.594307468479816,0.4772500321316877,0,13.873254754171812,0.9001142893973196,0.8913860473442464,,0.05754360474437081
hidden_heterogeneity,Observable cost-aware,10,0,20845704,1,82,22.49710832854734,0.4289916246153396,0,-31.470298759893552,0.9001667775591001,0.8525002719941985,,0.05934839851507079
hidden_heterogeneity,Observable cost-aware,10,1,20846701,1,49,8.784996524650225,0.7320979615925405,0,-18.107859748149096,0.9000790233435759,0.8597933777643468,,0.04839708749055772
hidden_heterogeneity,Observable cost-aware,10,2,20847698,0,120,15.117953958458035,0.50436113763345,0,-74.61177462180281,0.8734761448061467,0.8520526021340225,,0.054777097751929335
hidden_heterogeneity,Observable cost-aware,10,3,20848695,0,120,12.217330725900474,0.6984138968867113,0,-95.21841097046163,0.8237428031533938,0.7998036460341128,,0.052289311909504234
hidden_heterogeneity,Observable cost-aware,10,4,20849692,0,120,6.132973664925755,0.48311752740736247,0,-63.648692191034975,0.8729430454180037,0.8388525695344254,,0.057441865927668034
hidden_heterogeneity,Observable cost-aware,10,5,20850689,0,120,30.48312392720195,0.5639651355291928,0,-90.63108664984387,0.8597348994117936,0.8287633411568885,,0.044889499255766394
hidden_heterogeneity,Observable cost-aware,10,6,20851686,1,28,17.11593793699881,0.6678061935108386,0,7.770215049646637,0.9001405606079281,0.8764311711586108,,0.05049048484971591
hidden_heterogeneity,Observable cost-aware,10,7,20852683,0,120,17.211802986162326,0.6314658916109812,0,-50.39505375419922,0.8986875636894189,0.8470487378917454,,0.06284082229456436
hidden_heterogeneity,Observable cost-aware,10,8,20853680,0,120,7.647564704696898,0.6498584815129884,0,-83.22221934050584,0.8207535469774664,0.7897093661812988,,0.05502841209763729
hidden_heterogeneity,Observable cost-aware,10,9,20854677,1,10,18.09162890950965,0.6957630158856618,0,21.53878380749321,0.9002531598196375,0.8915290919540785,,0.043218397789869786
hidden_heterogeneity,Observable cost-aware,10,10,20855674,1,26,16.581223021673424,0.6678820129289171,0,10.710166781873156,0.900143802962809,0.8893042865623741,,0.05196647988090095
hidden_heterogeneity,Observable cost-aware,10,11,20856671,1,46,18.239465824290523,0.5023608998332512,0,-4.60004426026196,0.9001020960984188,0.8538632318638523,,0.05772654236611473
hidden_heterogeneity,Observable cost-aware,10,12,20857668,0,120,16.836663049687825,0.7461861066949589,0,-62.93223805755298,0.877517317971756,0.8490560916175227,,0.0449828261850712
hidden_heterogeneity,Observable cost-aware,10,13,20858665,1,11,28.302418091917154,0.7034749994829468,0,25.37702924118902,0.9069503459298949,0.8908687444031541,,0.050603502204762216
hidden_heterogeneity,Observable cost-aware,10,14,20859662,0,120,11.500848373281613,0.6105965745473758,0,-73.831916914899,0.8885642479893207,0.8558311549020101,,0.051271720647332264
hidden_heterogeneity,Observable cost-aware,10,15,20860659,0,120,23.779329542321822,0.43784663178685546,0,-93.18276471685164,0.8629138742777905,0.8419710705103197,,0.050736684197349315
hidden_heterogeneity,Observable cost-aware,10,16,20861656,0,120,16.38884650128928,0.789463519948908,0,-80.85500838107582,0.8987324645708,0.8771073022561959,,0.04325864834786743
hidden_heterogeneity,Observable cost-aware,10,17,20862653,0,120,6.494128577678043,0.5428131258689044,0,-87.69806029100084,0.8904848299207812,0.8249607421268182,,0.05592447988031696
hidden_heterogeneity,Observable cost-aware,10,18,20863650,0,120,15.856183996126328,0.7129694505830151,0,-98.50892751969054,0.8019108302706138,0.7880540303123321,,0.054623483804901195
hidden_heterogeneity,Observable cost-aware,10,19,20864647,1,26,22.30916727638235,0.7447068338201743,0,7.802670573106117,0.9001113572156382,0.8829736363450885,,0.05175554928297332
hidden_heterogeneity,Observable cost-aware,10,20,20865644,0,120,31.47367998839583,0.4776781085316142,0,-82.73150715633828,0.853011865795776,0.8238089231466988,,0.034262272341708255
hidden_heterogeneity,Observable cost-aware,10,21,20866641,0,120,13.421444534485444,0.5133666046468648,0,-73.38335538789023,0.842819445397801,0.8157041257659533,,0.049914006598347584
hidden_heterogeneity,Observable cost-aware,10,22,20867638,1,17,8.627665484322497,0.6129357683793901,0,16.522643224053624,0.9016700312528331,0.8889103824176475,,0.05637263192086126
hidden_heterogeneity,Observable cost-aware,10,23,20868635,0,120,13.408606046776066,0.661369671395535,0,-71.33812901892239,0.884400818430946,0.8528959831228342,,0.04853303282483762
hidden_heterogeneity,Observable cost-aware,10,24,20869632,0,120,11.825333411464216,0.7690206533036026,0,-90.47087748571391,0.8742422197914792,0.8484633423745395,,0.04494273233736486
hidden_heterogeneity,Observable cost-aware,10,25,20870629,1,82,26.329057780548762,0.5515038427699128,0,-35.57202206719356,0.9000568410935935,0.8801089644075869,,0.04733540412064298
hidden_heterogeneity,Observable cost-aware,10,26,20871626,1,11,13.968169063888297,0.5927998647507902,0,24.169498176888663,0.9012176536750939,0.8876632892368659,,0.05033522496699333
hidden_heterogeneity,Observable cost-aware,10,27,20872623,1,64,15.543017572914565,0.4730653356576502,0,-16.17899484197463,0.9001168171228191,0.878217215940863,,0.05405947023182336
hidden_heterogeneity,Observable cost-aware,10,28,20873620,0,120,17.874811395643192,0.5472079641107783,0,-74.8435296707949,0.8869524422323156,0.8477891379667996,,0.06316664623569221
hidden_heterogeneity,Observable cost-aware,10,29,20874617,0,120,26.06132663425192,0.6185200403959061,0,-104.59312205371154,0.7959903009645677,0.7850600149817814,,0.040992980946938526
hidden_heterogeneity,Observable cost-aware,10,30,20875614,1,17,5.806645912651438,0.7171342959931251,0,14.632004550720938,0.9005889641967353,0.8898697254904043,,0.05122534076711632
hidden_heterogeneity,Observable cost-aware,10,31,20876611,0,120,16.516204878391218,0.6967758370529178,0,-63.95273511259902,0.8974992156997734,0.8706064380512082,,0.048075064405799076
hidden_heterogeneity,Observable cost-aware,10,32,20877608,0,120,25.73749007092049,0.5778946723531264,0,-59.52829479339573,0.8858172939660125,0.8606845464805535,,0.04813859350786563
hidden_heterogeneity,Observable cost-aware,10,33,20878605,0,120,19.34731895181308,0.6448937226503617,0,-49.041793261483804,0.894255323986773,0.8691169488880397,,0.054069291466131354
hidden_heterogeneity,Observable cost-aware,10,34,20879602,0,120,8.341385090363286,0.7574021870028009,0,-105.67590922317876,0.844881488798265,0.8206373969234183,,0.05288232095852045
hidden_heterogeneity,Observable cost-aware,10,35,20880599,1,89,27.699626191493298,0.5698803026842316,0,-31.988330133548757,0.9000002184220722,0.8809982968895047,,0.05462507433004947
hidden_heterogeneity,Observable cost-aware,10,36,20881596,1,50,27.831575347457314,0.40544463659702057,0,-9.890974028326836,0.9003342405065188,0.86046883313305,,0.05293944007674638
hidden_heterogeneity,Observable cost-aware,10,37,20882593,0,120,12.829631448924156,0.7435555998798848,0,-106.15638039736257,0.7775603851491348,0.7616836023696282,,0.059248999187736816
hidden_heterogeneity,Observable cost-aware,10,38,20883590,0,120,5.271228179869132,0.6128171132280613,0,-93.3949323350599,0.8188025416787159,0.7990021414155415,,0.05118080698958956
hidden_heterogeneity,Observable cost-aware,10,39,20884587,0,120,15.504181431624847,0.47194192621334663,0,-77.11682122214638,0.881983702745701,0.8332314962030665,,0.046689116039328536
hidden_heterogeneity,Observable cost-aware,10,40,20885584,1,57,9.247170082842375,0.7044834803954314,0,-19.969662119376604,0.9001105022661864,0.856655158458357,,0.05037280061585928
hidden_heterogeneity,Observable cost-aware,10,41,20886581,0,120,17.816541984033513,0.5923924954756634,0,-84.80463973195872,0.8692062900218319,0.8568264155583248,,0.05578166223638352
hidden_heterogeneity,Observable cost-aware,10,42,20887578,0,120,13.13310226956413,0.6981679165945729,0,-96.04164542266905,0.8354535715489736,0.8155244576140913,,0.04992818633633118
hidden_heterogeneity,Observable cost-aware,10,43,20888575,0,120,23.14463486941202,0.6542490031329349,0,-107.046969678394,0.7791922586755785,0.7563362627535157,,0.05272004778907381
hidden_heterogeneity,Observable cost-aware,10,44,20889572,0,120,14.34393473707643,0.6931706034799736,0,-100.18817966169615,0.8314339085262938,0.8142156846754679,,0.042758593760574656
hidden_heterogeneity,Observable cost-aware,10,45,20890569,0,120,15.54959551322034,0.46837800917143313,0,-79.52195420516708,0.8445504818456103,0.8311992647580698,,0.045689297262638796
hidden_heterogeneity,Observable cost-aware,10,46,20891566,1,57,13.400722497683972,0.8314737949539264,0,-19.033612022448338,0.9002440495347535,0.8845781516030837,,0.050286137055554236
hidden_heterogeneity,Observable cost-aware,10,47,20892563,0,120,12.140486502047857,0.5447021330524315,0,-84.17127775251609,0.8641658253321469,0.8503117046152162,,0.051923076097574926
hidden_heterogeneity,Observable cost-aware,10,48,20893560,0,120,15.756393516461662,0.727188978949463,0,-93.15027320457263,0.8497890528333074,0.8329640749153276,,0.05629953241226664
hidden_heterogeneity,Observable cost-aware,10,49,20894557,0,120,13.43293602843455,0.6247131713272058,0,-82.79849024448691,0.8614628959252063,0.8430731121938293,,0.05754360474437081
hidden_heterogeneity,Random,10,0,20845704,0,120,464.3861562012069,0.5695544034810525,308,-243.8455189765168,0.0007832679789384829,0.10570454864691943,,0.05934839851507079
hidden_heterogeneity,Random,10,1,20846701,0,120,371.32283985722654,0.4721621124640645,238,-233.02137179890227,0.0,0.0771970906568308,,0.04839708749055772
hidden_heterogeneity,Random,10,2,20847698,0,120,285.51682898651893,0.4021178311842841,136,-184.46832470449183,0.199698222158227,0.16620141684532228,,0.054777097751929335
hidden_heterogeneity,Random,10,3,20848695,0,120,251.47243655464587,0.46679115562695617,71,-172.92678753529083,0.13159303246774817,0.27261086625679026,,0.052289311909504234
hidden_heterogeneity,Random,10,4,20849692,0,120,191.93994903897678,0.5291403999532363,170,-193.02095998426296,0.0,0.18677267402696843,,0.057441865927668034
hidden_heterogeneity,Random,10,5,20850689,0,120,459.8414101370788,0.47202142903771627,334,-247.64839298118483,0.0,0.026423015116503325,,0.044889499255766394
hidden_heterogeneity,Random,10,6,20851686,0,120,264.03558625192807,0.6090141213228084,264,-222.32273138516757,0.05288029342570451,0.06399109781065353,,0.05049048484971591
hidden_heterogeneity,Random,10,7,20852683,0,120,296.5779909492289,0.5725595450225951,163,-201.15542990048706,0.0,0.1627600185616899,,0.06284082229456436
hidden_heterogeneity,Random,10,8,20853680,0,120,119.45927691567874,0.5157584095674179,66,-171.43859765824638,0.0,0.2759010430375322,,0.05502841209763729
hidden_heterogeneity,Random,10,9,20854677,0,120,570.1173745498902,0.5006318625377069,227,-240.66328275269728,0.0,0.19475956720370965,,0.043218397789869786
hidden_heterogeneity,Random,10,10,20855674,0,120,559.8597714056446,0.4607621587449138,259,-245.70725997245412,0.0358498139024181,0.07644871570371954,,0.05196647988090095
hidden_heterogeneity,Random,10,11,20856671,0,120,173.72041622116907,0.35745248061682044,372,-216.66403849943555,0.0,0.05845044464478201,,0.05772654236611473
hidden_heterogeneity,Random,10,12,20857668,0,120,287.6042072856009,0.5694692325334811,95,-188.24063229418712,0.11232969253297888,0.20649990789074987,,0.0449828261850712
hidden_heterogeneity,Random,10,13,20858665,0,120,296.85550607658814,0.4834974192992558,220,-197.41050084352366,0.05246768216996018,0.15285605172921504,,0.050603502204762216
hidden_heterogeneity,Random,10,14,20859662,0,120,238.31264196776198,0.44748270633526,446,-235.9233009914124,0.009117271441861275,0.028490750819090988,,0.051271720647332264
hidden_heterogeneity,Random,10,15,20860659,0,120,464.7649384455686,0.3495911466827475,371,-247.6824364790092,0.0,0.045045712663557294,,0.050736684197349315
hidden_heterogeneity,Random,10,16,20861656,0,120,284.8253278729824,0.6232374817186612,206,-203.8166910777341,0.22281482013426138,0.10419595135389738,,0.04325864834786743
hidden_heterogeneity,Random,10,17,20862653,0,120,260.01181222761545,0.5763066363424996,49,-182.9524773540891,0.055490704724315096,0.34172842420609123,,0.05592447988031696
hidden_heterogeneity,Random,10,18,20863650,0,120,370.2037712639655,0.4911385817927376,232,-231.35265770524254,0.0005425588120856376,0.12183321182092968,,0.054623483804901195
hidden_heterogeneity,Random,10,19,20864647,0,120,523.676708201817,0.5364733672202133,54,-209.17156158335672,0.0,0.3169814568308872,,0.05175554928297332
hidden_heterogeneity,Random,10,20,20865644,0,120,461.8289894731442,0.5960087134126482,270,-239.4256718157658,0.0,0.07857854736876102,,0.034262272341708255
hidden_heterogeneity,Random,10,21,20866641,0,120,260.37243714949113,0.4418113340749328,319,-222.3144165018694,0.07588421279568305,0.06031813452753629,,0.049914006598347584
hidden_heterogeneity,Random,10,22,20867638,0,120,194.18112744093742,0.5401424787800013,164,-188.1110845398268,0.0,0.14597645981900567,,0.05637263192086126
hidden_heterogeneity,Random,10,23,20868635,0,120,326.2012219350755,0.6218896649833496,312,-235.22826950354352,0.0,0.07215785907156196,,0.04853303282483762
hidden_heterogeneity,Random,10,24,20869632,0,120,274.72839222768425,0.6669465924025657,35,-179.15765289382017,0.11435973345682258,0.4428792612838547,,0.04494273233736486
hidden_heterogeneity,Random,10,25,20870629,0,120,447.3764696868419,0.4998134194434407,208,-222.3080634918811,0.06858861876140931,0.11569650122407867,,0.04733540412064298
hidden_heterogeneity,Random,10,26,20871626,0,120,442.786621131933,0.5621565042032024,190,-212.90775847839834,0.022543206117435655,0.18939011646648024,,0.05033522496699333
hidden_heterogeneity,Random,10,27,20872623,0,120,425.58355720757174,0.5788304871946759,230,-231.98844399944042,0.006421482897266262,0.11384601707031457,,0.05405947023182336
hidden_heterogeneity,Random,10,28,20873620,0,120,316.6923454852917,0.5803219721170141,176,-188.6374072858569,0.3468823756455037,0.1413086654932222,,0.06316664623569221
hidden_heterogeneity,Random,10,29,20874617,0,120,414.4405716294077,0.5010213079028538,157,-201.40911545534797,0.216886984202273,0.15613139981470792,,0.040992980946938526
hidden_heterogeneity,Random,10,30,20875614,0,120,194.06596973727997,0.42675027489472495,81,-168.9938901424549,0.07613949820397477,0.3299678196487544,,0.05122534076711632
hidden_heterogeneity,Random,10,31,20876611,0,120,460.0899517434532,0.5905811845391626,288,-231.47498165893316,0.04622454986261837,0.08669732170557216,,0.048075064405799076
hidden_heterogeneity,Random,10,32,20877608,0,120,432.48319474333033,0.45326799461970246,220,-205.51374380088905,0.23338457029985343,0.07754395922370245,,0.04813859350786563
hidden_heterogeneity,Random,10,33,20878605,0,120,387.9343817611252,0.5207082840251296,135,-174.91677174833717,0.5147341953856313,0.21631348212610615,,0.054069291466131354
hidden_heterogeneity,Random,10,34,20879602,0,120,355.8473906031174,0.472809929888262,161,-204.63150164025933,0.10220404364639928,0.21380884717157317,,0.05288232095852045
hidden_heterogeneity,Random,10,35,20880599,0,120,598.3266696091436,0.3728871766018642,304,-255.92797328538768,0.0,0.0681373796267948,,0.05462507433004947
hidden_heterogeneity,Random,10,36,20881596,0,120,268.592399964159,0.47772678061947227,167,-199.7757965774768,0.01315054781151355,0.11493171570005443,,0.05293944007674638
hidden_heterogeneity,Random,10,37,20882593,0,120,355.7547768090338,0.6409606191490604,123,-195.47369725387432,0.32814711053990886,0.20392825579653906,,0.059248999187736816
hidden_heterogeneity,Random,10,38,20883590,0,120,345.17381134380315,0.6053862676160233,68,-193.57745690386417,0.0,0.3215079956326498,,0.05118080698958956
hidden_heterogeneity,Random,10,39,20884587,0,120,430.3399123552806,0.5152171782131143,181,-205.25134511419995,0.433729321385286,0.18515080728745226,,0.046689116039328536
hidden_heterogeneity,Random,10,40,20885584,0,120,437.3990861832803,0.5266840573896132,200,-233.04985658268578,0.0,0.11664360256926153,,0.05037280061585928
hidden_heterogeneity,Random,10,41,20886581,0,120,427.60452735954993,0.5451381050615485,325,-237.96746132789528,0.051679796880863604,0.09017054909911719,,0.05578166223638352
hidden_heterogeneity,Random,10,42,20887578,0,120,303.9991364918849,0.5414668600258916,111,-189.9106293407344,0.10274497802154131,0.2120230446692251,,0.04992818633633118
hidden_heterogeneity,Random,10,43,20888575,0,120,435.3176880945757,0.42102188415712805,109,-196.4317067479378,0.26739763713841785,0.1872279362313725,,0.05272004778907381
hidden_heterogeneity,Random,10,44,20889572,0,120,355.11436945262983,0.49579435197526256,164,-206.05797455910957,0.0,0.1752093585149222,,0.042758593760574656
hidden_heterogeneity,Random,10,45,20890569,0,120,334.1635857837268,0.2653997244178312,281,-201.60467938158564,0.3507448805201976,0.09313480317763162,,0.045689297262638796
hidden_heterogeneity,Random,10,46,20891566,0,120,559.7387781812247,0.36920571959274184,303,-236.93402825395864,0.0,0.10617366386156993,,0.050286137055554236
hidden_heterogeneity,Random,10,47,20892563,0,120,530.5095809903763,0.5370021190989434,327,-243.3451930719123,0.2722855931138413,0.06625846139693464,,0.051923076097574926
hidden_heterogeneity,Random,10,48,20893560,0,120,190.03907993538206,0.5554648347976978,194,-165.13891265018893,0.5229881865417234,0.20597361152383273,,0.05629953241226664
hidden_heterogeneity,Random,10,49,20894557,0,120,473.3602949203454,0.6056167537830803,130,-207.90284248733317,0.0,0.2675908980412633,,0.05754360474437081
hidden_heterogeneity,Interval Meta-GDM,40,0,20846094,1,18,112.8057683983877,0.634389431551496,0,14.073809367729543,0.902731319752007,0.8855686942798544,,0.05054622776855626
hidden_heterogeneity,Interval Meta-GDM,40,1,20847091,1,11,140.87241182177462,0.5616584639717681,0,23.248326310108876,0.9045828261138373,0.8888871589967253,,0.05044257701349584
hidden_heterogeneity,Interval Meta-GDM,40,2,20848088,1,14,117.30474289804887,0.46961389602357917,0,22.50138536685038,0.9070704224139423,0.8891884575297854,,0.04447366060050406
hidden_heterogeneity,Interval Meta-GDM,40,3,20849085,1,19,106.75027886231953,0.57699193429312,0,15.33458410371237,0.9005228286474597,0.8757222014487955,,0.058076656492336176
hidden_heterogeneity,Interval Meta-GDM,40,4,20850082,1,17,135.41041226142636,0.5373664080317158,0,17.275648968432968,0.901143290368468,0.8796210356634752,,0.05030046825192012
hidden_heterogeneity,Interval Meta-GDM,40,5,20851079,1,20,100.73133489608722,0.5034776914525498,0,15.067278389307145,0.9009272061703612,0.8804380501895961,,0.04919523390716643
hidden_heterogeneity,Interval Meta-GDM,40,6,20852076,1,17,86.70500183703264,0.5630076363085452,0,19.514148236142574,0.9032087289504934,0.8785471896534321,,0.049783108766841014
hidden_heterogeneity,Interval Meta-GDM,40,7,20853073,1,16,115.65965911696559,0.5661770497616605,0,17.180469351829355,0.9042853558368753,0.8896679663562936,,0.052622071213724565
hidden_heterogeneity,Interval Meta-GDM,40,8,20854070,1,24,141.20679477097733,0.5359391080415552,0,11.010924460148384,0.9044969384440468,0.875136016858841,,0.0469823770990645
hidden_heterogeneity,Interval Meta-GDM,40,9,20855067,1,18,134.04333528590996,0.525102483120746,0,17.509210864080273,0.9022515866732271,0.8790450768566607,,0.04693461042497785
hidden_heterogeneity,Interval Meta-GDM,40,10,20856064,1,15,134.32920185501905,0.45809159664907817,0,19.868159470191994,0.9015331963778516,0.8835346448170935,,0.052989962327187355
hidden_heterogeneity,Interval Meta-GDM,40,11,20857061,1,17,155.1224576945229,0.592049461234029,0,18.308479781185646,0.9087415104125991,0.8884971892083909,,0.05320159325145489
hidden_heterogeneity,Interval Meta-GDM,40,12,20858058,1,21,116.40028293499046,0.5341256171864674,0,13.93158860113611,0.9004053307423094,0.8753109586046955,,0.04949233265687032
hidden_heterogeneity,Interval Meta-GDM,40,13,20859055,1,12,156.88827087323222,0.5122647261730218,0,24.72247286675462,0.9104673326882429,0.8910832357535194,,0.05124115814073897
hidden_heterogeneity,Interval Meta-GDM,40,14,20860052,1,23,97.42912510258932,0.4702332804396847,0,14.922239217073525,0.9009440118681701,0.8695100213447482,,0.052222414410713715
hidden_heterogeneity,Interval Meta-GDM,40,15,20861049,1,16,97.89689882827167,0.5927145277675845,0,19.598017855373655,0.9035350366854252,0.8811177151015163,,0.048754571116814235
hidden_heterogeneity,Interval Meta-GDM,40,16,20862046,1,11,131.69193551076341,0.4963744658103233,0,24.94867552096462,0.9003331470860282,0.8831963522145045,,0.050775569742008454
hidden_heterogeneity,Interval Meta-GDM,40,17,20863043,1,16,117.31779683597487,0.5899068535703285,0,19.243272724731234,0.9005931911287467,0.8819176269119888,,0.0534446288796893
hidden_heterogeneity,Interval Meta-GDM,40,18,20864040,1,11,124.83993550093767,0.4817908854871229,0,23.311810928020417,0.9021678128463141,0.887933524484545,,0.048892837669537746
hidden_heterogeneity,Interval Meta-GDM,40,19,20865037,1,17,141.99299063408358,0.4983202738325536,0,19.469190202407002,0.9023315590056805,0.8820521696346852,,0.045863997129501274
hidden_heterogeneity,Interval Meta-GDM,40,20,20866034,1,17,108.34314251992043,0.5166002905765954,0,18.731287159481795,0.9007004658154988,0.8780847027112405,,0.05180547679160661
hidden_heterogeneity,Interval Meta-GDM,40,21,20867031,1,11,84.01155588248757,0.5860851970299366,0,19.570394787099836,0.900402337776868,0.8902342997061541,,0.05229763020826589
hidden_heterogeneity,Interval Meta-GDM,40,22,20868028,1,25,137.1126264887207,0.5600659026202044,0,9.469798842917541,0.9038476201144624,0.8758425901930963,,0.050307522502067735
hidden_heterogeneity,Interval Meta-GDM,40,23,20869025,1,17,152.9165761284616,0.5242217976550554,0,19.199183184545717,0.9009891458888423,0.8777771931330078,,0.05360502458665508
hidden_heterogeneity,Interval Meta-GDM,40,24,20870022,1,27,144.03467151478014,0.5901799107661065,0,7.473728705934653,0.9033958686057828,0.8813462019124302,,0.049846652213461365
hidden_heterogeneity,Interval Meta-GDM,40,25,20871019,1,15,138.91455137018468,0.5462227527726808,0,20.449767735703347,0.9017820957339014,0.8809645730399328,,0.05012426606968592
hidden_heterogeneity,Interval Meta-GDM,40,26,20872016,1,28,125.92472746810023,0.5449449991174056,0,8.45689479144521,0.9004793390106748,0.863649977563414,,0.04965904323142289
hidden_heterogeneity,Interval Meta-GDM,40,27,20873013,1,26,133.705268345713,0.5317120136757676,0,9.867385196925396,0.9005758878264524,0.8726357667327742,,0.049454086787708997
hidden_heterogeneity,Interval Meta-GDM,40,28,20874010,1,16,127.87741994469688,0.5447123947842749,0,17.604750606530647,0.9013046113627479,0.8853197303780201,,0.04987021153055112
hidden_heterogeneity,Interval Meta-GDM,40,29,20875007,1,14,89.70972587213117,0.5012024592411253,0,17.468918473195053,0.9036489806179051,0.8894125332623827,,0.052046501678763665
hidden_heterogeneity,Interval Meta-GDM,40,30,20876004,1,26,96.66001106606824,0.5265286216018761,0,9.098139621253852,0.9009514186258318,0.873921408644505,,0.047988870703440024
hidden_heterogeneity,Interval Meta-GDM,40,31,20877001,1,22,141.5106751049163,0.4867467103675489,0,12.80637868768318,0.9049879425640012,0.8804111651624074,,0.05086241184158723
hidden_heterogeneity,Interval Meta-GDM,40,32,20877998,1,18,113.0612334780254,0.5667708137191936,0,15.228072542261245,0.9034286845484525,0.8855043254760417,,0.049292567658771484
hidden_heterogeneity,Interval Meta-GDM,40,33,20878995,1,20,85.0731512606184,0.5338051601062268,0,14.289033145517074,0.900327737715408,0.87651504564507,,0.04723870258819331
hidden_heterogeneity,Interval Meta-GDM,40,34,20879992,1,28,123.30680001143838,0.5366009765135105,0,7.437745416701739,0.9001728413073113,0.8724873472231046,,0.05328231614507721
hidden_heterogeneity,Interval Meta-GDM,40,35,20880989,1,28,127.04431546559474,0.5520755403558577,0,6.0247204853572285,0.9012932500403169,0.8823135067390361,,0.04895058785227896
hidden_heterogeneity,Interval Meta-GDM,40,36,20881986,1,16,167.08472667830182,0.5394392528916154,0,19.970303659551305,0.9026383136078067,0.8817487569392256,,0.05004741337569749
hidden_heterogeneity,Interval Meta-GDM,40,37,20882983,1,17,121.4767731211073,0.5033292566564165,0,18.85604585597753,0.9005005964890969,0.8822077339344979,,0.04961280487217314
hidden_heterogeneity,Interval Meta-GDM,40,38,20883980,1,15,135.4287814355667,0.5646465523217281,0,20.42517728369937,0.9002292848738447,0.8792472092125797,,0.04670341798709714
hidden_heterogeneity,Interval Meta-GDM,40,39,20884977,1,21,128.1479611247575,0.5849340244576622,0,12.848642739947497,0.9016886605622317,0.8787272731556958,,0.05116550816948966
hidden_heterogeneity,Interval Meta-GDM,40,40,20885974,1,13,132.1754097656887,0.523105915033083,0,22.05015446155412,0.9007782372270667,0.8854084143791279,,0.04952604327666774
hidden_heterogeneity,Interval Meta-GDM,40,41,20886971,1,11,129.11178424283082,0.49587220983859903,0,23.900413514309736,0.9013306577409338,0.8870302587710728,,0.05114330012730235
hidden_heterogeneity,Interval Meta-GDM,40,42,20887968,1,15,105.6732809512269,0.5227673173141694,0,22.11777447647915,0.9008727982443299,0.8829563771762149,,0.049915158713217514
hidden_heterogeneity,Interval Meta-GDM,40,43,20888965,1,15,105.69843536936659,0.5031737806840251,0,20.80902948378774,0.9021113384923122,0.8814317908753476,,0.04810237681877812
hidden_heterogeneity,Interval Meta-GDM,40,44,20889962,1,12,64.10004775103934,0.567871046145358,0,21.791221403067212,0.9022915454417896,0.887416910736984,,0.051595306300826
hidden_heterogeneity,Interval Meta-GDM,40,45,20890959,1,17,107.40457325959727,0.5531170787282573,0,18.46382571062137,0.9029082947859892,0.8804180341029844,,0.04673068698903769
hidden_heterogeneity,Interval Meta-GDM,40,46,20891956,1,15,101.94382307588128,0.58094193717585,0,18.962587480404128,0.9022676910444623,0.8827782056725577,,0.053280716665678865
hidden_heterogeneity,Interval Meta-GDM,40,47,20892953,1,20,103.36571646604797,0.5574737649657924,0,14.506768788480718,0.9019717087372215,0.8797216679975283,,0.047823027817317974
hidden_heterogeneity,Interval Meta-GDM,40,48,20893950,1,18,117.32419342948248,0.48556786034315835,0,20.022320533710985,0.9019704564407097,0.879607168381908,,0.05165937489260218
hidden_heterogeneity,Interval Meta-GDM,40,49,20894947,1,19,143.33852520024283,0.4963472123678343,0,20.167650322885777,0.9060285272648742,0.8815291342857344,,0.049592455521117296
hidden_heterogeneity,Bounded confidence,40,0,20846094,1,20,97.05018626099206,0.6248417616731201,0,11.250074155881627,0.900962052218694,0.8838745954230786,,0.05054622776855626
hidden_heterogeneity,Bounded confidence,40,1,20847091,1,27,129.61334868625403,0.5808280714223539,0,6.500281112350612,0.9000666562244722,0.8837014627643669,,0.05044257701349584
hidden_heterogeneity,Bounded confidence,40,2,20848088,1,15,102.45662364763442,0.5086804536013056,0,20.21901575245912,0.900729097756073,0.8842832055675784,,0.04447366060050406
hidden_heterogeneity,Bounded confidence,40,3,20849085,1,32,87.87696760455856,0.5943391322245355,0,1.890793929566474,0.9002063274678967,0.8750752358656891,,0.058076656492336176
hidden_heterogeneity,Bounded confidence,40,4,20850082,1,21,109.25945113108168,0.5536810625233863,0,12.5098141496696,0.9011673899990887,0.880337585454861,,0.05030046825192012
hidden_heterogeneity,Bounded confidence,40,5,20851079,1,27,84.49720075606047,0.5742518437308781,0,4.816865058170424,0.900001221209325,0.8789831015945905,,0.04919523390716643
hidden_heterogeneity,Bounded confidence,40,6,20852076,1,21,72.93150508862595,0.5963357023944436,0,13.213862511226054,0.9003254054425843,0.8764516111348405,,0.049783108766841014
hidden_heterogeneity,Bounded confidence,40,7,20853073,0,120,86.73484754206854,0.6420422094381233,0,-100.5857095774566,0.8905271497161458,0.8764608091023077,,0.052622071213724565
hidden_heterogeneity,Bounded confidence,40,8,20854070,1,27,106.2706157379042,0.5550662445702772,0,5.561542623092569,0.9009926337163288,0.8738141085777992,,0.0469823770990645
hidden_heterogeneity,Bounded confidence,40,9,20855067,1,26,106.97758043743616,0.5196532965193077,0,8.627781313707498,0.9000821368862186,0.876007975186593,,0.04693461042497785
hidden_heterogeneity,Bounded confidence,40,10,20856064,1,21,104.49377961512602,0.4858790704215543,0,12.553084155752076,0.9001277911692028,0.8825220081583803,,0.052989962327187355
hidden_heterogeneity,Bounded confidence,40,11,20857061,1,20,125.20947240134237,0.6121479783332813,0,13.177726712210468,0.9003121741771806,0.8810571215871045,,0.05320159325145489
hidden_heterogeneity,Bounded confidence,40,12,20858058,1,30,102.0591858038216,0.5905655113396748,0,2.436723052518846,0.9005069765809327,0.8739815716078657,,0.04949233265687032
hidden_heterogeneity,Bounded confidence,40,13,20859055,1,27,138.0259169850726,0.536852351473587,0,9.333966955323955,0.9000394139386715,0.8818030568483591,,0.05124115814073897
hidden_heterogeneity,Bounded confidence,40,14,20860052,0,120,83.55485795409976,0.46416113919938606,0,-91.88225058870243,0.898025724432605,0.8654760127431518,,0.052222414410713715
hidden_heterogeneity,Bounded confidence,40,15,20861049,1,36,92.44346874345264,0.6597386988308982,0,-0.3784579339600338,0.9000390241408246,0.8766615631743946,,0.048754571116814235
hidden_heterogeneity,Bounded confidence,40,16,20862046,1,56,121.23089183170438,0.5198296738857926,0,-18.39419742441703,0.9000043838923867,0.8824089134359672,,0.050775569742008454
hidden_heterogeneity,Bounded confidence,40,17,20863043,0,120,102.39523762093845,0.6478292977902835,0,-95.6417249430304,0.8966555299818787,0.8779616640472293,,0.0534446288796893
hidden_heterogeneity,Bounded confidence,40,18,20864040,0,120,116.95386898342123,0.4940027015199062,0,-94.99193330415845,0.894018527320434,0.879102017149459,,0.048892837669537746
hidden_heterogeneity,Bounded confidence,40,19,20865037,1,23,101.87538358204266,0.5838427695634203,0,9.643195780379699,0.9018897237258781,0.8810137890713031,,0.045863997129501274
hidden_heterogeneity,Bounded confidence,40,20,20866034,1,26,87.0869911353939,0.539525083424691,0,7.192301112977665,0.9002405687088494,0.877766673111641,,0.05180547679160661
hidden_heterogeneity,Bounded confidence,40,21,20867031,1,14,74.28630926960072,0.6323450587255566,0,15.689887266859918,0.900563175003952,0.8900499357684584,,0.05229763020826589
hidden_heterogeneity,Bounded confidence,40,22,20868028,0,120,113.66162435020162,0.6115714617262589,0,-95.89298974964848,0.8917794046733549,0.8636174558436907,,0.050307522502067735
hidden_heterogeneity,Bounded confidence,40,23,20869025,1,18,128.55058195964426,0.5606571658529371,0,17.25568917522707,0.9013416770008796,0.8787229236863354,,0.05360502458665508
hidden_heterogeneity,Bounded confidence,40,24,20870022,0,120,112.18137126808094,0.6141354897909654,0,-101.83723118029965,0.8894572400100411,0.8662301274819991,,0.049846652213461365
hidden_heterogeneity,Bounded confidence,40,25,20871019,1,27,113.3162961087591,0.570272295113144,0,6.114044962039127,0.9000294407049549,0.8796189004359121,,0.05012426606968592
hidden_heterogeneity,Bounded confidence,40,26,20872016,0,120,111.371178322225,0.5987046117108954,0,-94.8492100763173,0.894443494457361,0.8580531305109729,,0.04965904323142289
hidden_heterogeneity,Bounded confidence,40,27,20873013,0,120,117.08588441849486,0.5775290260976214,0,-87.95076995296627,0.8992705176360057,0.867213510824127,,0.049454086787708997
hidden_heterogeneity,Bounded confidence,40,28,20874010,1,26,101.83557906897707,0.5772851212189929,0,8.51351339682063,0.9002930644341759,0.8826886243143278,,0.04987021153055112
hidden_heterogeneity,Bounded confidence,40,29,20875007,1,45,71.2857340050101,0.5734457858850384,0,-14.58986185915461,0.900000696875297,0.8845103359778181,,0.052046501678763665
hidden_heterogeneity,Bounded confidence,40,30,20876004,0,120,88.04429102083992,0.5453867988860654,0,-93.47284627016465,0.8990865823580624,0.8723263840873801,,0.047988870703440024
hidden_heterogeneity,Bounded confidence,40,31,20877001,0,120,115.32174728958547,0.4996802478899791,0,-91.47846559658582,0.8922318504218609,0.8688644987656067,,0.05086241184158723
hidden_heterogeneity,Bounded confidence,40,32,20877998,1,22,100.99597085064445,0.5878175721141292,0,9.918976965300937,0.9000713574885787,0.882242075330416,,0.049292567658771484
hidden_heterogeneity,Bounded confidence,40,33,20878995,0,120,68.79699713912169,0.5537453477639205,0,-93.3108803469338,0.8975034241646772,0.8701417225946929,,0.04723870258819331
hidden_heterogeneity,Bounded confidence,40,34,20879992,0,120,97.0317290776587,0.5785238256781375,0,-94.4164144701108,0.8924597447779328,0.8658715293737618,,0.05328231614507721
hidden_heterogeneity,Bounded confidence,40,35,20880989,0,120,99.96618797968064,0.5632563179469792,0,-100.31264054771347,0.8940537493062807,0.8739507427301955,,0.04895058785227896
hidden_heterogeneity,Bounded confidence,40,36,20881986,1,20,145.72215420971526,0.5712658320768735,0,14.402826855800196,0.9000757436614418,0.8797150489638409,,0.05004741337569749
hidden_heterogeneity,Bounded confidence,40,37,20882983,1,26,91.1839626610707,0.5356667079613431,0,7.54222087270772,0.9001224917293266,0.8825154819530099,,0.04961280487217314
hidden_heterogeneity,Bounded confidence,40,38,20883980,1,16,125.23107996806735,0.5679821885879257,0,18.874030130892212,0.9009784459126761,0.8807660298029502,,0.04670341798709714
hidden_heterogeneity,Bounded confidence,40,39,20884977,1,38,107.66314860626144,0.5925620142172321,0,-5.394036747999996,0.9000749086302408,0.877917469640546,,0.05116550816948966
hidden_heterogeneity,Bounded confidence,40,40,20885974,0,120,119.46028384812055,0.5505286074231115,0,-89.55119661460817,0.8856370823094452,0.8703151639062322,,0.04952604327666774
hidden_heterogeneity,Bounded confidence,40,41,20886971,0,120,119.26839868120099,0.5142839427880661,0,-96.49993685016376,0.8981615499578058,0.8825099515026795,,0.05114330012730235
hidden_heterogeneity,Bounded confidence,40,42,20887968,0,120,96.72465470463143,0.5523488504963687,0,-92.29168734979257,0.8941821344343444,0.8756432581803454,,0.049915158713217514
hidden_heterogeneity,Bounded confidence,40,43,20888965,1,28,97.79856913930864,0.5232098697312559,0,6.069263742306902,0.9003462337622733,0.8794072408406566,,0.04810237681877812
hidden_heterogeneity,Bounded confidence,40,44,20889962,1,16,58.49032591753557,0.6045996038606596,0,17.18554158016275,0.9003413321322906,0.8856681390740749,,0.051595306300826
hidden_heterogeneity,Bounded confidence,40,45,20890959,0,120,96.16417827673364,0.5732835909178096,0,-75.06946308710252,0.8987989318233065,0.8756405046385651,,0.04673068698903769
hidden_heterogeneity,Bounded confidence,40,46,20891956,0,120,86.52978638193495,0.5996987211004008,0,-98.97423133702321,0.8995450336515914,0.8783756203810651,,0.053280716665678865
hidden_heterogeneity,Bounded confidence,40,47,20892953,0,120,80.12760315818889,0.5847370719273632,0,-98.92777637134449,0.883550743672866,0.862836514613461,,0.047823027817317974
hidden_heterogeneity,Bounded confidence,40,48,20893950,0,120,107.1882393561961,0.5290282819194836,0,-75.12996227327267,0.8968624595332383,0.8712068355893184,,0.05165937489260218
hidden_heterogeneity,Bounded confidence,40,49,20894947,1,29,114.7130502446035,0.5369429259393621,0,5.7000081183546865,0.900278471161673,0.875197507931736,,0.049592455521117296
hidden_heterogeneity,Mean consensus,40,0,20846094,1,20,100.22680246248882,0.6187936591088115,0,11.183799712741433,0.9009993172957825,0.883917033493263,,0.05054622776855626
hidden_heterogeneity,Mean consensus,40,1,20847091,0,120,130.34614889931183,0.5680439055254776,0,-88.67077271518498,0.897982621513889,0.8799867366302911,,0.05044257701349584
hidden_heterogeneity,Mean consensus,40,2,20848088,1,15,106.35402162692272,0.49633214391660996,0,20.1843022675352,0.9014963838383643,0.8850620861383593,,0.04447366060050406
hidden_heterogeneity,Mean consensus,40,3,20849085,1,33,94.80341055413024,0.5756353281591697,0,0.7368765672653055,0.9000761692575318,0.8752855972106056,,0.058076656492336176
hidden_heterogeneity,Mean consensus,40,4,20850082,1,22,112.06451046065719,0.5478729576317749,0,11.43186079889033,0.9008073859606895,0.8800490529318971,,0.05030046825192012
hidden_heterogeneity,Mean consensus,40,5,20851079,1,27,87.21978729769118,0.5562595537565072,0,4.789135072631632,0.9008475813276416,0.879963956261044,,0.04919523390716643
hidden_heterogeneity,Mean consensus,40,6,20852076,1,26,77.86269091738781,0.5876258112172752,0,7.768841090857793,0.9002561386703153,0.8762881740874856,,0.049783108766841014
hidden_heterogeneity,Mean consensus,40,7,20853073,0,120,88.66907474390463,0.6395410357501872,0,-99.24187369380827,0.8882239379218755,0.874262428564828,,0.052622071213724565
hidden_heterogeneity,Mean consensus,40,8,20854070,1,27,111.89495286519576,0.541449234063613,0,5.334581423623916,0.9001700493343735,0.8732667470441275,,0.0469823770990645
hidden_heterogeneity,Mean consensus,40,9,20855067,1,28,113.60723981903404,0.5069185241942569,0,6.590837902589859,0.9003111010144282,0.8759354570140022,,0.04693461042497785
hidden_heterogeneity,Mean consensus,40,10,20856064,1,22,108.90395216389399,0.4719383161969981,0,11.41445246472037,0.90032482830636,0.8826811757050241,,0.052989962327187355
hidden_heterogeneity,Mean consensus,40,11,20857061,1,19,132.56125480176846,0.5916754945754568,0,14.021756694143757,0.9002899856285757,0.881252586843017,,0.05320159325145489
hidden_heterogeneity,Mean consensus,40,12,20858058,1,30,106.25392952587185,0.5741012866342887,0,2.303522980558397,0.900470635986706,0.8740749328649862,,0.04949233265687032
hidden_heterogeneity,Mean consensus,40,13,20859055,1,22,143.21657706061103,0.5235437983781488,0,13.609782570046763,0.9000795833413605,0.8821761444820666,,0.05124115814073897
hidden_heterogeneity,Mean consensus,40,14,20860052,0,120,89.67380253699481,0.45000458283274614,0,-93.4092079200795,0.8992145926942975,0.866644452158362,,0.052222414410713715
hidden_heterogeneity,Mean consensus,40,15,20861049,1,31,94.55797484085758,0.6494920325426927,0,3.4938515314499936,0.9003560263482363,0.8769969161547072,,0.048754571116814235
hidden_heterogeneity,Mean consensus,40,16,20862046,1,28,125.24298787810355,0.5036360154482677,0,7.740249646102672,0.9001302053866929,0.883236425919847,,0.050775569742008454
hidden_heterogeneity,Mean consensus,40,17,20863043,0,120,105.01129217395896,0.6320463586785732,0,-91.28528913223136,0.8972459790727253,0.8783914858779216,,0.0534446288796893
hidden_heterogeneity,Mean consensus,40,18,20864040,0,120,120.91835028057963,0.4788755925436443,0,-95.36244735435834,0.8966373538591899,0.8816054480432061,,0.048892837669537746
hidden_heterogeneity,Mean consensus,40,19,20865037,1,22,107.04667756549766,0.5649987210390532,0,10.498606315666255,0.9001067704253883,0.879731864573659,,0.045863997129501274
hidden_heterogeneity,Mean consensus,40,20,20866034,1,26,89.53363771726308,0.5282491809459848,0,7.14979061223649,0.9003987195293439,0.8779289048987297,,0.05180547679160661
hidden_heterogeneity,Mean consensus,40,21,20867031,1,14,74.62423498423163,0.632081403717156,0,15.660054365107934,0.9004371023326706,0.8899373269802812,,0.05229763020826589
hidden_heterogeneity,Mean consensus,40,22,20868028,0,120,119.50033053753722,0.5910618974367166,0,-96.8735970163603,0.8940587536233843,0.866147794605364,,0.050307522502067735
hidden_heterogeneity,Mean consensus,40,23,20869025,1,19,134.05768981035843,0.5404864534481124,0,16.03976845467464,0.9007615542271046,0.8783132947174982,,0.05360502458665508
hidden_heterogeneity,Mean consensus,40,24,20870022,0,120,116.20509351545697,0.6037573746502378,0,-101.87996708619386,0.8897835450477619,0.8666451073936953,,0.049846652213461365
hidden_heterogeneity,Mean consensus,40,25,20871019,1,28,121.56776596510079,0.5536491671440371,0,4.7615778183213004,0.9000711548646397,0.8797993852553981,,0.05012426606968592
hidden_heterogeneity,Mean consensus,40,26,20872016,0,120,120.14896170379686,0.5810936018611204,0,-96.72913596444033,0.8983100177967654,0.8618936983114907,,0.04965904323142289
hidden_heterogeneity,Mean consensus,40,27,20873013,1,74,122.90258782917506,0.5596258459608447,0,-37.33507249004873,0.9000368402186288,0.8693632096811748,,0.049454086787708997
hidden_heterogeneity,Mean consensus,40,28,20874010,1,21,108.17043419204751,0.5633668240688439,0,12.093885314022383,0.9000899258904062,0.8832859184215874,,0.04987021153055112
hidden_heterogeneity,Mean consensus,40,29,20875007,1,46,73.00775677774871,0.5657818959726462,0,-15.663738713006646,0.9000487433720084,0.8845111734490634,,0.052046501678763665
hidden_heterogeneity,Mean consensus,40,30,20876004,0,120,93.09053143891686,0.5384067454787813,0,-92.95319099481529,0.8997187030183625,0.8729357425509188,,0.047988870703440024
hidden_heterogeneity,Mean consensus,40,31,20877001,0,120,120.86630025925612,0.49006138369371266,0,-91.57540526012292,0.895151306576068,0.8717127915478626,,0.05086241184158723
hidden_heterogeneity,Mean consensus,40,32,20877998,1,24,102.69069930052143,0.5783814999784254,0,7.6141508683749874,0.9002733379042706,0.8825079681115608,,0.049292567658771484
hidden_heterogeneity,Mean consensus,40,33,20878995,1,72,72.05698000622088,0.541611852147637,0,-39.385540772009136,0.9000429886291841,0.8731436878290662,,0.04723870258819331
hidden_heterogeneity,Mean consensus,40,34,20879992,0,120,102.49468128573903,0.5588727166473959,0,-92.75578691756759,0.8927607821047866,0.8657208648804129,,0.05328231614507721
hidden_heterogeneity,Mean consensus,40,35,20880989,0,120,104.99981990970667,0.5526123740008908,0,-100.3039941093637,0.8963727484307195,0.8764771390931402,,0.04895058785227896
hidden_heterogeneity,Mean consensus,40,36,20881986,1,20,152.66566541997048,0.5459600958899125,0,14.207480535771118,0.9000898238366164,0.8798598954995538,,0.05004741337569749
hidden_heterogeneity,Mean consensus,40,37,20882983,1,83,96.17835946776493,0.5172565457610827,0,-36.22298168107963,0.9000136592856339,0.8804236244265359,,0.04961280487217314
hidden_heterogeneity,Mean consensus,40,38,20883980,1,16,127.23725457853237,0.560969137145273,0,18.826079441525906,0.901318608264538,0.8811500968270943,,0.04670341798709714
hidden_heterogeneity,Mean consensus,40,39,20884977,1,59,111.94747308990242,0.5801737989037494,0,-26.22757021795428,0.9000242247651575,0.8774530120162883,,0.05116550816948966
hidden_heterogeneity,Mean consensus,40,40,20885974,0,120,123.61480109023944,0.534141748282096,0,-90.99612069867972,0.8840267585432888,0.8689651801781586,,0.04952604327666774
hidden_heterogeneity,Mean consensus,40,41,20886971,0,120,121.8725170718664,0.5027087937323969,0,-96.93101156520552,0.8957427069096878,0.8803735218542459,,0.05114330012730235
hidden_heterogeneity,Mean consensus,40,42,20887968,0,120,98.77767976203657,0.5395709379053208,0,-95.5922588978735,0.8940991660615932,0.8756991303859002,,0.049915158713217514
hidden_heterogeneity,Mean consensus,40,43,20888965,1,27,101.15672296834195,0.5086391889796411,0,6.925829623348192,0.9001917740800802,0.8793852515703733,,0.04810237681877812
hidden_heterogeneity,Mean consensus,40,44,20889962,1,16,59.45494377044008,0.595264795578307,0,17.185004247788093,0.9007579894624548,0.8860846929213799,,0.051595306300826
hidden_heterogeneity,Mean consensus,40,45,20890959,0,120,99.28379874393873,0.5710190190546658,0,-74.79473296858804,0.8985772012249471,0.8756188896566113,,0.04673068698903769
hidden_heterogeneity,Mean consensus,40,46,20891956,1,51,91.2511849536015,0.6042555660506852,0,-17.8237898273007,0.9000139762119335,0.8786071948347811,,0.053280716665678865
hidden_heterogeneity,Mean consensus,40,47,20892953,0,120,86.67969292713873,0.5686747406801711,0,-98.08733740480409,0.88719234990644,0.8662953007398051,,0.047823027817317974
hidden_heterogeneity,Mean consensus,40,48,20893950,0,120,112.09957900637168,0.5119535116819556,0,-75.93637113582197,0.8973228237334806,0.8737274978666394,,0.05165937489260218
hidden_heterogeneity,Mean consensus,40,49,20894947,1,31,121.1331213037439,0.5132055819586605,0,3.372202848054587,0.9004532555630077,0.8752951328917347,,0.049592455521117296
hidden_heterogeneity,Observable cost-aware,40,0,20846094,0,120,65.08906230087624,0.6651133760500867,0,-104.99035682244899,0.8702967673511223,0.8483768003310966,,0.05054622776855626
hidden_heterogeneity,Observable cost-aware,40,1,20847091,0,120,97.70742988372963,0.6232034348018463,0,-99.06482860913398,0.8503892621060362,0.8302166637581903,,0.05044257701349584
hidden_heterogeneity,Observable cost-aware,40,2,20848088,0,120,74.61394428863916,0.5535584194888976,0,-63.42670352179741,0.8773197494617261,0.8518176371903772,,0.04447366060050406
hidden_heterogeneity,Observable cost-aware,40,3,20849085,0,120,64.11550536770638,0.6470323567552625,0,-91.45290343002594,0.8545737252238029,0.8211478782156763,,0.058076656492336176
hidden_heterogeneity,Observable cost-aware,40,4,20850082,0,120,75.35494557099287,0.5770308486301692,0,-95.72172269498891,0.8690814449875602,0.8405485063573334,,0.05030046825192012
hidden_heterogeneity,Observable cost-aware,40,5,20851079,0,120,63.384896387161156,0.6376921756255158,0,-86.7667657628928,0.8799035456786917,0.8535760455124067,,0.04919523390716643
hidden_heterogeneity,Observable cost-aware,40,6,20852076,0,120,54.132127239828456,0.6256353359936877,0,-100.57732737443041,0.8449561983727609,0.8191830184706004,,0.049783108766841014
hidden_heterogeneity,Observable cost-aware,40,7,20853073,0,120,62.42091547674654,0.6914460242187368,0,-103.35059916185398,0.8580301882633319,0.8400607316868861,,0.052622071213724565
hidden_heterogeneity,Observable cost-aware,40,8,20854070,0,120,77.88524806342852,0.6060535646523233,0,-85.52917249597046,0.8735118294681309,0.8390595451922664,,0.0469823770990645
hidden_heterogeneity,Observable cost-aware,40,9,20855067,0,120,77.3171177415118,0.5594591238694064,0,-92.25122784188984,0.8578815671361404,0.8262650554509235,,0.04693461042497785
hidden_heterogeneity,Observable cost-aware,40,10,20856064,0,120,66.30907411948014,0.5438876632149146,0,-98.88750846585474,0.8584020897467542,0.8353478710491797,,0.052989962327187355
hidden_heterogeneity,Observable cost-aware,40,11,20857061,0,120,100.16710321946923,0.6505116483764926,0,-103.85765306397123,0.8555534508754216,0.83487268981119,,0.05320159325145489
hidden_heterogeneity,Observable cost-aware,40,12,20858058,0,120,78.77083765654098,0.6511964005751367,0,-99.28278433056215,0.8731996260857414,0.837180437373431,,0.04949233265687032
hidden_heterogeneity,Observable cost-aware,40,13,20859055,0,120,111.62538077460695,0.5767280266531327,0,-85.82176582485448,0.8635045654825697,0.8406775784965779,,0.05124115814073897
hidden_heterogeneity,Observable cost-aware,40,14,20860052,0,120,58.700079742520224,0.5079086818816636,0,-94.03565071655501,0.83143898875059,0.7981594524669701,,0.052222414410713715
hidden_heterogeneity,Observable cost-aware,40,15,20861049,0,120,74.70681522306211,0.6943665970055624,0,-88.28415797136165,0.8491265430922015,0.8217147568701653,,0.048754571116814235
hidden_heterogeneity,Observable cost-aware,40,16,20862046,0,120,95.91316650481156,0.5738810543645712,0,-93.8573964006254,0.8653539604939956,0.8427631279645931,,0.050775569742008454
hidden_heterogeneity,Observable cost-aware,40,17,20863043,0,120,76.51480556545998,0.6939350332733083,0,-94.9274084183503,0.8444935668579225,0.8234400833845719,,0.0534446288796893
hidden_heterogeneity,Observable cost-aware,40,18,20864040,0,120,83.63555808121434,0.5612852434425171,0,-100.62466509475925,0.8445373794831607,0.827500926639513,,0.048892837669537746
hidden_heterogeneity,Observable cost-aware,40,19,20865037,0,120,75.77139143361232,0.624145796712408,0,-91.45343468677196,0.8812911620762028,0.8534221205274274,,0.045863997129501274
hidden_heterogeneity,Observable cost-aware,40,20,20866034,0,120,62.01957596211541,0.5786957983921275,0,-95.28295713805015,0.864838778429302,0.8355747695846811,,0.05180547679160661
hidden_heterogeneity,Observable cost-aware,40,21,20867031,0,120,46.2050128695873,0.6834049177811579,0,-91.62119587103926,0.8646127258076859,0.8447687742300566,,0.05229763020826589
hidden_heterogeneity,Observable cost-aware,40,22,20868028,0,120,88.83124204496144,0.6558566927026681,0,-102.3569864152806,0.8208654743649028,0.7933026307976605,,0.050307522502067735
hidden_heterogeneity,Observable cost-aware,40,23,20869025,0,120,100.23478535745159,0.613576358151328,0,-83.05269815191528,0.8646901144524352,0.8364825038941073,,0.05360502458665508
hidden_heterogeneity,Observable cost-aware,40,24,20870022,0,120,88.70044155099629,0.6524599010776253,0,-96.27712527598608,0.8422821147740641,0.8162714301204155,,0.049846652213461365
hidden_heterogeneity,Observable cost-aware,40,25,20871019,0,120,85.80285953540535,0.6083482680584398,0,-96.37314030081188,0.8560039742938562,0.8321389511382584,,0.05012426606968592
hidden_heterogeneity,Observable cost-aware,40,26,20872016,0,120,92.29364695897941,0.6275418290629948,0,-98.94375679086417,0.8507697306056984,0.8114475652974775,,0.04965904323142289
hidden_heterogeneity,Observable cost-aware,40,27,20873013,0,120,91.71600726586223,0.6342802519366522,0,-94.26192323583639,0.8620455525209518,0.8224210693428468,,0.049454086787708997
hidden_heterogeneity,Observable cost-aware,40,28,20874010,0,120,69.995174285996,0.6446488555449712,0,-73.54572446898558,0.8737068324429955,0.846259486790329,,0.04987021153055112
hidden_heterogeneity,Observable cost-aware,40,29,20875007,0,120,44.68301612276206,0.6662388931459342,0,-107.22923085327349,0.8363613201373239,0.8187415755918122,,0.052046501678763665
hidden_heterogeneity,Observable cost-aware,40,30,20876004,0,120,61.8309983284969,0.6152427602071249,0,-99.76005910472816,0.8507165878133354,0.8227062828465457,,0.047988870703440024
hidden_heterogeneity,Observable cost-aware,40,31,20877001,0,120,81.05950536573081,0.5739785382102991,0,-95.9720776791891,0.8281373129349935,0.806554814833811,,0.05086241184158723
hidden_heterogeneity,Observable cost-aware,40,32,20877998,0,120,74.29273697313765,0.6315861301041095,0,-105.64255619310434,0.8695322960436053,0.8446519678986746,,0.049292567658771484
hidden_heterogeneity,Observable cost-aware,40,33,20878995,0,120,43.67579940490077,0.636734603484632,0,-104.23439798395546,0.8236366145845225,0.7943717583622792,,0.04723870258819331
hidden_heterogeneity,Observable cost-aware,40,34,20879992,0,120,72.51753781835613,0.6220761578660083,0,-102.44671303189443,0.8317997029641072,0.8055291179489427,,0.05328231614507721
hidden_heterogeneity,Observable cost-aware,40,35,20880989,0,120,73.52540615362139,0.6203451437844085,0,-98.88105292315828,0.8471566119997633,0.8229884379270698,,0.04895058785227896
hidden_heterogeneity,Observable cost-aware,40,36,20881986,0,120,114.08509181049547,0.610426173536812,0,-84.36658791748783,0.8639842059998497,0.8377397500004258,,0.05004741337569749
hidden_heterogeneity,Observable cost-aware,40,37,20882983,0,120,65.65981838110426,0.5906692242869696,0,-86.84507553145411,0.8520070998313428,0.8285624971266351,,0.04961280487217314
hidden_heterogeneity,Observable cost-aware,40,38,20883980,0,120,101.29781632820047,0.6028591194969306,0,-85.01002615920991,0.8764200503757988,0.8518926452135536,,0.04670341798709714
hidden_heterogeneity,Observable cost-aware,40,39,20884977,0,120,79.02218627869101,0.6490978315647213,0,-101.3161503275478,0.852045048608424,0.8259164503084403,,0.05116550816948966
hidden_heterogeneity,Observable cost-aware,40,40,20885974,0,120,91.29760313456856,0.6267476509737733,0,-98.0171679292136,0.8221654544305212,0.8051101497256863,,0.04952604327666774
hidden_heterogeneity,Observable cost-aware,40,41,20886971,0,120,86.37048536031665,0.5866904466630449,0,-98.91599572201055,0.8327237618205453,0.8133205882352758,,0.05114330012730235
hidden_heterogeneity,Observable cost-aware,40,42,20887968,0,120,75.19639089984382,0.6019892875323356,0,-98.0519710890687,0.844955616885046,0.8225779885536336,,0.049915158713217514
hidden_heterogeneity,Observable cost-aware,40,43,20888965,0,120,71.52280966233162,0.5844969810751357,0,-90.24896211089404,0.8508973162188063,0.8199267005696901,,0.04810237681877812
hidden_heterogeneity,Observable cost-aware,40,44,20889962,0,120,42.855016621323614,0.6810856033309953,0,-84.3858820706104,0.8898686988010633,0.8613097221667183,,0.051595306300826
hidden_heterogeneity,Observable cost-aware,40,45,20890959,0,120,67.73445153506705,0.6201505333471573,0,-86.88330525709914,0.8491098672629512,0.8248714212091344,,0.04673068698903769
hidden_heterogeneity,Observable cost-aware,40,46,20891956,0,120,62.976195020450305,0.6740310083126086,0,-107.15153957307251,0.8416182745423987,0.818660259922982,,0.053280716665678865
hidden_heterogeneity,Observable cost-aware,40,47,20892953,0,120,56.40817035013936,0.6789476624267716,0,-101.25342049820617,0.8148347827508723,0.7930157581238393,,0.047823027817317974
hidden_heterogeneity,Observable cost-aware,40,48,20893950,0,120,88.61964460666141,0.5574291163929845,0,-89.56203030799793,0.8451104572428542,0.8206418049931763,,0.05165937489260218
hidden_heterogeneity,Observable cost-aware,40,49,20894947,0,120,92.75566622136412,0.5719009428502295,0,-89.00001620019779,0.8709189059307415,0.8402208870820277,,0.049592455521117296
hidden_heterogeneity,Random,40,0,20846094,0,120,1644.2713325914985,0.5769127486616037,925,-232.8868056817709,0.0,0.04787194201733966,,0.05054622776855626
hidden_heterogeneity,Random,40,1,20847091,0,120,1763.2262965937762,0.5292776318945247,525,-220.30692868660597,0.0,0.03107146998461612,,0.05044257701349584
hidden_heterogeneity,Random,40,2,20848088,0,120,1360.7827027599542,0.5027774952113877,669,-213.22605479595742,0.0,0.054544095003310096,,0.04447366060050406
hidden_heterogeneity,Random,40,3,20849085,0,120,1480.1482976491432,0.5598739925158425,1296,-244.64463718406023,0.0,0.01155414953358253,,0.058076656492336176
hidden_heterogeneity,Random,40,4,20850082,0,120,1579.492175206437,0.5126372845418581,936,-230.91593073346104,0.004506107605023177,0.021690940515841105,,0.05030046825192012
hidden_heterogeneity,Random,40,5,20851079,0,120,1153.5271260607697,0.5040641957808905,599,-201.14889036182745,0.0,0.02832682966262527,,0.04919523390716643
hidden_heterogeneity,Random,40,6,20852076,0,120,1303.3022173010265,0.5832451765327213,1037,-229.51266293698103,0.0,0.033600172810828215,,0.049783108766841014
hidden_heterogeneity,Random,40,7,20853073,0,120,1703.5295845836717,0.50460524309343,675,-221.66005642313917,0.0,0.03530927255862444,,0.052622071213724565
hidden_heterogeneity,Random,40,8,20854070,0,120,1549.3854792963598,0.47110574344943346,657,-219.89435281479626,0.0,0.050648981181447554,,0.0469823770990645
hidden_heterogeneity,Random,40,9,20855067,0,120,1392.676163649513,0.4893940460942743,875,-225.74852377317356,0.0,0.027886082761646953,,0.04693461042497785
hidden_heterogeneity,Random,40,10,20856064,0,120,1442.6499968683268,0.4864992578599385,997,-229.6204107475082,0.0,0.05659321409114613,,0.052989962327187355
hidden_heterogeneity,Random,40,11,20857061,0,120,1750.4514489017506,0.5246416590585823,973,-238.03574677677875,0.0,0.015983050827442506,,0.05320159325145489
hidden_heterogeneity,Random,40,12,20858058,0,120,1767.7304340642681,0.4810996524865505,855,-230.28127131479,0.0,0.023588561308645388,,0.04949233265687032
hidden_heterogeneity,Random,40,13,20859055,0,120,1540.9130248145773,0.4772242985409749,1219,-242.93415631190675,0.0,0.015561752417020533,,0.05124115814073897
hidden_heterogeneity,Random,40,14,20860052,0,120,1061.779785543486,0.5061698523729661,1140,-234.46521529536994,0.0,0.021036119046699976,,0.052222414410713715
hidden_heterogeneity,Random,40,15,20861049,0,120,1256.7147341957766,0.5670400904505839,680,-212.37188604699497,0.014379676458179181,0.0277272555873823,,0.048754571116814235
hidden_heterogeneity,Random,40,16,20862046,0,120,1663.9014845796046,0.5157154594837585,1075,-231.39262288408923,0.0,0.021425855989273313,,0.050775569742008454
hidden_heterogeneity,Random,40,17,20863043,0,120,1396.4944300739555,0.6069912305447447,713,-221.36130889507825,0.0,0.020781137230917346,,0.0534446288796893
hidden_heterogeneity,Random,40,18,20864040,0,120,1583.0087937575727,0.4728241569783651,918,-228.77212056883306,0.0,0.02383829307453119,,0.048892837669537746
hidden_heterogeneity,Random,40,19,20865037,0,120,1758.6433151074857,0.4629534530673276,709,-226.70348461783644,0.0,0.02684600806356561,,0.045863997129501274
hidden_heterogeneity,Random,40,20,20866034,0,120,1402.3949515543102,0.5780833734345161,860,-230.4681466580012,0.0,0.04415007811690356,,0.05180547679160661
hidden_heterogeneity,Random,40,21,20867031,0,120,1494.1689012628617,0.53832735630139,649,-216.76278579853943,0.0,0.04499237264653978,,0.05229763020826589
hidden_heterogeneity,Random,40,22,20868028,0,120,1606.2693403248504,0.494467193507764,812,-229.7805925071723,0.0,0.016652279645541404,,0.050307522502067735
hidden_heterogeneity,Random,40,23,20869025,0,120,1595.6452627797535,0.5299656674589719,862,-227.3537577054456,0.0,0.026636888990952075,,0.05360502458665508
hidden_heterogeneity,Random,40,24,20870022,0,120,1855.6678852060052,0.5449467949263671,1150,-247.86744635245915,0.0,0.011400192484220176,,0.049846652213461365
hidden_heterogeneity,Random,40,25,20871019,0,120,1856.4008800403126,0.5481820223121252,1043,-246.22279729850908,0.0,0.031912284035043266,,0.05012426606968592
hidden_heterogeneity,Random,40,26,20872016,0,120,1372.7914467427267,0.5445494083834663,676,-218.71957141729203,0.0,0.01795882804813364,,0.04965904323142289
hidden_heterogeneity,Random,40,27,20873013,0,120,1483.70276587337,0.5761565996123661,801,-223.89601687194283,0.0,0.022229098864174134,,0.049454086787708997
hidden_heterogeneity,Random,40,28,20874010,0,120,1691.5709236682167,0.5237243751080172,887,-234.25210897211625,0.0,0.02206863355708164,,0.04987021153055112
hidden_heterogeneity,Random,40,29,20875007,0,120,1581.492665603391,0.5371925679458924,668,-223.22744284928186,0.0,0.04324114291510215,,0.052046501678763665
hidden_heterogeneity,Random,40,30,20876004,0,120,1352.3943300098358,0.5528875958683086,547,-211.23370992768767,0.0,0.06309531548982629,,0.047988870703440024
hidden_heterogeneity,Random,40,31,20877001,0,120,1739.0718231205221,0.4901974518233956,702,-224.1583841540697,0.0,0.037197469568103866,,0.05086241184158723
hidden_heterogeneity,Random,40,32,20877998,0,120,1588.8658301060477,0.5436341951712702,548,-203.60471784867158,0.2579922340402543,0.04133455319830437,,0.049292567658771484
hidden_heterogeneity,Random,40,33,20878995,0,120,1451.090499476229,0.615596857337664,691,-223.6707207347553,0.0,0.07152143942968606,,0.04723870258819331
hidden_heterogeneity,Random,40,34,20879992,0,120,1487.8854691117647,0.580075689140227,811,-228.1235188502387,0.0,0.04867345948227665,,0.05328231614507721
hidden_heterogeneity,Random,40,35,20880989,0,120,1337.4376083851566,0.47414397680711984,734,-213.94083771907424,0.04521916175287715,0.025588021770174017,,0.04895058785227896
hidden_heterogeneity,Random,40,36,20881986,0,120,1757.4606420329749,0.5141425618737892,879,-237.7947247308608,0.0,0.0291509447476648,,0.05004741337569749
hidden_heterogeneity,Random,40,37,20882983,0,120,1522.7607277674092,0.497683882290644,799,-224.92568565071002,0.0,0.020096533023538952,,0.04961280487217314
hidden_heterogeneity,Random,40,38,20883980,0,120,1398.285198015783,0.4695998064959144,875,-224.35119986930485,0.0,0.026813778345241592,,0.04670341798709714
hidden_heterogeneity,Random,40,39,20884977,0,120,1476.1995364655797,0.5314522922929255,795,-223.9047210934497,0.0,0.012941341590416452,,0.05116550816948966
hidden_heterogeneity,Random,40,40,20885974,0,120,1762.862561288503,0.4802252292439555,817,-227.54295466811635,0.0,0.02464497225041118,,0.04952604327666774
hidden_heterogeneity,Random,40,41,20886971,0,120,1801.8846106088326,0.5270490867698787,850,-235.2164161527875,0.0,0.013368547925540427,,0.05114330012730235
hidden_heterogeneity,Random,40,42,20887968,0,120,1169.5243159861575,0.5592996308397835,709,-208.17029276535774,0.012236369814509044,0.025327690802157042,,0.049915158713217514
hidden_heterogeneity,Random,40,43,20888965,0,120,1287.5020690249983,0.5318789074184249,663,-210.06141027600782,0.033174021622159294,0.0317262971925471,,0.04810237681877812
hidden_heterogeneity,Random,40,44,20889962,0,120,1150.758261206548,0.5691455376404622,766,-214.6751615017049,0.0547311952673262,0.009709819484786802,,0.051595306300826
hidden_heterogeneity,Random,40,45,20890959,0,120,1352.0023304554657,0.5776335998018975,614,-215.1995889817341,0.0,0.051308781623807066,,0.04673068698903769
hidden_heterogeneity,Random,40,46,20891956,0,120,1401.9693187020844,0.5625965172531315,907,-224.3428127736258,0.0,0.028075341515824952,,0.053280716665678865
hidden_heterogeneity,Random,40,47,20892953,0,120,1115.1974101080737,0.557903544458882,563,-209.0194340369796,0.0,0.05620313979669393,,0.047823027817317974
hidden_heterogeneity,Random,40,48,20893950,0,120,1444.057993059819,0.51256402109271,815,-221.03800359956062,0.0,0.03237178631337769,,0.05165937489260218
hidden_heterogeneity,Random,40,49,20894947,0,120,1559.9742902230787,0.5502850020622716,1006,-233.06138669929612,0.0,0.011923223088214896,,0.049592455521117296
hidden_heterogeneity,Interval Meta-GDM,100,0,20846874,1,24,272.50234507451,0.5336337321621094,0,10.841085187808181,0.901195139559974,0.8741812105672887,,0.05036473649160016
hidden_heterogeneity,Interval Meta-GDM,100,1,20847871,1,19,302.92900762168546,0.5974692707148279,0,14.611794327070612,0.9051614978242012,0.8844280539617271,,0.05072996272439723
hidden_heterogeneity,Interval Meta-GDM,100,2,20848868,1,21,302.63147688222546,0.5467186273923827,0,14.162853797327834,0.9001142506769577,0.8766015196268676,,0.0483027535925811
hidden_heterogeneity,Interval Meta-GDM,100,3,20849865,1,22,362.0605516716733,0.5638930307689836,0,13.18103821089636,0.9030802274922739,0.8796093164339448,,0.05321644325747795
hidden_heterogeneity,Interval Meta-GDM,100,4,20850862,1,20,356.3027039498873,0.5633714713755706,0,13.89058032214756,0.9041885657384718,0.8825581075015807,,0.05224397359425626
hidden_heterogeneity,Interval Meta-GDM,100,5,20851859,1,20,313.3416963024179,0.5600787289962483,0,14.113717356062088,0.9014059336084033,0.8779272167858988,,0.047733135301545396
hidden_heterogeneity,Interval Meta-GDM,100,6,20852856,1,22,285.9757780857653,0.5107168037556111,0,15.222695438014753,0.9010642227622107,0.8752032586583949,,0.048931017081964207
hidden_heterogeneity,Interval Meta-GDM,100,7,20853853,1,19,308.47049728790137,0.49702227277825006,0,16.926359458608452,0.9008602630288378,0.8768278464698189,,0.05019182106454556
hidden_heterogeneity,Interval Meta-GDM,100,8,20854850,1,26,260.68285290895346,0.5133907823636861,0,9.098459804500711,0.9021402547563946,0.8747425395799432,,0.05176849448007493
hidden_heterogeneity,Interval Meta-GDM,100,9,20855847,1,22,338.6657521021935,0.5476867492907436,0,14.09051749124935,0.9024338313012493,0.8808960064009039,,0.05160155287848875
hidden_heterogeneity,Interval Meta-GDM,100,10,20856844,1,23,295.1748311567395,0.5519773950353539,0,13.316282093873895,0.901010810525156,0.8732543880882626,,0.05045355996303498
hidden_heterogeneity,Interval Meta-GDM,100,11,20857841,1,19,268.6127327796749,0.559759089444384,0,15.829078189127321,0.9017057661564684,0.8790618748841414,,0.0527278970372237
hidden_heterogeneity,Interval Meta-GDM,100,12,20858838,1,19,287.8955389922171,0.5246260450186075,0,16.480130568361595,0.9017690941842573,0.879963556562675,,0.04929710997549214
hidden_heterogeneity,Interval Meta-GDM,100,13,20859835,1,14,373.1490429049885,0.5419445253253357,0,20.69152549791256,0.9004256519224481,0.8820995912145662,,0.04964095242005102
hidden_heterogeneity,Interval Meta-GDM,100,14,20860832,1,25,312.43175849015876,0.5770724957698157,0,11.378676153845058,0.9057890187128362,0.872947352333168,,0.04888539337356436
hidden_heterogeneity,Interval Meta-GDM,100,15,20861829,1,20,260.0148291800228,0.5249365231474883,0,14.507783624381629,0.9005661018983181,0.879584992630014,,0.048981749795539396
hidden_heterogeneity,Interval Meta-GDM,100,16,20862826,1,20,302.6240377125352,0.5542220526897108,0,14.613634608054266,0.9011559826858568,0.8791803529799016,,0.04935827748382044
hidden_heterogeneity,Interval Meta-GDM,100,17,20863823,1,19,294.8968232389996,0.5332892821020556,0,15.72466359177132,0.9003649314849156,0.8836753401337347,,0.052251731847717524
hidden_heterogeneity,Interval Meta-GDM,100,18,20864820,1,20,270.27234645878934,0.47993138650065537,0,15.635400028598562,0.9009100070471597,0.8795705284116118,,0.046149024629664075
hidden_heterogeneity,Interval Meta-GDM,100,19,20865817,1,18,305.9836747414335,0.5546089491660025,0,17.68524565924581,0.9010663577109332,0.8785222018308988,,0.051952877627807315
hidden_heterogeneity,Interval Meta-GDM,100,20,20866814,1,15,359.5473349821619,0.5765747548083202,0,18.71396582119251,0.9007912122339543,0.8848300459835201,,0.04806310006967338
hidden_heterogeneity,Interval Meta-GDM,100,21,20867811,1,15,287.11855651870735,0.5378670155118388,0,19.47036669462878,0.90060879688851,0.879941508698522,,0.052086087562122706
hidden_heterogeneity,Interval Meta-GDM,100,22,20868808,1,28,311.20616119696996,0.5890598389796651,0,5.942583219931122,0.9004360601554977,0.8739034191418417,,0.04927842928855761
hidden_heterogeneity,Interval Meta-GDM,100,23,20869805,1,18,296.2723794378422,0.5865341990143025,0,16.796120970920267,0.9035923280622625,0.8819821477976666,,0.05060828823695926
hidden_heterogeneity,Interval Meta-GDM,100,24,20870802,1,27,313.9515002750054,0.5909630171175466,0,6.799719489465192,0.9033045498427588,0.8756079422299166,,0.047023397773254774
hidden_heterogeneity,Interval Meta-GDM,100,25,20871799,1,13,274.82553183480854,0.5360498099944329,0,21.078136035654666,0.9010620341233979,0.8863069435842327,,0.05255414949673094
hidden_heterogeneity,Interval Meta-GDM,100,26,20872796,1,27,284.69693868499763,0.5008560117188015,0,8.80913452547372,0.9007874263680392,0.8737722185581661,,0.052408486416466074
hidden_heterogeneity,Interval Meta-GDM,100,27,20873793,1,15,293.110291680811,0.5758034136249794,0,20.284940333058152,0.900149397178227,0.8788891117884134,,0.04676321292370726
hidden_heterogeneity,Interval Meta-GDM,100,28,20874790,1,22,268.3318702636678,0.5439309727197743,0,12.763285425055908,0.901088225945758,0.8745405830174762,,0.05099017727590994
hidden_heterogeneity,Interval Meta-GDM,100,29,20875787,1,20,263.14378360494095,0.5260789785268605,0,15.891724441448062,0.9014131291523044,0.8742104579796484,,0.04782646806666341
hidden_heterogeneity,Interval Meta-GDM,100,30,20876784,1,26,190.981851027494,0.6013636317557065,0,8.897143907380052,0.9013537147575643,0.8700092866605114,,0.051862053567009674
hidden_heterogeneity,Interval Meta-GDM,100,31,20877781,1,22,304.28648862258615,0.5596371937518294,0,13.652996096566223,0.9032203848297962,0.8749658316935405,,0.04931839171295374
hidden_heterogeneity,Interval Meta-GDM,100,32,20878778,1,19,298.1498147571288,0.5515022384465205,0,16.035833774346507,0.9050797846858618,0.8832978234544304,,0.05298430692074643
hidden_heterogeneity,Interval Meta-GDM,100,33,20879775,1,22,335.30168720891544,0.5530738095894141,0,12.854509087883578,0.900963168220973,0.8775202139454724,,0.05145880939530577
hidden_heterogeneity,Interval Meta-GDM,100,34,20880772,1,20,321.40595131856185,0.5449994651728232,0,14.821606924316676,0.9000183634079225,0.877841375687611,,0.048796089563852174
hidden_heterogeneity,Interval Meta-GDM,100,35,20881769,1,18,252.17253948418752,0.5169648731281067,0,18.334167734452794,0.9046439921615586,0.8831997232674389,,0.049870272372419276
hidden_heterogeneity,Interval Meta-GDM,100,36,20882766,1,20,296.60941557974286,0.4901530158535867,0,17.58444246994789,0.9008536146171189,0.8747235925426291,,0.047273023766127915
hidden_heterogeneity,Interval Meta-GDM,100,37,20883763,1,17,400.84379750741937,0.4802365353626261,0,19.22372911746846,0.90139726750559,0.8818983245227586,,0.047695405621313594
hidden_heterogeneity,Interval Meta-GDM,100,38,20884760,1,20,303.3065707833376,0.5494805963954168,0,14.540895830952834,0.90057425438961,0.8772596063338284,,0.05075066078752781
hidden_heterogeneity,Interval Meta-GDM,100,39,20885757,1,20,264.188761113327,0.5465253037954452,0,15.933718827102522,0.9016926953917994,0.8766716613324455,,0.047795402027429275
hidden_heterogeneity,Interval Meta-GDM,100,40,20886754,1,19,347.2730026626133,0.6110796832822469,0,13.11294642771388,0.9034638033220124,0.8883077296410934,,0.05180657900041799
hidden_heterogeneity,Interval Meta-GDM,100,41,20887751,1,20,324.74992566017266,0.5387826789365808,0,14.633754564739013,0.9024249857958575,0.8794204616149475,,0.04961806485825026
hidden_heterogeneity,Interval Meta-GDM,100,42,20888748,1,25,294.02027725007946,0.5784903292420653,0,10.035497354231715,0.901349615632541,0.8742594901153804,,0.053250129786850876
hidden_heterogeneity,Interval Meta-GDM,100,43,20889745,1,17,352.14895496053583,0.5521617768232165,0,18.224718531261043,0.9020823680928961,0.8827160244473726,,0.049557699823520984
hidden_heterogeneity,Interval Meta-GDM,100,44,20890742,1,19,284.16006724163736,0.5414346849845795,0,16.404830498329208,0.900490716530058,0.8754913949897147,,0.050801640031944706
hidden_heterogeneity,Interval Meta-GDM,100,45,20891739,1,15,312.9920042739788,0.5556308493639628,0,19.515669214119022,0.903033915147772,0.8850388946342295,,0.0496154600301601
hidden_heterogeneity,Interval Meta-GDM,100,46,20892736,1,24,316.7455844895683,0.5600807183488974,0,10.935968048517745,0.9004416317020021,0.8728566761404919,,0.05027921216535077
hidden_heterogeneity,Interval Meta-GDM,100,47,20893733,1,22,261.8216552576476,0.5762156515313146,0,10.914680992246417,0.9032323802933869,0.8788996393540297,,0.04726978426329108
hidden_heterogeneity,Interval Meta-GDM,100,48,20894730,1,21,314.1462983534775,0.5155336343079591,0,13.431272644172408,0.9026813670494113,0.8796787541058941,,0.05113662564950863
hidden_heterogeneity,Interval Meta-GDM,100,49,20895727,1,18,378.76145468804765,0.5066105285295646,0,17.66037646965784,0.9021701084558674,0.8823767012777997,,0.05090879395503601
hidden_heterogeneity,Bounded confidence,100,0,20846874,0,120,239.5077536593917,0.5712465919118028,0,-97.76889425167803,0.8915884145023133,0.8649956515002964,,0.05036473649160016
hidden_heterogeneity,Bounded confidence,100,1,20847871,1,40,235.81534641303188,0.6218662299248756,0,-8.547675275988045,0.900001912465768,0.8795326171739398,,0.05072996272439723
hidden_heterogeneity,Bounded confidence,100,2,20848868,1,33,254.95945045834512,0.5916534326319538,0,-0.03893044274214397,0.9000239729253814,0.8757255576917528,,0.0483027535925811
hidden_heterogeneity,Bounded confidence,100,3,20849865,0,120,301.16343414123213,0.5843686148574929,0,-99.02321303324517,0.8988972842099614,0.8748220905782982,,0.05321644325747795
hidden_heterogeneity,Bounded confidence,100,4,20850862,1,22,308.9610898668086,0.579084619312173,0,10.346222915648179,0.9001196813110406,0.8796930611473447,,0.05224397359425626
hidden_heterogeneity,Bounded confidence,100,5,20851859,1,100,260.7190601083028,0.6261308412408388,0,-68.83574567582778,0.9000145618854398,0.875500314823625,,0.047733135301545396
hidden_heterogeneity,Bounded confidence,100,6,20852856,0,120,258.34548728761183,0.5445133210864395,0,-95.921122652063,0.8984708037575656,0.8715230557153583,,0.048931017081964207
hidden_heterogeneity,Bounded confidence,100,7,20853853,0,120,265.8938217871137,0.5147463498982996,0,-90.24066275614582,0.8944459715930339,0.869183097488331,,0.05019182106454556
hidden_heterogeneity,Bounded confidence,100,8,20854850,0,120,227.21777826797154,0.5517933921419484,0,-102.73201975997401,0.8870017361737812,0.8621623082396035,,0.05176849448007493
hidden_heterogeneity,Bounded confidence,100,9,20855847,0,120,275.1274193358235,0.5684050323263734,0,-102.978225215759,0.892974474037142,0.8719577167008405,,0.05160155287848875
hidden_heterogeneity,Bounded confidence,100,10,20856844,0,120,259.19298469766477,0.5748300777181197,0,-98.31513378694638,0.8883832579993264,0.8613263074399785,,0.05045355996303498
hidden_heterogeneity,Bounded confidence,100,11,20857841,0,120,234.74702391662512,0.5824960549438059,0,-98.63292597545379,0.8960646533959294,0.8731414811216176,,0.0527278970372237
hidden_heterogeneity,Bounded confidence,100,12,20858838,0,120,256.04946228461154,0.5574766063114036,0,-97.80229211605739,0.8987593480449547,0.8760959054408768,,0.04929710997549214
hidden_heterogeneity,Bounded confidence,100,13,20859835,1,69,310.1461588210642,0.5762532383267036,0,-33.263680918940594,0.9003740813229172,0.8816185933363924,,0.04964095242005102
hidden_heterogeneity,Bounded confidence,100,14,20860832,1,33,264.5965603628192,0.5812522219218572,0,-0.35172186086435353,0.9000351451640478,0.8695624117858728,,0.04888539337356436
hidden_heterogeneity,Bounded confidence,100,15,20861829,0,120,226.78335060347925,0.5409833376415714,0,-103.12160385286526,0.8901625627387597,0.8689523555425712,,0.048981749795539396
hidden_heterogeneity,Bounded confidence,100,16,20862826,0,120,264.19312620485834,0.6114492087413048,0,-95.9666539548921,0.8926803600669145,0.8711368214040436,,0.04935827748382044
hidden_heterogeneity,Bounded confidence,100,17,20863823,0,120,274.03721136123653,0.5586896673399575,0,-97.92630523085464,0.893928946377788,0.8770245098548717,,0.052251731847717524
hidden_heterogeneity,Bounded confidence,100,18,20864820,1,86,219.95305796195646,0.5389389271340328,0,-53.76241124893678,0.9000066962762515,0.8772192446737352,,0.046149024629664075
hidden_heterogeneity,Bounded confidence,100,19,20865817,0,120,266.2781473053345,0.6020647236763981,0,-98.51608707401913,0.8941816089025659,0.8714299069421079,,0.051952877627807315
hidden_heterogeneity,Bounded confidence,100,20,20866814,0,120,310.06752641552094,0.6197717888067349,0,-101.08359330310206,0.8978956532620594,0.8805761872417174,,0.04806310006967338
hidden_heterogeneity,Bounded confidence,100,21,20867811,0,120,253.5045304295316,0.5648554984184344,0,-96.16281263821286,0.8991262145879642,0.8780332260227847,,0.052086087562122706
hidden_heterogeneity,Bounded confidence,100,22,20868808,0,120,252.078222884154,0.5913978974931373,0,-89.3935063738777,0.8987265108847029,0.8721568765763046,,0.04927842928855761
hidden_heterogeneity,Bounded confidence,100,23,20869805,0,120,245.57808899268892,0.6230232003196088,0,-100.64339202209733,0.8976879002717276,0.8754411224726517,,0.05060828823695926
hidden_heterogeneity,Bounded confidence,100,24,20870802,0,120,287.4251821520062,0.6139788707781246,0,-93.22443794815618,0.8996001797295812,0.8710648665473367,,0.047023397773254774
hidden_heterogeneity,Bounded confidence,100,25,20871799,1,26,230.68496187598907,0.5874488439438332,0,5.708164499703499,0.9000579494225944,0.8848766913077415,,0.05255414949673094
hidden_heterogeneity,Bounded confidence,100,26,20872796,0,120,235.00983039867282,0.5552365427665507,0,-99.03292425176645,0.8927228752699041,0.8664624426290101,,0.052408486416466074
hidden_heterogeneity,Bounded confidence,100,27,20873793,1,43,261.84869198586557,0.6020027743275602,0,-8.933308311216503,0.9000262848099577,0.8784250446194249,,0.04676321292370726
hidden_heterogeneity,Bounded confidence,100,28,20874790,0,120,224.673801441117,0.5915733607991105,0,-88.88724221073858,0.8983850965309401,0.8713460117831995,,0.05099017727590994
hidden_heterogeneity,Bounded confidence,100,29,20875787,1,42,224.32187857107473,0.5699625562241657,0,-8.771122067447466,0.900032344618646,0.8738579411222993,,0.04782646806666341
hidden_heterogeneity,Bounded confidence,100,30,20876784,0,120,176.48142112394325,0.6316800824433859,0,-91.54251155600548,0.8951879566180126,0.8639272560509835,,0.051862053567009674
hidden_heterogeneity,Bounded confidence,100,31,20877781,0,120,248.75423078441406,0.563329954155618,0,-100.40614446063903,0.8885455525062756,0.8622277183526597,,0.04931839171295374
hidden_heterogeneity,Bounded confidence,100,32,20878778,0,120,252.301451149826,0.5543234226185079,0,-81.24732558716933,0.8962348846570629,0.872740504720131,,0.05298430692074643
hidden_heterogeneity,Bounded confidence,100,33,20879775,0,120,275.66628025305886,0.5983633970268183,0,-90.98369590997781,0.8946864371025521,0.8708350781433971,,0.05145880939530577
hidden_heterogeneity,Bounded confidence,100,34,20880772,0,120,275.2397617970963,0.580292369939531,0,-101.92363380445802,0.8834238909498865,0.8609898965978242,,0.048796089563852174
hidden_heterogeneity,Bounded confidence,100,35,20881769,1,38,194.1281097447903,0.5418327307719362,0,-5.432862883173586,0.9000375336089776,0.8775012005998923,,0.049870272372419276
hidden_heterogeneity,Bounded confidence,100,36,20882766,0,120,258.5610376113988,0.528476737558577,0,-97.9923919088548,0.8940266583189593,0.8675963936564739,,0.047273023766127915
hidden_heterogeneity,Bounded confidence,100,37,20883763,1,22,341.88430841616935,0.5192429852046949,0,11.916556114952305,0.9003869515812047,0.8814068507036964,,0.047695405621313594
hidden_heterogeneity,Bounded confidence,100,38,20884760,0,120,252.73003793427458,0.5814483118273175,0,-101.32738073901037,0.8956391775579327,0.8723887079249782,,0.05075066078752781
hidden_heterogeneity,Bounded confidence,100,39,20885757,1,27,233.9902280505904,0.5825704076832572,0,7.368948155111853,0.9000625065550597,0.8761517033965132,,0.047795402027429275
hidden_heterogeneity,Bounded confidence,100,40,20886754,0,120,288.559053398322,0.6269894231797835,0,-94.10326454877006,0.8998668878133709,0.8829829741134202,,0.05180657900041799
hidden_heterogeneity,Bounded confidence,100,41,20887751,1,34,263.1072710080737,0.5470636151837158,0,-0.5817767520662471,0.9001557277227535,0.8771317307330193,,0.04961806485825026
hidden_heterogeneity,Bounded confidence,100,42,20888748,0,120,251.11738256792182,0.5837894178844527,0,-92.20757801772,0.8955123136288747,0.8691026120307589,,0.053250129786850876
hidden_heterogeneity,Bounded confidence,100,43,20889745,1,55,307.29378963964274,0.5880264547259857,0,-20.724596122635894,0.9000136333868198,0.8796091159317015,,0.049557699823520984
hidden_heterogeneity,Bounded confidence,100,44,20890742,0,120,253.8403986622547,0.5824849215324719,0,-101.2789778665535,0.8983246712167486,0.87317617531574,,0.050801640031944706
hidden_heterogeneity,Bounded confidence,100,45,20891739,0,120,275.5329147954892,0.5862319804236025,0,-91.97710040218456,0.8972550059645609,0.8792887105223528,,0.0496154600301601
hidden_heterogeneity,Bounded confidence,100,46,20892736,0,120,273.4831277693714,0.583187827065236,0,-98.39827525611472,0.8981483140086471,0.8700928305855612,,0.05027921216535077
hidden_heterogeneity,Bounded confidence,100,47,20893733,0,120,218.1074246292072,0.5780851509332461,0,-102.33850719960085,0.8885693547099496,0.8649722379493042,,0.04726978426329108
hidden_heterogeneity,Bounded confidence,100,48,20894730,0,120,256.36208619382336,0.544842621669061,0,-101.28287984177788,0.8941606230268271,0.871014484665002,,0.05113662564950863
hidden_heterogeneity,Bounded confidence,100,49,20895727,1,25,317.46687214827983,0.5577302806183553,0,7.78327049333553,0.9000157840240263,0.8808482560408545,,0.05090879395503601
hidden_heterogeneity,Mean consensus,100,0,20846874,0,120,252.75394586077522,0.558584158965062,0,-97.54842647000183,0.8929721171008891,0.8663251859547672,,0.05036473649160016
hidden_heterogeneity,Mean consensus,100,1,20847871,1,26,246.42889798236794,0.6052304412245693,0,5.711269757422019,0.9002999578993488,0.8804076140546936,,0.05072996272439723
hidden_heterogeneity,Mean consensus,100,2,20848868,1,32,269.71404392415,0.5725450726320602,0,0.8416420406989875,0.9000974569621811,0.875995029065083,,0.0483027535925811
hidden_heterogeneity,Mean consensus,100,3,20849865,0,120,315.2756083244,0.5714400410258753,0,-98.54144051805442,0.8982856679843269,0.8745000002635341,,0.05321644325747795
hidden_heterogeneity,Mean consensus,100,4,20850862,1,22,320.3808996822991,0.562131654205082,0,10.28073840265695,0.900821764539047,0.880400705125118,,0.05224397359425626
hidden_heterogeneity,Mean consensus,100,5,20851859,0,120,275.85205940834385,0.5989344725965091,0,-99.78025796149065,0.8991182810407048,0.8745670331249523,,0.047733135301545396
hidden_heterogeneity,Mean consensus,100,6,20852856,1,74,268.91459468512863,0.526167771808985,0,-39.76472643510147,0.9000082616257967,0.8735495251337404,,0.048931017081964207
hidden_heterogeneity,Mean consensus,100,7,20853853,0,120,282.90647425278235,0.4904343314118007,0,-91.54715832510884,0.8922992163523755,0.867604050042399,,0.05019182106454556
hidden_heterogeneity,Mean consensus,100,8,20854850,0,120,238.7853143705048,0.5337188419764263,0,-102.32135391243375,0.8877788758272961,0.8629432844054341,,0.05176849448007493
hidden_heterogeneity,Mean consensus,100,9,20855847,0,120,281.82901627407324,0.5567233518541508,0,-103.32346014008041,0.8951113692181908,0.873968961276178,,0.05160155287848875
hidden_heterogeneity,Mean consensus,100,10,20856844,0,120,276.78573622817487,0.5551066337426078,0,-98.21095415885185,0.8905825739728271,0.8632929195881626,,0.05045355996303498
hidden_heterogeneity,Mean consensus,100,11,20857841,0,120,246.03887515466866,0.5630667486988163,0,-100.74545027022843,0.8940174970150541,0.8716376875734928,,0.0527278970372237
hidden_heterogeneity,Mean consensus,100,12,20858838,0,120,264.7795413594921,0.5402289152539677,0,-98.21527070752776,0.8982344247071816,0.875742851383271,,0.04929710997549214
hidden_heterogeneity,Mean consensus,100,13,20859835,1,60,326.6522585880752,0.5542691090868406,0,-25.57922368031715,0.9000299052601466,0.8819330485534451,,0.04964095242005102
hidden_heterogeneity,Mean consensus,100,14,20860832,1,42,280.35257786568764,0.5669143657704172,0,-9.928328477431984,0.900015047192963,0.8691797005133651,,0.04888539337356436
hidden_heterogeneity,Mean consensus,100,15,20861829,0,120,236.39178175860707,0.5291610687509234,0,-102.3156954870196,0.8917011040235368,0.8704349871091319,,0.048981749795539396
hidden_heterogeneity,Mean consensus,100,16,20862826,0,120,273.3390832687443,0.5933302354831238,0,-98.80818215954562,0.8927494353438712,0.8713572553047191,,0.04935827748382044
hidden_heterogeneity,Mean consensus,100,17,20863823,0,120,283.9219816061573,0.5433425308725444,0,-98.37224306623216,0.8922294118566062,0.8755679068370624,,0.052251731847717524
hidden_heterogeneity,Mean consensus,100,18,20864820,0,120,232.57020161511906,0.5179050415492534,0,-95.58079593560798,0.899824757274164,0.8766366920008227,,0.046149024629664075
hidden_heterogeneity,Mean consensus,100,19,20865817,0,120,279.62393528152063,0.588159903719395,0,-99.60204272188187,0.8948290336532261,0.8722094372518058,,0.051952877627807315
hidden_heterogeneity,Mean consensus,100,20,20866814,0,120,317.97177243606296,0.6054741347761894,0,-100.20887088172249,0.8968136982793665,0.8797053841818522,,0.04806310006967338
hidden_heterogeneity,Mean consensus,100,21,20867811,0,120,266.9617676586904,0.5499105219794416,0,-97.78451798825152,0.8955497620445081,0.875062494316526,,0.052086087562122706
hidden_heterogeneity,Mean consensus,100,22,20868808,0,120,262.5199429028428,0.5779747277254754,0,-88.16931943413823,0.8977563572191841,0.8711338871733921,,0.04927842928855761
hidden_heterogeneity,Mean consensus,100,23,20869805,0,120,255.60192767666516,0.6090967027993519,0,-100.70483961985968,0.8991044797991546,0.8768396514556582,,0.05060828823695926
hidden_heterogeneity,Mean consensus,100,24,20870802,1,85,297.28461424446357,0.6003539982568049,0,-51.59652210764398,0.9000078499442762,0.872128382209557,,0.047023397773254774
hidden_heterogeneity,Mean consensus,100,25,20871799,1,24,240.26001040133835,0.572756342032553,0,7.669007911425823,0.9002027678675113,0.8851081130151596,,0.05255414949673094
hidden_heterogeneity,Mean consensus,100,26,20872796,0,120,248.80005158333793,0.534476932607894,0,-100.05632355034862,0.895096325148097,0.8685869364743238,,0.052408486416466074
hidden_heterogeneity,Mean consensus,100,27,20873793,1,45,273.5821822016214,0.5894814876026333,0,-10.805885681354582,0.9000936484617179,0.8781085490317866,,0.04676321292370726
hidden_heterogeneity,Mean consensus,100,28,20874790,0,120,233.44159046756386,0.5771679226450175,0,-81.65329720543295,0.8984881713766689,0.8713332850176803,,0.05099017727590994
hidden_heterogeneity,Mean consensus,100,29,20875787,1,53,241.96365830897503,0.5468211617797956,0,-20.392337717313993,0.9000114723444318,0.8737848826258517,,0.04782646806666341
hidden_heterogeneity,Mean consensus,100,30,20876784,0,120,184.85767265128055,0.6130701347620009,0,-90.0084543451033,0.8945644761873464,0.8627525889350458,,0.051862053567009674
hidden_heterogeneity,Mean consensus,100,31,20877781,0,120,268.3890948154888,0.545719895588034,0,-100.92693858278682,0.8914701422051213,0.8649573950303292,,0.04931839171295374
hidden_heterogeneity,Mean consensus,100,32,20878778,0,120,260.3384334218377,0.5441792876611065,0,-84.74121182283588,0.896858303378411,0.8740237583448484,,0.05298430692074643
hidden_heterogeneity,Mean consensus,100,33,20879775,0,120,292.19930653007697,0.5751931122955871,0,-90.95462599064759,0.8937061907810924,0.8700544606105375,,0.05145880939530577
hidden_heterogeneity,Mean consensus,100,34,20880772,0,120,285.60966732430023,0.5604910435186268,0,-101.91814391483331,0.8842478761114674,0.8619905846502839,,0.048796089563852174
hidden_heterogeneity,Mean consensus,100,35,20881769,1,26,206.196399278697,0.5304596350411177,0,6.874868492210318,0.900216934968481,0.8782336178455222,,0.049870272372419276
hidden_heterogeneity,Mean consensus,100,36,20882766,0,120,271.5324487570287,0.5081344453780443,0,-99.0546835410239,0.8924590498831257,0.866447498032117,,0.047273023766127915
hidden_heterogeneity,Mean consensus,100,37,20883763,1,21,359.522947537251,0.4991963170686484,0,12.82316564456392,0.9000316365038762,0.8812846369440274,,0.047695405621313594
hidden_heterogeneity,Mean consensus,100,38,20884760,0,120,266.4426379155731,0.5651985550696166,0,-101.23150949661859,0.8980198016508079,0.8746200095811891,,0.05075066078752781
hidden_heterogeneity,Mean consensus,100,39,20885757,1,24,245.51858693384767,0.5689495448852366,0,10.01805645721734,0.90055452536303,0.8768205170205328,,0.047795402027429275
hidden_heterogeneity,Mean consensus,100,40,20886754,1,90,294.5462540266219,0.6165940545324806,0,-56.51041688796801,0.9000017625535995,0.883897353809268,,0.05180657900041799
hidden_heterogeneity,Mean consensus,100,41,20887751,1,30,274.0242207777202,0.5302862866391822,0,3.0791424535607224,0.9002982667638997,0.8774642041111339,,0.04961806485825026
hidden_heterogeneity,Mean consensus,100,42,20888748,0,120,263.2979024783225,0.5646050935892808,0,-91.97913199544776,0.8970235722963745,0.8706112964724703,,0.053250129786850876
hidden_heterogeneity,Mean consensus,100,43,20889745,1,34,321.3319159793186,0.5738018059503436,0,-0.5972843737717071,0.9000824353457869,0.8801928575777599,,0.049557699823520984
hidden_heterogeneity,Mean consensus,100,44,20890742,1,86,268.014049479892,0.5624572645400452,0,-55.66064156846661,0.9000004845253541,0.8750076311531191,,0.050801640031944706
hidden_heterogeneity,Mean consensus,100,45,20891739,0,120,285.2895863054965,0.5685704897324004,0,-92.73757399939635,0.8987400235103771,0.8807518769205444,,0.0496154600301601
hidden_heterogeneity,Mean consensus,100,46,20892736,0,120,288.14562516956073,0.566196868172445,0,-99.3359816150525,0.8978042521248911,0.8700112145294238,,0.05027921216535077
hidden_heterogeneity,Mean consensus,100,47,20893733,0,120,226.0759462404016,0.5648335603081598,0,-101.71125589338025,0.8854558239583554,0.8622727726709855,,0.04726978426329108
hidden_heterogeneity,Mean consensus,100,48,20894730,0,120,264.28383531633256,0.5329639831611221,0,-100.4931115974758,0.8939002133631059,0.8708443820950951,,0.05113662564950863
hidden_heterogeneity,Mean consensus,100,49,20895727,1,44,332.8606851782943,0.5377645220852141,0,-12.640300096643772,0.900017947463947,0.8807822415765268,,0.05090879395503601
hidden_heterogeneity,Observable cost-aware,100,0,20846874,0,120,176.7542838899868,0.61553031127216,0,-103.7712378702888,0.8365222754477677,0.8096175230325051,,0.05036473649160016
hidden_heterogeneity,Observable cost-aware,100,1,20847871,0,120,172.52034087197714,0.6748286676709971,0,-103.74885234516849,0.8544233415366703,0.8309306476853965,,0.05072996272439723
hidden_heterogeneity,Observable cost-aware,100,2,20848868,0,120,199.19145467774362,0.6504210796702221,0,-98.52254284789923,0.8558626383934528,0.8271208338477656,,0.0483027535925811
hidden_heterogeneity,Observable cost-aware,100,3,20849865,0,120,236.57370714055122,0.625684288630624,0,-101.79112840068017,0.8477987553187458,0.82236072477328,,0.05321644325747795
hidden_heterogeneity,Observable cost-aware,100,4,20850862,0,120,225.2261586738444,0.6426445607970102,0,-81.09222001917887,0.8770450806150173,0.843979490208839,,0.05224397359425626
hidden_heterogeneity,Observable cost-aware,100,5,20851859,0,120,198.51000671573092,0.6939266322416344,0,-100.16763765028435,0.8490728436923493,0.8204309454211105,,0.047733135301545396
hidden_heterogeneity,Observable cost-aware,100,6,20852856,0,120,202.5584017953887,0.5954390684673181,0,-99.08576964321078,0.8489711610079004,0.8187166809167029,,0.048931017081964207
hidden_heterogeneity,Observable cost-aware,100,7,20853853,0,120,201.9322749034952,0.5698586145056592,0,-92.83320864168097,0.8261282521664972,0.8001809300587186,,0.05019182106454556
hidden_heterogeneity,Observable cost-aware,100,8,20854850,0,120,165.3916988325693,0.6139501288822609,0,-105.1774773098309,0.8228235215324204,0.7990137693057936,,0.05176849448007493
hidden_heterogeneity,Observable cost-aware,100,9,20855847,0,120,199.96313642607763,0.6112543956115233,0,-106.40988157286004,0.8460046013307331,0.8234193576950488,,0.05160155287848875
hidden_heterogeneity,Observable cost-aware,100,10,20856844,0,120,203.29925418843496,0.6256254119634141,0,-102.8991179918287,0.8329259492942844,0.8037879111379171,,0.05045355996303498
hidden_heterogeneity,Observable cost-aware,100,11,20857841,0,120,177.9775278271169,0.6504221802987218,0,-101.50006237811331,0.8357312450184083,0.8113012467310491,,0.0527278970372237
hidden_heterogeneity,Observable cost-aware,100,12,20858838,0,120,196.65761127166513,0.6058320718508343,0,-100.9638545171737,0.8550927236865979,0.8287652507208916,,0.04929710997549214
hidden_heterogeneity,Observable cost-aware,100,13,20859835,0,120,232.6563724995996,0.6231673980841919,0,-95.35111439231667,0.8531820856957583,0.8317414944632255,,0.04964095242005102
hidden_heterogeneity,Observable cost-aware,100,14,20860832,0,120,202.4391137168735,0.6312493146506872,0,-102.84372498752815,0.8540119977318076,0.8193607208222572,,0.04888539337356436
hidden_heterogeneity,Observable cost-aware,100,15,20861829,0,120,162.01642005991278,0.6245455430254099,0,-104.65052882698876,0.825988024805567,0.8034846636932582,,0.048981749795539396
hidden_heterogeneity,Observable cost-aware,100,16,20862826,0,120,193.53021107085655,0.6695872784152157,0,-105.5585000551558,0.8284322243697254,0.8064766493248027,,0.04935827748382044
hidden_heterogeneity,Observable cost-aware,100,17,20863823,0,120,203.29996549660106,0.6182566584520544,0,-99.1319423777926,0.8527412530598477,0.8314528433073164,,0.052251731847717524
hidden_heterogeneity,Observable cost-aware,100,18,20864820,0,120,156.69916117597162,0.6013956232505573,0,-100.9712013321379,0.8477609666514108,0.8231017752462125,,0.046149024629664075
hidden_heterogeneity,Observable cost-aware,100,19,20865817,0,120,201.38207608882246,0.6530159782823504,0,-101.73383196870756,0.8384777508566214,0.8143511983445175,,0.051952877627807315
hidden_heterogeneity,Observable cost-aware,100,20,20866814,0,120,232.48551870999967,0.6820918581175024,0,-99.66706878817493,0.8353326824718389,0.8159989847403345,,0.04806310006967338
hidden_heterogeneity,Observable cost-aware,100,21,20867811,0,120,188.52249575314096,0.6195697681323453,0,-99.58490579834312,0.840737293349127,0.8198540746183206,,0.052086087562122706
hidden_heterogeneity,Observable cost-aware,100,22,20868808,0,120,184.0933792455964,0.6524350129859979,0,-91.4473904824839,0.8464968876261146,0.8164723125953496,,0.04927842928855761
hidden_heterogeneity,Observable cost-aware,100,23,20869805,0,120,187.11730862716806,0.6782864774304664,0,-103.99895694620085,0.8422378918214486,0.8182396585044825,,0.05060828823695926
hidden_heterogeneity,Observable cost-aware,100,24,20870802,0,120,217.49724610455246,0.6620611878400731,0,-98.03249629122857,0.8552162439277067,0.8209820932478987,,0.047023397773254774
hidden_heterogeneity,Observable cost-aware,100,25,20871799,0,120,160.24719476243297,0.6542111852026562,0,-97.89813007578626,0.8476971669719744,0.8301355733714407,,0.05255414949673094
hidden_heterogeneity,Observable cost-aware,100,26,20872796,0,120,176.02007178029515,0.6087396773305318,0,-105.21749454301506,0.8448079330740665,0.8175247034567941,,0.052408486416466074
hidden_heterogeneity,Observable cost-aware,100,27,20873793,0,120,200.5740038292517,0.6496409151544063,0,-101.31871049792817,0.841364148141036,0.8165303894887284,,0.04676321292370726
hidden_heterogeneity,Observable cost-aware,100,28,20874790,0,120,158.2062044792807,0.6437954612667531,0,-99.18404238944163,0.8453332991336737,0.8163129327196451,,0.05099017727590994
hidden_heterogeneity,Observable cost-aware,100,29,20875787,0,120,169.16835206467067,0.6148785417242553,0,-99.84617285367266,0.8624339939717648,0.8320146291850982,,0.04782646806666341
hidden_heterogeneity,Observable cost-aware,100,30,20876784,0,120,133.48882714907936,0.6940187055472697,0,-97.48684046690535,0.8257607901791656,0.794865650292335,,0.051862053567009674
hidden_heterogeneity,Observable cost-aware,100,31,20877781,0,120,188.25654954992842,0.6018318125351854,0,-104.95264467851383,0.8297504212116351,0.8034748491386935,,0.04931839171295374
hidden_heterogeneity,Observable cost-aware,100,32,20878778,0,120,180.89448063749293,0.598981359989015,0,-95.84193607905101,0.8488980437880735,0.823917351679858,,0.05298430692074643
hidden_heterogeneity,Observable cost-aware,100,33,20879775,0,120,213.1307863878817,0.6494472429140534,0,-95.3921960926699,0.8445032905675479,0.8185816575184307,,0.05145880939530577
hidden_heterogeneity,Observable cost-aware,100,34,20880772,0,120,210.240945232788,0.6344662204218061,0,-105.34596466251561,0.8140913701663474,0.7910285374969981,,0.048796089563852174
hidden_heterogeneity,Observable cost-aware,100,35,20881769,0,120,140.2013598684639,0.5971425561769552,0,-103.52821140420727,0.8521926807673751,0.8282996479715877,,0.049870272372419276
hidden_heterogeneity,Observable cost-aware,100,36,20882766,0,120,206.06921964002316,0.5993389777529057,0,-103.60063508704862,0.8232634439452321,0.7974808690427283,,0.047273023766127915
hidden_heterogeneity,Observable cost-aware,100,37,20883763,0,120,265.6394646066084,0.5704982618945154,0,-100.66244151778484,0.8504378875909941,0.8271137519996512,,0.047695405621313594
hidden_heterogeneity,Observable cost-aware,100,38,20884760,0,120,185.08165035093296,0.6305726249907824,0,-105.20706450792667,0.8398857015252114,0.8150171541829112,,0.05075066078752781
hidden_heterogeneity,Observable cost-aware,100,39,20885757,0,120,184.38014866281097,0.61730170843241,0,-93.59369222023317,0.863486050086616,0.8350846202085661,,0.047795402027429275
hidden_heterogeneity,Observable cost-aware,100,40,20886754,0,120,207.78178510502,0.6826285373211105,0,-100.4742544282637,0.8489370978214926,0.8278153510834988,,0.05180657900041799
hidden_heterogeneity,Observable cost-aware,100,41,20887751,0,120,196.04627065023746,0.5963239721302616,0,-86.9915869249754,0.863781108808846,0.8349336789041618,,0.04961806485825026
hidden_heterogeneity,Observable cost-aware,100,42,20888748,0,120,193.74094218935517,0.6384144086907881,0,-103.73336025083871,0.84570212242956,0.8180996691372714,,0.053250129786850876
hidden_heterogeneity,Observable cost-aware,100,43,20889745,0,120,236.98691583012928,0.6355476331126035,0,-101.35465467058204,0.8447341386909177,0.8215654543316803,,0.049557699823520984
hidden_heterogeneity,Observable cost-aware,100,44,20890742,0,120,193.9982879034119,0.6367735495020304,0,-101.69025768830282,0.8620559937593774,0.8336488810768419,,0.050801640031944706
hidden_heterogeneity,Observable cost-aware,100,45,20891739,0,120,207.4828952489538,0.6427645697936115,0,-98.18002782804494,0.8507505567197129,0.8304726155746166,,0.0496154600301601
hidden_heterogeneity,Observable cost-aware,100,46,20892736,0,120,211.20735121602883,0.629212462582599,0,-100.68047321008416,0.8480805930389089,0.8175832726943445,,0.05027921216535077
hidden_heterogeneity,Observable cost-aware,100,47,20893733,0,120,148.00554494061134,0.6662460388594558,0,-108.6956445628761,0.8120746990557828,0.7886541786560308,,0.04726978426329108
hidden_heterogeneity,Observable cost-aware,100,48,20894730,0,120,187.95407756782387,0.5985452146503094,0,-102.43231535785168,0.8395537370418776,0.8153143005653386,,0.05113662564950863
hidden_heterogeneity,Observable cost-aware,100,49,20895727,0,120,244.6411019031422,0.6097761715555163,0,-102.33879754454364,0.856610814719196,0.8346130442112278,,0.05090879395503601
hidden_heterogeneity,Random,100,0,20846874,0,120,4397.346491154857,0.5764425740459371,1903,-233.50916572245507,0.0,0.0078951666502924,,0.05036473649160016
hidden_heterogeneity,Random,100,1,20847871,0,120,3373.9494412270615,0.5300900141626488,1913,-219.12194426632655,0.0,0.010890886446557103,,0.05072996272439723
hidden_heterogeneity,Random,100,2,20848868,0,120,3677.5771854676186,0.5330216039943185,1749,-220.5273378942538,0.0,0.0037955439627380305,,0.0483027535925811
hidden_heterogeneity,Random,100,3,20849865,0,120,3810.6681931617663,0.5260862390528507,2557,-233.96793528099627,0.0,0.0038936333294048624,,0.05321644325747795
hidden_heterogeneity,Random,100,4,20850862,0,120,3878.6260489150645,0.5010802643493051,2000,-225.03600790732528,0.0,0.004646816012651244,,0.05224397359425626
hidden_heterogeneity,Random,100,5,20851859,0,120,4175.566450946902,0.5489102143407223,2020,-231.4243366705265,0.0,0.006377338290693414,,0.047733135301545396
hidden_heterogeneity,Random,100,6,20852856,0,120,3270.3093296761945,0.5317128815345511,2354,-227.79648520458605,0.0,0.0016769188454439734,,0.048931017081964207
hidden_heterogeneity,Random,100,7,20853853,0,120,3927.735518800589,0.49938460415212904,2012,-225.9988518072547,0.0,0.013854490641393186,,0.05019182106454556
hidden_heterogeneity,Random,100,8,20854850,0,120,3574.8923560514368,0.5650922620143815,2051,-227.78024526800775,0.0,0.006243515761854607,,0.05176849448007493
hidden_heterogeneity,Random,100,9,20855847,0,120,3926.5205964543297,0.5354509822917426,1831,-223.64861005803746,0.0,0.007057815806948768,,0.05160155287848875
hidden_heterogeneity,Random,100,10,20856844,0,120,3494.8651657178734,0.5604435781291868,2108,-224.43773371057716,0.0,0.005695028792134024,,0.05045355996303498
hidden_heterogeneity,Random,100,11,20857841,0,120,3477.2634025894945,0.5208555198371418,1430,-211.35113755493967,0.0,0.005543710409435088,,0.0527278970372237
hidden_heterogeneity,Random,100,12,20858838,0,120,3572.5836621359063,0.5085384212621853,2373,-230.0620510398865,0.0,0.0018223300185216907,,0.04929710997549214
hidden_heterogeneity,Random,100,13,20859835,0,120,4671.765405542144,0.5032223301842089,2236,-236.7176954484461,0.0,0.006034937502052101,,0.04964095242005102
hidden_heterogeneity,Random,100,14,20860832,0,120,3492.451367126465,0.5398302163177617,2105,-226.14361306899914,0.0,0.00618204162439623,,0.04888539337356436
hidden_heterogeneity,Random,100,15,20861829,0,120,4011.088356935548,0.5504324975084565,1782,-227.11234276739467,0.01920479325810771,0.0053040776486739235,,0.048981749795539396
hidden_heterogeneity,Random,100,16,20862826,0,120,4354.192327589707,0.5481242497652286,2152,-236.56406887123495,0.0,0.009368903497603812,,0.04935827748382044
hidden_heterogeneity,Random,100,17,20863823,0,120,3916.0190952389253,0.5087653072119565,2034,-229.65059041692498,0.0,0.00440044582728107,,0.052251731847717524
hidden_heterogeneity,Random,100,18,20864820,0,120,3381.6270571904797,0.5090261809903678,2103,-223.61239565030857,0.0,0.0073923523378152224,,0.046149024629664075
hidden_heterogeneity,Random,100,19,20865817,0,120,3914.9376722731968,0.5580290418844669,2225,-235.29434416071007,0.0,0.00108072514968235,,0.051952877627807315
hidden_heterogeneity,Random,100,20,20866814,0,120,4389.6378619344705,0.503942312350457,1969,-232.04707480995066,0.0,0.013760880327592222,,0.04806310006967338
hidden_heterogeneity,Random,100,21,20867811,0,120,4037.8770645368327,0.5428423681810366,1583,-219.49682809566758,0.0,0.016601517923959096,,0.052086087562122706
hidden_heterogeneity,Random,100,22,20868808,0,120,3383.134425018554,0.5183126508459244,2462,-230.23496056777535,0.0,0.004555411856132942,,0.04927842928855761
hidden_heterogeneity,Random,100,23,20869805,0,120,3207.15246817647,0.5174547715269844,1707,-211.65591469487066,0.0,0.0119400247575946,,0.05060828823695926
hidden_heterogeneity,Random,100,24,20870802,0,120,3946.5167270707,0.5703347294292982,2007,-231.3681075391962,0.0,0.011944513525093795,,0.047023397773254774
hidden_heterogeneity,Random,100,25,20871799,0,120,4232.094047880431,0.5480701793041536,1833,-228.00578089325393,0.0,0.013927673409202411,,0.05255414949673094
hidden_heterogeneity,Random,100,26,20872796,0,120,3738.2046271062814,0.5578728543905058,2061,-229.6379848059141,0.0,0.003834874786491883,,0.052408486416466074
hidden_heterogeneity,Random,100,27,20873793,0,120,3883.5990430383217,0.5847239095960393,2261,-235.0002946969853,0.0,0.00386991882286823,,0.04676321292370726
hidden_heterogeneity,Random,100,28,20874790,0,120,3743.8924936399994,0.5683190594340228,1879,-228.26483515047087,0.0,0.01506115323660598,,0.05099017727590994
hidden_heterogeneity,Random,100,29,20875787,0,120,3194.657561849029,0.5777323814303115,1820,-219.46887255133467,0.0,0.008764446060013665,,0.04782646806666341
hidden_heterogeneity,Random,100,30,20876784,0,120,2657.8860952720265,0.5888144694019846,1841,-213.15901865537805,0.03837935893881566,0.017053364801791687,,0.051862053567009674
hidden_heterogeneity,Random,100,31,20877781,0,120,3176.8775127569065,0.51775773687129,2634,-229.0609155224703,0.0,0.006058074017362692,,0.04931839171295374
hidden_heterogeneity,Random,100,32,20878778,0,120,3502.6192394077116,0.5352025319176865,2211,-228.56358550889234,0.0,0.008346618428464563,,0.05298430692074643
hidden_heterogeneity,Random,100,33,20879775,0,120,4195.727566028201,0.5391216407371162,2024,-230.6230577560049,0.0,0.008400647288715167,,0.05145880939530577
hidden_heterogeneity,Random,100,34,20880772,0,120,3432.7723933574634,0.5117471361016046,2015,-224.45244567157297,0.0,0.00856578096802579,,0.048796089563852174
hidden_heterogeneity,Random,100,35,20881769,0,120,3226.1997791230774,0.5107309402068809,2075,-221.5581349984948,0.0,0.00998831590353883,,0.049870272372419276
hidden_heterogeneity,Random,100,36,20882766,0,120,3260.062439998412,0.5476836457249645,2494,-229.5590726051421,0.0,0.0014735113011264686,,0.047273023766127915
hidden_heterogeneity,Random,100,37,20883763,0,120,4381.406152242256,0.4877599034981628,2344,-235.34941914749706,0.0,0.008953390858297662,,0.047695405621313594
hidden_heterogeneity,Random,100,38,20884760,0,120,4255.291809604346,0.5558383523020163,1927,-232.41004740734863,0.0,0.0025026839082232816,,0.05075066078752781
hidden_heterogeneity,Random,100,39,20885757,0,120,3167.1694215325874,0.5720309527614937,2471,-232.87203207547077,0.0,0.005927323107244175,,0.047795402027429275
hidden_heterogeneity,Random,100,40,20886754,0,120,3886.612048139724,0.5222962823326394,2067,-231.81838668983994,0.0,0.005527193049734517,,0.05180657900041799
hidden_heterogeneity,Random,100,41,20887751,0,120,3637.756511240348,0.4578418117730636,1928,-220.43278955805388,0.0,0.009009968840742143,,0.04961806485825026
hidden_heterogeneity,Random,100,42,20888748,0,120,3532.697844943825,0.563719612815194,1991,-222.882303099231,0.0,0.00438642036449442,,0.053250129786850876
hidden_heterogeneity,Random,100,43,20889745,0,120,3957.078316896322,0.5707446251599293,2014,-229.68088435907032,0.0,0.0036758069427844865,,0.049557699823520984
hidden_heterogeneity,Random,100,44,20890742,0,120,4219.601259176555,0.558464297798515,1957,-230.06226387717552,0.0,0.0033418473927049755,,0.050801640031944706
hidden_heterogeneity,Random,100,45,20891739,0,120,3928.0773905861142,0.5133961510589624,2166,-230.05550928013065,0.0,0.004086034424587693,,0.0496154600301601
hidden_heterogeneity,Random,100,46,20892736,0,120,3496.0905237454303,0.5426474441260727,2449,-232.91008137011139,0.0,0.0053910870092527385,,0.05027921216535077
hidden_heterogeneity,Random,100,47,20893733,0,120,3344.8213777751034,0.5532554102755851,1736,-220.23490083632836,0.0,0.009087480119750194,,0.04726978426329108
hidden_heterogeneity,Random,100,48,20894730,0,120,3797.202615482104,0.5128780460216538,1853,-226.17101026137678,0.0,0.009020002620291621,,0.05113662564950863
hidden_heterogeneity,Random,100,49,20895727,0,120,4704.720853081097,0.5062955102493707,2519,-242.34130833396176,0.0,0.005959825036879655,,0.05090879395503601
mid_episode_switch,Interval Meta-GDM,10,0,20607320,1,26,13.451638699907065,0.538696440221605,0,14.759696675036217,0.9001142636566228,0.8568308482584989,18.0,0.045034389892442725
mid_episode_switch,Interval Meta-GDM,10,1,20608317,1,33,18.820161413735057,0.40358358319758025,0,9.072295243403701,0.9014125106214959,0.8587656723801158,25.0,0.050849360977468706
mid_episode_switch,Interval Meta-GDM,10,2,20609314,1,66,19.143242350641227,0.631705391321296,0,-23.948930891065434,0.9003524043711301,0.8264812073173312,58.0,0.04890240577376217
mid_episode_switch,Interval Meta-GDM,10,3,20610311,1,15,9.573219591175306,0.5951846399078733,0,19.9322790321122,0.9050901050116544,0.8788130335478107,7.0,0.05327348134577435
mid_episode_switch,Interval Meta-GDM,10,4,20611308,0,120,17.437504367600457,0.5033932475761524,0,-52.55915324123265,0.8955083203420144,0.8769243167494669,,0.04439506783469796
mid_episode_switch,Interval Meta-GDM,10,5,20612305,1,41,8.55010214350902,0.5501203369936143,0,-2.491280437156963,0.9015602496338555,0.8498297545076308,33.0,0.051117585373737416
mid_episode_switch,Interval Meta-GDM,10,6,20613302,1,10,12.398879003396587,0.609582693740103,0,27.474403420497932,0.9185632255013967,0.8995440782848411,2.0,0.04236203426856984
mid_episode_switch,Interval Meta-GDM,10,7,20614299,1,45,15.455183717475972,0.6576905109149722,0,-3.404265869891134,0.9002298397048224,0.845165000880858,37.0,0.05148992820497178
mid_episode_switch,Interval Meta-GDM,10,8,20615296,1,18,6.877364256409594,0.5373996027403452,0,20.369640611980252,0.9086100448808174,0.8711597164989641,10.0,0.04472357647032126
mid_episode_switch,Interval Meta-GDM,10,9,20616293,1,16,17.74656695195552,0.4853624449713907,0,17.95286615058081,0.9052623927972188,0.8848991231257095,8.0,0.04617817677782852
mid_episode_switch,Interval Meta-GDM,10,10,20617290,1,9,13.013151457384637,0.5052891719154777,0,23.58740787271298,0.9102958597117737,0.8973544133492344,1.0,0.0535981352699321
mid_episode_switch,Interval Meta-GDM,10,11,20618287,1,27,13.506970765948886,0.5361968820638008,0,12.554750878256188,0.9082131171041277,0.8587066342190733,19.0,0.05473099273684042
mid_episode_switch,Interval Meta-GDM,10,12,20619284,1,23,15.253651489700054,0.5066094767944054,0,16.091847947827873,0.9011050934322349,0.8685705135962424,15.0,0.040347568017135974
mid_episode_switch,Interval Meta-GDM,10,13,20620281,1,23,14.133611241031414,0.59550046262306,0,15.019711735115031,0.9008752496787573,0.8809578879393704,15.0,0.05511516728462357
mid_episode_switch,Interval Meta-GDM,10,14,20621278,1,27,20.142497349280944,0.5219107908032761,0,11.861903983464487,0.9007786415141387,0.8619283479586215,19.0,0.037678423177097395
mid_episode_switch,Interval Meta-GDM,10,15,20622275,1,15,16.260986690377653,0.45703158277364975,0,24.837967003998234,0.9013678944067478,0.8687854464412549,7.0,0.051125171633138636
mid_episode_switch,Interval Meta-GDM,10,16,20623272,1,48,10.721253224904927,0.5001973834099882,0,-8.788330469813843,0.9001537955952508,0.8466040656019176,40.0,0.04183123122746256
mid_episode_switch,Interval Meta-GDM,10,17,20624269,1,32,15.555000817429375,0.5680570749282738,0,12.33563359861664,0.9077481779142023,0.8451138070721846,24.0,0.05548151588724879
mid_episode_switch,Interval Meta-GDM,10,18,20625266,1,18,26.995263399521633,0.4382414934663297,0,21.87992486535247,0.90145565519202,0.8749173968648024,10.0,0.05424858490124453
mid_episode_switch,Interval Meta-GDM,10,19,20626263,1,28,22.34733320725343,0.48939491395623635,0,12.558779808450556,0.901940161798699,0.8584700905119511,20.0,0.0482155917926161
mid_episode_switch,Interval Meta-GDM,10,20,20627260,1,9,20.71195078822662,0.5023602684907262,0,23.983489124230715,0.9075539488753605,0.8962063631188802,1.0,0.053210021956587715
mid_episode_switch,Interval Meta-GDM,10,21,20628257,1,31,15.493755669803951,0.5438625824894323,0,8.396275946272317,0.9038643781926763,0.840793250752463,23.0,0.045064590037630525
mid_episode_switch,Interval Meta-GDM,10,22,20629254,1,15,24.129914722665312,0.4624786811840673,0,24.030915109655233,0.9067106865415058,0.8835156637682321,7.0,0.05850511132587505
mid_episode_switch,Interval Meta-GDM,10,23,20630251,1,21,21.89672201801113,0.6617283985286622,0,16.057063421726465,0.903636113862447,0.8692459922415104,13.0,0.03721526843673361
mid_episode_switch,Interval Meta-GDM,10,24,20631248,1,18,14.182110407309992,0.5431223323071568,0,19.610537165138602,0.9050060810759648,0.8756422919940825,10.0,0.04016236701211227
mid_episode_switch,Interval Meta-GDM,10,25,20632245,1,22,19.189328144533597,0.40940180392993963,0,18.981057101041856,0.9020616396963231,0.8554851749174176,14.0,0.056774064917135894
mid_episode_switch,Interval Meta-GDM,10,26,20633242,1,25,15.938043348615675,0.43660033028915524,0,20.021676140408687,0.9005219730858633,0.8633796307375297,17.0,0.0573744276626829
mid_episode_switch,Interval Meta-GDM,10,27,20634239,1,32,12.314042704028534,0.5605821114831664,0,6.257722340277965,0.9011823507426157,0.8473556100467465,24.0,0.044216000730004194
mid_episode_switch,Interval Meta-GDM,10,28,20635236,1,9,13.930502139485098,0.48063222807517847,0,28.554101633993085,0.902631630987092,0.885490118421201,1.0,0.04863048687718395
mid_episode_switch,Interval Meta-GDM,10,29,20636233,1,32,12.139292220613477,0.5278430011636959,0,9.43275606911484,0.9042156648815484,0.8529349456308761,24.0,0.05449938378032735
mid_episode_switch,Interval Meta-GDM,10,30,20637230,1,21,13.224431924276729,0.5199955509849821,0,16.771448820374264,0.9033669733230145,0.8796828684308277,13.0,0.049096363636664184
mid_episode_switch,Interval Meta-GDM,10,31,20638227,1,41,9.83126175998114,0.5910073255951322,0,-3.4380920549275427,0.9011962863715915,0.8410311294774809,33.0,0.04646534375246719
mid_episode_switch,Interval Meta-GDM,10,32,20639224,1,16,22.480714292975513,0.5722648979808271,0,23.181810951158454,0.908036875092015,0.8772640145767719,8.0,0.043813236376808264
mid_episode_switch,Interval Meta-GDM,10,33,20640221,1,26,12.506129764652702,0.5739633370121764,0,10.185584595418227,0.9004397014825464,0.873133894002393,18.0,0.04827267667103087
mid_episode_switch,Interval Meta-GDM,10,34,20641218,1,51,10.694355067232534,0.5115304420968987,0,-10.641385372171417,0.9016303775756913,0.8129151732950006,43.0,0.04386081637731536
mid_episode_switch,Interval Meta-GDM,10,35,20642215,1,27,6.672801917967302,0.48401231265168954,0,8.436489037805377,0.9002082405502583,0.8687107443385395,19.0,0.04896628308727011
mid_episode_switch,Interval Meta-GDM,10,36,20643212,1,24,8.260043698453568,0.45071453549740514,0,16.532760029396787,0.905299111907207,0.8534788333032143,16.0,0.044729874499874735
mid_episode_switch,Interval Meta-GDM,10,37,20644209,1,30,13.384527020914714,0.4222646973118038,0,13.242648632504604,0.9005234229907311,0.8390969180616826,22.0,0.0455578457103574
mid_episode_switch,Interval Meta-GDM,10,38,20645206,1,53,8.90782951704136,0.537915734788311,0,-14.739082477479894,0.9006905407317095,0.8381840429732743,45.0,0.0556718691336751
mid_episode_switch,Interval Meta-GDM,10,39,20646203,1,29,16.400543920347594,0.5191154741071122,0,9.623028559973587,0.9011317640986396,0.8514358674375548,21.0,0.05872538620884839
mid_episode_switch,Interval Meta-GDM,10,40,20647200,1,11,16.034921045361184,0.583163558680692,0,24.318101108636938,0.9103487521821767,0.8916780144598863,3.0,0.05322819033332042
mid_episode_switch,Interval Meta-GDM,10,41,20648197,1,34,14.25970858898555,0.3963333284444741,0,11.001063848802547,0.9002801709727049,0.8508563279772285,26.0,0.044094216260622376
mid_episode_switch,Interval Meta-GDM,10,42,20649194,1,16,20.267705681308204,0.5191886251805429,0,23.649358198049587,0.9003538581401335,0.8728059820003928,8.0,0.05214804408567527
mid_episode_switch,Interval Meta-GDM,10,43,20650191,1,60,4.003733266852423,0.3588709529876666,0,-17.171964996188525,0.9001302531031826,0.8326015798316482,52.0,0.05114602137215711
mid_episode_switch,Interval Meta-GDM,10,44,20651188,1,71,22.010953367594734,0.4394680474933581,0,-14.005498133300513,0.9002035435673483,0.8310104438471644,63.0,0.04836264400718744
mid_episode_switch,Interval Meta-GDM,10,45,20652185,0,120,26.733911939089047,0.5189923161749537,0,-45.60330133814386,0.8930865174911478,0.8808846167938665,,0.04524955240854226
mid_episode_switch,Interval Meta-GDM,10,46,20653182,1,22,9.93215967800128,0.4032730343640081,0,14.540695195159717,0.9001323517726171,0.8684870763533821,14.0,0.05405694117626024
mid_episode_switch,Interval Meta-GDM,10,47,20654179,1,25,19.76694301590046,0.5722805416895864,0,12.455270096276873,0.9014672295915552,0.876228795181349,17.0,0.04534829250182851
mid_episode_switch,Interval Meta-GDM,10,48,20655176,1,34,8.031970662199315,0.5781044911180382,0,1.6955539724294866,0.9004590951153815,0.8639714410456736,26.0,0.04345850749844446
mid_episode_switch,Interval Meta-GDM,10,49,20656173,1,88,28.015740223121693,0.6343041451844107,0,-18.05403969859825,0.9000615058898197,0.861843033944901,80.0,0.04424592580981015
mid_episode_switch,Bounded confidence,10,0,20607320,1,28,11.086233324951888,0.6006914755660051,0,11.110671340045743,0.9005443937595938,0.8560905197416884,20.0,0.045034389892442725
mid_episode_switch,Bounded confidence,10,1,20608317,1,29,18.836306727948557,0.4264037682220738,0,16.43440783839945,0.9009284084205678,0.8620648345573069,21.0,0.050849360977468706
mid_episode_switch,Bounded confidence,10,2,20609314,1,59,17.431790965652986,0.72407656634438,0,-16.967597433433575,0.9001117671194026,0.8279357210794098,51.0,0.04890240577376217
mid_episode_switch,Bounded confidence,10,3,20610311,1,16,8.906847068960314,0.622652064831487,0,18.286249946637945,0.907054321309933,0.8812273524847162,8.0,0.05327348134577435
mid_episode_switch,Bounded confidence,10,4,20611308,0,120,11.099004590128818,0.5985577887894158,0,-30.03303730104055,0.8967554261107399,0.8773983204804676,,0.04439506783469796
mid_episode_switch,Bounded confidence,10,5,20612305,1,44,7.831583705053239,0.5597092779278738,0,-8.431094487446108,0.9003316348620114,0.8518470776934,36.0,0.051117585373737416
mid_episode_switch,Bounded confidence,10,6,20613302,1,11,11.700547385872007,0.6378308149274416,0,26.46228514540524,0.9175035549206899,0.8988714195442827,3.0,0.04236203426856984
mid_episode_switch,Bounded confidence,10,7,20614299,1,44,14.373468693706082,0.6471029112087086,0,-2.1847438638639662,0.9007006166354521,0.8476874625513434,36.0,0.05148992820497178
mid_episode_switch,Bounded confidence,10,8,20615296,1,19,5.65558479637298,0.6183607588700277,0,18.39451685779374,0.9093182123000864,0.8734744072454769,11.0,0.04472357647032126
mid_episode_switch,Bounded confidence,10,9,20616293,1,16,15.874172968243112,0.48796925923711076,0,17.886311760105208,0.903851905385729,0.8843750293787401,8.0,0.04617817677782852
mid_episode_switch,Bounded confidence,10,10,20617290,1,10,12.181340371381204,0.5299495889325085,0,22.54078835401313,0.906438408233112,0.8939237041400454,2.0,0.0535981352699321
mid_episode_switch,Bounded confidence,10,11,20618287,1,26,12.815199661343467,0.5169429859340204,0,12.368113080770716,0.9009272203944514,0.8562649458109747,18.0,0.05473099273684042
mid_episode_switch,Bounded confidence,10,12,20619284,1,23,14.75409811930475,0.5387214970053331,0,16.21694280143388,0.9017400679710734,0.8712616347543614,15.0,0.040347568017135974
mid_episode_switch,Bounded confidence,10,13,20620281,1,39,12.076511129356586,0.6210187906176543,0,1.4799431817059725,0.9007311597647515,0.8763306510914667,31.0,0.05511516728462357
mid_episode_switch,Bounded confidence,10,14,20621278,1,25,22.50376727301246,0.5548906794285238,0,12.29893731535973,0.9016358176799069,0.8661622979101865,17.0,0.037678423177097395
mid_episode_switch,Bounded confidence,10,15,20622275,1,16,15.655343599914575,0.4551671556117436,0,23.50858815504052,0.9011741666546843,0.8704808210763927,8.0,0.051125171633138636
mid_episode_switch,Bounded confidence,10,16,20623272,1,46,10.117046880338487,0.5272246114108232,0,-2.5795739212165305,0.9009223972755851,0.849586357131466,38.0,0.04183123122746256
mid_episode_switch,Bounded confidence,10,17,20624269,1,44,11.98906628576507,0.6290951346839391,0,4.660044415985884,0.9012250962027916,0.8343236876562495,36.0,0.05548151588724879
mid_episode_switch,Bounded confidence,10,18,20625266,1,23,23.516142245351872,0.41448321198331817,0,15.66338884189923,0.9018347853970814,0.8741384984449266,15.0,0.05424858490124453
mid_episode_switch,Bounded confidence,10,19,20626263,1,34,21.38174731496332,0.49753758124194736,0,4.8619797734204715,0.9005418990695738,0.8592836249637922,26.0,0.0482155917926161
mid_episode_switch,Bounded confidence,10,20,20627260,1,10,19.214692118798283,0.5136558639258759,0,22.477676166676368,0.902225404369474,0.8912634112106985,2.0,0.053210021956587715
mid_episode_switch,Bounded confidence,10,21,20628257,1,31,15.775191678328142,0.5583709612920535,0,7.57234301241245,0.9028211952190587,0.8433639201580598,23.0,0.045064590037630525
mid_episode_switch,Bounded confidence,10,22,20629254,1,20,20.897721899184962,0.48719548765315546,0,18.19422037340366,0.9027721512398423,0.877726065133455,12.0,0.05850511132587505
mid_episode_switch,Bounded confidence,10,23,20630251,1,23,20.941684116743296,0.6847439884433191,0,13.714529424141077,0.9039714422208931,0.8695552444138274,15.0,0.03721526843673361
mid_episode_switch,Bounded confidence,10,24,20631248,1,19,13.17674751494878,0.5525399934338115,0,18.574912289916547,0.9034862774035822,0.876219169069316,11.0,0.04016236701211227
mid_episode_switch,Bounded confidence,10,25,20632245,1,25,19.264362924630476,0.41500928925985603,0,14.784510695196786,0.9025562814094402,0.8570684854097059,17.0,0.056774064917135894
mid_episode_switch,Bounded confidence,10,26,20633242,1,29,14.273249305632802,0.5565308749335871,0,12.238278157306892,0.9020564371815835,0.8658925812273623,21.0,0.0573744276626829
mid_episode_switch,Bounded confidence,10,27,20634239,1,31,12.51161355604306,0.5544432841971492,0,9.33399521157956,0.9028717403428002,0.8521106288233301,23.0,0.044216000730004194
mid_episode_switch,Bounded confidence,10,28,20635236,1,10,13.231535715498538,0.5492799410968734,0,27.771452337487524,0.9081093766988425,0.8908715043634577,2.0,0.04863048687718395
mid_episode_switch,Bounded confidence,10,29,20636233,1,33,12.33892753833939,0.593925007288318,0,8.990369162610566,0.900206777970459,0.8542828368027333,25.0,0.05449938378032735
mid_episode_switch,Bounded confidence,10,30,20637230,1,25,11.419941258323217,0.5668589090832086,0,12.26308319236779,0.9013502807608167,0.8775189057920191,17.0,0.049096363636664184
mid_episode_switch,Bounded confidence,10,31,20638227,1,44,10.792014175069081,0.6376185750015195,0,-5.943526717064991,0.900879983881479,0.8429190588563475,36.0,0.04646534375246719
mid_episode_switch,Bounded confidence,10,32,20639224,1,17,19.92162837084961,0.6879696109488151,0,21.173890484613132,0.9062945951204476,0.8762866513719774,9.0,0.043813236376808264
mid_episode_switch,Bounded confidence,10,33,20640221,1,39,11.83037621958831,0.5633921961518664,0,-0.9602830681907832,0.900417857430675,0.8723666297441092,31.0,0.04827267667103087
mid_episode_switch,Bounded confidence,10,34,20641218,1,54,11.76167711944338,0.5342873850530983,0,-12.8777312304107,0.9017743824068849,0.816913988431456,46.0,0.04386081637731536
mid_episode_switch,Bounded confidence,10,35,20642215,1,31,5.664491971076911,0.48647994864957766,0,2.5453608612561087,0.9005718110741163,0.8700128654177511,23.0,0.04896628308727011
mid_episode_switch,Bounded confidence,10,36,20643212,1,24,6.834055526703768,0.4601737399398249,0,16.291698040252673,0.9010890211295141,0.8519829643437398,16.0,0.044729874499874735
mid_episode_switch,Bounded confidence,10,37,20644209,1,31,13.830174668189112,0.444123855727913,0,12.704839485063934,0.902279994855005,0.8432671939169484,23.0,0.0455578457103574
mid_episode_switch,Bounded confidence,10,38,20645206,1,58,8.096036283461466,0.5926941612729129,0,-20.969308909779663,0.900278459430535,0.8425221020136857,50.0,0.0556718691336751
mid_episode_switch,Bounded confidence,10,39,20646203,1,28,15.801356423413882,0.5305351499375999,0,11.795680819385094,0.9037149755809908,0.8564727934845984,20.0,0.05872538620884839
mid_episode_switch,Bounded confidence,10,40,20647200,1,12,15.880699540026635,0.5837451863738001,0,22.947525442159105,0.9046414477878428,0.8874024549449556,4.0,0.05322819033332042
mid_episode_switch,Bounded confidence,10,41,20648197,1,39,12.80146837264796,0.3878420562883007,0,13.076074405271909,0.9012139844025377,0.8488132923306976,31.0,0.044094216260622376
mid_episode_switch,Bounded confidence,10,42,20649194,1,17,18.368004029114637,0.48211270433161935,0,21.668758045909478,0.902010670002579,0.8741907901701578,9.0,0.05214804408567527
mid_episode_switch,Bounded confidence,10,43,20650191,1,50,4.020671688474402,0.49311461003984536,0,-8.31423492662307,0.9001795439871314,0.8376687386718201,42.0,0.05114602137215711
mid_episode_switch,Bounded confidence,10,44,20651188,1,45,21.335844140402045,0.49709120001905416,0,-4.829269545983639,0.900415256687902,0.8382423949300498,37.0,0.04836264400718744
mid_episode_switch,Bounded confidence,10,45,20652185,0,120,19.404183281747915,0.566532909228225,0,-62.569883471096325,0.895758928386367,0.881611226106471,,0.04524955240854226
mid_episode_switch,Bounded confidence,10,46,20653182,1,22,9.034389345407428,0.41456954351644737,0,14.812956470760486,0.900664103684394,0.8698000252780775,14.0,0.05405694117626024
mid_episode_switch,Bounded confidence,10,47,20654179,1,24,18.86492380315571,0.5816839909516183,0,14.160469621284351,0.9006907391583024,0.8763879059292169,16.0,0.04534829250182851
mid_episode_switch,Bounded confidence,10,48,20655176,1,38,7.761012515330015,0.5826146451380894,0,0.7122231915634529,0.9011280880155667,0.8651568478960778,30.0,0.04345850749844446
mid_episode_switch,Bounded confidence,10,49,20656173,1,52,25.16637028682536,0.6226544564509249,0,-13.863910351903261,0.9000679998457111,0.864953606576432,44.0,0.04424592580981015
mid_episode_switch,Mean consensus,10,0,20607320,1,28,12.241607883534936,0.5892075326314474,0,10.573648791037598,0.9019883206223042,0.8590961969182017,20.0,0.045034389892442725
mid_episode_switch,Mean consensus,10,1,20608317,1,30,19.22184136736143,0.4236405167298709,0,15.74210721174497,0.9020308983880495,0.8628295099410807,22.0,0.050849360977468706
mid_episode_switch,Mean consensus,10,2,20609314,1,58,18.543968245579833,0.6875992778010276,0,-16.364087260454212,0.900398413229527,0.8323233924605091,50.0,0.04890240577376217
mid_episode_switch,Mean consensus,10,3,20610311,1,16,9.149789945103135,0.6229206889536141,0,18.22635301036629,0.9078738280650405,0.8821369083129075,8.0,0.05327348134577435
mid_episode_switch,Mean consensus,10,4,20611308,0,120,11.369859708701219,0.5929607726776287,0,-30.059679855001544,0.8967554261107399,0.877520771515669,,0.04439506783469796
mid_episode_switch,Mean consensus,10,5,20612305,1,43,8.034932799136094,0.5520884913024955,0,-7.5346857122213535,0.9000101874150963,0.8525066582862059,35.0,0.051117585373737416
mid_episode_switch,Mean consensus,10,6,20613302,1,10,11.938805190678767,0.6340400005674061,0,26.603297012074602,0.9022182318079328,0.8852026442328661,2.0,0.04236203426856984
mid_episode_switch,Mean consensus,10,7,20614299,1,44,14.430865212000011,0.6472261018717249,0,-2.1892011200015684,0.9006999781364141,0.8476879212270665,36.0,0.05148992820497178
mid_episode_switch,Mean consensus,10,8,20615296,1,19,5.799274067796784,0.550024603255785,0,18.510734712460724,0.9101787763324286,0.8747056484310242,11.0,0.04472357647032126
mid_episode_switch,Mean consensus,10,9,20616293,1,16,16.66458624184591,0.49154890171967036,0,17.677372592808076,0.9034662475893676,0.8841217498111569,8.0,0.04617817677782852
mid_episode_switch,Mean consensus,10,10,20617290,1,10,12.34666167016042,0.521331659210553,0,22.505469025770985,0.9064236904010632,0.8939596197979139,2.0,0.0535981352699321
mid_episode_switch,Mean consensus,10,11,20618287,1,26,13.088365350479807,0.5068053035801203,0,12.30187887130307,0.9007971812729259,0.8564404818439005,18.0,0.05473099273684042
mid_episode_switch,Mean consensus,10,12,20619284,1,23,14.993204835691838,0.5417841487915749,0,16.208067044444313,0.9026322658922673,0.872393933578314,15.0,0.040347568017135974
mid_episode_switch,Mean consensus,10,13,20620281,1,39,12.125756812258052,0.6194624044792882,0,1.4888963003937317,0.9009070036471256,0.876634507621922,31.0,0.05511516728462357
mid_episode_switch,Mean consensus,10,14,20621278,1,25,22.764814761861896,0.5524635537436058,0,12.20244265638156,0.902107612704728,0.8667625194833202,17.0,0.037678423177097395
mid_episode_switch,Mean consensus,10,15,20622275,1,16,16.923865136909708,0.42689925436309406,0,23.130484491173057,0.9012172310690132,0.8707395477332731,8.0,0.051125171633138636
mid_episode_switch,Mean consensus,10,16,20623272,1,46,11.240134569223116,0.5213833843662234,0,-2.83838133181235,0.9010492286535294,0.8498270775968305,38.0,0.04183123122746256
mid_episode_switch,Mean consensus,10,17,20624269,1,44,12.692129539885988,0.6199663409782379,0,3.839459141749373,0.9026657578247271,0.8365422549329921,36.0,0.05548151588724879
mid_episode_switch,Mean consensus,10,18,20625266,1,23,24.38349399952576,0.42206280997574264,0,15.661228176338948,0.9027360384214145,0.8754905115022791,15.0,0.05424858490124453
mid_episode_switch,Mean consensus,10,19,20626263,1,34,21.491759953244802,0.4927217874550893,0,4.763838563213381,0.9010173343508373,0.8600992142619759,26.0,0.0482155917926161
mid_episode_switch,Mean consensus,10,20,20627260,1,10,19.560271966130315,0.5123963742700612,0,22.434752310017124,0.9023959897836962,0.8915664940672748,2.0,0.053210021956587715
mid_episode_switch,Mean consensus,10,21,20628257,1,31,17.281241854670203,0.5620751347277839,0,7.700034373860047,0.9019748589225677,0.843327019882157,23.0,0.045064590037630525
mid_episode_switch,Mean consensus,10,22,20629254,1,19,21.607497273800625,0.48029579318002846,0,18.964272254270995,0.9017217015570411,0.8782093879888462,11.0,0.05850511132587505
mid_episode_switch,Mean consensus,10,23,20630251,1,22,22.019303070675385,0.6750932052655569,0,14.410427314531399,0.9010526776471711,0.8678735470930035,14.0,0.03721526843673361
mid_episode_switch,Mean consensus,10,24,20631248,1,19,13.24463589246987,0.5477415011744797,0,18.559147290590666,0.9036332448329685,0.8764129311649651,11.0,0.04016236701211227
mid_episode_switch,Mean consensus,10,25,20632245,1,23,20.530085264506788,0.41783469415350805,0,16.75695267818436,0.9010841422563339,0.8582255800188989,15.0,0.056774064917135894
mid_episode_switch,Mean consensus,10,26,20633242,1,29,15.360122131287033,0.4856196483375792,0,12.250998541705048,0.901666016738085,0.8655528733974013,21.0,0.0573744276626829
mid_episode_switch,Mean consensus,10,27,20634239,1,31,13.33783387729826,0.5638612067197661,0,9.056868812553187,0.9026104581506191,0.8520505990398729,23.0,0.044216000730004194
mid_episode_switch,Mean consensus,10,28,20635236,1,10,13.360101016905963,0.5327652222073476,0,27.790022094239276,0.9098959093624374,0.8928921577434877,2.0,0.04863048687718395
mid_episode_switch,Mean consensus,10,29,20636233,1,33,12.428804195902806,0.5908357004265057,0,9.064551134286265,0.901303798140315,0.8556281133721951,25.0,0.05449938378032735
mid_episode_switch,Mean consensus,10,30,20637230,1,25,11.64948693379852,0.5639043274168782,0,12.256590711026938,0.9019220044532155,0.8782513886297943,17.0,0.049096363636664184
mid_episode_switch,Mean consensus,10,31,20638227,1,43,11.01598686315426,0.5994199690732593,0,-5.142167412143939,0.9002543344806435,0.8431944868208686,35.0,0.04646534375246719
mid_episode_switch,Mean consensus,10,32,20639224,1,16,22.07235231130968,0.6135460390393486,0,21.755017949672226,0.9007870994841775,0.8730800388792078,8.0,0.043813236376808264
mid_episode_switch,Mean consensus,10,33,20640221,1,39,11.84715064067661,0.563315106359976,0,-0.9659001936323133,0.9004203138069625,0.872371046210376,31.0,0.04827267667103087
mid_episode_switch,Mean consensus,10,34,20641218,1,53,11.994433701818211,0.5150203642982207,0,-11.91735607716602,0.9018215517577973,0.8190530762713203,45.0,0.04386081637731536
mid_episode_switch,Mean consensus,10,35,20642215,1,31,5.736986385466043,0.48505972026215916,0,2.5138873763201097,0.9005527731929402,0.8700335126841298,23.0,0.04896628308727011
mid_episode_switch,Mean consensus,10,36,20643212,1,25,8.758414714951009,0.4826337827988969,0,15.028465944172172,0.9021163320529519,0.8529426813570701,17.0,0.044729874499874735
mid_episode_switch,Mean consensus,10,37,20644209,1,29,15.799171626112285,0.40574023416036975,0,13.634456713877068,0.900141548671386,0.845959935228265,21.0,0.0455578457103574
mid_episode_switch,Mean consensus,10,38,20645206,1,58,8.244676750735257,0.5833526461208149,0,-21.215390580262902,0.9002948766560104,0.8427235571356951,50.0,0.0556718691336751
mid_episode_switch,Mean consensus,10,39,20646203,1,28,17.039157221900044,0.5177853231205283,0,11.534913001397415,0.9020619284816926,0.8552638810212423,20.0,0.05872538620884839
mid_episode_switch,Mean consensus,10,40,20647200,1,12,16.125957234618504,0.5877285565852233,0,22.89247888309746,0.9053221108495942,0.8880885566169294,4.0,0.05322819033332042
mid_episode_switch,Mean consensus,10,41,20648197,1,39,14.005939834057092,0.3817811431490148,0,12.718775840354438,0.9015296588068541,0.8493594861299191,31.0,0.044094216260622376
mid_episode_switch,Mean consensus,10,42,20649194,1,17,18.901819262313875,0.46830090622952447,0,21.810065155370218,0.9024996985503185,0.8755319959078119,9.0,0.05214804408567527
mid_episode_switch,Mean consensus,10,43,20650191,1,49,4.207129658046084,0.36695804834274437,0,-7.524986345405106,0.9000499490671843,0.839425649564922,41.0,0.05114602137215711
mid_episode_switch,Mean consensus,10,44,20651188,1,45,22.37757088114931,0.4740767916207167,0,-4.980116393421014,0.9007025314601748,0.8384375394930784,37.0,0.04836264400718744
mid_episode_switch,Mean consensus,10,45,20652185,0,120,19.69596719883597,0.5587308570171503,0,-62.69553329689296,0.8957589283915299,0.8818261092922679,,0.04524955240854226
mid_episode_switch,Mean consensus,10,46,20653182,1,22,9.277771564416735,0.4136560972743428,0,14.728553571008462,0.9007018780177509,0.869856297921403,14.0,0.05405694117626024
mid_episode_switch,Mean consensus,10,47,20654179,1,24,18.86356152692065,0.5813614226193651,0,14.194051929330513,0.9008763455538326,0.876662361338075,16.0,0.04534829250182851
mid_episode_switch,Mean consensus,10,48,20655176,1,38,7.761012515330016,0.58261464513809,0,0.7122231915634494,0.9011280880155668,0.8651568478960778,30.0,0.04345850749844446
mid_episode_switch,Mean consensus,10,49,20656173,1,50,25.789145703297624,0.599319852983327,0,-12.036838809581962,0.9000393697531699,0.8666920231487397,42.0,0.04424592580981015
mid_episode_switch,Observable cost-aware,10,0,20607320,1,47,8.61217912088563,0.6188633171146081,0,-6.01555687181464,0.90071967891969,0.8454640351764308,39.0,0.045034389892442725
mid_episode_switch,Observable cost-aware,10,1,20608317,1,48,15.96891836509702,0.4514272228895062,0,4.332941029188158,0.9003439810987289,0.8545269809723917,40.0,0.050849360977468706
mid_episode_switch,Observable cost-aware,10,2,20609314,1,120,13.239949503730058,0.7357444153885864,0,-77.3766001319336,0.9001271505576327,0.7890220334101312,112.0,0.04890240577376217
mid_episode_switch,Observable cost-aware,10,3,20610311,1,21,6.996227288783191,0.6937702478239927,0,13.848215251126502,0.9004293244466338,0.8714735968195005,13.0,0.05327348134577435
mid_episode_switch,Observable cost-aware,10,4,20611308,0,120,8.609016142727839,0.6367601941272074,0,-71.14418111033746,0.8967553974464988,0.8728142851713946,,0.04439506783469796
mid_episode_switch,Observable cost-aware,10,5,20612305,1,103,5.640935252037908,0.6079165806646476,0,-62.25068034729505,0.9001944015882137,0.8176836184162747,95.0,0.051117585373737416
mid_episode_switch,Observable cost-aware,10,6,20613302,1,16,8.947619761489975,0.616542632204814,0,20.972679611753584,0.9046953348750011,0.8821754158350407,8.0,0.04236203426856984
mid_episode_switch,Observable cost-aware,10,7,20614299,1,91,9.971575582975749,0.6739710665221623,0,-36.72180982320466,0.9000995506371992,0.8172429585405685,83.0,0.05148992820497178
mid_episode_switch,Observable cost-aware,10,8,20615296,1,26,4.3262637565098885,0.6389124582546029,0,11.806282477268894,0.9046301152397866,0.863005886533017,18.0,0.04472357647032126
mid_episode_switch,Observable cost-aware,10,9,20616293,1,29,10.71933782737373,0.5477432902494903,0,6.731286968046383,0.900841645503932,0.8738096719819383,21.0,0.04617817677782852
mid_episode_switch,Observable cost-aware,10,10,20617290,1,17,8.294469946922149,0.5970428012676414,0,17.871431704076493,0.9014663786299006,0.8826009194436707,9.0,0.0535981352699321
mid_episode_switch,Observable cost-aware,10,11,20618287,1,42,10.478649769009335,0.5517825664628342,0,-1.7300602754268297,0.9020368018022634,0.8465066192843655,34.0,0.05473099273684042
mid_episode_switch,Observable cost-aware,10,12,20619284,1,48,11.333635249626376,0.5639465490694873,0,-3.1109958754989613,0.900881168159019,0.8539272146743234,40.0,0.040347568017135974
mid_episode_switch,Observable cost-aware,10,13,20620281,1,107,7.817327087568977,0.6637646145678633,0,-53.00062610207519,0.9002626554025805,0.8418000751864138,99.0,0.05511516728462357
mid_episode_switch,Observable cost-aware,10,14,20621278,1,48,17.407836894099887,0.5731979248647343,0,-8.878853107434237,0.9013140146606691,0.8529382415732183,40.0,0.037678423177097395
mid_episode_switch,Observable cost-aware,10,15,20622275,1,22,12.811716161115585,0.48987441432903966,0,18.665811788540942,0.9002797490619847,0.8667776265523793,14.0,0.051125171633138636
mid_episode_switch,Observable cost-aware,10,16,20623272,1,88,7.486921066080167,0.5631741363361049,0,-37.828150436220156,0.9003381270997749,0.8257696004186867,80.0,0.04183123122746256
mid_episode_switch,Observable cost-aware,10,17,20624269,1,76,8.925575808327043,0.6622525618258375,0,-16.916935184632976,0.9010806118383068,0.8124680443531499,68.0,0.05548151588724879
mid_episode_switch,Observable cost-aware,10,18,20625266,1,45,17.207971857157435,0.4117261998821835,0,-4.089293911307276,0.9005437388099687,0.8614960167031623,37.0,0.05424858490124453
mid_episode_switch,Observable cost-aware,10,19,20626263,1,69,17.304381184546724,0.5197761245006556,0,-22.7333651484662,0.9004812189530007,0.8419456154153053,61.0,0.0482155917926161
mid_episode_switch,Observable cost-aware,10,20,20627260,1,17,13.685117679106032,0.5574832829118237,0,17.005772980700016,0.9019678200398521,0.886152144263086,9.0,0.053210021956587715
mid_episode_switch,Observable cost-aware,10,21,20628257,1,53,12.80249731039299,0.5916004285288907,0,-10.491796428238231,0.900218361475075,0.8285760211300759,45.0,0.045064590037630525
mid_episode_switch,Observable cost-aware,10,22,20629254,1,34,16.702964848269392,0.5471689045910337,0,5.413463638291197,0.9012218073729741,0.8697488795138564,26.0,0.05850511132587505
mid_episode_switch,Observable cost-aware,10,23,20630251,1,36,18.040305887727325,0.7257362057508128,0,1.7549713513018865,0.9009055157545484,0.8598559790484203,28.0,0.03721526843673361
mid_episode_switch,Observable cost-aware,10,24,20631248,1,34,9.730146561832875,0.6102916795889202,0,6.583725549824565,0.9006241645083168,0.861975156532399,26.0,0.04016236701211227
mid_episode_switch,Observable cost-aware,10,25,20632245,1,43,15.313683224206809,0.3768498495526149,0,-0.3660054716583687,0.9010648001077071,0.8480193373411151,35.0,0.056774064917135894
mid_episode_switch,Observable cost-aware,10,26,20633242,1,51,10.653460618864127,0.6323972534411639,0,-5.228645939795177,0.9002528908089028,0.8526598575643273,43.0,0.0573744276626829
mid_episode_switch,Observable cost-aware,10,27,20634239,1,50,10.152507522781672,0.558852297233924,0,-6.610412031792734,0.900957507272808,0.8393542390531181,42.0,0.044216000730004194
mid_episode_switch,Observable cost-aware,10,28,20635236,1,16,9.991472189947423,0.5259551260978046,0,22.90948418671899,0.9006443425598091,0.879352854666205,8.0,0.04863048687718395
mid_episode_switch,Observable cost-aware,10,29,20636233,1,65,10.033550118922793,0.6783386747136266,0,-19.00410428984521,0.900199960397524,0.8340330628800813,57.0,0.05449938378032735
mid_episode_switch,Observable cost-aware,10,30,20637230,1,54,8.454685484194506,0.6287248650210802,0,-9.87803942523343,0.900707318513738,0.8581796455207724,46.0,0.049096363636664184
mid_episode_switch,Observable cost-aware,10,31,20638227,1,81,8.489592136673195,0.6628394764818637,0,-40.69019289895739,0.9003008148694698,0.8243111502646234,73.0,0.04646534375246719
mid_episode_switch,Observable cost-aware,10,32,20639224,1,24,17.45047642054217,0.6994065352143368,0,14.699947637204666,0.9042989798503637,0.8691777091509221,16.0,0.043813236376808264
mid_episode_switch,Observable cost-aware,10,33,20640221,1,101,8.149755044103626,0.6003259914305685,0,-50.74994456829481,0.9003245596072046,0.8424262668806807,93.0,0.04827267667103087
mid_episode_switch,Observable cost-aware,10,34,20641218,1,97,9.365478344132601,0.5580574695147869,0,-51.35087071078193,0.900385244440052,0.7860376123610959,89.0,0.04386081637731536
mid_episode_switch,Observable cost-aware,10,35,20642215,1,63,3.6385757675255563,0.5918351796847028,0,-24.44911108329068,0.9003108955032932,0.8520354323178823,55.0,0.04896628308727011
mid_episode_switch,Observable cost-aware,10,36,20643212,1,36,5.83398686004726,0.49970618518332577,0,6.832775404338308,0.9021573510588928,0.8468508300774796,28.0,0.044729874499874735
mid_episode_switch,Observable cost-aware,10,37,20644209,1,49,12.494622509291288,0.4209034915447951,0,-3.617983670764744,0.9009291313617598,0.8319971538459074,41.0,0.0455578457103574
mid_episode_switch,Observable cost-aware,10,38,20645206,0,120,5.866825046934078,0.6212570784416569,0,-89.93926848961316,0.8975125999023422,0.8074463612048551,,0.0556718691336751
mid_episode_switch,Observable cost-aware,10,39,20646203,1,43,13.49703567820124,0.5787118948571235,0,-0.4757912707460896,0.9016939125750552,0.8470343984996497,35.0,0.05872538620884839
mid_episode_switch,Observable cost-aware,10,40,20647200,1,18,12.490794215562582,0.6375635786054146,0,18.01198082437608,0.9018090042666117,0.8800139136870985,10.0,0.05322819033332042
mid_episode_switch,Observable cost-aware,10,41,20648197,1,70,9.517892301657035,0.3590973517976799,0,-1.2316539250567828,0.9002179557441478,0.8292400045006663,62.0,0.044094216260622376
mid_episode_switch,Observable cost-aware,10,42,20649194,1,25,15.012589828335624,0.49544304182599963,0,14.61691448632592,0.9005947647114823,0.8685759072447578,17.0,0.05214804408567527
mid_episode_switch,Observable cost-aware,10,43,20650191,1,113,2.8248016909759306,0.4239728562251679,0,-63.321981703539876,0.9000235401241966,0.8154975436617512,105.0,0.05114602137215711
mid_episode_switch,Observable cost-aware,10,44,20651188,1,93,18.68095453873111,0.5134486968197207,0,-50.41775674213605,0.9000336367412978,0.8208714606694484,85.0,0.04836264400718744
mid_episode_switch,Observable cost-aware,10,45,20652185,0,120,13.83556027705149,0.638782624208198,0,-84.53596369952045,0.8957056509108773,0.8695705113653412,,0.04524955240854226
mid_episode_switch,Observable cost-aware,10,46,20653182,1,53,6.3424842689325045,0.45255409501531796,0,-8.318030462609217,0.900692914515642,0.8561458392189156,45.0,0.05405694117626024
mid_episode_switch,Observable cost-aware,10,47,20654179,1,47,14.812034144435032,0.6022734726986119,0,-3.5450995692553295,0.9008499865416615,0.8637472826722203,39.0,0.04534829250182851
mid_episode_switch,Observable cost-aware,10,48,20655176,1,82,5.130039428548889,0.5943494363682964,0,-33.048861700959705,0.9003088330107712,0.8386454252592269,74.0,0.04345850749844446
mid_episode_switch,Observable cost-aware,10,49,20656173,1,120,19.760127340072632,0.6719402057388855,0,-76.73873722774222,0.9000084209526147,0.8465966080063473,112.0,0.04424592580981015
mid_episode_switch,Random,10,0,20607320,0,120,67.88729608792367,0.5068388041688339,103,-145.89876811466655,0.37637926699672397,0.16900514077389825,,0.045034389892442725
mid_episode_switch,Random,10,1,20608317,0,120,130.06425312618552,0.4509884434579283,271,-197.1676330117184,0.06031178512984142,0.08053147232656183,,0.050849360977468706
mid_episode_switch,Random,10,2,20609314,0,120,76.16931596445576,0.3944804568115752,39,-137.07668078212976,0.3972166803729416,0.32610144574812,,0.04890240577376217
mid_episode_switch,Random,10,3,20610311,0,120,129.71282200459086,0.6333619368026433,124,-179.81740374885993,0.04132301427402413,0.25676781784771424,,0.05327348134577435
mid_episode_switch,Random,10,4,20611308,0,120,108.98568567465776,0.5299841132648027,67,-163.17884767312307,0.0,0.2510695871011021,,0.04439506783469796
mid_episode_switch,Random,10,5,20612305,0,120,43.20763651697028,0.5449029375511611,85,-162.94888064773264,0.041139429420522164,0.2702981718243887,,0.051117585373737416
mid_episode_switch,Random,10,6,20613302,0,120,91.25866905063782,0.4920102874062453,241,-188.43248823992545,0.0,0.11052664090564038,,0.04236203426856984
mid_episode_switch,Random,10,7,20614299,0,120,124.83465430741467,0.6147784625777555,109,-186.89838725810299,0.02714124961673261,0.2129510236866991,,0.05148992820497178
mid_episode_switch,Random,10,8,20615296,0,120,74.3756768539611,0.539682422901469,168,-167.89460396856603,0.0,0.22745232576172927,,0.04472357647032126
mid_episode_switch,Random,10,9,20616293,0,120,191.91122794573806,0.5375619290284583,19,-145.2589647761323,0.4084317907265769,0.38861925002845704,,0.04617817677782852
mid_episode_switch,Random,10,10,20617290,0,120,113.70986986118716,0.5036047551025582,101,-156.87284627411557,0.35997655515086857,0.21865669824339132,,0.0535981352699321
mid_episode_switch,Random,10,11,20618287,0,120,139.00168158562138,0.6785155732038717,145,-189.19816086237182,0.0,0.13188386753282016,,0.05473099273684042
mid_episode_switch,Random,10,12,20619284,0,120,83.95770336899491,0.5614830035490377,167,-184.7729949869534,0.10017899564890674,0.1313711551359607,,0.040347568017135974
mid_episode_switch,Random,10,13,20620281,0,120,68.92404316296394,0.7099811171787345,57,-148.00867498182203,0.47952069085910354,0.30709585603731104,,0.05511516728462357
mid_episode_switch,Random,10,14,20621278,0,120,156.42498561556275,0.5063978659787018,67,-156.6653268024445,0.3872753050492064,0.26290316245024514,,0.037678423177097395
mid_episode_switch,Random,10,15,20622275,0,120,168.77863956355503,0.5787983707567546,130,-172.56382206525493,0.20430408906460615,0.15049699199655794,,0.051125171633138636
mid_episode_switch,Random,10,16,20623272,0,120,116.10330646397409,0.6293042198957799,51,-170.93148562627115,0.14283042337142066,0.28110102596494746,,0.04183123122746256
mid_episode_switch,Random,10,17,20624269,0,120,128.19117618098073,0.517583177543663,169,-151.83976647490863,0.4406397530738085,0.2514322684707015,,0.05548151588724879
mid_episode_switch,Random,10,18,20625266,0,120,177.57028650199322,0.5178646072959243,128,-173.61626440874156,0.3392925969402049,0.16855825627470794,,0.05424858490124453
mid_episode_switch,Random,10,19,20626263,0,120,135.00945029977277,0.5302984622060438,105,-177.3660791042758,0.04641001706113773,0.19980249639247863,,0.0482155917926161
mid_episode_switch,Random,10,20,20627260,0,120,144.95997132868715,0.5156616139604864,164,-171.09563077989972,0.1599911946490795,0.16395542868939977,,0.053210021956587715
mid_episode_switch,Random,10,21,20628257,0,120,73.35668939726894,0.5014623120007913,157,-181.2842018567486,0.012109932610605948,0.12160005525312827,,0.045064590037630525
mid_episode_switch,Random,10,22,20629254,0,120,178.60745341709773,0.6217692882200403,50,-158.9850921889285,0.34902620063085843,0.32305720797410326,,0.05850511132587505
mid_episode_switch,Random,10,23,20630251,0,120,134.30299843101525,0.6375131133059133,170,-186.7033617791806,0.041543011553737165,0.12921893098249743,,0.03721526843673361
mid_episode_switch,Random,10,24,20631248,0,120,160.73119281906145,0.5250471159093613,87,-167.14719109412752,0.20493850463304336,0.2683700565110064,,0.04016236701211227
mid_episode_switch,Random,10,25,20632245,0,120,99.25770251544213,0.448057206232648,171,-176.7417793897617,0.06982891004638281,0.11976843508759964,,0.056774064917135894
mid_episode_switch,Random,10,26,20633242,0,120,148.2683498050973,0.5889125449576076,255,-200.23405965484343,0.0,0.14909800518314226,,0.0573744276626829
mid_episode_switch,Random,10,27,20634239,0,120,118.64463086219763,0.5854253458963992,113,-171.68389637395612,0.12124116094821166,0.20419590923294856,,0.044216000730004194
mid_episode_switch,Random,10,28,20635236,0,120,77.8806254622345,0.4051674001424217,129,-158.14962463669764,0.13461774480553937,0.19973872985763788,,0.04863048687718395
mid_episode_switch,Random,10,29,20636233,0,120,69.96564302777992,0.5613856581335952,220,-208.2727657396351,0.0,0.10900208380891728,,0.05449938378032735
mid_episode_switch,Random,10,30,20637230,0,120,176.09799175757843,0.6514310942601922,104,-181.22441926805197,0.14530250747738782,0.26031879794847873,,0.049096363636664184
mid_episode_switch,Random,10,31,20638227,0,120,50.01256091521579,0.4937955333908459,206,-172.15685709837206,0.0030555124983917504,0.18711133566734695,,0.04646534375246719
mid_episode_switch,Random,10,32,20639224,0,120,165.27408215239578,0.6581635858824237,206,-185.13966568475033,0.15316838650544284,0.154585637602226,,0.043813236376808264
mid_episode_switch,Random,10,33,20640221,0,120,37.340053760805105,0.4177593812112166,312,-194.33235702910304,0.018931713126367218,0.08191012850638249,,0.04827267667103087
mid_episode_switch,Random,10,34,20641218,0,120,113.14242634012258,0.7726673546961569,23,-158.71852010798045,0.3128950611554295,0.3259915188306112,,0.04386081637731536
mid_episode_switch,Random,10,35,20642215,0,120,73.98562798478649,0.6532799163080769,2,-149.6375819437757,0.16570138959284975,0.4302377253891914,,0.04896628308727011
mid_episode_switch,Random,10,36,20643212,0,120,131.57947460823982,0.6470852434136316,148,-176.79090555043285,0.2526191848731767,0.17474576194565844,,0.044729874499874735
mid_episode_switch,Random,10,37,20644209,0,120,60.64673488562252,0.5124349611249437,250,-189.3213315999877,0.0,0.10139417446569456,,0.0455578457103574
mid_episode_switch,Random,10,38,20645206,0,120,168.82123811277503,0.7344234071627322,129,-199.6273430354631,0.0,0.23721889794622228,,0.0556718691336751
mid_episode_switch,Random,10,39,20646203,0,120,127.10026973199808,0.6426341158127753,278,-198.3557817313761,0.18601707762599293,0.08347603364955151,,0.05872538620884839
mid_episode_switch,Random,10,40,20647200,0,120,116.78342693930641,0.4808372176004616,153,-175.8039217796412,0.11592182911737091,0.10149796750011543,,0.05322819033332042
mid_episode_switch,Random,10,41,20648197,0,120,181.7983759133038,0.4937081508000698,74,-156.31919569949517,0.44696595128470756,0.23100015979470748,,0.044094216260622376
mid_episode_switch,Random,10,42,20649194,0,120,154.78927879107357,0.5178749445018713,125,-166.91931149973422,0.21820579115426597,0.19305656047579595,,0.05214804408567527
mid_episode_switch,Random,10,43,20650191,0,120,21.88806933023884,0.6267871323705163,72,-143.4282342993241,0.2587934029569965,0.27037058979065515,,0.05114602137215711
mid_episode_switch,Random,10,44,20651188,0,120,134.23391476101227,0.47734788097225866,214,-197.03519430849087,0.0,0.08396242138316753,,0.04836264400718744
mid_episode_switch,Random,10,45,20652185,0,120,135.58159422437757,0.5111220417734486,123,-172.9302303746718,0.09692168683223544,0.20055166076674286,,0.04524955240854226
mid_episode_switch,Random,10,46,20653182,0,120,101.26286735576835,0.5274041569709056,94,-174.24234629760485,0.039295410316263005,0.23565016163844568,,0.05405694117626024
mid_episode_switch,Random,10,47,20654179,0,120,73.43790847476917,0.4436046459195393,44,-141.6957616701166,0.2005009409345707,0.3342755279345487,,0.04534829250182851
mid_episode_switch,Random,10,48,20655176,0,120,99.713591678579,0.6922956413191657,71,-162.37404073750596,0.3218764998681033,0.2364792308177611,,0.04345850749844446
mid_episode_switch,Random,10,49,20656173,0,120,161.46481582259136,0.5809311983539769,33,-165.82929260552206,0.03127244921383919,0.3501967505570435,,0.04424592580981015
mid_episode_switch,Interval Meta-GDM,40,0,20607710,1,35,44.44491817233902,0.49235671736746434,0,5.367551767627032,0.900706957999528,0.8582289241450496,27.0,0.05323648395310991
mid_episode_switch,Interval Meta-GDM,40,1,20608707,1,49,67.76802905589872,0.5374864640836055,0,-1.51371331836906,0.901582500757696,0.84897423230177,41.0,0.051644237115336354
mid_episode_switch,Interval Meta-GDM,40,2,20609704,1,42,54.106654446117346,0.5249529703107116,0,1.712220424948537,0.9011030979846383,0.8504436923544755,34.0,0.04992405070120219
mid_episode_switch,Interval Meta-GDM,40,3,20610701,1,26,74.11853002886679,0.5746841591901732,0,14.02255260489075,0.9013666851284339,0.8715127503872675,18.0,0.04898478722499354
mid_episode_switch,Interval Meta-GDM,40,4,20611698,1,60,60.92416248747492,0.5375071065962331,0,-10.230122187971135,0.900715100815678,0.8414440488408715,52.0,0.04902439984418015
mid_episode_switch,Interval Meta-GDM,40,5,20612695,1,44,79.26771325177387,0.5556983749557096,0,5.102674922458299,0.9000076760011376,0.8540049966223744,36.0,0.049838377932984415
mid_episode_switch,Interval Meta-GDM,40,6,20613692,1,30,52.86200189137084,0.5177371371811423,0,6.569112602837202,0.9006673209223803,0.8716672168870238,22.0,0.05094873319509348
mid_episode_switch,Interval Meta-GDM,40,7,20614689,1,55,68.36918554460718,0.5372929739205554,0,-0.7017692430837421,0.9002032570605308,0.862617250255258,47.0,0.051788053442490246
mid_episode_switch,Interval Meta-GDM,40,8,20615686,1,61,89.05616122970889,0.5988704921836698,0,0.94292453329372,0.9000432681821946,0.8706847777064495,53.0,0.054155494781635484
mid_episode_switch,Interval Meta-GDM,40,9,20616683,1,54,71.81482799864064,0.5287290292632623,0,-0.5760363921788336,0.900265254265875,0.8535783234899763,46.0,0.04614780772473457
mid_episode_switch,Interval Meta-GDM,40,10,20617680,1,45,70.12195468865431,0.5855580447162116,0,0.3303997689080589,0.9009088195062954,0.852093224845513,37.0,0.043765301632778475
mid_episode_switch,Interval Meta-GDM,40,11,20618677,1,44,64.38912619716434,0.5728851191083368,0,-0.03106385746772844,0.9003869546145032,0.8630158669946525,36.0,0.04827401217304778
mid_episode_switch,Interval Meta-GDM,40,12,20619674,1,50,75.69861058520347,0.5970828374667607,0,3.520150713412937,0.9000194398461532,0.8701407276720668,42.0,0.0451641256366858
mid_episode_switch,Interval Meta-GDM,40,13,20620671,1,33,65.28800168377083,0.5580313787998414,0,6.134349754810706,0.9009936320908912,0.8660467950135231,25.0,0.048716090047235705
mid_episode_switch,Interval Meta-GDM,40,14,20621668,1,26,49.88573639834719,0.6407510170740474,0,11.201598766680888,0.9012916544471566,0.867275473617066,18.0,0.045385683017177034
mid_episode_switch,Interval Meta-GDM,40,15,20622665,1,25,74.04303257627232,0.5368082884364449,0,13.66443000846001,0.9010527291427678,0.8689133492516774,17.0,0.049463445130001546
mid_episode_switch,Interval Meta-GDM,40,16,20623662,1,16,93.02152918083323,0.5709445036165486,0,20.169077283797527,0.9013570528693383,0.8771154603482624,8.0,0.04885540001571233
mid_episode_switch,Interval Meta-GDM,40,17,20624659,1,52,81.07463659956962,0.5178370574969617,0,-6.968657557961723,0.9000905598958012,0.8603038570922661,44.0,0.04378646536870985
mid_episode_switch,Interval Meta-GDM,40,18,20625656,1,39,57.25171195648461,0.5748665804868143,0,2.7874743677287253,0.9005074926096233,0.8611386531667875,31.0,0.05072239543465682
mid_episode_switch,Interval Meta-GDM,40,19,20626653,1,51,54.63853561917209,0.5205524147602592,0,-10.617788602501175,0.9002005543281713,0.8408910150219441,43.0,0.05176328001352169
mid_episode_switch,Interval Meta-GDM,40,20,20627650,1,52,62.124820107039405,0.5769477834202101,0,-14.792326201640998,0.9003385027486511,0.8507788106945898,44.0,0.05099272232816301
mid_episode_switch,Interval Meta-GDM,40,21,20628647,1,43,66.41104965025669,0.5289562719717351,0,-2.4917848149438484,0.9002790802342109,0.8544345654588409,35.0,0.047333589064961955
mid_episode_switch,Interval Meta-GDM,40,22,20629644,1,43,61.14090295495454,0.5908917702780292,0,-0.6196363094097901,0.9003451961294063,0.864050253064058,35.0,0.049741568539957405
mid_episode_switch,Interval Meta-GDM,40,23,20630641,1,69,52.05431242742297,0.5178310725590813,0,-11.316148157955801,0.9001357013780917,0.8312607966956768,61.0,0.052369155900481315
mid_episode_switch,Interval Meta-GDM,40,24,20631638,1,35,76.63453935734026,0.5760549519971672,0,5.260284737843251,0.9037073425110302,0.8568420206666438,27.0,0.05532284290114344
mid_episode_switch,Interval Meta-GDM,40,25,20632635,1,29,75.72638080883203,0.5882619981815762,0,14.9061849805349,0.9019661927402736,0.8738741970952256,21.0,0.05065797632633494
mid_episode_switch,Interval Meta-GDM,40,26,20633632,1,47,74.12756087647725,0.5243360825566128,0,-0.5049869700476606,0.9000181228186719,0.8496432862385284,39.0,0.044757480107115964
mid_episode_switch,Interval Meta-GDM,40,27,20634629,1,20,65.35315742439411,0.5932562315129348,0,15.510352614446978,0.9019410414560334,0.8767365208039478,12.0,0.054821404507669494
mid_episode_switch,Interval Meta-GDM,40,28,20635626,1,35,92.89150681603957,0.5280855424482258,0,11.315419145275577,0.9003491550699947,0.8667484071314046,27.0,0.051722074154964284
mid_episode_switch,Interval Meta-GDM,40,29,20636623,1,60,48.58309633812887,0.5745577510966791,0,-12.781353866524682,0.9002008765002255,0.8343175585468807,52.0,0.04676036066362198
mid_episode_switch,Interval Meta-GDM,40,30,20637620,1,21,40.64443847716606,0.5082851181178596,0,13.520264216459225,0.9026439152317085,0.8826636536482433,13.0,0.05179037598643519
mid_episode_switch,Interval Meta-GDM,40,31,20638617,1,88,85.77820272427694,0.543480785609517,0,-10.987885749329743,0.9000087768782966,0.8703499842154251,80.0,0.048290574501445596
mid_episode_switch,Interval Meta-GDM,40,32,20639614,1,64,59.396008632672306,0.5558844896975275,0,-18.65761964585826,0.9013812480658463,0.828831262456216,56.0,0.04821466152776633
mid_episode_switch,Interval Meta-GDM,40,33,20640611,1,25,60.284048240995325,0.5110715650417228,0,14.526594147815139,0.9048706645045058,0.8642797480498572,17.0,0.05152801538342542
mid_episode_switch,Interval Meta-GDM,40,34,20641608,1,42,53.26547751914424,0.6290008139618908,0,-5.2834273692880735,0.9000489241233233,0.8453175950058671,34.0,0.045108542771572516
mid_episode_switch,Interval Meta-GDM,40,35,20642605,1,48,61.240753722642815,0.543463364962737,0,-8.68560094805207,0.901059506065161,0.8595264959949532,40.0,0.050637172553796427
mid_episode_switch,Interval Meta-GDM,40,36,20643602,1,45,64.42877786300846,0.5857440650896533,0,0.5370845190657878,0.9002635363457745,0.8594572538971456,37.0,0.04957625416115287
mid_episode_switch,Interval Meta-GDM,40,37,20644599,1,31,49.19251667692117,0.4979769388439501,0,5.712924509091737,0.9015323398980826,0.8648737978101905,23.0,0.049799409885603885
mid_episode_switch,Interval Meta-GDM,40,38,20645596,1,49,65.01198247773478,0.5879756684860638,0,-0.6918232392918089,0.9007329247440061,0.8445903856392184,41.0,0.04895955689941919
mid_episode_switch,Interval Meta-GDM,40,39,20646593,1,64,69.08628415505393,0.5671771034067639,0,-13.64543441853378,0.9003901103231309,0.8182515917160452,56.0,0.05062328848307997
mid_episode_switch,Interval Meta-GDM,40,40,20647590,1,76,52.79674100946585,0.5685480754444765,0,-17.954396487920263,0.9001271045341362,0.8573920020072026,68.0,0.04826048165302867
mid_episode_switch,Interval Meta-GDM,40,41,20648587,1,35,63.33051663497933,0.5766238931420249,0,7.769358088281988,0.9005751602562497,0.8615032528304913,27.0,0.04818867971952581
mid_episode_switch,Interval Meta-GDM,40,42,20649584,1,39,61.78287216848066,0.5573925148799117,0,0.6495881749316847,0.900475828596847,0.8608143009290917,31.0,0.05142461488719927
mid_episode_switch,Interval Meta-GDM,40,43,20650581,1,20,65.18280715663113,0.6067015781485299,0,16.610013762559944,0.9008753325479941,0.8740031063154338,12.0,0.04746120700072336
mid_episode_switch,Interval Meta-GDM,40,44,20651578,1,36,48.96174187032699,0.6608953384329537,0,0.24485205240557484,0.9014988453746376,0.8639277412305051,28.0,0.049333560170264024
mid_episode_switch,Interval Meta-GDM,40,45,20652575,1,29,56.20641933932928,0.6006017215372526,0,6.6017968410298895,0.9021209951221209,0.8659983402656884,21.0,0.0538668378546149
mid_episode_switch,Interval Meta-GDM,40,46,20653572,1,29,58.25363383872461,0.45270285712509994,0,13.183812758175522,0.9013306305425732,0.857271910529523,21.0,0.05488696814902076
mid_episode_switch,Interval Meta-GDM,40,47,20654569,1,33,42.9502838234535,0.5226876583299069,0,3.3066840520207545,0.9018520856934509,0.8632028386898849,25.0,0.0494954412197825
mid_episode_switch,Interval Meta-GDM,40,48,20655566,1,52,54.01597442756349,0.5377628793416647,0,-2.147024715877672,0.9004468563092246,0.8570577780094807,44.0,0.04838234649718411
mid_episode_switch,Interval Meta-GDM,40,49,20656563,1,40,59.53166468812718,0.6064990852124792,0,-0.6742272884838663,0.900718821345603,0.8634027775854222,32.0,0.05211235857422976
mid_episode_switch,Bounded confidence,40,0,20607710,1,34,40.74517969846256,0.533117346813526,0,0.4554036983493681,0.9007883482464963,0.8601940899410387,26.0,0.05323648395310991
mid_episode_switch,Bounded confidence,40,1,20608707,1,58,60.77226356625518,0.5781231540199214,0,-18.561592862286684,0.9001425569819832,0.8483034973166883,50.0,0.051644237115336354
mid_episode_switch,Bounded confidence,40,2,20609704,1,47,48.29541069464727,0.5781464900937061,0,-11.571273809093896,0.9003639847138489,0.8511700236614338,39.0,0.04992405070120219
mid_episode_switch,Bounded confidence,40,3,20610701,1,26,71.96285748052136,0.5940651424431744,0,10.100076741327792,0.9006502642192802,0.8724517546369011,18.0,0.04898478722499354
mid_episode_switch,Bounded confidence,40,4,20611698,1,56,60.508789402812155,0.5498170069275263,0,-19.992206921777985,0.9000752634485728,0.846045613869087,48.0,0.04902439984418015
mid_episode_switch,Bounded confidence,40,5,20612695,1,34,71.729678395777,0.6090349190308493,0,2.2543833160404194,0.900382210828903,0.8580570697821709,26.0,0.049838377932984415
mid_episode_switch,Bounded confidence,40,6,20613692,1,30,50.1728817741655,0.5555956212130218,0,3.7750071026726086,0.9000730344906811,0.8716734719165937,22.0,0.05094873319509348
mid_episode_switch,Bounded confidence,40,7,20614689,1,35,61.54917324938128,0.5808908430371258,0,0.2496271265189467,0.9002009986186301,0.8660449039365969,27.0,0.051788053442490246
mid_episode_switch,Bounded confidence,40,8,20615686,1,31,82.70887143753758,0.6261966879503646,0,4.762643730483543,0.9002643151408253,0.8735040206178274,23.0,0.054155494781635484
mid_episode_switch,Bounded confidence,40,9,20616683,1,61,62.60214342216203,0.5590291378136958,0,-22.893351740766818,0.9006493382388289,0.8534239318066386,53.0,0.04614780772473457
mid_episode_switch,Bounded confidence,40,10,20617680,1,51,66.28591556907222,0.6029945747706824,0,-14.13164997546937,0.9005179252013965,0.8531108993581099,43.0,0.043765301632778475
mid_episode_switch,Bounded confidence,40,11,20618677,1,37,62.14260720016004,0.5914405743274311,0,-3.2661303143772393,0.9009604440508431,0.8660390319884262,29.0,0.04827401217304778
mid_episode_switch,Bounded confidence,40,12,20619674,1,22,65.94856585365454,0.6123498661258078,0,14.19174675231394,0.9011559344028106,0.8724556399866541,14.0,0.0451641256366858
mid_episode_switch,Bounded confidence,40,13,20620671,1,32,62.42165381238794,0.5792983320914218,0,2.6325467000518046,0.9005974121940195,0.8674713239530923,24.0,0.048716090047235705
mid_episode_switch,Bounded confidence,40,14,20621668,1,26,48.40860200155544,0.6577063774093157,0,8.193136316385727,0.9005009818706419,0.8688235343811638,18.0,0.045385683017177034
mid_episode_switch,Bounded confidence,40,15,20622665,1,23,70.43803326813932,0.5950713162442922,0,10.71614169043656,0.902188346554657,0.8724025566743828,15.0,0.049463445130001546
mid_episode_switch,Bounded confidence,40,16,20623662,1,17,84.6349687528325,0.5729360201438065,0,18.60259141624262,0.9060372084835925,0.8815537388490788,9.0,0.04885540001571233
mid_episode_switch,Bounded confidence,40,17,20624659,1,46,71.19999558895063,0.5646420966041037,0,-10.365659767724047,0.9010849514136046,0.860271042464967,38.0,0.04378646536870985
mid_episode_switch,Bounded confidence,40,18,20625656,1,31,54.9487800306028,0.5939418602578721,0,4.35008209094494,0.9002161742525563,0.8640704487789691,23.0,0.05072239543465682
mid_episode_switch,Bounded confidence,40,19,20626653,1,50,54.1902655354317,0.5414768824318861,0,-7.892914820598682,0.9007135847283568,0.8439360022687282,42.0,0.05176328001352169
mid_episode_switch,Bounded confidence,40,20,20627650,1,51,60.09263434580632,0.5937774106542937,0,-11.075597904161283,0.9006202177804447,0.8524235127258374,43.0,0.05099272232816301
mid_episode_switch,Bounded confidence,40,21,20628647,1,37,62.607294215504965,0.5648725495850186,0,-0.8447291719511814,0.9001151066053115,0.8564744493786447,29.0,0.047333589064961955
mid_episode_switch,Bounded confidence,40,22,20629644,1,37,60.596959647373154,0.6301040316588133,0,-2.705490213179978,0.9002291806662281,0.8660781528498449,29.0,0.049741568539957405
mid_episode_switch,Bounded confidence,40,23,20630641,1,92,44.69684871152863,0.5390943214688502,0,-40.91772533379635,0.9001679696027767,0.826464106668723,84.0,0.052369155900481315
mid_episode_switch,Bounded confidence,40,24,20631638,1,34,76.28229776404129,0.6220671824504924,0,0.3932234725333661,0.9028931844499913,0.8589602071738999,26.0,0.05532284290114344
mid_episode_switch,Bounded confidence,40,25,20632635,1,39,65.79575597604725,0.6169455084018156,0,-1.0190596857531204,0.9014790983543771,0.871542046976158,31.0,0.05065797632633494
mid_episode_switch,Bounded confidence,40,26,20633632,1,45,67.32075569902383,0.5377218665028869,0,-11.09483675917979,0.9009876760271072,0.8544963247956496,37.0,0.044757480107115964
mid_episode_switch,Bounded confidence,40,27,20634629,1,20,63.38163200931217,0.6135134242325873,0,14.308263819123953,0.9013783685340226,0.8773065354179506,12.0,0.054821404507669494
mid_episode_switch,Bounded confidence,40,28,20635626,1,30,86.2581272529723,0.554806849784506,0,6.134298650253696,0.9010058794446836,0.8695076201349629,22.0,0.051722074154964284
mid_episode_switch,Bounded confidence,40,29,20636623,1,70,46.901171985952466,0.6072428840745474,0,-34.92079320048724,0.9010966286374487,0.8348524019327458,62.0,0.04676036066362198
mid_episode_switch,Bounded confidence,40,30,20637620,1,21,36.16597297050559,0.5271700691222077,0,9.871413187049399,0.9021690908029439,0.8825818639367428,13.0,0.05179037598643519
mid_episode_switch,Bounded confidence,40,31,20638617,1,52,71.37752906015638,0.5772422880096089,0,-15.12160584385359,0.9000037987612216,0.8702338065111618,44.0,0.048290574501445596
mid_episode_switch,Bounded confidence,40,32,20639614,1,61,55.55104761335613,0.5944300464838972,0,-24.897713892260107,0.9017166654711761,0.8331117701680746,53.0,0.04821466152776633
mid_episode_switch,Bounded confidence,40,33,20640611,1,30,54.84791245062272,0.5225356045509326,0,7.523449068802336,0.9021293497309113,0.8627332105096596,22.0,0.05152801538342542
mid_episode_switch,Bounded confidence,40,34,20641608,1,42,53.47768443727675,0.6503178495018931,0,-6.043279615744753,0.9008525093048068,0.8495538840562844,34.0,0.045108542771572516
mid_episode_switch,Bounded confidence,40,35,20642605,1,53,58.33425872593923,0.5571908370651724,0,-11.874982457688201,0.9006312148487294,0.8569080195524067,45.0,0.050637172553796427
mid_episode_switch,Bounded confidence,40,36,20643602,1,39,60.24419522914886,0.5993473397580107,0,-4.7691986551207375,0.9004129198684596,0.8619974269544954,31.0,0.04957625416115287
mid_episode_switch,Bounded confidence,40,37,20644599,1,33,43.98875244229873,0.5088062033369245,0,5.922634777155185,0.9013512143684068,0.863416776403252,25.0,0.049799409885603885
mid_episode_switch,Bounded confidence,40,38,20645596,1,45,62.46999055691316,0.65224276574418,0,-9.221831944124947,0.9009887586589884,0.8495831740649235,37.0,0.04895955689941919
mid_episode_switch,Bounded confidence,40,39,20646593,1,63,71.84910988302268,0.585914612536713,0,-26.263743922932647,0.9005203576227466,0.8242018222670386,55.0,0.05062328848307997
mid_episode_switch,Bounded confidence,40,40,20647590,1,41,44.639837587240635,0.6170379337067284,0,-9.105151746996665,0.9001459784903565,0.8596767287346109,33.0,0.04826048165302867
mid_episode_switch,Bounded confidence,40,41,20648587,1,43,55.90171931905785,0.5880356014729169,0,-6.557254176941369,0.9004554548494241,0.8608031237962604,35.0,0.04818867971952581
mid_episode_switch,Bounded confidence,40,42,20649584,1,34,59.868949759091684,0.5707726689173989,0,2.0840271817731955,0.9002621786217008,0.8629562880071883,26.0,0.05142461488719927
mid_episode_switch,Bounded confidence,40,43,20650581,1,21,61.42703788707355,0.6221382988133888,0,12.861414294887721,0.9011959541140356,0.8757110617807661,13.0,0.04746120700072336
mid_episode_switch,Bounded confidence,40,44,20651578,1,34,47.31169078251404,0.6811628217406585,0,0.4375376622351137,0.9011648733895189,0.865240346099204,26.0,0.049333560170264024
mid_episode_switch,Bounded confidence,40,45,20652575,1,29,49.42833394075354,0.6165951701765098,0,3.504943069615897,0.9014215847873829,0.8666450502460544,21.0,0.0538668378546149
mid_episode_switch,Bounded confidence,40,46,20653572,1,31,54.33639336481552,0.4730216394656561,0,6.804505171058181,0.9024743514782075,0.8597503009487772,23.0,0.05488696814902076
mid_episode_switch,Bounded confidence,40,47,20654569,1,33,40.13887437588038,0.5576373979389353,0,-0.30369587469110293,0.9022090368151108,0.8650370710636884,25.0,0.0494954412197825
mid_episode_switch,Bounded confidence,40,48,20655566,1,44,48.61603667082376,0.5645941333149131,0,-7.387339858990838,0.9010811228306809,0.8578696166938674,36.0,0.04838234649718411
mid_episode_switch,Bounded confidence,40,49,20656563,1,41,54.00053382430426,0.5997451423539188,0,0.33814215331960185,0.9011474765076876,0.8626278258263843,33.0,0.05211235857422976
mid_episode_switch,Mean consensus,40,0,20607710,1,34,41.94944900502763,0.5282617097246254,0,0.34483169786905243,0.9009279768208288,0.8604214766307395,26.0,0.05323648395310991
mid_episode_switch,Mean consensus,40,1,20608707,1,58,63.62164678039078,0.5622746051508567,0,-18.890753173277226,0.9002890135296017,0.8486860920170135,50.0,0.051644237115336354
mid_episode_switch,Mean consensus,40,2,20609704,1,47,52.65167331209838,0.5486771476094432,0,-12.036902164342708,0.9008897387009869,0.8519704041707271,39.0,0.04992405070120219
mid_episode_switch,Mean consensus,40,3,20610701,1,26,72.93222433290275,0.5865154391720477,0,10.066746865202433,0.9009447451747096,0.8728352259030362,18.0,0.04898478722499354
mid_episode_switch,Mean consensus,40,4,20611698,1,56,62.7956049346425,0.5361105151311889,0,-20.129598660046163,0.9000736926815677,0.8461831817584572,48.0,0.04902439984418015
mid_episode_switch,Mean consensus,40,5,20612695,1,34,74.82489088268986,0.5879294674104036,0,2.204207515149011,0.900419477765075,0.8583489775536919,26.0,0.049838377932984415
mid_episode_switch,Mean consensus,40,6,20613692,1,30,50.67047653836801,0.5491507590583009,0,3.7461700503081037,0.9002566527363957,0.8719223035572826,22.0,0.05094873319509348
mid_episode_switch,Mean consensus,40,7,20614689,1,35,63.44415713806111,0.5683133800894375,0,0.12807909321304756,0.9002006483641884,0.8661326859068211,27.0,0.051788053442490246
mid_episode_switch,Mean consensus,40,8,20615686,1,31,83.33974068588908,0.6235785542993009,0,4.68461779637402,0.9004345250715682,0.8737921284072053,23.0,0.054155494781635484
mid_episode_switch,Mean consensus,40,9,20616683,1,60,64.81360764642147,0.5462397168791475,0,-22.255306794279093,0.9000493717342176,0.8534129508015423,52.0,0.04614780772473457
mid_episode_switch,Mean consensus,40,10,20617680,1,51,68.84035219869963,0.5953236333164078,0,-14.287799895748982,0.9004503137515147,0.8532025997759912,43.0,0.043765301632778475
mid_episode_switch,Mean consensus,40,11,20618677,1,37,63.19847021938669,0.5833500394333586,0,-3.3277605198131486,0.9009430597690491,0.8661080188949057,29.0,0.04827401217304778
mid_episode_switch,Mean consensus,40,12,20619674,1,22,66.99914464273539,0.6063860082465637,0,14.14779545990535,0.9012189448059438,0.8725760312487468,14.0,0.0451641256366858
mid_episode_switch,Mean consensus,40,13,20620671,1,32,63.998770721256435,0.5677423578482934,0,2.522930321426278,0.9008230340734206,0.867871681481816,24.0,0.048716090047235705
mid_episode_switch,Mean consensus,40,14,20621668,1,26,49.66635013401077,0.6511624208718392,0,8.12687383961156,0.900830044796017,0.8692232089066387,18.0,0.045385683017177034
mid_episode_switch,Mean consensus,40,15,20622665,1,23,73.15849388115916,0.5821268903137928,0,10.665267672556183,0.9024084325901578,0.8726871419669268,15.0,0.049463445130001546
mid_episode_switch,Mean consensus,40,16,20623662,1,17,87.54015983944694,0.5642550643374349,0,18.50380546630514,0.906735706029892,0.8824407223721086,9.0,0.04885540001571233
mid_episode_switch,Mean consensus,40,17,20624659,1,44,76.44485929898214,0.5385649444666329,0,-8.90993283017286,0.9003817419265265,0.8613145420276673,36.0,0.04378646536870985
mid_episode_switch,Mean consensus,40,18,20625656,1,31,55.827191010571624,0.5860471334714707,0,4.300097465939872,0.9002245530004966,0.8641534485015399,23.0,0.05072239543465682
mid_episode_switch,Mean consensus,40,19,20626653,1,50,57.29441676948325,0.5462256034085229,0,-8.29670338187287,0.9007255770235424,0.8441443467994882,42.0,0.05176328001352169
mid_episode_switch,Mean consensus,40,20,20627650,1,51,62.02958444623414,0.5858937336022849,0,-11.196887125204238,0.9005788813150089,0.8524097431523094,43.0,0.05099272232816301
mid_episode_switch,Mean consensus,40,21,20628647,1,38,65.28212201844319,0.5534907602302048,0,-2.057307717946868,0.9019299439251003,0.8581575754813447,30.0,0.047333589064961955
mid_episode_switch,Mean consensus,40,22,20629644,1,37,61.744869757594714,0.6175991588467142,0,-2.7760195641616825,0.9005154301782408,0.866515024447737,29.0,0.049741568539957405
mid_episode_switch,Mean consensus,40,23,20630641,1,92,46.91312621947885,0.527263022928445,0,-41.524126836322424,0.9003439316909493,0.8272029228223334,84.0,0.052369155900481315
mid_episode_switch,Mean consensus,40,24,20631638,1,34,78.06603290565808,0.6099800749674591,0,0.27624657826268617,0.9028854508281743,0.8590960935242382,26.0,0.05532284290114344
mid_episode_switch,Mean consensus,40,25,20632635,1,38,68.1689952812594,0.6072602558609437,0,-0.5236289752492986,0.9005146206351439,0.8712974321760979,30.0,0.05065797632633494
mid_episode_switch,Mean consensus,40,26,20633632,1,45,69.8991264312928,0.531865151174252,0,-11.291631905797178,0.9009499679640631,0.8546295271153099,37.0,0.044757480107115964
mid_episode_switch,Mean consensus,40,27,20634629,1,20,65.11991692490665,0.6034144002057236,0,14.22991287464054,0.9013770038005872,0.8773774180300438,12.0,0.054821404507669494
mid_episode_switch,Mean consensus,40,28,20635626,1,30,88.1457170082646,0.5491447491780799,0,6.029568174941906,0.9009808195425932,0.8695778682704983,22.0,0.051722074154964284
mid_episode_switch,Mean consensus,40,29,20636623,1,69,48.00367410099014,0.6018763671903717,0,-34.17981092195329,0.9004154133203915,0.8350399361381431,61.0,0.04676036066362198
mid_episode_switch,Mean consensus,40,30,20637620,1,21,36.5336239127512,0.5224935080553643,0,9.837233741923647,0.9022189719123853,0.8826631361013995,13.0,0.05179037598643519
mid_episode_switch,Mean consensus,40,31,20638617,1,52,73.52299847562281,0.5712918983327799,0,-15.25948109085709,0.9000142120744374,0.8705912145270879,44.0,0.048290574501445596
mid_episode_switch,Mean consensus,40,32,20639614,1,61,57.61481853465893,0.5782528417652524,0,-25.38010169943502,0.9016437135206481,0.833465162377261,53.0,0.04821466152776633
mid_episode_switch,Mean consensus,40,33,20640611,1,30,57.166645085384545,0.51927653570143,0,7.340419028658257,0.9026639790332311,0.8634394251810953,22.0,0.05152801538342542
mid_episode_switch,Mean consensus,40,34,20641608,1,42,55.2050320381598,0.636553740979507,0,-6.124936463881074,0.9009253698961154,0.8497501868224172,34.0,0.045108542771572516
mid_episode_switch,Mean consensus,40,35,20642605,1,53,60.54460054726577,0.5452723390576988,0,-11.901359354007043,0.9005942727730343,0.8570129931033788,45.0,0.050637172553796427
mid_episode_switch,Mean consensus,40,36,20643602,1,39,62.11767300790247,0.5870219692177316,0,-4.921137353056265,0.9005685474394136,0.8623572061421801,31.0,0.04957625416115287
mid_episode_switch,Mean consensus,40,37,20644599,1,33,45.89615124360806,0.509205811140395,0,5.773226117495217,0.9021727723067492,0.8645220804416159,25.0,0.049799409885603885
mid_episode_switch,Mean consensus,40,38,20645596,1,45,64.37598432224834,0.6275888679480774,0,-9.36854846823594,0.9009132033119572,0.8497881734828724,37.0,0.04895955689941919
mid_episode_switch,Mean consensus,40,39,20646593,1,63,76.91788289944301,0.5803454846342115,0,-26.595532823817898,0.9005981351544521,0.8244952359698005,55.0,0.05062328848307997
mid_episode_switch,Mean consensus,40,40,20647590,1,41,46.57708246505962,0.6032879490529512,0,-9.258092133343256,0.9001813926754796,0.8598330667628001,33.0,0.04826048165302867
mid_episode_switch,Mean consensus,40,41,20648587,1,43,56.68761229601014,0.5834333985500093,0,-6.620579780177852,0.9006714382222389,0.8611906749038967,35.0,0.04818867971952581
mid_episode_switch,Mean consensus,40,42,20649584,1,34,62.85521160362753,0.5628822229244175,0,1.9212717742783694,0.9002487073973686,0.863054566684453,26.0,0.05142461488719927
mid_episode_switch,Mean consensus,40,43,20650581,1,21,62.11322872670197,0.6187188402521548,0,12.842426290354457,0.9014770922277386,0.8760401382608966,13.0,0.04746120700072336
mid_episode_switch,Mean consensus,40,44,20651578,1,34,48.969009906374225,0.6711926964023083,0,0.33633513211195876,0.9011705568579889,0.8653719456678395,26.0,0.049333560170264024
mid_episode_switch,Mean consensus,40,45,20652575,1,29,51.00112656929328,0.6090708790763766,0,3.392509626497736,0.9015051931134317,0.8668413611229198,21.0,0.0538668378546149
mid_episode_switch,Mean consensus,40,46,20653572,1,30,58.75424783753158,0.4489841038177238,0,7.330496425625251,0.9007849969016929,0.8589262504195466,22.0,0.05488696814902076
mid_episode_switch,Mean consensus,40,47,20654569,1,33,41.23249993018762,0.5473293240584547,0,-0.3973077355568613,0.9022923505641631,0.8652313320688713,25.0,0.0494954412197825
mid_episode_switch,Mean consensus,40,48,20655566,1,43,50.87842586430605,0.5529378320955451,0,-6.685673957925417,0.9001750601958451,0.8578474860420976,35.0,0.04838234649718411
mid_episode_switch,Mean consensus,40,49,20656563,1,40,56.27768639202385,0.5973215209382732,0,0.984506666932127,0.9003716223434348,0.8625868008833929,32.0,0.05211235857422976
mid_episode_switch,Observable cost-aware,40,0,20607710,1,68,28.99528088446304,0.5743503344815137,0,-31.10908375211548,0.9006517738419181,0.8418917214766997,60.0,0.05323648395310991
mid_episode_switch,Observable cost-aware,40,1,20608707,1,103,51.000289682405835,0.6062056317701248,0,-63.779994572904414,0.9002961784146086,0.832002313079384,95.0,0.051644237115336354
mid_episode_switch,Observable cost-aware,40,2,20609704,1,86,37.107547574257694,0.6169054045384992,0,-47.1395791010523,0.9003013826856237,0.8350265036814561,78.0,0.04992405070120219
mid_episode_switch,Observable cost-aware,40,3,20610701,1,56,58.15700743677166,0.6277789139583181,0,-16.280087382591855,0.900564788275644,0.8603322362843545,48.0,0.04898478722499354
mid_episode_switch,Observable cost-aware,40,4,20611698,1,106,50.007857108789885,0.5767759528057672,0,-63.91248994182258,0.9001825027334973,0.8252719190640704,98.0,0.04902439984418015
mid_episode_switch,Observable cost-aware,40,5,20612695,1,70,60.25826664745463,0.6371360950955445,0,-30.354189494307654,0.9001404098417846,0.8450874206698891,62.0,0.049838377932984415
mid_episode_switch,Observable cost-aware,40,6,20613692,1,53,37.24872542297227,0.61441978858613,0,-18.199588705358778,0.9010180721728706,0.8605420428982133,45.0,0.05094873319509348
mid_episode_switch,Observable cost-aware,40,7,20614689,1,75,48.038095729444166,0.6239902002745854,0,-36.65186249718594,0.9004343320584031,0.8505908229265817,67.0,0.051788053442490246
mid_episode_switch,Observable cost-aware,40,8,20615686,1,66,67.95854437888435,0.6500618801969082,0,-26.897509140947683,0.9002282974050326,0.8616874747451693,58.0,0.054155494781635484
mid_episode_switch,Observable cost-aware,40,9,20616683,1,109,47.68426940668952,0.5960347516836286,0,-74.24476007404836,0.9001726679692136,0.8369763440620265,101.0,0.04614780772473457
mid_episode_switch,Observable cost-aware,40,10,20617680,1,89,52.133643761272424,0.6387467616912532,0,-52.39279138044496,0.9001625231955775,0.8366944385103162,81.0,0.043765301632778475
mid_episode_switch,Observable cost-aware,40,11,20618677,1,70,47.90643840434019,0.6455030120692984,0,-34.019498571441716,0.9003107256711735,0.8511632188961203,62.0,0.04827401217304778
mid_episode_switch,Observable cost-aware,40,12,20619674,1,44,54.420988236851706,0.6434807705004406,0,-5.048275803645939,0.9002034988580029,0.8639228988924683,36.0,0.0451641256366858
mid_episode_switch,Observable cost-aware,40,13,20620671,1,59,49.33588480861897,0.6262579564412465,0,-22.156864792029662,0.9000776070088029,0.8542272842799518,51.0,0.048716090047235705
mid_episode_switch,Observable cost-aware,40,14,20621668,1,54,39.24339974495605,0.6771889621110261,0,-17.898995385849645,0.9000732266773844,0.857720263637279,46.0,0.045385683017177034
mid_episode_switch,Observable cost-aware,40,15,20622665,1,38,54.4162191952787,0.6303703818894979,0,-2.922866639044239,0.9003056260977214,0.8641821911178442,30.0,0.049463445130001546
mid_episode_switch,Observable cost-aware,40,16,20623662,1,26,67.66051120735403,0.6139376249434954,0,10.36767268696911,0.9002540851022349,0.8699681312848325,18.0,0.04885540001571233
mid_episode_switch,Observable cost-aware,40,17,20624659,1,83,56.19933049696175,0.6107901043526054,0,-46.25931553293364,0.9001349609624392,0.8437268972535733,75.0,0.04378646536870985
mid_episode_switch,Observable cost-aware,40,18,20625656,1,59,43.45189763559586,0.6297042508345485,0,-21.688325481884537,0.9006122613390743,0.8508873287840552,51.0,0.05072239543465682
mid_episode_switch,Observable cost-aware,40,19,20626653,1,94,40.91574322758363,0.5587723284801613,0,-44.87158270618298,0.900137658553219,0.8228280363955054,86.0,0.05176328001352169
mid_episode_switch,Observable cost-aware,40,20,20627650,1,99,46.570006090600316,0.6376013920638828,0,-53.7336894504427,0.9000008455085001,0.8302856698339618,91.0,0.05099272232816301
mid_episode_switch,Observable cost-aware,40,21,20628647,1,62,50.4401958465424,0.590631511867791,0,-24.33385547035593,0.9001707008547868,0.844825979843037,54.0,0.047333589064961955
mid_episode_switch,Observable cost-aware,40,22,20629644,1,79,49.35753651111585,0.6714947760999159,0,-43.77242691762645,0.9002290091391809,0.8482571304914668,71.0,0.049741568539957405
mid_episode_switch,Observable cost-aware,40,23,20630641,0,120,31.261958721727407,0.5657650673987273,0,-73.04644267888361,0.886013944656194,0.7962597542803207,,0.052369155900481315
mid_episode_switch,Observable cost-aware,40,24,20631638,1,56,59.21832603267464,0.6577873244383519,0,-19.678242448407932,0.9008202943143194,0.8453942097602934,48.0,0.05532284290114344
mid_episode_switch,Observable cost-aware,40,25,20632635,1,63,53.502698741980836,0.6615738701891885,0,-24.35660649857216,0.9001417129809152,0.8614162306624077,55.0,0.05065797632633494
mid_episode_switch,Observable cost-aware,40,26,20633632,1,76,53.08402483820451,0.5706445054316478,0,-42.205806560795395,0.9000012546345351,0.84051626827611,68.0,0.044757480107115964
mid_episode_switch,Observable cost-aware,40,27,20634629,1,33,49.814697657888004,0.6510546859556805,0,3.1119333356394305,0.9001446437578648,0.8692814841683438,25.0,0.054821404507669494
mid_episode_switch,Observable cost-aware,40,28,20635626,1,61,68.838992942108,0.590423209188341,0,-22.44766268096237,0.9002585039737804,0.855724755354504,53.0,0.051722074154964284
mid_episode_switch,Observable cost-aware,40,29,20636623,1,118,35.83169582004624,0.6392562401086763,0,-82.61432704652088,0.9004305977870806,0.8069162719493801,110.0,0.04676036066362198
mid_episode_switch,Observable cost-aware,40,30,20637620,1,40,23.897017522141972,0.6013533158688533,0,-7.783843206869813,0.9004411561998247,0.8718156387736122,32.0,0.05179037598643519
mid_episode_switch,Observable cost-aware,40,31,20638617,0,120,54.34281067525991,0.6091561511880652,0,-89.4862898917245,0.8999845376208092,0.8542230029041468,,0.048290574501445596
mid_episode_switch,Observable cost-aware,40,32,20639614,1,102,44.415308917418166,0.6224264597713629,0,-61.40243980271865,0.900508174732397,0.8091894744397868,94.0,0.04821466152776633
mid_episode_switch,Observable cost-aware,40,33,20640611,1,53,38.97673148473446,0.5433715193155493,0,-10.993411650604864,0.9003520169604239,0.8485376443819821,45.0,0.05152801538342542
mid_episode_switch,Observable cost-aware,40,34,20641608,1,86,44.16157583928871,0.6799017088735135,0,-46.04827582038054,0.9004019954556035,0.8297815228796208,78.0,0.045108542771572516
mid_episode_switch,Observable cost-aware,40,35,20642605,1,96,45.13896151976894,0.6088382902204927,0,-52.769984369202625,0.9000067444216354,0.8356027887162154,88.0,0.050637172553796427
mid_episode_switch,Observable cost-aware,40,36,20643602,1,73,47.84609658351467,0.6434315823482546,0,-36.230758085587865,0.9002502811895523,0.8501741830911514,65.0,0.04957625416115287
mid_episode_switch,Observable cost-aware,40,37,20644599,1,57,31.88648642701319,0.5295865646524407,0,-14.915675450719345,0.9002018279967521,0.8484001824293951,49.0,0.049799409885603885
mid_episode_switch,Observable cost-aware,40,38,20645596,1,94,51.33065572030944,0.6895603552662222,0,-55.3396667462751,0.9003769476076408,0.8254654964226014,86.0,0.04895955689941919
mid_episode_switch,Observable cost-aware,40,39,20646593,1,114,59.15093960364721,0.6158229006147435,0,-75.58222908482458,0.9002104125580747,0.7980591205136132,106.0,0.05062328848307997
mid_episode_switch,Observable cost-aware,40,40,20647590,1,104,32.773111618651974,0.6636542443122304,0,-69.58723683921171,0.9000944238315438,0.841823459776153,96.0,0.04826048165302867
mid_episode_switch,Observable cost-aware,40,41,20648587,1,91,42.922191404994656,0.6394307934588681,0,-51.96515617806878,0.9000421475980674,0.8394856478373984,83.0,0.04818867971952581
mid_episode_switch,Observable cost-aware,40,42,20649584,1,69,46.44892666220744,0.6025570285472992,0,-28.951996442675917,0.9000563213091947,0.8484183081637793,61.0,0.05142461488719927
mid_episode_switch,Observable cost-aware,40,43,20650581,1,43,47.06686777690607,0.6583327441907749,0,-5.77408116102476,0.9000266917292196,0.8662991649518516,35.0,0.04746120700072336
mid_episode_switch,Observable cost-aware,40,44,20651578,1,68,37.60786694152651,0.7232908706347325,0,-30.830119582851303,0.9002035480399864,0.8481924305313411,60.0,0.049333560170264024
mid_episode_switch,Observable cost-aware,40,45,20652575,1,55,35.56975955268082,0.6506575235864431,0,-21.45350173923203,0.9003110563188186,0.8533335746719444,47.0,0.0538668378546149
mid_episode_switch,Observable cost-aware,40,46,20653572,1,58,42.350071256432756,0.49947838215363505,0,-17.92088955461375,0.9001374347279378,0.8456932542197059,50.0,0.05488696814902076
mid_episode_switch,Observable cost-aware,40,47,20654569,1,58,29.59665141240205,0.6174311975089664,0,-24.7043333120983,0.9002447979067209,0.8511540612627004,50.0,0.0494954412197825
mid_episode_switch,Observable cost-aware,40,48,20655566,1,83,38.182416926702395,0.6122728840668994,0,-46.787083429384566,0.900215750875462,0.8397965332514913,75.0,0.04838234649718411
mid_episode_switch,Observable cost-aware,40,49,20656563,1,74,40.473459595541044,0.6426717376267399,0,-27.87730217589535,0.900185590894486,0.8468048650157176,66.0,0.05211235857422976
mid_episode_switch,Random,40,0,20607710,0,120,414.10573968292414,0.6104005290043939,211,-172.38245227463835,0.05716932318485709,0.19920165284954078,,0.05323648395310991
mid_episode_switch,Random,40,1,20608707,0,120,501.488009358225,0.5139969167647949,606,-181.79315712799618,0.030088204980780575,0.050320882723350245,,0.051644237115336354
mid_episode_switch,Random,40,2,20609704,0,120,378.6515213446345,0.5328581369868519,199,-162.2522250992747,0.09847545359326552,0.262708862109906,,0.04992405070120219
mid_episode_switch,Random,40,3,20610701,0,120,312.466813336549,0.5433873789095962,250,-166.11455110722542,0.014736442252534994,0.1449895369876774,,0.04898478722499354
mid_episode_switch,Random,40,4,20611698,0,120,460.8588875847047,0.6179804076287356,688,-197.17259008554552,0.0,0.034233092325514004,,0.04902439984418015
mid_episode_switch,Random,40,5,20612695,0,120,510.5216439119312,0.5430132626448683,448,-175.18169728468112,0.09402435794076999,0.09769266742881139,,0.049838377932984415
mid_episode_switch,Random,40,6,20613692,0,120,471.4909442582716,0.6059355634446948,489,-188.53090258629675,0.0,0.05507879842841327,,0.05094873319509348
mid_episode_switch,Random,40,7,20614689,0,120,459.4241683195615,0.5696396675573236,766,-193.42956046585863,0.056398014687274366,0.03961286765561514,,0.051788053442490246
mid_episode_switch,Random,40,8,20615686,0,120,653.61703320535,0.5449921929161232,660,-190.4060761905777,0.05069918626989063,0.04754722551009148,,0.054155494781635484
mid_episode_switch,Random,40,9,20616683,0,120,495.1960422562705,0.589307158147935,515,-188.0149237034276,0.004783816808681019,0.08557149765781827,,0.04614780772473457
mid_episode_switch,Random,40,10,20617680,0,120,399.92422738616824,0.5324932346356264,631,-188.97928037339582,0.0,0.0653700805420913,,0.043765301632778475
mid_episode_switch,Random,40,11,20618677,0,120,567.3287593656725,0.5543027644627143,448,-190.4203305334263,0.003512550947923692,0.05868005556767763,,0.04827401217304778
mid_episode_switch,Random,40,12,20619674,0,120,549.2251753584885,0.5691826418539851,589,-185.16692145316813,0.0,0.08322964305086207,,0.0451641256366858
mid_episode_switch,Random,40,13,20620671,0,120,416.0115356068827,0.6231904755411111,599,-189.16151102944744,0.07653909060042814,0.060091028372349684,,0.048716090047235705
mid_episode_switch,Random,40,14,20621668,0,120,319.0806856306534,0.5039753220079368,442,-172.3705549379196,0.0,0.16750157067393154,,0.045385683017177034
mid_episode_switch,Random,40,15,20622665,0,120,532.14868522043,0.5452691928711244,445,-179.59150426369794,0.0286098521554649,0.10190172208353329,,0.049463445130001546
mid_episode_switch,Random,40,16,20623662,0,120,550.7005748490982,0.5402813349638016,612,-187.35581998031128,0.0,0.06396969774431742,,0.04885540001571233
mid_episode_switch,Random,40,17,20624659,0,120,529.3468028195176,0.6037201687653215,1067,-209.09792032313464,0.0,0.014054241374872545,,0.04378646536870985
mid_episode_switch,Random,40,18,20625656,0,120,471.5830566135045,0.6079508081197817,624,-193.80675622927373,0.0,0.026156850212432345,,0.05072239543465682
mid_episode_switch,Random,40,19,20626653,0,120,499.2666856863894,0.5540197167591432,689,-184.71615111823164,0.0850704552879876,0.09144941199610743,,0.05176328001352169
mid_episode_switch,Random,40,20,20627650,0,120,529.0389096538788,0.584656170368264,543,-195.2686452293974,0.0,0.07525062720035172,,0.05099272232816301
mid_episode_switch,Random,40,21,20628647,0,120,491.59055467355296,0.5460596718055752,540,-177.66413283551123,0.13384489223257487,0.0805915244648859,,0.047333589064961955
mid_episode_switch,Random,40,22,20629644,0,120,434.9454232166711,0.5652800545417891,523,-183.62652492243856,0.0,0.09712588270834036,,0.049741568539957405
mid_episode_switch,Random,40,23,20630641,0,120,431.9857575117559,0.5708596352237727,497,-172.80800826703853,0.14271622008138402,0.1124650207200434,,0.052369155900481315
mid_episode_switch,Random,40,24,20631638,0,120,432.17990409992996,0.5731125433611064,748,-194.0408070816088,0.036888289420067444,0.0728869816365734,,0.05532284290114344
mid_episode_switch,Random,40,25,20632635,0,120,517.8739313920375,0.5159004706671637,482,-178.01949149572957,0.0,0.11282333331551465,,0.05065797632633494
mid_episode_switch,Random,40,26,20633632,0,120,609.3843569417961,0.5555733449174578,490,-187.8528486799131,0.001653425666960462,0.10336400713096151,,0.044757480107115964
mid_episode_switch,Random,40,27,20634629,0,120,430.8649803553128,0.4817755253528695,972,-199.94938118535146,0.0,0.03832701517971661,,0.054821404507669494
mid_episode_switch,Random,40,28,20635626,0,120,657.6217810995845,0.5816325026214004,592,-192.95819232522427,0.0,0.07330172465149817,,0.051722074154964284
mid_episode_switch,Random,40,29,20636623,0,120,309.1952177042554,0.617120619439687,304,-173.66095302667236,0.013142747009084537,0.14514990161984537,,0.04676036066362198
mid_episode_switch,Random,40,30,20637620,0,120,484.70835831355333,0.6113157842030605,457,-183.3222578216675,0.0,0.1254975981713398,,0.05179037598643519
mid_episode_switch,Random,40,31,20638617,0,120,505.42317422512804,0.6458435128616353,563,-186.95099809711544,0.0,0.0661931697894734,,0.048290574501445596
mid_episode_switch,Random,40,32,20639614,0,120,524.0021878589532,0.6532403712406756,653,-200.6606993112951,0.02756530707411495,0.03782896176743563,,0.04821466152776633
mid_episode_switch,Random,40,33,20640611,0,120,408.64650398060354,0.5615324880016981,506,-182.22813695848743,0.08033190483770494,0.05876559421426367,,0.05152801538342542
mid_episode_switch,Random,40,34,20641608,0,120,346.5027157058215,0.6783899845009209,371,-174.10057068037273,0.07333268978126506,0.17538586513983864,,0.045108542771572516
mid_episode_switch,Random,40,35,20642605,0,120,369.7951615677965,0.582323745810061,351,-171.9491561196779,0.1412918480636486,0.10398418847146769,,0.050637172553796427
mid_episode_switch,Random,40,36,20643602,0,120,652.8569538052889,0.6211039435264829,430,-194.02870851147568,0.0,0.066537650134122,,0.04957625416115287
mid_episode_switch,Random,40,37,20644599,0,120,371.79877277622654,0.49798932188946554,297,-169.62525430148855,0.0,0.14230747753546888,,0.049799409885603885
mid_episode_switch,Random,40,38,20645596,0,120,557.5162106175048,0.6065245916356252,812,-200.41881856786028,0.0,0.06698167481506241,,0.04895955689941919
mid_episode_switch,Random,40,39,20646593,0,120,406.49526401680487,0.5229046363622263,599,-176.81280240155166,0.10579220239078878,0.062394757763273995,,0.05062328848307997
mid_episode_switch,Random,40,40,20647590,0,120,350.970234535426,0.5695924706140736,537,-179.6295839661255,0.062095777931013015,0.06666808900224128,,0.04826048165302867
mid_episode_switch,Random,40,41,20648587,0,120,488.1803084245109,0.6560083864408461,298,-176.63573951817006,0.07943921829871235,0.1394314701564726,,0.04818867971952581
mid_episode_switch,Random,40,42,20649584,0,120,358.89265305133785,0.5737111638986789,386,-179.09668468405337,0.05038401860669886,0.055221403765714765,,0.05142461488719927
mid_episode_switch,Random,40,43,20650581,0,120,559.4647330831727,0.5572974740597418,555,-184.32519131447967,0.10126864624016818,0.03714671688173858,,0.04746120700072336
mid_episode_switch,Random,40,44,20651578,0,120,489.4140298152885,0.6451061812713725,517,-190.67216889461147,0.0,0.05424720611653734,,0.049333560170264024
mid_episode_switch,Random,40,45,20652575,0,120,526.5712464111124,0.6306032036414513,373,-186.39737972390353,0.0,0.1519241629011032,,0.0538668378546149
mid_episode_switch,Random,40,46,20653572,0,120,377.14111632244413,0.5113738602388176,683,-185.22134327731024,0.003571535139808709,0.03891730211516999,,0.05488696814902076
mid_episode_switch,Random,40,47,20654569,0,120,484.5694572834324,0.5711650832050226,513,-184.4772796550392,0.03344419188954734,0.0483749262596544,,0.0494954412197825
mid_episode_switch,Random,40,48,20655566,0,120,411.15077035788613,0.6264761602841173,451,-180.33835638615636,0.13509155048644986,0.07516952632638572,,0.04838234649718411
mid_episode_switch,Random,40,49,20656563,0,120,434.3442235205691,0.5814390637938323,259,-169.16758841849216,0.09324213610398399,0.17076383458950073,,0.05211235857422976
mid_episode_switch,Interval Meta-GDM,100,0,20608490,1,27,138.8215394087589,0.5115276813610456,0,10.10176230192233,0.9009451683607144,0.8666787645314944,19.0,0.049010140392666914
mid_episode_switch,Interval Meta-GDM,100,1,20609487,1,50,152.71042244695823,0.538682438901295,0,-4.069912323493234,0.9012029189687736,0.8510654488162217,42.0,0.050071693091972076
mid_episode_switch,Interval Meta-GDM,100,2,20610484,1,58,136.75615555760595,0.5716164844288427,0,-25.092069443285812,0.9005153050258636,0.8521705025817522,50.0,0.04935807843578111
mid_episode_switch,Interval Meta-GDM,100,3,20611481,1,38,171.3922781539815,0.5759418283760274,0,5.3770348910777885,0.9001151783456093,0.8610811393946738,30.0,0.04886824765061132
mid_episode_switch,Interval Meta-GDM,100,4,20612478,1,86,134.77597306207554,0.5780945014559304,0,-37.17865117968037,0.9002116652885208,0.8382158873844324,78.0,0.05124281917867826
mid_episode_switch,Interval Meta-GDM,100,5,20613475,1,32,165.86771880695517,0.5804855655030372,0,6.522908851710138,0.9016443843023458,0.8652097026308148,24.0,0.050860292368893216
mid_episode_switch,Interval Meta-GDM,100,6,20614472,1,44,123.97749789266109,0.555181594437238,0,-4.436740362765512,0.9002158286569151,0.8487783066794908,36.0,0.04758738979903371
mid_episode_switch,Interval Meta-GDM,100,7,20615469,1,46,124.67855976413918,0.5549999933590144,0,-2.199752701124133,0.9007760137806019,0.8512964474175521,38.0,0.04694310708431999
mid_episode_switch,Interval Meta-GDM,100,8,20616466,1,29,136.95789798220815,0.5432940729920326,0,13.526454613143876,0.9014066974664935,0.8618101192869203,21.0,0.04886995414416643
mid_episode_switch,Interval Meta-GDM,100,9,20617463,1,44,164.9642660201248,0.5049197093067923,0,4.62331391101261,0.9002321977872513,0.8573217075968386,36.0,0.05047336233061474
mid_episode_switch,Interval Meta-GDM,100,10,20618460,1,43,169.58234239560886,0.617090201020785,0,-0.17992180093357568,0.9016219274915068,0.8588968151012054,35.0,0.04778657216219905
mid_episode_switch,Interval Meta-GDM,100,11,20619457,1,76,169.2968674037031,0.5515310661396435,0,-28.47868383517212,0.900064400509582,0.8346524342839415,68.0,0.04802284467057997
mid_episode_switch,Interval Meta-GDM,100,12,20620454,1,36,148.02169610399127,0.5599179241604932,0,6.347746008952473,0.9006633977937206,0.8529490064433612,28.0,0.051398834695621426
mid_episode_switch,Interval Meta-GDM,100,13,20621451,1,50,173.44905785572107,0.5625739955940561,0,0.9192768770944699,0.9000460631158697,0.8550935469196658,42.0,0.04828882518964872
mid_episode_switch,Interval Meta-GDM,100,14,20622448,1,60,167.0499373041763,0.582431275562378,0,-10.391324652055959,0.9000751133627625,0.8621033849206463,52.0,0.05012542926083283
mid_episode_switch,Interval Meta-GDM,100,15,20623445,1,35,176.16282547640975,0.5518381710763751,0,2.5503141938169662,0.9005828697727187,0.8622516292949846,27.0,0.048517214879562814
mid_episode_switch,Interval Meta-GDM,100,16,20624442,1,29,150.066273713995,0.5761449807145149,0,6.763150464739615,0.9003140061831018,0.8652603086725599,21.0,0.050439565738627755
mid_episode_switch,Interval Meta-GDM,100,17,20625439,1,56,144.18202713143788,0.5899842497695209,0,-7.6587276099821295,0.9000795897575306,0.8505237267873366,48.0,0.04768412376863793
mid_episode_switch,Interval Meta-GDM,100,18,20626436,1,26,130.70853994023423,0.5383779153850605,0,10.876494085124838,0.900476293340961,0.8699423159979313,18.0,0.04808749942434962
mid_episode_switch,Interval Meta-GDM,100,19,20627433,1,39,154.85360910405353,0.4815400739687583,0,4.162309587140019,0.9000093513183067,0.8585347001064823,31.0,0.051947410008101
mid_episode_switch,Interval Meta-GDM,100,20,20628430,1,50,158.3953018469232,0.5558828594750329,0,-5.558512753714455,0.9004195929713701,0.8467773762294414,42.0,0.050196180492067685
mid_episode_switch,Interval Meta-GDM,100,21,20629427,1,37,139.74865870535092,0.580987395341162,0,1.8620726958344465,0.9005948344864905,0.8644048589545062,29.0,0.04592515241878678
mid_episode_switch,Interval Meta-GDM,100,22,20630424,1,35,158.31792826628003,0.5922703937588536,0,0.7460291010024065,0.9010195647652071,0.8659414142137276,27.0,0.049589628325382176
mid_episode_switch,Interval Meta-GDM,100,23,20631421,1,49,137.7011860882536,0.591386009271281,0,-5.79448018312161,0.9010978396131726,0.8512391241697734,41.0,0.04692017141052318
mid_episode_switch,Interval Meta-GDM,100,24,20632418,1,49,179.99058677398722,0.57075647443218,0,-2.8666880694312677,0.9013941324879969,0.8461937200671823,41.0,0.051388866898993045
mid_episode_switch,Interval Meta-GDM,100,25,20633415,1,39,150.58928916637035,0.5887315865865164,0,1.7446425236986762,0.9014115721350725,0.8556201942301913,31.0,0.053285487720146435
mid_episode_switch,Interval Meta-GDM,100,26,20634412,1,27,174.00487115378075,0.5707875267918454,0,13.48795239046871,0.9024757057401114,0.8680268994382714,19.0,0.047494558588736115
mid_episode_switch,Interval Meta-GDM,100,27,20635409,1,47,141.28344245226592,0.5233152891539918,0,-6.545596532107508,0.9000354694350773,0.854876098747147,39.0,0.048241042966883606
mid_episode_switch,Interval Meta-GDM,100,28,20636406,1,40,165.40390016657696,0.5429347193935576,0,4.394771567854858,0.9013608221543594,0.8579854072390626,32.0,0.05114789880065104
mid_episode_switch,Interval Meta-GDM,100,29,20637403,1,45,180.00912794288956,0.5762418430214498,0,-1.7032408054910473,0.9003462465092515,0.8646805044764706,37.0,0.05054660720738169
mid_episode_switch,Interval Meta-GDM,100,30,20638400,1,42,151.59800200779043,0.5847606853791076,0,-1.133884349805987,0.9002001722225836,0.8590207937291806,34.0,0.04910220769660098
mid_episode_switch,Interval Meta-GDM,100,31,20639397,1,45,159.69975524819242,0.5703194398814415,0,-5.931882031548625,0.9001472955501818,0.8554362929390567,37.0,0.05112268344995342
mid_episode_switch,Interval Meta-GDM,100,32,20640394,1,40,130.9855264039066,0.5832324147945795,0,1.2509402615363712,0.9006560467667603,0.8587831249888318,32.0,0.05037442173101001
mid_episode_switch,Interval Meta-GDM,100,33,20641391,1,28,197.3943595913274,0.527204258965055,0,12.739235770832229,0.9006815929893086,0.8669119497194843,20.0,0.04839655658352224
mid_episode_switch,Interval Meta-GDM,100,34,20642388,1,32,148.151020360628,0.5265413924672451,0,9.901374192339519,0.9008166293819364,0.8646031303596065,24.0,0.05163366813981394
mid_episode_switch,Interval Meta-GDM,100,35,20643385,1,40,182.8285944531982,0.49898021595081543,0,6.567874726230549,0.9005925683131584,0.8535991658764974,32.0,0.048591017013416
mid_episode_switch,Interval Meta-GDM,100,36,20644382,1,44,158.85014688835457,0.5655545375952495,0,-4.06209244001678,0.9000268149751692,0.8506554392185727,36.0,0.050183578450764585
mid_episode_switch,Interval Meta-GDM,100,37,20645379,1,45,148.05295728288607,0.5800935095641018,0,2.8474283828032627,0.9002996060093104,0.8608601354730127,37.0,0.05010323357108368
mid_episode_switch,Interval Meta-GDM,100,38,20646376,1,46,136.4197383425851,0.5494306268107616,0,-3.467692886602503,0.9005378817417515,0.8580184498553287,38.0,0.05071510279179956
mid_episode_switch,Interval Meta-GDM,100,39,20647373,1,33,149.93377840044002,0.5113919154484197,0,11.492792656880605,0.9013091165901415,0.8641705377584351,25.0,0.04856857014003842
mid_episode_switch,Interval Meta-GDM,100,40,20648370,1,54,190.56399246371308,0.5211851865104524,0,-10.881518879547063,0.9000568420328602,0.8619178663914298,46.0,0.04919370478280646
mid_episode_switch,Interval Meta-GDM,100,41,20649367,1,29,145.4389376886371,0.5249533589480844,0,10.974216298293888,0.9022750166589494,0.8675014105863236,21.0,0.05106997592781679
mid_episode_switch,Interval Meta-GDM,100,42,20650364,1,63,135.78462379038163,0.5807115434852692,0,-24.527875965556312,0.9007795320909607,0.8456776217561549,55.0,0.04656938335618377
mid_episode_switch,Interval Meta-GDM,100,43,20651361,1,29,154.97535893312426,0.5158666167660839,0,13.031891053517413,0.9010171215562313,0.8679981706970471,21.0,0.05066364429074152
mid_episode_switch,Interval Meta-GDM,100,44,20652358,1,59,144.51278974535194,0.6023539873999848,0,-12.851891606326499,0.9002292109947636,0.8370357491253342,51.0,0.051470576811041564
mid_episode_switch,Interval Meta-GDM,100,45,20653355,1,60,143.31733567988073,0.5582383210676409,0,-24.50325481235378,0.901015303824236,0.8448802599319052,52.0,0.04828884855827364
mid_episode_switch,Interval Meta-GDM,100,46,20654352,1,49,154.61646417410242,0.5703777502274925,0,-9.203710424410568,0.9007822599031992,0.8598964255141449,41.0,0.04873989489969481
mid_episode_switch,Interval Meta-GDM,100,47,20655349,1,38,140.34773162659013,0.5945982275699506,0,3.96484927474299,0.9011215684792296,0.8609702127949199,30.0,0.05151659776286888
mid_episode_switch,Interval Meta-GDM,100,48,20656346,1,37,149.17635445035145,0.5408074029144787,0,5.362997891187228,0.9000178553682516,0.8583524271124091,29.0,0.05137113494215363
mid_episode_switch,Interval Meta-GDM,100,49,20657343,1,38,130.89950520488966,0.5653552473470906,0,0.3740289950503115,0.9004049426326861,0.8543966440564115,30.0,0.051594732665033956
mid_episode_switch,Bounded confidence,100,0,20608490,1,27,132.67817426566396,0.5321276273737234,0,7.971874344186187,0.9017419130652895,0.8690005157937678,19.0,0.049010140392666914
mid_episode_switch,Bounded confidence,100,1,20609487,1,51,146.68362533596357,0.5689957616246251,0,-17.954512785003168,0.9010776911114846,0.8535943560321149,43.0,0.050071693091972076
mid_episode_switch,Bounded confidence,100,2,20610484,1,66,130.31222772679422,0.5922492982727616,0,-33.920861972442395,0.900168280301152,0.8541805901668501,58.0,0.04935807843578111
mid_episode_switch,Bounded confidence,100,3,20611481,1,37,162.1846355129211,0.6097666449971999,0,-3.1513346045892767,0.9015218835510209,0.864485001693298,29.0,0.04886824765061132
mid_episode_switch,Bounded confidence,100,4,20612478,1,86,127.05326238819363,0.6133244375053306,0,-58.73698002231168,0.9003542846810552,0.8459654033659357,78.0,0.05124281917867826
mid_episode_switch,Bounded confidence,100,5,20613475,1,30,160.24047675515746,0.6049638480048511,0,3.8737152224822724,0.9014580769063346,0.8668881178386094,22.0,0.050860292368893216
mid_episode_switch,Bounded confidence,100,6,20614472,1,43,119.59472083886315,0.5936742323296573,0,-8.961344317799256,0.9006159704208678,0.8520650011520343,35.0,0.04758738979903371
mid_episode_switch,Bounded confidence,100,7,20615469,1,47,112.95088844050166,0.5968453277263361,0,-14.850537693516525,0.9005602218644227,0.8555490677570629,39.0,0.04694310708431999
mid_episode_switch,Bounded confidence,100,8,20616466,1,29,126.56885699779475,0.5678690893873339,0,8.09329736638282,0.9001362124360451,0.8632130542236751,21.0,0.04886995414416643
mid_episode_switch,Bounded confidence,100,9,20617463,1,41,147.6196435508158,0.5809823632890578,0,-5.911239004821596,0.9007320586184919,0.8617139733883934,33.0,0.05047336233061474
mid_episode_switch,Bounded confidence,100,10,20618460,1,41,162.38017193157754,0.6436153733630814,0,-7.709242876486712,0.9008946983643316,0.8610078160082428,33.0,0.04778657216219905
mid_episode_switch,Bounded confidence,100,11,20619457,1,72,167.37532973443578,0.5627046393113357,0,-39.32702955930538,0.9006052630098124,0.83976760932652,64.0,0.04802284467057997
mid_episode_switch,Bounded confidence,100,12,20620454,1,35,138.79974298335307,0.5863585706685577,0,-0.3349318978296214,0.9000947343331863,0.855715918616761,27.0,0.051398834695621426
mid_episode_switch,Bounded confidence,100,13,20621451,1,47,165.16592040420986,0.5846092027621559,0,-10.212676662033974,0.9008492519557044,0.8577985002301254,39.0,0.04828882518964872
mid_episode_switch,Bounded confidence,100,14,20622448,1,44,160.78428662075243,0.6071544837723588,0,-11.394825034575863,0.9002474002001174,0.8649874461471984,36.0,0.05012542926083283
mid_episode_switch,Bounded confidence,100,15,20623445,1,38,164.78787767133065,0.5853836042452529,0,-1.3576111716169663,0.9003418976596597,0.861794583491005,30.0,0.048517214879562814
mid_episode_switch,Bounded confidence,100,16,20624442,1,29,140.34496191837172,0.6012464121075549,0,4.62140302954407,0.9006454243711379,0.8672989232814179,21.0,0.050439565738627755
mid_episode_switch,Bounded confidence,100,17,20625439,1,54,134.95597572194907,0.6155271255145727,0,-19.632706294237344,0.9002131158855315,0.8533715731482147,46.0,0.04768412376863793
mid_episode_switch,Bounded confidence,100,18,20626436,1,27,124.50383869682193,0.5643487255151705,0,7.2282530046984865,0.9019976211438357,0.8723466050283519,19.0,0.04808749942434962
mid_episode_switch,Bounded confidence,100,19,20627433,1,38,148.77230815397817,0.49582050678133105,0,-3.2823826853733795,0.9021517575431361,0.8630545670561728,30.0,0.051947410008101
mid_episode_switch,Bounded confidence,100,20,20628430,1,44,154.4334278077695,0.5855352690899951,0,-9.512581595302477,0.9001105933640229,0.8504621290142985,36.0,0.050196180492067685
mid_episode_switch,Bounded confidence,100,21,20629427,1,39,131.35080313709594,0.6071674586406766,0,-3.750967665891743,0.9009439954090124,0.866560600015831,31.0,0.04592515241878678
mid_episode_switch,Bounded confidence,100,22,20630424,1,34,156.28711965703312,0.6085485637463006,0,0.5743135952785625,0.9005520884899513,0.8674180257545129,26.0,0.049589628325382176
mid_episode_switch,Bounded confidence,100,23,20631421,1,46,124.8043680984326,0.6361824322385716,0,-15.038278044247706,0.9007130937092456,0.8552276134333883,38.0,0.04692017141052318
mid_episode_switch,Bounded confidence,100,24,20632418,1,47,178.9081253884071,0.5906449868833625,0,-11.12591052123767,0.9017451174366599,0.8489745586960497,39.0,0.051388866898993045
mid_episode_switch,Bounded confidence,100,25,20633415,1,38,142.85351749970917,0.6195365977123619,0,-4.4539586172451795,0.9010627824387307,0.8580183631812727,30.0,0.053285487720146435
mid_episode_switch,Bounded confidence,100,26,20634412,1,27,163.6441291146836,0.5951742803764852,0,8.105370573629347,0.9005955358726476,0.8681277635600794,19.0,0.047494558588736115
mid_episode_switch,Bounded confidence,100,27,20635409,1,41,138.84122738890565,0.5553948256342567,0,-5.709617089240268,0.9000842009331347,0.8576205816351219,33.0,0.048241042966883606
mid_episode_switch,Bounded confidence,100,28,20636406,1,39,156.0547603786757,0.5804037684967742,0,-4.625630845854859,0.9007385393004677,0.8601263828152381,31.0,0.05114789880065104
mid_episode_switch,Bounded confidence,100,29,20637403,1,38,171.91621578977902,0.5973271171278953,0,-3.2922134190628434,0.900854342181719,0.8672896149820637,30.0,0.05054660720738169
mid_episode_switch,Bounded confidence,100,30,20638400,1,41,142.74695300149523,0.6207656417511227,0,-6.318707193823927,0.9001555797833032,0.8607744467771649,33.0,0.04910220769660098
mid_episode_switch,Bounded confidence,100,31,20639397,1,42,153.16309134063266,0.5976718635583176,0,-8.603461978905747,0.9006303780691891,0.8589327432097928,34.0,0.05112268344995342
mid_episode_switch,Bounded confidence,100,32,20640394,1,38,123.27120181820571,0.6177131635203608,0,-5.215583954058452,0.9002390551300914,0.8616398625820173,30.0,0.05037442173101001
mid_episode_switch,Bounded confidence,100,33,20641391,1,24,187.65379394228967,0.5682217682165274,0,10.975601972265803,0.9000511979258201,0.868874828854047,16.0,0.04839655658352224
mid_episode_switch,Bounded confidence,100,34,20642388,1,31,130.37417443134208,0.5667143225707281,0,2.989475088077593,0.900212720286705,0.8659308211794283,23.0,0.05163366813981394
mid_episode_switch,Bounded confidence,100,35,20643385,1,39,168.9818145971416,0.5380050528447646,0,-4.539979581027264,0.9009557592923303,0.8572708313157507,31.0,0.048591017013416
mid_episode_switch,Bounded confidence,100,36,20644382,1,44,151.75080799930325,0.6103952219006985,0,-10.622796519826382,0.9008191269795989,0.8542360395691039,36.0,0.050183578450764585
mid_episode_switch,Bounded confidence,100,37,20645379,1,42,135.76922109241934,0.5999936958581193,0,-5.9231706480354855,0.9000345849103755,0.8608468636437671,34.0,0.05010323357108368
mid_episode_switch,Bounded confidence,100,38,20646376,1,42,131.78986360422417,0.5648124203579721,0,-7.643031038328608,0.9010644893161354,0.861173174270195,34.0,0.05071510279179956
mid_episode_switch,Bounded confidence,100,39,20647373,1,34,124.53816556036702,0.5426019034668619,0,2.2666433240307144,0.9011720456176753,0.863124653752299,26.0,0.04856857014003842
mid_episode_switch,Bounded confidence,100,40,20648370,1,48,187.32604511714405,0.5396081985641374,0,-10.329718967241492,0.9005263585058411,0.8643888191594702,40.0,0.04919370478280646
mid_episode_switch,Bounded confidence,100,41,20649367,1,28,136.6613178051106,0.5575846744072894,0,6.370464799676666,0.9005261840274693,0.8687933925394636,20.0,0.05106997592781679
mid_episode_switch,Bounded confidence,100,42,20650364,1,81,123.09863372776334,0.6297264181823079,0,-37.985598599830986,0.9001297034197032,0.845964711810914,73.0,0.04656938335618377
mid_episode_switch,Bounded confidence,100,43,20651361,1,26,147.1210672560193,0.5358770486201834,0,10.066681250132708,0.9016444486945272,0.8704706154375874,18.0,0.05066364429074152
mid_episode_switch,Bounded confidence,100,44,20652358,1,53,144.98566823304873,0.6241770135999098,0,-19.02145284374288,0.9000711222303929,0.8416349530007897,45.0,0.051470576811041564
mid_episode_switch,Bounded confidence,100,45,20653355,1,62,135.68424470058613,0.5769370250899999,0,-29.999547387075825,0.9002958194062465,0.8488288567928528,54.0,0.04828884855827364
mid_episode_switch,Bounded confidence,100,46,20654352,1,47,150.7348052417698,0.5927731805242484,0,-5.290506966149422,0.9009927070118678,0.8605263577224634,39.0,0.04873989489969481
mid_episode_switch,Bounded confidence,100,47,20655349,1,37,133.36832664248806,0.6121252864857918,0,-3.514363395663393,0.9020588853309527,0.8641453649406183,29.0,0.05151659776286888
mid_episode_switch,Bounded confidence,100,48,20656346,1,37,140.79279680357774,0.5680516971408174,0,-1.987997537222114,0.9014021320612788,0.8613324252453233,29.0,0.05137113494215363
mid_episode_switch,Bounded confidence,100,49,20657343,1,37,123.82587609664202,0.5846499833981424,0,-3.2938339520275317,0.9015263720715812,0.8572744280673051,29.0,0.051594732665033956
mid_episode_switch,Mean consensus,100,0,20608490,1,27,137.52423193130383,0.521660749162639,0,7.844657320907069,0.9018306615768378,0.8691877572692304,19.0,0.049010140392666914
mid_episode_switch,Mean consensus,100,1,20609487,1,51,151.65906059189126,0.5576343012938751,0,-18.103832786192037,0.9008726415240034,0.8536908547267089,43.0,0.050071693091972076
mid_episode_switch,Mean consensus,100,2,20610484,1,66,134.83457495696814,0.5808299026439203,0,-33.974731884409216,0.9000166822899479,0.8542273243528856,58.0,0.04935807843578111
mid_episode_switch,Mean consensus,100,3,20611481,1,36,167.0519200669739,0.5932171053304043,0,-2.257340887921073,0.9001146608195277,0.8636762816611203,28.0,0.04886824765061132
mid_episode_switch,Mean consensus,100,4,20612478,1,86,130.81294425160343,0.6080003355324002,0,-58.707635380556745,0.9005274302194974,0.8462034059601498,78.0,0.05124281917867826
mid_episode_switch,Mean consensus,100,5,20613475,1,30,163.5592600727749,0.594199993306169,0,3.801897269834315,0.9015608067393163,0.867089262415474,22.0,0.050860292368893216
mid_episode_switch,Mean consensus,100,6,20614472,1,43,124.65335138303897,0.5753129062178337,0,-9.124408096835287,0.9008679250550577,0.852446202650584,35.0,0.04758738979903371
mid_episode_switch,Mean consensus,100,7,20615469,1,47,117.76345664039265,0.5887934280064797,0,-14.996657214673519,0.9007517303587461,0.8559600977595662,39.0,0.04694310708431999
mid_episode_switch,Mean consensus,100,8,20616466,1,29,131.25066782846096,0.5573640088012544,0,7.946694570345469,0.9003564965194066,0.8635532806584102,21.0,0.04886995414416643
mid_episode_switch,Mean consensus,100,9,20617463,1,42,155.7812201890141,0.5621240373867269,0,-6.822409751764898,0.900745636863557,0.8619340409766463,34.0,0.05047336233061474
mid_episode_switch,Mean consensus,100,10,20618460,1,41,166.65238012566508,0.6312569086682764,0,-7.798946035657876,0.9008238261171394,0.8610810080624969,33.0,0.04778657216219905
mid_episode_switch,Mean consensus,100,11,20619457,1,72,174.96618762618328,0.5485262897850685,0,-39.47981223004043,0.9005962625286549,0.8399591424461691,64.0,0.04802284467057997
mid_episode_switch,Mean consensus,100,12,20620454,1,36,144.96938289797703,0.5787315231990955,0,-1.3852232077112792,0.9023108560715837,0.8573502653433364,28.0,0.051398834695621426
mid_episode_switch,Mean consensus,100,13,20621451,1,47,169.97358763536207,0.5745138320421852,0,-10.278328522790439,0.9008174375844912,0.8578455233449361,39.0,0.04828882518964872
mid_episode_switch,Mean consensus,100,14,20622448,1,44,165.079343388884,0.5978776820111384,0,-11.503028815736627,0.9002500035752458,0.8651313779254642,36.0,0.05012542926083283
mid_episode_switch,Mean consensus,100,15,20623445,1,38,170.5841548037854,0.5737517014258897,0,-1.5343202563473817,0.9007670939998833,0.8624016614432997,30.0,0.048517214879562814
mid_episode_switch,Mean consensus,100,16,20624442,1,29,145.41441243743665,0.5903914779839023,0,4.491978526848151,0.9008257257141253,0.8675453106316238,21.0,0.050439565738627755
mid_episode_switch,Mean consensus,100,17,20625439,1,54,138.31569417477516,0.6064306863618301,0,-19.721283945957794,0.9001792820636884,0.8534475035849928,46.0,0.04768412376863793
mid_episode_switch,Mean consensus,100,18,20626436,1,27,128.3249069607078,0.5575201675746879,0,7.119746176028045,0.9020929024813734,0.8725053636084115,19.0,0.04808749942434962
mid_episode_switch,Mean consensus,100,19,20627433,1,37,155.99592068111102,0.48216661855389464,0,-2.5402003444596186,0.9000272502190768,0.8617285387165273,29.0,0.051947410008101
mid_episode_switch,Mean consensus,100,20,20628430,1,44,160.84773442439527,0.5744966593844831,0,-9.699111185159532,0.9002543975545292,0.8507958136972646,36.0,0.050196180492067685
mid_episode_switch,Mean consensus,100,21,20629427,1,39,135.66268490356302,0.5996021692343874,0,-3.9311049791033934,0.9011918511753436,0.8669229650995592,31.0,0.04592515241878678
mid_episode_switch,Mean consensus,100,22,20630424,1,34,161.80879526990043,0.6020687471571331,0,0.4420494279975191,0.9004189009079291,0.8674779526108946,26.0,0.049589628325382176
mid_episode_switch,Mean consensus,100,23,20631421,1,46,128.65925620857334,0.6250508583473262,0,-15.138592797113928,0.9007233349719321,0.8553792746747043,38.0,0.04692017141052318
mid_episode_switch,Mean consensus,100,24,20632418,1,46,186.8076290054005,0.5767949852443437,0,-10.820265449570101,0.9001527568941721,0.8485537401940906,38.0,0.051388866898993045
mid_episode_switch,Mean consensus,100,25,20633415,1,38,148.57811898829917,0.6070006625722846,0,-4.573964334474036,0.9013187472484131,0.8583550667495782,30.0,0.053285487720146435
mid_episode_switch,Mean consensus,100,26,20634412,1,27,168.4994417485714,0.5846297004233771,0,7.986583484318714,0.900512436964845,0.8681839784326322,19.0,0.047494558588736115
mid_episode_switch,Mean consensus,100,27,20635409,1,41,143.6603543132867,0.5424651582894697,0,-5.858684961887553,0.9001364259824414,0.8577688873204904,33.0,0.048241042966883606
mid_episode_switch,Mean consensus,100,28,20636406,1,39,162.24574249069755,0.5682280116144447,0,-4.776480503034392,0.9008460516591916,0.8603477282695107,31.0,0.05114789880065104
mid_episode_switch,Mean consensus,100,29,20637403,1,38,176.47766531200335,0.5861900092543832,0,-3.3748410089111704,0.9008533939851119,0.8673680026393432,30.0,0.05054660720738169
mid_episode_switch,Mean consensus,100,30,20638400,1,41,146.76409550672625,0.610177610996429,0,-6.473844636993876,0.9002788680859339,0.8610347353908833,33.0,0.04910220769660098
mid_episode_switch,Mean consensus,100,31,20639397,1,42,159.42860865131092,0.5848550726214983,0,-8.759407983901784,0.9005254075896941,0.8589635094498189,34.0,0.05112268344995342
mid_episode_switch,Mean consensus,100,32,20640394,1,38,126.76400450557888,0.6096583907658277,0,-5.324903305516353,0.9002901846640674,0.8618097144299474,30.0,0.05037442173101001
mid_episode_switch,Mean consensus,100,33,20641391,1,24,193.59127441768646,0.5582886456815108,0,10.853563080538727,0.9000958736119322,0.869011759577909,16.0,0.04839655658352224
mid_episode_switch,Mean consensus,100,34,20642388,1,31,136.27394129266162,0.5575853990498327,0,2.811742092585808,0.9002240763496052,0.866109089728372,23.0,0.05163366813981394
mid_episode_switch,Mean consensus,100,35,20643385,1,39,176.73775901480417,0.5282268420981833,0,-4.726870486222481,0.9009968463703116,0.857458271000484,31.0,0.048591017013416
mid_episode_switch,Mean consensus,100,36,20644382,1,44,159.20028245120423,0.5933496271996386,0,-10.79287848120055,0.9013647600041665,0.8549548534228502,36.0,0.050183578450764585
mid_episode_switch,Mean consensus,100,37,20645379,1,42,139.51866459968184,0.593848546417509,0,-6.068544554519638,0.9004981526221691,0.8615881942626089,34.0,0.05010323357108368
mid_episode_switch,Mean consensus,100,38,20646376,1,42,136.15460815450206,0.5582172059433734,0,-7.781658299217218,0.9010814943971838,0.8613473602755028,34.0,0.05071510279179956
mid_episode_switch,Mean consensus,100,39,20647373,1,34,132.78071134818887,0.5374301768416909,0,1.961335567399951,0.9022772982544576,0.8646123722330056,26.0,0.04856857014003842
mid_episode_switch,Mean consensus,100,40,20648370,1,48,191.06855019235758,0.5288305250115428,0,-10.453433987076744,0.9005154432941932,0.8644846695268493,40.0,0.04919370478280646
mid_episode_switch,Mean consensus,100,41,20649367,1,28,140.37288795370307,0.5465238843615572,0,6.276848189166462,0.9007228279731857,0.8690925350492847,20.0,0.05106997592781679
mid_episode_switch,Mean consensus,100,42,20650364,1,81,128.85202024451502,0.6121280742377171,0,-38.338183089534056,0.9004528491066356,0.8464369664106542,73.0,0.04656938335618377
mid_episode_switch,Mean consensus,100,43,20651361,1,26,152.6771950692255,0.5219770613597248,0,9.919575325953783,0.9018396301542203,0.8708143144158872,18.0,0.05066364429074152
mid_episode_switch,Mean consensus,100,44,20652358,1,53,152.5717163461197,0.6175789627067956,0,-19.27935685867729,0.9001617493919386,0.8420182403390404,45.0,0.051470576811041564
mid_episode_switch,Mean consensus,100,45,20653355,1,62,141.65035312687937,0.5674841460468265,0,-30.210988786068746,0.9002834667673948,0.8489652769440463,54.0,0.04828884855827364
mid_episode_switch,Mean consensus,100,46,20654352,1,46,154.1934028501352,0.5827263696254879,0,-4.61111186090012,0.9002100392905339,0.8603229842054202,38.0,0.04873989489969481
mid_episode_switch,Mean consensus,100,47,20655349,1,37,136.74937483865665,0.6027215629807003,0,-3.6128923252198586,0.9020790511307671,0.8642608883034398,29.0,0.05151659776286888
mid_episode_switch,Mean consensus,100,48,20656346,1,37,147.55401720529295,0.5571600500221754,0,-2.191957776294492,0.901499766626801,0.8615420009648126,29.0,0.05137113494215363
mid_episode_switch,Mean consensus,100,49,20657343,1,37,129.22264104557757,0.5764763511049265,0,-3.4829794097659956,0.9016952638885131,0.8575940860969514,29.0,0.051594732665033956
mid_episode_switch,Observable cost-aware,100,0,20608490,1,48,101.62658069378891,0.5821177200682299,0,-11.649935573578304,0.9011109358748687,0.8577954948716241,40.0,0.049010140392666914
mid_episode_switch,Observable cost-aware,100,1,20609487,1,80,117.53537387046377,0.6078878728101906,0,-45.75434696370977,0.9000740659023188,0.8390113511140399,72.0,0.050071693091972076
mid_episode_switch,Observable cost-aware,100,2,20610484,1,108,100.89930422938905,0.6405814106965009,0,-77.51158123071636,0.9000935797734733,0.8361053830242458,100.0,0.04935807843578111
mid_episode_switch,Observable cost-aware,100,3,20611481,1,67,130.36576496628646,0.6548680125324076,0,-32.12234230228942,0.9004075192690076,0.8503677364741304,59.0,0.04886824765061132
mid_episode_switch,Observable cost-aware,100,4,20612478,0,120,93.69002702036504,0.6528104483160206,0,-99.9704711164759,0.8919494906615396,0.8255257284399955,,0.05124281917867826
mid_episode_switch,Observable cost-aware,100,5,20613475,1,54,129.15452034259383,0.6427167576308981,0,-18.618446271413188,0.9007194895228342,0.8559589283612484,46.0,0.050860292368893216
mid_episode_switch,Observable cost-aware,100,6,20614472,1,76,95.04690130371569,0.6378536787790059,0,-40.57885412079362,0.9005803537494327,0.8361071600663411,68.0,0.04758738979903371
mid_episode_switch,Observable cost-aware,100,7,20615469,1,92,84.33630378486573,0.6384475500841196,0,-60.20567262586662,0.9002147761037115,0.838180733922358,84.0,0.04694310708431999
mid_episode_switch,Observable cost-aware,100,8,20616466,1,59,100.98701217738913,0.6048378283212992,0,-17.830874406021138,0.9007548625478732,0.8500637997629542,51.0,0.04886995414416643
mid_episode_switch,Observable cost-aware,100,9,20617463,1,71,119.29563300097,0.6180964729742375,0,-34.54451342906528,0.9004706249712818,0.8498194501658459,63.0,0.05047336233061474
mid_episode_switch,Observable cost-aware,100,10,20618460,1,75,133.70928058332854,0.68902318876608,0,-40.571500690836835,0.9000213253757664,0.8450706663479306,67.0,0.04778657216219905
mid_episode_switch,Observable cost-aware,100,11,20619457,1,120,138.67256992658469,0.5966024810631352,0,-86.36415383559367,0.9000811353165201,0.8187737469986612,112.0,0.04802284467057997
mid_episode_switch,Observable cost-aware,100,12,20620454,1,64,106.19688615985677,0.6222813988197926,0,-27.36105747526436,0.9007559697994346,0.8420363608762867,56.0,0.051398834695621426
mid_episode_switch,Observable cost-aware,100,13,20621451,1,96,131.31264721613422,0.6200486179887141,0,-57.445219383755386,0.9000216467086067,0.8380526254360704,88.0,0.04828882518964872
mid_episode_switch,Observable cost-aware,100,14,20622448,1,94,124.68590065932464,0.6448143847752446,0,-60.6499316564601,0.9001234234017915,0.8477579299513074,86.0,0.05012542926083283
mid_episode_switch,Observable cost-aware,100,15,20623445,1,61,129.9733890134294,0.6194331183391155,0,-23.39112458143937,0.9001177121567554,0.8505483301126378,53.0,0.048517214879562814
mid_episode_switch,Observable cost-aware,100,16,20624442,1,48,106.62028649397249,0.6518639605016148,0,-13.133699924343855,0.9004865080321502,0.8568440424890661,40.0,0.050439565738627755
mid_episode_switch,Observable cost-aware,100,17,20625439,1,107,104.57947172564644,0.6641453776626018,0,-68.65320458913362,0.9001860209278779,0.8324339399239972,99.0,0.04768412376863793
mid_episode_switch,Observable cost-aware,100,18,20626436,1,50,92.44402311883239,0.6062101727153038,0,-13.752135171174986,0.9001672170064469,0.8602278445720017,42.0,0.04808749942434962
mid_episode_switch,Observable cost-aware,100,19,20627433,1,64,113.9987828289326,0.5429060564523474,0,-26.425143443351917,0.9005327073121412,0.8492576138239135,56.0,0.051947410008101
mid_episode_switch,Observable cost-aware,100,20,20628430,1,86,124.90063037282435,0.6190203706046995,0,-50.94145337094302,0.9003901733731688,0.8315979630244635,78.0,0.050196180492067685
mid_episode_switch,Observable cost-aware,100,21,20629427,1,60,104.01971831709596,0.6450348720129742,0,-22.45809982683864,0.9005739125136316,0.8553150219409206,52.0,0.04592515241878678
mid_episode_switch,Observable cost-aware,100,22,20630424,1,60,122.48984421350004,0.6412369586711126,0,-22.84735906157121,0.9001564723480471,0.8556031725352586,52.0,0.049589628325382176
mid_episode_switch,Observable cost-aware,100,23,20631421,1,76,96.09357546410989,0.6820005055881759,0,-43.54310576236096,0.9002624204021373,0.8405430107646144,68.0,0.04692017141052318
mid_episode_switch,Observable cost-aware,100,24,20632418,1,79,142.2188131961722,0.6234661758955966,0,-41.487594681419964,0.9005527119041018,0.8320788949276557,71.0,0.051388866898993045
mid_episode_switch,Observable cost-aware,100,25,20633415,1,68,113.69807662529428,0.6535618888340498,0,-34.007497024691446,0.9005493081648408,0.8444499968080836,60.0,0.053285487720146435
mid_episode_switch,Observable cost-aware,100,26,20634412,1,47,131.222557225996,0.6341295755206806,0,-10.082114740615319,0.9004701360189722,0.8582196973242406,39.0,0.047494558588736115
mid_episode_switch,Observable cost-aware,100,27,20635409,1,74,110.85667703276253,0.5952308385182163,0,-35.581164924285915,0.900356988330023,0.8442097000635744,66.0,0.048241042966883606
mid_episode_switch,Observable cost-aware,100,28,20636406,1,73,126.43162293720611,0.6173373532793955,0,-37.31317718679833,0.9002996312853891,0.8465839975491039,65.0,0.05114789880065104
mid_episode_switch,Observable cost-aware,100,29,20637403,1,71,139.1761190602073,0.6303436510240756,0,-33.82249480020195,0.9002994358109123,0.8560063265611624,63.0,0.05054660720738169
mid_episode_switch,Observable cost-aware,100,30,20638400,1,82,110.4544276244488,0.6627914560534434,0,-45.92873850237074,0.9004848485210024,0.8433602557763975,74.0,0.04910220769660098
mid_episode_switch,Observable cost-aware,100,31,20639397,1,77,122.20568562194056,0.6293083004289577,0,-43.795301212970365,0.9000896642540084,0.8459901131374845,69.0,0.05112268344995342
mid_episode_switch,Observable cost-aware,100,32,20640394,1,69,94.8074656132922,0.6520148193471353,0,-33.8714466386426,0.900228846955567,0.8497481704854454,61.0,0.05037442173101001
mid_episode_switch,Observable cost-aware,100,33,20641391,1,46,151.64940435068047,0.6042450962420307,0,-9.32172518883346,0.9002490579381345,0.8611895038268682,38.0,0.04839655658352224
mid_episode_switch,Observable cost-aware,100,34,20642388,1,60,99.49365591526143,0.6109708054890624,0,-24.538050794266983,0.9002486020083956,0.8543408429453656,52.0,0.05163366813981394
mid_episode_switch,Observable cost-aware,100,35,20643385,1,70,131.01572845401284,0.5764981662587374,0,-34.87848074980589,0.9000026011036072,0.8446384366267964,62.0,0.048591017013416
mid_episode_switch,Observable cost-aware,100,36,20644382,1,74,122.79270468550679,0.6437717243338839,0,-40.25769387605238,0.9002583594572331,0.8395382721319464,66.0,0.050183578450764585
mid_episode_switch,Observable cost-aware,100,37,20645379,1,80,102.92364065469405,0.6456246321373369,0,-40.6133389017071,0.9003751024022191,0.8418757069654721,72.0,0.05010323357108368
mid_episode_switch,Observable cost-aware,100,38,20646376,1,81,103.16381590274496,0.60843838094979,0,-45.5993388028378,0.9002305526501643,0.8442306097387847,73.0,0.05071510279179956
mid_episode_switch,Observable cost-aware,100,39,20647373,1,60,92.50654586208317,0.5806757530049038,0,-23.052801258408763,0.900684230392206,0.8495034268197458,52.0,0.04856857014003842
mid_episode_switch,Observable cost-aware,100,40,20648370,1,91,146.64644384704215,0.5800267079726309,0,-49.80930406073715,0.9003461049095018,0.8488571444240729,83.0,0.04919370478280646
mid_episode_switch,Observable cost-aware,100,41,20649367,1,56,105.69321696885162,0.594709754818157,0,-20.404786524168497,0.9003101572386796,0.8578859528874812,48.0,0.05106997592781679
mid_episode_switch,Observable cost-aware,100,42,20650364,1,118,96.70709783318111,0.6765955057688946,0,-79.28606424491089,0.9000804923688784,0.8274737439687346,110.0,0.04656938335618377
mid_episode_switch,Observable cost-aware,100,43,20651361,1,52,116.87075916446167,0.5794343425921142,0,-13.645582663774121,0.9006743648902461,0.8588890166426133,44.0,0.05066364429074152
mid_episode_switch,Observable cost-aware,100,44,20652358,1,108,116.5828767437098,0.6542794790778341,0,-72.42666187548254,0.9000673660711438,0.8178364426516448,100.0,0.051470576811041564
mid_episode_switch,Observable cost-aware,100,45,20653355,1,99,104.05098505148585,0.6114568985133171,0,-66.38276077364903,0.900102470708973,0.8321403633037222,91.0,0.04828884855827364
mid_episode_switch,Observable cost-aware,100,46,20654352,1,94,119.55752540544486,0.6339599099884494,0,-42.91040737975184,0.9003137083976118,0.841511698351898,86.0,0.04873989489969481
mid_episode_switch,Observable cost-aware,100,47,20655349,1,66,103.02035733598697,0.6523398635474555,0,-30.437473411182822,0.9002997356929845,0.8489484558848772,58.0,0.05151659776286888
mid_episode_switch,Observable cost-aware,100,48,20656346,1,66,109.14624564105485,0.6088015615809621,0,-28.145692749474577,0.9004759468197466,0.8464689918010065,58.0,0.05137113494215363
mid_episode_switch,Observable cost-aware,100,49,20657343,1,63,95.20050701502026,0.6312591400362746,0,-28.408033007359137,0.9006404046161403,0.8429484773377991,55.0,0.051594732665033956
mid_episode_switch,Random,100,0,20608490,0,120,933.4560672509731,0.5344739140611594,884,-178.14310051433944,0.0,0.05357890299532087,,0.049010140392666914
mid_episode_switch,Random,100,1,20609487,0,120,1009.7480520044245,0.6003111898945936,1357,-185.11075692630587,0.0,0.022387844463258127,,0.050071693091972076
mid_episode_switch,Random,100,2,20610484,0,120,1232.6679906984357,0.5823717204421337,1156,-184.80216275590152,0.0,0.03204752915389559,,0.04935807843578111
mid_episode_switch,Random,100,3,20611481,0,120,1288.1894441466195,0.5500147265671707,1293,-187.8147500982238,0.0,0.021220597651510218,,0.04886824765061132
mid_episode_switch,Random,100,4,20612478,0,120,1111.836768873085,0.5148994848648447,1034,-174.8404119267542,0.0,0.04255359093424693,,0.05124281917867826
mid_episode_switch,Random,100,5,20613475,0,120,1142.1546302443876,0.5682808428741182,1344,-185.0930450314425,0.0,0.0466913656465185,,0.050860292368893216
mid_episode_switch,Random,100,6,20614472,0,120,1075.3435189307838,0.6147168880982916,1220,-189.02873152579895,0.0,0.04323891174592006,,0.04758738979903371
mid_episode_switch,Random,100,7,20615469,0,120,892.9962357273313,0.5650249027622305,963,-172.89554566526718,0.07013698570745305,0.07140684022074982,,0.04694310708431999
mid_episode_switch,Random,100,8,20616466,0,120,1167.225130757546,0.6079985294933545,1275,-187.31134321683976,0.0,0.05429284270154979,,0.04886995414416643
mid_episode_switch,Random,100,9,20617463,0,120,1100.1734357689334,0.5708124264661438,1414,-188.08214612219896,0.0,0.012576054105082595,,0.05047336233061474
mid_episode_switch,Random,100,10,20618460,0,120,1021.4561366220896,0.5849425156259052,1420,-188.19167190467704,0.016197498172681565,0.01937077099684921,,0.04778657216219905
mid_episode_switch,Random,100,11,20619457,0,120,1346.6075110540576,0.5959107999960289,1642,-197.39078631674852,0.0,0.01459254993709956,,0.04802284467057997
mid_episode_switch,Random,100,12,20620454,0,120,1316.4515690516064,0.6415934092853028,1069,-186.40714159897212,0.0,0.0795914038555862,,0.051398834695621426
mid_episode_switch,Random,100,13,20621451,0,120,1195.1868976399437,0.5945721248759686,1722,-195.46839322015217,0.0,0.018196464029125264,,0.04828882518964872
mid_episode_switch,Random,100,14,20622448,0,120,1096.474718661022,0.5641801622931182,1345,-188.23301094423667,0.021285546281402366,0.04080587036648424,,0.05012542926083283
mid_episode_switch,Random,100,15,20623445,0,120,1423.6236267285215,0.5663463797143902,1773,-194.54597453707004,0.02311352439795197,0.010876266812157967,,0.048517214879562814
mid_episode_switch,Random,100,16,20624442,0,120,1112.010675784174,0.5609805520465094,1139,-184.8453574687401,0.0,0.013629141732163346,,0.050439565738627755
mid_episode_switch,Random,100,17,20625439,0,120,1134.9119132516041,0.5829850529538958,980,-184.29810550587848,0.0,0.03126974515386759,,0.04768412376863793
mid_episode_switch,Random,100,18,20626436,0,120,1046.3013403760144,0.5790050995504248,1265,-184.69660447601507,0.0,0.01744887430174267,,0.04808749942434962
mid_episode_switch,Random,100,19,20627433,0,120,1187.1312541651118,0.5920086109280334,951,-182.79748168149146,0.0,0.07365112084286271,,0.051947410008101
mid_episode_switch,Random,100,20,20628430,0,120,1009.5057437378784,0.613126720966473,1635,-192.99870138691344,0.0,0.014527356213622555,,0.050196180492067685
mid_episode_switch,Random,100,21,20629427,0,120,1133.2861688725297,0.6161394314132302,1444,-189.4149878142918,0.0,0.045985509701053515,,0.04592515241878678
mid_episode_switch,Random,100,22,20630424,0,120,1018.9983477416209,0.598121884499264,1402,-184.19659026381007,0.07063675290020507,0.026546461590601565,,0.049589628325382176
mid_episode_switch,Random,100,23,20631421,0,120,1211.4984539318593,0.5892599894557637,1229,-188.49797374959988,0.0,0.03681914415935052,,0.04692017141052318
mid_episode_switch,Random,100,24,20632418,0,120,899.5128520147555,0.5360366111287271,1308,-179.72655026518981,0.059607234394127906,0.02429329849594197,,0.051388866898993045
mid_episode_switch,Random,100,25,20633415,0,120,1070.1552610599347,0.5587035577813833,1122,-181.16058548231302,0.0,0.03927013850168268,,0.053285487720146435
mid_episode_switch,Random,100,26,20634412,0,120,1217.6912033100402,0.5910514194977776,1569,-193.57723816348107,0.0,0.014270320514804506,,0.047494558588736115
mid_episode_switch,Random,100,27,20635409,0,120,1161.2314615507532,0.5782448035327539,1264,-185.87088735188104,0.0,0.053053756878328626,,0.048241042966883606
mid_episode_switch,Random,100,28,20636406,0,120,1213.763139996826,0.5112927362509776,1523,-185.95508650488088,0.0,0.023633766145854582,,0.05114789880065104
mid_episode_switch,Random,100,29,20637403,0,120,1240.8158296804327,0.5159511686430145,1380,-183.1247287963237,0.025693045941246363,0.03531659101450025,,0.05054660720738169
mid_episode_switch,Random,100,30,20638400,0,120,1263.5825910383485,0.5822788021027574,1290,-187.56551542848794,0.0,0.023916039542521875,,0.04910220769660098
mid_episode_switch,Random,100,31,20639397,0,120,1350.6175652256645,0.552613006180499,1564,-189.97263679329075,0.0,0.007800413809816586,,0.05112268344995342
mid_episode_switch,Random,100,32,20640394,0,120,1204.2378385095574,0.6046237416269682,978,-183.02981485016824,0.0,0.023251230253490955,,0.05037442173101001
mid_episode_switch,Random,100,33,20641391,0,120,1370.8863330882539,0.5497882876443863,1615,-192.5890572680471,0.0,0.036197511379810234,,0.04839655658352224
mid_episode_switch,Random,100,34,20642388,0,120,1288.3036798005621,0.5842923710458936,1465,-190.89810075184556,0.0,0.019971780192953356,,0.05163366813981394
mid_episode_switch,Random,100,35,20643385,0,120,1250.9785439764091,0.5368729139582356,1172,-184.71744131840268,0.0,0.0300887751130954,,0.048591017013416
mid_episode_switch,Random,100,36,20644382,0,120,1038.3927711841275,0.5394124373992759,1221,-180.65294377791747,0.05398385644369886,0.02172036507609328,,0.050183578450764585
mid_episode_switch,Random,100,37,20645379,0,120,827.8462446536855,0.5758750728811604,1447,-188.12110755006447,0.0,0.012777545682691249,,0.05010323357108368
mid_episode_switch,Random,100,38,20646376,0,120,1011.737455166274,0.5764261675595053,1620,-194.33846212546976,0.0,0.017267004380748137,,0.05071510279179956
mid_episode_switch,Random,100,39,20647373,0,120,1271.2330629753328,0.6092116944714037,1337,-189.87187218856926,0.0,0.02344368516650742,,0.04856857014003842
mid_episode_switch,Random,100,40,20648370,0,120,1529.802101532337,0.5595738973506219,1229,-190.25001320242038,0.0,0.022889928275990366,,0.04919370478280646
mid_episode_switch,Random,100,41,20649367,0,120,1059.9256671781707,0.5728680305947735,1806,-194.56945725575537,0.0,0.028190272446922456,,0.05106997592781679
mid_episode_switch,Random,100,42,20650364,0,120,1205.9756420636882,0.6184493005523259,936,-182.8535890766929,0.0,0.06062849362856189,,0.04656938335618377
mid_episode_switch,Random,100,43,20651361,0,120,1186.5231173529082,0.6020562763417687,1754,-196.72541454084916,0.0,0.010816451421516092,,0.05066364429074152
mid_episode_switch,Random,100,44,20652358,0,120,1028.861024250895,0.6083258155807225,1685,-194.62552950133374,0.0,0.026233467088970393,,0.051470576811041564
mid_episode_switch,Random,100,45,20653355,0,120,1237.387753767565,0.5963206256042248,1249,-187.21080408999129,0.0,0.050329942493847604,,0.04828884855827364
mid_episode_switch,Random,100,46,20654352,0,120,1016.6312191688771,0.5767786660745571,1399,-186.73440899456457,0.019765864924117367,0.01869075886619514,,0.04873989489969481
mid_episode_switch,Random,100,47,20655349,0,120,966.0511075859002,0.595315553587376,1319,-186.03654163698477,0.0,0.01719292535195641,,0.05151659776286888
mid_episode_switch,Random,100,48,20656346,0,120,1057.546895487189,0.5861800465829268,1214,-181.7635354477386,0.0,0.039551980288270554,,0.05137113494215363
mid_episode_switch,Random,100,49,20657343,0,120,1070.7038899668335,0.6311975382428578,1097,-185.17111718274734,0.039055630921786294,0.04953992212008425,,0.051594732665033956
noisy_partial_feedback,Interval Meta-GDM,10,0,20724308,1,17,85.34005519971879,0.5594515670679852,0,15.53024214563954,0.9042672360123927,0.8883987584213491,,0.05131549015875124
noisy_partial_feedback,Interval Meta-GDM,10,1,20725305,1,19,46.0996781432592,0.4176742402274387,0,18.764876921416267,0.9016989578054778,0.869613252456542,,0.05349024786537979
noisy_partial_feedback,Interval Meta-GDM,10,2,20726302,1,50,117.53346954797293,0.5508998299060395,0,-18.87087367314888,0.9014446453793016,0.8787851513630919,,0.04873339383287738
noisy_partial_feedback,Interval Meta-GDM,10,3,20727299,1,21,59.1063266698372,0.5468336390374342,0,11.699644934106725,0.9043139802974205,0.8832516372984563,,0.056125588992641605
noisy_partial_feedback,Interval Meta-GDM,10,4,20728296,0,120,207.89140687853182,0.6679495805406017,4,-94.151919073749,0.8869641403675219,0.8423171341151535,,0.045202008224430414
noisy_partial_feedback,Interval Meta-GDM,10,5,20729293,1,15,61.86844085280674,0.506971985740696,0,19.634192296358815,0.9014426017931202,0.886356171002605,,0.04977751992704661
noisy_partial_feedback,Interval Meta-GDM,10,6,20730290,1,18,29.208474592036623,0.4944485764187643,0,23.20689959961357,0.9000841977832826,0.8706928352802684,,0.04054981947643597
noisy_partial_feedback,Interval Meta-GDM,10,7,20731287,1,27,94.13111931982607,0.5181431052727472,0,6.135887004873124,0.9036665653808488,0.885271556587842,,0.05032150402255238
noisy_partial_feedback,Interval Meta-GDM,10,8,20732284,1,15,34.10032417859679,0.5451152874845009,0,18.613283533178176,0.9046745634572975,0.8888344736833177,,0.0522766453415328
noisy_partial_feedback,Interval Meta-GDM,10,9,20733281,1,101,208.25988495944964,0.5587954576175247,3,-68.18336381919917,0.9008145118656138,0.8718876703416247,,0.05069174694232629
noisy_partial_feedback,Interval Meta-GDM,10,10,20734278,1,16,21.918929943131428,0.7438478528642527,0,13.871944428121708,0.9074970228352548,0.8918134460444637,,0.0493599552708249
noisy_partial_feedback,Interval Meta-GDM,10,11,20735275,1,14,36.83796388360656,0.5123703009017242,0,21.75287723883921,0.9012670560389313,0.8867159007568731,,0.05690706542237174
noisy_partial_feedback,Interval Meta-GDM,10,12,20736272,1,10,51.102897111204136,0.3952713360979443,0,23.969488936674882,0.9128967793985207,0.8979683626301216,,0.060140185280564695
noisy_partial_feedback,Interval Meta-GDM,10,13,20737269,1,51,88.92753142290958,0.4575008459006311,4,-9.964076635961773,0.9020003143170059,0.8703601995220219,,0.05557896841715597
noisy_partial_feedback,Interval Meta-GDM,10,14,20738266,1,5,17.852095842896887,0.4962688333263796,0,23.21472802657673,0.9034720601330718,0.898918814564335,,0.0553408745688567
noisy_partial_feedback,Interval Meta-GDM,10,15,20739263,1,8,43.01727958374523,0.5437992327403725,0,28.489509521279757,0.9054912542217067,0.8942854438675284,,0.041243774798257075
noisy_partial_feedback,Interval Meta-GDM,10,16,20740260,1,23,37.94514759118733,0.5708381163461158,0,17.076467746371733,0.9055548528073687,0.8828171197788293,,0.05805680730672823
noisy_partial_feedback,Interval Meta-GDM,10,17,20741257,1,16,77.95128985366817,0.5400953183949688,0,18.623150036700125,0.9010916815718342,0.8736593415103885,,0.04848063994550315
noisy_partial_feedback,Interval Meta-GDM,10,18,20742254,1,22,60.16312619080358,0.5435654701126962,0,17.040082281276952,0.9132123727183168,0.8814156822714593,,0.036440707461476554
noisy_partial_feedback,Interval Meta-GDM,10,19,20743251,1,53,156.539969134308,0.5298069679326911,1,-20.050174023275027,0.9021747288884614,0.8785367209225368,,0.05477445156952182
noisy_partial_feedback,Interval Meta-GDM,10,20,20744248,1,11,35.03365545839876,0.29748875666972263,0,26.10537214546393,0.9000141016522267,0.8808178587189107,,0.050523947748422414
noisy_partial_feedback,Interval Meta-GDM,10,21,20745245,1,55,142.48882942996661,0.39146710340859814,2,-17.29311633803544,0.9009310373399391,0.8716700578507461,,0.04675505664774243
noisy_partial_feedback,Interval Meta-GDM,10,22,20746242,1,15,38.493040457516486,0.5525965520268381,0,21.483876546018415,0.9109933379050486,0.8856283918999566,,0.05025198181131511
noisy_partial_feedback,Interval Meta-GDM,10,23,20747239,1,8,16.060613940940154,0.4110626000113098,0,23.54618837884516,0.9073621577179241,0.8979921039914771,,0.04158991172599849
noisy_partial_feedback,Interval Meta-GDM,10,24,20748236,1,13,24.615102971920177,0.5423873328027924,0,20.626865813620775,0.913834883784138,0.8974936064186904,,0.060134278447029864
noisy_partial_feedback,Interval Meta-GDM,10,25,20749233,1,8,37.25775177718281,0.5089367010198054,0,31.903973395928418,0.9085169910046452,0.889485329364437,,0.046913224316820004
noisy_partial_feedback,Interval Meta-GDM,10,26,20750230,1,27,57.34214672037883,0.6141460252702404,0,11.371999433079303,0.9033794183729795,0.8825543143552792,,0.04504438145936196
noisy_partial_feedback,Interval Meta-GDM,10,27,20751227,0,120,238.02116048411474,0.6162264204155163,2,-100.31228142777668,0.8808183681841499,0.86627483245673,,0.052598617591374505
noisy_partial_feedback,Interval Meta-GDM,10,28,20752224,1,31,96.12806078616507,0.5779221172534446,0,-1.3722364290120375,0.9097006091097287,0.8889559506685991,,0.05930445949658408
noisy_partial_feedback,Interval Meta-GDM,10,29,20753221,1,15,46.325996267874594,0.5328754691618309,0,20.774778138314343,0.914822958186633,0.8906347642939327,,0.050892853488407185
noisy_partial_feedback,Interval Meta-GDM,10,30,20754218,1,15,36.267265301043814,0.5381300931789179,0,22.68230595862492,0.9079634819935191,0.8854697963961338,,0.04936305862073627
noisy_partial_feedback,Interval Meta-GDM,10,31,20755215,1,11,21.696616078493275,0.6007360306989544,0,24.564131829843536,0.9112283250971711,0.8928501443542982,,0.06130823432593733
noisy_partial_feedback,Interval Meta-GDM,10,32,20756212,1,11,31.702984628650825,0.4926960482948619,0,20.243021169106875,0.9067056306405799,0.8943909965605316,,0.04461616313009523
noisy_partial_feedback,Interval Meta-GDM,10,33,20757209,1,17,40.14882555847091,0.567181054362937,0,16.88347867427728,0.9052126225019501,0.8940126737518826,,0.055543780969684244
noisy_partial_feedback,Interval Meta-GDM,10,34,20758206,0,120,181.10315909383806,0.47949738929553765,0,-95.36168742647543,0.8961789430863301,0.8798305961182702,,0.05202754963104304
noisy_partial_feedback,Interval Meta-GDM,10,35,20759203,1,33,58.48632112049891,0.6905314966274012,0,3.561227029508138,0.9070416353375756,0.8656392276503923,,0.04601452852904708
noisy_partial_feedback,Interval Meta-GDM,10,36,20760200,1,17,35.58125804190257,0.5578817073224229,0,18.418680671424042,0.9020889702866125,0.8771815045426418,,0.05272678981425819
noisy_partial_feedback,Interval Meta-GDM,10,37,20761197,1,34,76.53729714969712,0.39475359985290837,0,2.9758488062143797,0.9002227044709322,0.8797226906321161,,0.04541978052479707
noisy_partial_feedback,Interval Meta-GDM,10,38,20762194,1,17,34.632316942657276,0.5392049614237284,0,19.08837448966237,0.9062752900909166,0.8807859050984563,,0.04800146242418805
noisy_partial_feedback,Interval Meta-GDM,10,39,20763191,0,120,239.18433487126222,0.5795731436059,0,-96.22531798795872,0.8876875575944416,0.8687476059735942,,0.05045113605936907
noisy_partial_feedback,Interval Meta-GDM,10,40,20764188,1,17,47.185920490425175,0.5658984840294523,0,15.40825788720807,0.9016519716618046,0.8852860462316808,,0.045577260961432095
noisy_partial_feedback,Interval Meta-GDM,10,41,20765185,1,18,44.987028270272944,0.5221851292716531,0,20.47214769926403,0.9066041708978355,0.8844964836549882,,0.044849604043580425
noisy_partial_feedback,Interval Meta-GDM,10,42,20766182,1,26,73.52513255701749,0.5229623203611897,0,11.756420828050947,0.9006340805189249,0.8836465803092486,,0.0499954178033048
noisy_partial_feedback,Interval Meta-GDM,10,43,20767179,1,6,25.93848008757143,0.6358224969144637,0,25.1896750653898,0.9064452057993492,0.9013346437210868,,0.04712640662948051
noisy_partial_feedback,Interval Meta-GDM,10,44,20768176,1,28,65.70984196113699,0.6787871388981594,0,3.596999145665319,0.9007088081258742,0.8683496449702423,,0.050540841820725435
noisy_partial_feedback,Interval Meta-GDM,10,45,20769173,1,12,51.38746677891744,0.44562162351999524,0,15.755495866505647,0.9044971240953483,0.8986212371655696,,0.06524749306586872
noisy_partial_feedback,Interval Meta-GDM,10,46,20770170,1,11,76.48859137154413,0.5009387674617225,0,18.356654345298793,0.9048214228054007,0.8989233662994202,,0.04551312371149139
noisy_partial_feedback,Interval Meta-GDM,10,47,20771167,0,120,362.24321622757606,0.529819769271747,4,-108.89918044464606,0.8674975337222446,0.8525967026544873,,0.05444951687129068
noisy_partial_feedback,Interval Meta-GDM,10,48,20772164,1,9,35.79579122882125,0.5033422579919677,0,25.421730429700556,0.9052041202202765,0.8912776481715009,,0.04769249371029537
noisy_partial_feedback,Interval Meta-GDM,10,49,20773161,0,120,319.59256144943936,0.43875306851530205,3,-101.88423664525666,0.8843106971559227,0.863021569981841,,0.04522308242496718
noisy_partial_feedback,Bounded confidence,10,0,20724308,1,11,39.56228769445792,0.49200088936864117,0,25.01412384801011,0.9069246609624889,0.8925869980276623,,0.05131549015875124
noisy_partial_feedback,Bounded confidence,10,1,20725305,1,19,36.450283572859725,0.5133131154999324,0,20.257202564180794,0.9024758206479736,0.8717902565074039,,0.05349024786537979
noisy_partial_feedback,Bounded confidence,10,2,20726302,1,16,30.857742691851122,0.688298585278939,0,16.542264377802603,0.9009153222275544,0.8862716821463257,,0.04873339383287738
noisy_partial_feedback,Bounded confidence,10,3,20727299,1,20,32.14237730000733,0.6817085947365533,0,14.04654497092468,0.9004727493199474,0.8814937851310662,,0.056125588992641605
noisy_partial_feedback,Bounded confidence,10,4,20728296,0,120,72.63412920702692,0.5578624034306072,0,-76.80026093295898,0.8877476682618552,0.8531772372903703,,0.045202008224430414
noisy_partial_feedback,Bounded confidence,10,5,20729293,1,13,45.22178590988692,0.5140559996497713,0,22.63325055011197,0.9008986930662267,0.885351974133293,,0.04977751992704661
noisy_partial_feedback,Bounded confidence,10,6,20730290,1,19,23.539539217348413,0.5159693907424894,0,22.983316141099962,0.9064272383502321,0.8779068336788414,,0.04054981947643597
noisy_partial_feedback,Bounded confidence,10,7,20731287,1,24,45.42543645471339,0.5479099644199792,0,13.365636542584289,0.9025343132536338,0.8838007918348931,,0.05032150402255238
noisy_partial_feedback,Bounded confidence,10,8,20732284,1,16,20.02223287614552,0.545114663360573,0,19.576731037916623,0.9064670367630517,0.888317877559811,,0.0522766453415328
noisy_partial_feedback,Bounded confidence,10,9,20733281,1,13,34.45125780905175,0.6626814338537441,0,20.273789578248962,0.9024378535807501,0.8909552657493578,,0.05069174694232629
noisy_partial_feedback,Bounded confidence,10,10,20734278,1,26,14.674284664264533,0.7349627487576536,0,6.276366737681026,0.9049374206369589,0.8888487002837689,,0.0493599552708249
noisy_partial_feedback,Bounded confidence,10,11,20735275,1,14,26.644215802709503,0.5512812786962678,0,22.2475641088147,0.9027533444072853,0.8883836706633874,,0.05690706542237174
noisy_partial_feedback,Bounded confidence,10,12,20736272,1,10,35.13269960917747,0.47955181941914593,0,25.01894481813894,0.9111939756918949,0.8963118445023438,,0.060140185280564695
noisy_partial_feedback,Bounded confidence,10,13,20737269,1,23,29.684353345019233,0.5191584916153567,0,15.866475834964268,0.9000423965787625,0.8774484223403181,,0.05557896841715597
noisy_partial_feedback,Bounded confidence,10,14,20738266,1,5,15.150027452280954,0.5253141309037843,0,23.855034080624172,0.9118001476501187,0.9072559215371861,,0.0553408745688567
noisy_partial_feedback,Bounded confidence,10,15,20739263,1,8,34.85376710918657,0.502830040130938,0,28.90363675453458,0.9092670998307284,0.8990249882402885,,0.041243774798257075
noisy_partial_feedback,Bounded confidence,10,16,20740260,1,15,25.2661590740001,0.653113339609074,0,23.66840854756803,0.9004311717380963,0.8798112709302338,,0.05805680730672823
noisy_partial_feedback,Bounded confidence,10,17,20741257,1,17,53.754213379211414,0.6173497822174969,0,20.12680019472495,0.9029331209942111,0.8767660654057833,,0.04848063994550315
noisy_partial_feedback,Bounded confidence,10,18,20742254,1,17,39.055975020076076,0.5945632906336091,0,22.33823521431635,0.903231730969483,0.8767300118720693,,0.036440707461476554
noisy_partial_feedback,Bounded confidence,10,19,20743251,1,15,35.44252900643805,0.4227636056868602,0,22.04294660489243,0.9001865384969056,0.8858429958715007,,0.05477445156952182
noisy_partial_feedback,Bounded confidence,10,20,20744248,1,12,29.161217520867037,0.36436982472620083,0,25.64851612739021,0.9067000255205746,0.8870550490095148,,0.050523947748422414
noisy_partial_feedback,Bounded confidence,10,21,20745245,1,19,46.250436046702035,0.5715235021664964,0,18.752041371086897,0.9011066900523657,0.8785712711364051,,0.04675505664774243
noisy_partial_feedback,Bounded confidence,10,22,20746242,1,15,30.5952175065803,0.5383208783321622,0,21.646882001785347,0.9040120159114596,0.8803709472196407,,0.05025198181131511
noisy_partial_feedback,Bounded confidence,10,23,20747239,1,8,12.151826953092197,0.4468486380216783,0,23.249398085482717,0.9006253293782003,0.8915472206313203,,0.04158991172599849
noisy_partial_feedback,Bounded confidence,10,24,20748236,1,16,19.920047092730627,0.5880890996667618,0,17.876478747668827,0.9045833545079197,0.8886682863322528,,0.060134278447029864
noisy_partial_feedback,Bounded confidence,10,25,20749233,1,8,37.644817020931754,0.5022334271018414,0,31.561548967373245,0.9112642548590598,0.8934949164430036,,0.046913224316820004
noisy_partial_feedback,Bounded confidence,10,26,20750230,1,15,27.030181613809148,0.5707198294706917,0,24.606153815133055,0.9080592248126446,0.8879336080654848,,0.04504438145936196
noisy_partial_feedback,Bounded confidence,10,27,20751227,0,120,83.12091508575153,0.5394367345027671,0,-80.34987397648145,0.8922433098389966,0.8765340680989817,,0.052598617591374505
noisy_partial_feedback,Bounded confidence,10,28,20752224,1,18,33.55050129828645,0.46541333577083677,0,16.715619634368178,0.9114706065869714,0.8935341267247222,,0.05930445949658408
noisy_partial_feedback,Bounded confidence,10,29,20753221,1,15,33.55114983961533,0.5241426103924443,0,21.838059920438106,0.9036292732989595,0.8815112821529657,,0.050892853488407185
noisy_partial_feedback,Bounded confidence,10,30,20754218,1,15,30.442255761438812,0.5291562178583988,0,22.98749580725688,0.9057369679903541,0.884998539229192,,0.04936305862073627
noisy_partial_feedback,Bounded confidence,10,31,20755215,1,11,15.34074448705858,0.4912352097107042,0,25.09825957155404,0.910824569422657,0.8934485039011688,,0.06130823432593733
noisy_partial_feedback,Bounded confidence,10,32,20756212,1,12,20.008853393525545,0.5587796795514561,0,20.3367756510841,0.9037956714204881,0.8922221964541628,,0.04461616313009523
noisy_partial_feedback,Bounded confidence,10,33,20757209,1,12,26.957487239851964,0.5595177997543039,0,22.32561526192998,0.9016847351415965,0.8912398586644857,,0.055543780969684244
noisy_partial_feedback,Bounded confidence,10,34,20758206,1,95,60.74746144664863,0.37161494481554924,0,-50.79399314566398,0.9003645411419707,0.8867455291238097,,0.05202754963104304
noisy_partial_feedback,Bounded confidence,10,35,20759203,1,27,33.28156371631853,0.6763999854127591,0,11.748489782521524,0.9006930980051134,0.864022544698152,,0.04601452852904708
noisy_partial_feedback,Bounded confidence,10,36,20760200,1,17,26.944435510404684,0.5731405078652334,0,19.75020712942166,0.9061682979524276,0.8818283224705429,,0.05272678981425819
noisy_partial_feedback,Bounded confidence,10,37,20761197,1,98,71.93277542627916,0.448480560960947,0,-46.73213167891575,0.9034373659295555,0.8776378979713585,,0.04541978052479707
noisy_partial_feedback,Bounded confidence,10,38,20762194,1,18,23.811241084328948,0.4853626680006944,0,18.86244086839497,0.9005135975354678,0.8737808666121408,,0.04800146242418805
noisy_partial_feedback,Bounded confidence,10,39,20763191,0,120,99.29677899258644,0.5855765270273781,0,-80.21175297475892,0.8952444530920972,0.8806722645100897,,0.05045113605936907
noisy_partial_feedback,Bounded confidence,10,40,20764188,1,19,30.545021857503137,0.6085386447066541,0,15.285534198980262,0.9020925493918381,0.883824639545063,,0.045577260961432095
noisy_partial_feedback,Bounded confidence,10,41,20765185,1,18,32.78343075757422,0.5009394598432051,0,22.24043349464049,0.9142837345959391,0.8918425302028294,,0.044849604043580425
noisy_partial_feedback,Bounded confidence,10,42,20766182,1,21,45.677973694334966,0.5834519573035966,0,18.125417548387226,0.9012804893844029,0.8865997468555916,,0.0499954178033048
noisy_partial_feedback,Bounded confidence,10,43,20767179,1,6,23.254362659895552,0.6131942740453304,0,25.145530897015085,0.9020149128581956,0.8972911529282489,,0.04712640662948051
noisy_partial_feedback,Bounded confidence,10,44,20768176,1,26,27.936376886091104,0.5308238331840365,0,9.293345279702288,0.9019707964145933,0.8658845872152998,,0.050540841820725435
noisy_partial_feedback,Bounded confidence,10,45,20769173,1,8,31.17186262166613,0.454823718255587,0,19.999219126951225,0.9028121250381398,0.8974925381642194,,0.06524749306586872
noisy_partial_feedback,Bounded confidence,10,46,20770170,1,5,47.74163808212651,0.5278395163873959,0,25.999058772041565,0.9120809706167619,0.907491818378497,,0.04551312371149139
noisy_partial_feedback,Bounded confidence,10,47,20771167,0,120,110.5664917149408,0.47584075928216096,0,-82.01962624905121,0.8842370019412024,0.8646822583529894,,0.05444951687129068
noisy_partial_feedback,Bounded confidence,10,48,20772164,1,9,28.90007160454081,0.5497002989538047,0,25.467851391857586,0.9051626445667914,0.892241656319726,,0.04769249371029537
noisy_partial_feedback,Bounded confidence,10,49,20773161,1,35,52.837558149198856,0.45564684037946823,0,1.4380466983237525,0.9014184748297756,0.8913312233758094,,0.04522308242496718
noisy_partial_feedback,Mean consensus,10,0,20724308,1,11,44.247462418241525,0.4752223138827485,0,24.51620269696678,0.9068373633884165,0.8925672558256029,,0.05131549015875124
noisy_partial_feedback,Mean consensus,10,1,20725305,1,19,38.23667898203819,0.4710288294922029,0,20.2434102376971,0.9041683340219632,0.8745939591336938,,0.05349024786537979
noisy_partial_feedback,Mean consensus,10,2,20726302,1,16,31.090497109333974,0.680897140944704,0,16.535295008174135,0.9009150870293245,0.8862537665130454,,0.04873339383287738
noisy_partial_feedback,Mean consensus,10,3,20727299,1,20,33.16816085133566,0.6592259732289361,0,14.085907062531275,0.900081413717415,0.880869306189534,,0.056125588992641605
noisy_partial_feedback,Mean consensus,10,4,20728296,0,120,75.41608289204856,0.5665359156902765,0,-76.95093429633782,0.8877476682615916,0.8535710088155792,,0.045202008224430414
noisy_partial_feedback,Mean consensus,10,5,20729293,1,13,46.944544142515966,0.5082598784797014,0,22.38892743976031,0.9008397394950399,0.8852821275514581,,0.04977751992704661
noisy_partial_feedback,Mean consensus,10,6,20730290,1,19,25.42852424689503,0.49342894621488265,0,22.822779911775438,0.9062443687510057,0.878549747911583,,0.04054981947643597
noisy_partial_feedback,Mean consensus,10,7,20731287,1,24,45.65890772138199,0.5440888031386972,0,13.35742186274195,0.9024782898244679,0.8837376165509043,,0.05032150402255238
noisy_partial_feedback,Mean consensus,10,8,20732284,1,16,21.028783137306284,0.5469886269858657,0,19.525425356756664,0.9067092539995159,0.888908766416111,,0.0522766453415328
noisy_partial_feedback,Mean consensus,10,9,20733281,1,13,35.87757597211082,0.6517511393917919,0,20.15246677642144,0.902800977258848,0.8915908406201454,,0.05069174694232629
noisy_partial_feedback,Mean consensus,10,10,20734278,1,26,14.675940026056175,0.7349233592679953,0,6.277152905690308,0.9049388944139061,0.8889424707724106,,0.0493599552708249
noisy_partial_feedback,Mean consensus,10,11,20735275,1,14,27.023260247523623,0.5382650602349901,0,22.25082964209146,0.9027603948204939,0.8884291849189965,,0.05690706542237174
noisy_partial_feedback,Mean consensus,10,12,20736272,1,9,37.98747980137718,0.4508050019282459,0,25.028019164017216,0.9030323829719424,0.8896693290924967,,0.060140185280564695
noisy_partial_feedback,Mean consensus,10,13,20737269,1,23,30.061894788798014,0.5066409364050939,0,15.850294809121731,0.9000417128827738,0.8775084069376913,,0.05557896841715597
noisy_partial_feedback,Mean consensus,10,14,20738266,1,5,16.473327932114596,0.5282672667655535,0,23.65626675201616,0.9117783263322073,0.9072912000463497,,0.0553408745688567
noisy_partial_feedback,Mean consensus,10,15,20739263,1,8,35.086840966671126,0.4963591334780386,0,28.986612999000045,0.9092285836618694,0.8990989388171469,,0.041243774798257075
noisy_partial_feedback,Mean consensus,10,16,20740260,1,15,26.09901452133361,0.6124456191278838,0,23.775413215624404,0.9007976095694936,0.8814725458777767,,0.05805680730672823
noisy_partial_feedback,Mean consensus,10,17,20741257,1,17,59.165667693232564,0.5891886977241008,0,19.637546195321235,0.9032183561740581,0.8774329667669751,,0.04848063994550315
noisy_partial_feedback,Mean consensus,10,18,20742254,1,17,42.46493624714518,0.5726051504828029,0,22.009899642251572,0.9025345301579417,0.876238727206123,,0.036440707461476554
noisy_partial_feedback,Mean consensus,10,19,20743251,1,15,35.83913546022131,0.42646458793169995,0,21.98162632907289,0.9001875525525795,0.8858516401145032,,0.05477445156952182
noisy_partial_feedback,Mean consensus,10,20,20744248,1,12,31.41165317155432,0.33503502846477096,0,25.33454105409315,0.9064523549531605,0.8876422789820583,,0.050523947748422414
noisy_partial_feedback,Mean consensus,10,21,20745245,1,15,44.23535224292511,0.521498473075686,0,22.328331540346035,0.9001304359883663,0.879093960349173,,0.04675505664774243
noisy_partial_feedback,Mean consensus,10,22,20746242,1,15,31.055398673639857,0.5352433198060067,0,21.61064843958875,0.9044102221458269,0.8809123121737499,,0.05025198181131511
noisy_partial_feedback,Mean consensus,10,23,20747239,1,8,12.5881643835517,0.44496945985214187,0,23.317596060242234,0.9020471802260912,0.8931178965016471,,0.04158991172599849
noisy_partial_feedback,Mean consensus,10,24,20748236,1,16,19.920047092730623,0.5880890996667618,0,17.87647874766882,0.9045833545079196,0.8886682863322527,,0.060134278447029864
noisy_partial_feedback,Mean consensus,10,25,20749233,1,8,38.659731912298874,0.5011354645085135,0,31.448512683194036,0.9110226616621296,0.8936047871519501,,0.046913224316820004
noisy_partial_feedback,Mean consensus,10,26,20750230,1,15,27.449607265857125,0.6222104421072208,0,24.589694718218873,0.9084369254291021,0.8896039242021568,,0.04504438145936196
noisy_partial_feedback,Mean consensus,10,27,20751227,0,120,84.41922361902058,0.5445800667582128,0,-80.54034436163806,0.8922433098111259,0.8766502904304062,,0.052598617591374505
noisy_partial_feedback,Mean consensus,10,28,20752224,1,18,35.35303256992877,0.4825415448069319,0,16.469483212311175,0.9115611019946879,0.8937733181349256,,0.05930445949658408
noisy_partial_feedback,Mean consensus,10,29,20753221,1,15,37.856203491068335,0.5287255477477613,0,21.49650617737369,0.9044634939958067,0.8829028975537592,,0.050892853488407185
noisy_partial_feedback,Mean consensus,10,30,20754218,1,15,30.692703550754608,0.5084095788860439,0,23.016265575219713,0.9050459391995245,0.8843948308634709,,0.04936305862073627
noisy_partial_feedback,Mean consensus,10,31,20755215,1,11,15.474370674013512,0.4722041533355279,0,25.076030801077216,0.9109587018762259,0.8936397386045323,,0.06130823432593733
noisy_partial_feedback,Mean consensus,10,32,20756212,1,12,20.751150463175158,0.562556585034343,0,20.27982906233232,0.9038905839891849,0.8923334940056725,,0.04461616313009523
noisy_partial_feedback,Mean consensus,10,33,20757209,1,12,27.898612660809825,0.5692951629758853,0,22.21477806703033,0.9014963903982999,0.891198207883251,,0.055543780969684244
noisy_partial_feedback,Mean consensus,10,34,20758206,1,95,60.74746144664865,0.37161494481554924,0,-50.79399314566399,0.9003645411419707,0.8867455291238097,,0.05202754963104304
noisy_partial_feedback,Mean consensus,10,35,20759203,1,27,35.45216447252888,0.6597336401029639,0,11.583879580697019,0.9006025515681587,0.8640712831790603,,0.04601452852904708
noisy_partial_feedback,Mean consensus,10,36,20760200,1,17,27.14916748822439,0.5728089312973697,0,19.78468830595308,0.9069137478004831,0.8827542549745016,,0.05272678981425819
noisy_partial_feedback,Mean consensus,10,37,20761197,1,98,73.77435308077295,0.4344357570310895,0,-46.73451106516839,0.9034373659295555,0.8782011442636858,,0.04541978052479707
noisy_partial_feedback,Mean consensus,10,38,20762194,1,18,25.59279654024197,0.527871494210955,0,18.588398981063953,0.9029990986592524,0.8772295750091289,,0.04800146242418805
noisy_partial_feedback,Mean consensus,10,39,20763191,0,120,99.54869954592824,0.5839697396568855,0,-80.20698304463103,0.895244453092916,0.8807924887277757,,0.05045113605936907
noisy_partial_feedback,Mean consensus,10,40,20764188,1,19,31.34182151013742,0.5971666765558965,0,15.251704760184712,0.9021466062078691,0.8839558642437662,,0.045577260961432095
noisy_partial_feedback,Mean consensus,10,41,20765185,1,18,34.327279143584306,0.506880972048988,0,22.14060670609755,0.914792196383217,0.8926042994742703,,0.044849604043580425
noisy_partial_feedback,Mean consensus,10,42,20766182,1,21,47.0746842489903,0.5452174829513117,0,18.10213100661492,0.9012764969259451,0.8864293376266272,,0.0499954178033048
noisy_partial_feedback,Mean consensus,10,43,20767179,1,6,23.25436265989555,0.6131942740453304,0,25.145530897015085,0.9020149128581956,0.8972911529282489,,0.04712640662948051
noisy_partial_feedback,Mean consensus,10,44,20768176,1,24,29.217550827801837,0.5845393670733621,0,10.451283147317515,0.9006363760871071,0.8687037050721778,,0.050540841820725435
noisy_partial_feedback,Mean consensus,10,45,20769173,1,8,31.916602264253118,0.4421717689394806,0,19.955935779712505,0.9030085255731966,0.8978402682432965,,0.06524749306586872
noisy_partial_feedback,Mean consensus,10,46,20770170,1,5,48.06451592823311,0.5193128695624865,0,25.986933058692543,0.9120338702136347,0.9074568561737502,,0.04551312371149139
noisy_partial_feedback,Mean consensus,10,47,20771167,0,120,114.23866648247837,0.47443496528931584,0,-82.34334822529355,0.884237001941063,0.8669925906687382,,0.05444951687129068
noisy_partial_feedback,Mean consensus,10,48,20772164,1,9,29.691451555293717,0.5549958816309295,0,25.342619335904878,0.9051471789597768,0.89233066058646,,0.04769249371029537
noisy_partial_feedback,Mean consensus,10,49,20773161,1,35,53.138224432615345,0.452184600661764,0,1.3976939239633914,0.901418490076107,0.8913907536581003,,0.04522308242496718
noisy_partial_feedback,Observable cost-aware,10,0,20724308,1,12,28.397636307765765,0.5546458146922126,0,24.883129009354512,0.9050244627060581,0.8891390480049002,,0.05131549015875124
noisy_partial_feedback,Observable cost-aware,10,1,20725305,1,27,27.010147914550192,0.601894559603976,0,14.685099513469737,0.900069095505408,0.8608829641609815,,0.05349024786537979
noisy_partial_feedback,Observable cost-aware,10,2,20726302,1,21,23.6809758714122,0.7552344039391989,0,13.092515997507466,0.9034153312408527,0.8822867245234617,,0.04873339383287738
noisy_partial_feedback,Observable cost-aware,10,3,20727299,1,30,23.778323011388682,0.6913971217383446,0,6.982171255707666,0.9013595335993562,0.8751167292092769,,0.056125588992641605
noisy_partial_feedback,Observable cost-aware,10,4,20728296,0,120,35.44694035666718,0.4258973492242144,0,-69.08453580399286,0.8875438314454336,0.844813267984246,,0.045202008224430414
noisy_partial_feedback,Observable cost-aware,10,5,20729293,1,20,34.35320216121954,0.5311184176161015,0,18.225534398040246,0.9038632015876968,0.8845265835065054,,0.04977751992704661
noisy_partial_feedback,Observable cost-aware,10,6,20730290,1,23,19.51868838245589,0.5265845957563977,0,19.57284230867569,0.901058320083803,0.8677850799344612,,0.04054981947643597
noisy_partial_feedback,Observable cost-aware,10,7,20731287,1,45,36.44996400477985,0.6105343955144751,0,-2.8911330561285915,0.9008798410937678,0.8694578863756188,,0.05032150402255238
noisy_partial_feedback,Observable cost-aware,10,8,20732284,1,30,14.369343679783501,0.5455855928015609,0,8.606847720087925,0.9001676146714273,0.8728157516887751,,0.0522766453415328
noisy_partial_feedback,Observable cost-aware,10,9,20733281,1,47,32.842729671491135,0.6938022592588002,0,-5.836627052234645,0.9027962608226298,0.8819407571532479,,0.05069174694232629
noisy_partial_feedback,Observable cost-aware,10,10,20734278,1,41,8.562376414249668,0.6650860809401105,0,-4.767144517293186,0.9002911431920841,0.8733047752369323,,0.0493599552708249
noisy_partial_feedback,Observable cost-aware,10,11,20735275,1,23,20.000443065703735,0.5463201963896569,0,15.45980461656679,0.9006925280799434,0.8819851774834295,,0.05690706542237174
noisy_partial_feedback,Observable cost-aware,10,12,20736272,1,15,26.426729234148006,0.5440352112410671,0,21.92035246132369,0.91594810076311,0.8972713927626533,,0.060140185280564695
noisy_partial_feedback,Observable cost-aware,10,13,20737269,1,37,24.860306119597677,0.5175526942003834,0,5.689270306321108,0.901924006483054,0.8734345016458607,,0.05557896841715597
noisy_partial_feedback,Observable cost-aware,10,14,20738266,1,9,9.735176823696277,0.5509483831461213,0,21.204551598092593,0.9049827090501968,0.8979241697344917,,0.0553408745688567
noisy_partial_feedback,Observable cost-aware,10,15,20739263,1,10,25.696749225130944,0.5505711967833651,0,27.728066625861754,0.9013951729824283,0.8893018840225532,,0.041243774798257075
noisy_partial_feedback,Observable cost-aware,10,16,20740260,1,22,21.893983654112525,0.6457844719169521,0,18.123118389285104,0.9001054592076443,0.8757269307947045,,0.05805680730672823
noisy_partial_feedback,Observable cost-aware,10,17,20741257,1,22,41.02545245257087,0.6644363353037661,0,16.91520121584122,0.9006251204570415,0.8707056907611287,,0.04848063994550315
noisy_partial_feedback,Observable cost-aware,10,18,20742254,1,23,31.699318515387578,0.5485981049883615,0,18.544286992862133,0.907663995838173,0.8758063449658415,,0.036440707461476554
noisy_partial_feedback,Observable cost-aware,10,19,20743251,1,25,23.351297005684927,0.5213944989903447,0,15.340831459246587,0.9021195827804586,0.8832332754751616,,0.05477445156952182
noisy_partial_feedback,Observable cost-aware,10,20,20744248,1,16,21.462851866506135,0.42801945314054324,0,22.89412482029782,0.9019752721146812,0.8796831755164826,,0.050523947748422414
noisy_partial_feedback,Observable cost-aware,10,21,20745245,1,25,30.902568540608137,0.6783738243424167,0,16.25373999899026,0.9021658477883399,0.8744018499806258,,0.04675505664774243
noisy_partial_feedback,Observable cost-aware,10,22,20746242,1,23,24.814282708511758,0.5284958863192597,0,16.361367566416682,0.903577455149662,0.8739829958958611,,0.05025198181131511
noisy_partial_feedback,Observable cost-aware,10,23,20747239,1,14,7.353677570009015,0.5102054313388955,0,19.207285551187216,0.9079665509757379,0.8938876850131195,,0.04158991172599849
noisy_partial_feedback,Observable cost-aware,10,24,20748236,1,29,16.06161022868922,0.6144154041606467,0,7.815435481753943,0.9043678370209468,0.8772513631399259,,0.060134278447029864
noisy_partial_feedback,Observable cost-aware,10,25,20749233,1,11,31.549305962995042,0.5123121369347174,0,29.610311267100002,0.9046106420686487,0.8845481840769892,,0.046913224316820004
noisy_partial_feedback,Observable cost-aware,10,26,20750230,1,34,23.21534562691334,0.6128511056310346,0,9.985377307764116,0.9000883893930833,0.8764307968974324,,0.04504438145936196
noisy_partial_feedback,Observable cost-aware,10,27,20751227,0,120,41.47591884340185,0.45163762723935674,0,-73.78958474918939,0.8824161656949235,0.8678944285741539,,0.052598617591374505
noisy_partial_feedback,Observable cost-aware,10,28,20752224,1,25,19.571822910588914,0.4393622894567053,0,12.504099513047112,0.9036780613906678,0.878739928225734,,0.05930445949658408
noisy_partial_feedback,Observable cost-aware,10,29,20753221,1,20,25.743329059562377,0.5272832686404987,0,18.7376967867733,0.9095169473241803,0.8803165045457604,,0.050892853488407185
noisy_partial_feedback,Observable cost-aware,10,30,20754218,1,30,26.636040195002185,0.5448198079416757,0,11.21324712370133,0.9024401140681474,0.8759633873564217,,0.04936305862073627
noisy_partial_feedback,Observable cost-aware,10,31,20755215,1,15,10.27622431121338,0.44351601055748047,0,22.626862949353267,0.9106971148010387,0.8880794080811755,,0.06130823432593733
noisy_partial_feedback,Observable cost-aware,10,32,20756212,1,29,15.564422265169718,0.5392801687133233,0,7.73495952575695,0.9020599859233415,0.8832551307749933,,0.04461616313009523
noisy_partial_feedback,Observable cost-aware,10,33,20757209,1,18,19.971299586149485,0.5838708114480877,0,18.38299986346479,0.9030320665830424,0.8866421810368552,,0.055543780969684244
noisy_partial_feedback,Observable cost-aware,10,34,20758206,1,93,30.487810222849337,0.27415171397951243,0,-43.467694668579824,0.9001987693447595,0.8777679019441073,,0.05202754963104304
noisy_partial_feedback,Observable cost-aware,10,35,20759203,1,46,27.677474236454955,0.6793487210374052,0,-2.420611181915138,0.9006481416355329,0.8512899056037218,,0.04601452852904708
noisy_partial_feedback,Observable cost-aware,10,36,20760200,1,32,21.992043525324753,0.5077513393204658,0,8.137531647262076,0.9049850811171976,0.8701514251249092,,0.05272678981425819
noisy_partial_feedback,Observable cost-aware,10,37,20761197,1,77,32.935882091287056,0.5199633060065099,0,-26.763963381685322,0.9011256332195342,0.8756743701040755,,0.04541978052479707
noisy_partial_feedback,Observable cost-aware,10,38,20762194,1,26,17.43001633920469,0.49776433521778163,0,13.461850990428655,0.9028597511477892,0.8698363505438426,,0.04800146242418805
noisy_partial_feedback,Observable cost-aware,10,39,20763191,1,19,35.79286684894831,0.6376129119411365,0,17.701558902890756,0.9004327785120103,0.8866838043614604,,0.05045113605936907
noisy_partial_feedback,Observable cost-aware,10,40,20764188,1,36,24.80037091231377,0.6731858647338689,0,2.360835368184949,0.9014277591365628,0.8751589959651052,,0.045577260961432095
noisy_partial_feedback,Observable cost-aware,10,41,20765185,1,26,25.3514775926799,0.4991745102573537,0,16.23646768467347,0.909127362902953,0.8798070952813197,,0.044849604043580425
noisy_partial_feedback,Observable cost-aware,10,42,20766182,1,21,36.629883640205954,0.5956429891225041,0,18.801954900261173,0.9012440552121258,0.8837394808723746,,0.0499954178033048
noisy_partial_feedback,Observable cost-aware,10,43,20767179,1,9,14.653592851994368,0.6194594546239751,0,23.220222620233866,0.9016810504062992,0.8939996983723233,,0.04712640662948051
noisy_partial_feedback,Observable cost-aware,10,44,20768176,1,46,18.25933124062302,0.4678735700658565,0,-6.081569543888813,0.9002398856353561,0.858239202439721,,0.050540841820725435
noisy_partial_feedback,Observable cost-aware,10,45,20769173,1,13,19.421522844645068,0.47334695006288285,0,17.71048133510117,0.90312677730793,0.8939665859067716,,0.06524749306586872
noisy_partial_feedback,Observable cost-aware,10,46,20770170,1,5,31.654002785266915,0.5716671747556235,0,27.079799935683244,0.9024270852763371,0.896248283958362,,0.04551312371149139
noisy_partial_feedback,Observable cost-aware,10,47,20771167,0,120,44.616261697238905,0.40951320149215387,0,-71.04712274540039,0.8887008390235696,0.8605363784866947,,0.05444951687129068
noisy_partial_feedback,Observable cost-aware,10,48,20772164,1,12,23.262799532651243,0.5955564240974713,0,23.540904688750597,0.9053139397836204,0.8900259387348709,,0.04769249371029537
noisy_partial_feedback,Observable cost-aware,10,49,20773161,1,30,25.51468312187911,0.5168164537894993,0,8.364615130592076,0.9003009966812289,0.8868009905122164,,0.04522308242496718
noisy_partial_feedback,Random,10,0,20724308,0,120,768.1557380794084,0.561396642269375,334,-275.7715027585634,0.05780748151291161,0.046554520092325524,,0.05131549015875124
noisy_partial_feedback,Random,10,1,20725305,0,120,417.3714071488199,0.559010766190869,364,-243.520270355442,0.08554787751729538,0.09083374395217411,,0.05349024786537979
noisy_partial_feedback,Random,10,2,20726302,0,120,496.57051964824745,0.5431198161186785,161,-215.1683690218325,0.14500594385456822,0.18138517902128426,,0.04873339383287738
noisy_partial_feedback,Random,10,3,20727299,0,120,461.4533076814772,0.4903248162187315,186,-224.58775999095383,0.0,0.14010917935086334,,0.056125588992641605
noisy_partial_feedback,Random,10,4,20728296,0,120,400.6049040764848,0.6840102439993516,323,-238.94374070394787,0.02801308007809317,0.06724477646692609,,0.045202008224430414
noisy_partial_feedback,Random,10,5,20729293,0,120,674.4972730537283,0.4822070195608965,184,-234.1598553618794,0.0506743856860542,0.14764998073030994,,0.04977751992704661
noisy_partial_feedback,Random,10,6,20730290,0,120,198.3882500754343,0.48149635202307084,161,-177.52313275058108,0.24256064789310816,0.17158035948401842,,0.04054981947643597
noisy_partial_feedback,Random,10,7,20731287,0,120,520.127082051974,0.4953571017160512,72,-184.72769223390023,0.44825725986779574,0.2643452965105716,,0.05032150402255238
noisy_partial_feedback,Random,10,8,20732284,0,120,309.2283682612617,0.5659755114785279,159,-187.46931117097301,0.2899840642273879,0.18601619029887229,,0.0522766453415328
noisy_partial_feedback,Random,10,9,20733281,0,120,532.1746194864025,0.5433019213923349,227,-236.15995681394278,0.03239975114121803,0.10208712357370515,,0.05069174694232629
noisy_partial_feedback,Random,10,10,20734278,0,120,215.49944939447747,0.7515559919629675,117,-163.6323192143354,0.570340595097949,0.2645025433938258,,0.0493599552708249
noisy_partial_feedback,Random,10,11,20735275,0,120,339.4744534354234,0.4660295540230166,283,-213.50276743661612,0.0872323252517821,0.07822840857386507,,0.05690706542237174
noisy_partial_feedback,Random,10,12,20736272,0,120,701.3682117074925,0.46808292890333725,264,-254.98390347682488,0.0,0.05649153706494469,,0.060140185280564695
noisy_partial_feedback,Random,10,13,20737269,0,120,356.5337463406353,0.521390479670333,318,-226.0859834058722,0.0,0.07449734823020951,,0.05557896841715597
noisy_partial_feedback,Random,10,14,20738266,0,120,625.189504118126,0.5800473704016795,143,-219.7098669535876,0.15956360304053002,0.24992230644026497,,0.0553408745688567
noisy_partial_feedback,Random,10,15,20739263,0,120,594.7239178110783,0.4877121021698818,346,-256.649247530566,0.08101827308758466,0.06053699588199068,,0.041243774798257075
noisy_partial_feedback,Random,10,16,20740260,0,120,249.44963352445876,0.5896767183728229,133,-182.2057929944312,0.10122416656168394,0.13994364513915822,,0.05805680730672823
noisy_partial_feedback,Random,10,17,20741257,0,120,723.4029823579207,0.5259784946717225,277,-263.82971120379096,0.0,0.08209403531115327,,0.04848063994550315
noisy_partial_feedback,Random,10,18,20742254,0,120,391.47946714883574,0.5261828736280416,272,-227.7892612225894,0.013163451212662824,0.08970754834156745,,0.036440707461476554
noisy_partial_feedback,Random,10,19,20743251,0,120,646.6020867455192,0.47472274903236955,258,-241.13397409072388,0.0,0.12745753133718546,,0.05477445156952182
noisy_partial_feedback,Random,10,20,20744248,0,120,550.7827442154818,0.5581307476357285,253,-236.48695180023992,0.08984708230295467,0.11976986466570215,,0.050523947748422414
noisy_partial_feedback,Random,10,21,20745245,0,120,513.5217166886353,0.4282450804350868,156,-204.6991636643946,0.1796859864336665,0.16571502412186828,,0.04675505664774243
noisy_partial_feedback,Random,10,22,20746242,0,120,293.3729317798295,0.5744134078575593,114,-185.93076951194126,0.2594133062232772,0.1642321216139438,,0.05025198181131511
noisy_partial_feedback,Random,10,23,20747239,0,120,245.505213715886,0.4479697333575898,199,-194.20912378181677,0.12247668687752722,0.174578773845219,,0.04158991172599849
noisy_partial_feedback,Random,10,24,20748236,0,120,293.1629768199607,0.5399257174032177,206,-200.31459389431166,0.035695817151854284,0.18016932003829422,,0.060134278447029864
noisy_partial_feedback,Random,10,25,20749233,0,120,365.96000386765814,0.5880908616213045,169,-189.98696150590638,0.11584919984341419,0.14395562616015678,,0.046913224316820004
noisy_partial_feedback,Random,10,26,20750230,0,120,349.449266444466,0.5568080291795448,159,-200.01708768874337,0.07959772074259246,0.17024660694227112,,0.04504438145936196
noisy_partial_feedback,Random,10,27,20751227,0,120,463.4983122840681,0.6228995575777425,205,-215.3521207240837,0.24666877184851774,0.14684485608433656,,0.052598617591374505
noisy_partial_feedback,Random,10,28,20752224,0,120,609.5268571813893,0.6297207819104322,226,-236.8940181408538,0.379100748157407,0.11900616538383915,,0.05930445949658408
noisy_partial_feedback,Random,10,29,20753221,0,120,413.0452539151245,0.5460718696650568,203,-222.74715587014705,0.0,0.1224975029058509,,0.050892853488407185
noisy_partial_feedback,Random,10,30,20754218,0,120,311.02728021014275,0.5429931684356244,143,-195.3947088839598,0.0,0.20863174657861577,,0.04936305862073627
noisy_partial_feedback,Random,10,31,20755215,0,120,241.19382477986971,0.5399419611626395,129,-182.32498546989632,0.07656762502699567,0.2284099198987505,,0.06130823432593733
noisy_partial_feedback,Random,10,32,20756212,0,120,599.7438659565566,0.5181201800185684,190,-226.81813331190517,0.253409762532035,0.12734696287270122,,0.04461616313009523
noisy_partial_feedback,Random,10,33,20757209,0,120,332.89257599639683,0.5981814291525116,130,-201.98627988713218,0.0,0.17789144256911946,,0.055543780969684244
noisy_partial_feedback,Random,10,34,20758206,0,120,391.3151336268805,0.52215858551489,327,-236.14820895873638,0.047777820402625105,0.06978450634302673,,0.05202754963104304
noisy_partial_feedback,Random,10,35,20759203,0,120,292.7045924042467,0.6171334459805335,51,-161.09026672804274,0.4127298627159613,0.35420576521642666,,0.04601452852904708
noisy_partial_feedback,Random,10,36,20760200,0,120,356.0366749217677,0.5617870348171299,95,-183.0405285760396,0.14363434188148577,0.26825107422604333,,0.05272678981425819
noisy_partial_feedback,Random,10,37,20761197,0,120,411.72881822014864,0.3938009414000254,128,-204.90067793636015,0.0,0.17139938441998293,,0.04541978052479707
noisy_partial_feedback,Random,10,38,20762194,0,120,330.8908118425387,0.6158766688593846,272,-223.3596606496658,0.0,0.09566508441943795,,0.04800146242418805
noisy_partial_feedback,Random,10,39,20763191,0,120,431.11108698023514,0.5429492530235627,370,-233.09518686192388,0.16438967472302526,0.07467665253066676,,0.05045113605936907
noisy_partial_feedback,Random,10,40,20764188,0,120,373.8207263508775,0.4005998636898551,264,-217.8623151678098,0.08531682557656804,0.08386221475603929,,0.045577260961432095
noisy_partial_feedback,Random,10,41,20765185,0,120,426.54000292884905,0.4811621505330286,353,-243.32211995976954,0.07640069592444536,0.05335786237821749,,0.044849604043580425
noisy_partial_feedback,Random,10,42,20766182,0,120,476.9250091002676,0.47498719685820756,314,-240.0012478163514,0.10063101335235958,0.08327466634569201,,0.0499954178033048
noisy_partial_feedback,Random,10,43,20767179,0,120,480.09657460702704,0.5792408916689256,177,-220.67465997039827,0.0,0.13694830613864237,,0.04712640662948051
noisy_partial_feedback,Random,10,44,20768176,0,120,515.1330202844106,0.6490772129083655,137,-226.2502341027079,0.05757775205343314,0.17204075693451693,,0.050540841820725435
noisy_partial_feedback,Random,10,45,20769173,0,120,681.0170644536964,0.5349372030897075,158,-234.2205307926631,0.0,0.1584854222169307,,0.06524749306586872
noisy_partial_feedback,Random,10,46,20770170,0,120,829.263456900891,0.3932068493585241,184,-251.62161013322503,0.0,0.18194616416002135,,0.04551312371149139
noisy_partial_feedback,Random,10,47,20771167,0,120,628.8315841701204,0.4571671611958028,222,-235.99218058019144,0.01877626216274442,0.14246840280133075,,0.05444951687129068
noisy_partial_feedback,Random,10,48,20772164,0,120,499.4204751279241,0.5414193504595326,259,-235.68151126263993,0.0,0.08155010438761585,,0.04769249371029537
noisy_partial_feedback,Random,10,49,20773161,0,120,555.0717438823588,0.42745018506963683,136,-194.65186924146676,0.4826591741722201,0.20520630406053703,,0.04522308242496718
noisy_partial_feedback,Interval Meta-GDM,40,0,20724698,0,120,870.2013995923692,0.5414406325932086,0,-95.80276570210567,0.8786749241899506,0.8529506788999259,,0.0518471449039976
noisy_partial_feedback,Interval Meta-GDM,40,1,20725695,1,13,229.0654503415377,0.49739737985058485,0,20.54928614008805,0.9000308547982467,0.8897583490450856,,0.0511618590128704
noisy_partial_feedback,Interval Meta-GDM,40,2,20726692,1,105,828.6739392562306,0.5395483124145861,5,-71.95400142586985,0.901875082869926,0.8630863062753796,,0.0458525072798054
noisy_partial_feedback,Interval Meta-GDM,40,3,20727689,1,103,742.7933449756547,0.5197722852410991,0,-66.98761588572279,0.9043652957901482,0.8589751565717926,,0.04511446021984727
noisy_partial_feedback,Interval Meta-GDM,40,4,20728686,0,120,1304.8781339654456,0.5308490078919252,3,-108.20312678700549,0.8866912158747386,0.8513120957918529,,0.05080313939837069
noisy_partial_feedback,Interval Meta-GDM,40,5,20729683,1,30,211.5931119246186,0.509087237721809,0,6.1275293512774365,0.9027820491184038,0.8835283368718351,,0.04854323811935145
noisy_partial_feedback,Interval Meta-GDM,40,6,20730680,0,120,890.1509992827096,0.5100749007697034,8,-96.9183607447014,0.882939518925094,0.8641187264754276,,0.04996993485051852
noisy_partial_feedback,Interval Meta-GDM,40,7,20731677,1,43,426.4716083545803,0.47623397459240735,0,-10.801618567284999,0.9002638769674,0.8733673907735241,,0.048637734029127466
noisy_partial_feedback,Interval Meta-GDM,40,8,20732674,1,89,741.2989179067018,0.49698587514323966,0,-55.54378161805576,0.9001748932339589,0.8726850497666002,,0.047148110086016125
noisy_partial_feedback,Interval Meta-GDM,40,9,20733671,1,87,1047.6376659236073,0.47585766405503094,13,-58.47687658412923,0.9085606011640496,0.8709918760727972,,0.05651030184269551
noisy_partial_feedback,Interval Meta-GDM,40,10,20734668,1,54,357.487170366114,0.5007176950720931,0,-16.422311064148005,0.905104328401858,0.8665064161499569,,0.053825941620643566
noisy_partial_feedback,Interval Meta-GDM,40,11,20735665,0,120,1269.8349376344572,0.48877708846914625,12,-103.22769002199325,0.8870356686882699,0.8645687235173537,,0.04817276501346266
noisy_partial_feedback,Interval Meta-GDM,40,12,20736662,0,120,953.195956125577,0.5452115218072175,2,-100.54963950819752,0.8801456694845783,0.8704531609807358,,0.04892266261105829
noisy_partial_feedback,Interval Meta-GDM,40,13,20737659,1,37,399.86148894826226,0.5398063754033928,0,-4.624749032092998,0.9043556055913794,0.8765067995769089,,0.0554079144888812
noisy_partial_feedback,Interval Meta-GDM,40,14,20738656,0,120,1290.8205394554066,0.5299363492566886,7,-108.29216214384222,0.8705139596559531,0.8680403608019308,,0.04998154254123224
noisy_partial_feedback,Interval Meta-GDM,40,15,20739653,0,120,1096.9066221095384,0.5339400089453439,5,-104.3147157107335,0.8936702334657549,0.870051723232237,,0.050553644278201526
noisy_partial_feedback,Interval Meta-GDM,40,16,20740650,0,120,1254.0744820835148,0.5548836290612407,15,-108.05320637257743,0.8827206175769925,0.8613534594014612,,0.04626542536277661
noisy_partial_feedback,Interval Meta-GDM,40,17,20741647,0,120,1085.474355000009,0.4471818571743085,16,-98.8214174329105,0.8795966208422014,0.8536750482444228,,0.04942278315127367
noisy_partial_feedback,Interval Meta-GDM,40,18,20742644,0,120,1100.0025897453352,0.5651162168920112,6,-101.92197524791926,0.8841371703684004,0.8598981757254016,,0.050515281155014836
noisy_partial_feedback,Interval Meta-GDM,40,19,20743641,0,120,1385.1689872653187,0.4349966990716245,3,-104.51794232298207,0.870981779813515,0.8660046261898622,,0.049679678029605746
noisy_partial_feedback,Interval Meta-GDM,40,20,20744638,1,74,618.272749451445,0.5552671194606136,4,-41.075145657594696,0.9010376752688306,0.8650669977868664,,0.04882411158174383
noisy_partial_feedback,Interval Meta-GDM,40,21,20745635,1,95,665.3510719076866,0.47439545711784015,2,-56.9229757389378,0.9008044011804729,0.8690618156823376,,0.05268516679395452
noisy_partial_feedback,Interval Meta-GDM,40,22,20746632,1,87,666.8333927761089,0.5452503209627941,2,-52.93757925440687,0.9018526378292131,0.8701753383486015,,0.049533633995592165
noisy_partial_feedback,Interval Meta-GDM,40,23,20747629,0,120,1017.4112327678067,0.5060084901066317,9,-100.71792175781177,0.8743883454614676,0.8651079909430384,,0.052282202833526956
noisy_partial_feedback,Interval Meta-GDM,40,24,20748626,0,120,1245.7715250587278,0.47549225162934294,9,-101.22221854127051,0.8790992444050726,0.8509256358667618,,0.0482181620082602
noisy_partial_feedback,Interval Meta-GDM,40,25,20749623,1,45,438.20795094821176,0.5080252214599197,0,-10.025170524013049,0.9000789800256843,0.8656667289716643,,0.0535821914865721
noisy_partial_feedback,Interval Meta-GDM,40,26,20750620,1,84,665.6753976682332,0.5466794129598092,0,-49.89132465670621,0.9041537654707757,0.8630179941826024,,0.05098458626246218
noisy_partial_feedback,Interval Meta-GDM,40,27,20751617,1,72,455.9033740357821,0.5313211150946953,4,-37.000653087445095,0.9019986864036293,0.8734972468069837,,0.05477090239824904
noisy_partial_feedback,Interval Meta-GDM,40,28,20752614,0,120,1208.41125290959,0.4916727861315371,10,-103.40153361006647,0.8836256320806242,0.860390321216815,,0.05505171854230475
noisy_partial_feedback,Interval Meta-GDM,40,29,20753611,0,120,1269.5997694106522,0.5887725807660023,1,-109.26093149814784,0.8909980523338082,0.8610788403729926,,0.05052119685502863
noisy_partial_feedback,Interval Meta-GDM,40,30,20754608,1,22,240.76635120199427,0.4684303063518085,0,13.042691140219349,0.9003189984850407,0.8824498474023283,,0.0548145016064371
noisy_partial_feedback,Interval Meta-GDM,40,31,20755605,0,120,1131.974654374927,0.42622595921984296,12,-96.2897021174786,0.8872617135228033,0.8579519104079244,,0.04692168197337763
noisy_partial_feedback,Interval Meta-GDM,40,32,20756602,0,120,1002.9704196609888,0.5804741137820066,2,-101.76020333709819,0.8876090228505161,0.8631437041905399,,0.04958128383730671
noisy_partial_feedback,Interval Meta-GDM,40,33,20757599,1,69,592.8550023309924,0.45796931097958393,4,-36.30423718858958,0.9006217394133168,0.8760617011096539,,0.05380057282204522
noisy_partial_feedback,Interval Meta-GDM,40,34,20758596,0,120,560.3341641509285,0.5475030352136192,0,-92.35194567856735,0.8916345727458558,0.8615070023517203,,0.055793197169172346
noisy_partial_feedback,Interval Meta-GDM,40,35,20759593,1,85,747.6702287278301,0.5847687873304062,4,-57.020355693000944,0.9002742787501885,0.8624070677061029,,0.046663000097316006
noisy_partial_feedback,Interval Meta-GDM,40,36,20760590,1,90,811.0839387198095,0.46370489302773743,14,-57.83431624224871,0.9010250343458778,0.8670177074473071,,0.04691571474104518
noisy_partial_feedback,Interval Meta-GDM,40,37,20761587,1,68,735.5069338937639,0.44505820615542135,0,-37.892353671614416,0.904048162177671,0.8729867939491146,,0.047818834791593136
noisy_partial_feedback,Interval Meta-GDM,40,38,20762584,1,70,700.4305220582116,0.594842108365168,0,-40.657009449555446,0.9008174986779287,0.8727376934898916,,0.0525247096378457
noisy_partial_feedback,Interval Meta-GDM,40,39,20763581,0,120,1388.5515843427422,0.5446488913927685,13,-114.34879983775973,0.8750583422783098,0.8586384984719866,,0.04847760127179483
noisy_partial_feedback,Interval Meta-GDM,40,40,20764578,1,62,630.0949047476724,0.5244844594744962,4,-31.350078136836864,0.9021103741300049,0.8722999546529614,,0.050010786660893966
noisy_partial_feedback,Interval Meta-GDM,40,41,20765575,1,30,227.0184567890316,0.5277407803112939,0,6.633503055847786,0.9007003581323854,0.8650262391152391,,0.05064987811718409
noisy_partial_feedback,Interval Meta-GDM,40,42,20766572,1,91,1007.6438578080523,0.4753393013937943,8,-61.83284450440217,0.9000291936243748,0.8677373924202485,,0.056195240688384974
noisy_partial_feedback,Interval Meta-GDM,40,43,20767569,0,120,913.6314619766949,0.5549819907197566,0,-97.42555239241526,0.8808067074093496,0.8466065539924821,,0.05250354893905438
noisy_partial_feedback,Interval Meta-GDM,40,44,20768566,0,120,657.1396814186505,0.5189257158055853,9,-93.24961144678663,0.8857808422468693,0.8601287728773247,,0.047068185184264956
noisy_partial_feedback,Interval Meta-GDM,40,45,20769563,0,120,1196.3416733567694,0.5226878576517879,9,-103.23779052379344,0.8801028615290291,0.8584309463333478,,0.043081760742650896
noisy_partial_feedback,Interval Meta-GDM,40,46,20770560,0,120,1166.8394916595723,0.48727178579903496,5,-102.65669065243621,0.8808462531394375,0.8683375084280289,,0.054905737035500835
noisy_partial_feedback,Interval Meta-GDM,40,47,20771557,1,23,213.1672283632285,0.4787796363288175,0,12.783208162655145,0.9005519786952619,0.8762082255732341,,0.04992984993831082
noisy_partial_feedback,Interval Meta-GDM,40,48,20772554,1,40,304.47555662874004,0.44774911277611085,0,-3.354235570218588,0.9035972245239048,0.8831675898557368,,0.047699969792790994
noisy_partial_feedback,Interval Meta-GDM,40,49,20773551,0,120,1094.3518356026177,0.6020974106881982,14,-107.16589770813206,0.8783080300633662,0.8635022659782602,,0.05139293677473927
noisy_partial_feedback,Bounded confidence,40,0,20724698,0,120,329.2115176897993,0.46765334044194207,0,-81.83041852791841,0.8915138555653361,0.8643367280580453,,0.0518471449039976
noisy_partial_feedback,Bounded confidence,40,1,20725695,1,9,162.63214874938558,0.5442282756829879,0,25.49401701806612,0.9044664323934682,0.8952591009637847,,0.0511618590128704
noisy_partial_feedback,Bounded confidence,40,2,20726692,1,23,142.3387637659137,0.5745544801556044,0,13.691159471394876,0.900580784077536,0.8764723405711872,,0.0458525072798054
noisy_partial_feedback,Bounded confidence,40,3,20727689,1,31,180.97833717291292,0.5321191530220637,0,7.370039416388191,0.9031520579236816,0.8698439537606393,,0.04511446021984727
noisy_partial_feedback,Bounded confidence,40,4,20728686,0,120,437.00363449695874,0.477827761506457,0,-86.16609710025891,0.8962292542054995,0.8639699006949871,,0.05080313939837069
noisy_partial_feedback,Bounded confidence,40,5,20729683,1,18,109.1927059662317,0.54708682416107,0,18.205437867865065,0.9012426749648443,0.8848502304129358,,0.04854323811935145
noisy_partial_feedback,Bounded confidence,40,6,20730680,1,32,153.70881104113732,0.4923982853333313,0,6.322894079856882,0.9004487264576454,0.8798544625078892,,0.04996993485051852
noisy_partial_feedback,Bounded confidence,40,7,20731677,1,21,144.88473096181397,0.46582133420663996,0,14.812486206906772,0.9020955222424204,0.8797775644745971,,0.048637734029127466
noisy_partial_feedback,Bounded confidence,40,8,20732674,1,18,151.65922356280458,0.5503173181258183,0,18.027429066278373,0.9013682314595994,0.8829630995394028,,0.047148110086016125
noisy_partial_feedback,Bounded confidence,40,9,20733671,1,19,187.1220612868158,0.4565429314096294,0,17.428053816156794,0.9016231213611443,0.8848122876312644,,0.05651030184269551
noisy_partial_feedback,Bounded confidence,40,10,20734668,1,29,133.19036347581863,0.48200969171792285,0,9.373890989608473,0.9032474835313076,0.8718479471538342,,0.053825941620643566
noisy_partial_feedback,Bounded confidence,40,11,20735665,1,16,181.10651869078805,0.523929592347093,0,20.09695614730107,0.9051222342320632,0.8885064463077909,,0.04817276501346266
noisy_partial_feedback,Bounded confidence,40,12,20736662,1,20,124.26730841274143,0.5110661986108314,0,15.701824310411183,0.9045612871236215,0.8892874431517104,,0.04892266261105829
noisy_partial_feedback,Bounded confidence,40,13,20737659,1,28,190.94709639113944,0.5188831382717132,0,8.132684413098879,0.9006039887091798,0.876707614211712,,0.0554079144888812
noisy_partial_feedback,Bounded confidence,40,14,20738656,1,15,163.6816723646669,0.5397311592217149,0,19.9724186145702,0.9027207346687667,0.8886018067237008,,0.04998154254123224
noisy_partial_feedback,Bounded confidence,40,15,20739653,1,20,147.94682925510574,0.5675651049822545,0,14.330755314603147,0.9016961693962363,0.8895564136366422,,0.050553644278201526
noisy_partial_feedback,Bounded confidence,40,16,20740650,1,55,272.4477455680461,0.559045237696036,0,-17.812093874531772,0.9015616089337913,0.8873985540094661,,0.04626542536277661
noisy_partial_feedback,Bounded confidence,40,17,20741647,0,120,383.8578052684206,0.4117337144635578,0,-83.70787851846376,0.8893351045811528,0.874611636857649,,0.04942278315127367
noisy_partial_feedback,Bounded confidence,40,18,20742644,1,25,174.3253929638883,0.5082871181056967,0,12.729558239552519,0.9004899481593237,0.8779275848247893,,0.050515281155014836
noisy_partial_feedback,Bounded confidence,40,19,20743641,1,20,180.48359190685395,0.481646352558176,0,16.300705050801653,0.9000944736705289,0.8829630651509223,,0.049679678029605746
noisy_partial_feedback,Bounded confidence,40,20,20744638,1,35,167.02124727969357,0.5285621265628977,0,3.4937854174958725,0.9050017275234131,0.8747350930662832,,0.04882411158174383
noisy_partial_feedback,Bounded confidence,40,21,20745635,1,26,139.7813282722746,0.46615673623428244,0,11.547267571199992,0.9001384164522291,0.8804970782763244,,0.05268516679395452
noisy_partial_feedback,Bounded confidence,40,22,20746632,1,25,157.57591510129288,0.5592322528900375,0,12.398581295874148,0.9020405304713517,0.8803577373745074,,0.049533633995592165
noisy_partial_feedback,Bounded confidence,40,23,20747629,1,38,183.06950102414538,0.4980311907515633,0,-1.4648767977666672,0.9018152773306544,0.8864903932472065,,0.052282202833526956
noisy_partial_feedback,Bounded confidence,40,24,20748626,1,110,428.82651147173124,0.43924187548116533,0,-62.16065249578438,0.900941185247245,0.8720952869899413,,0.0482181620082602
noisy_partial_feedback,Bounded confidence,40,25,20749623,1,22,167.31889973450836,0.4622710348157011,0,16.314162518972502,0.9023908791645773,0.8736879568626066,,0.0535821914865721
noisy_partial_feedback,Bounded confidence,40,26,20750620,1,28,146.7240244846251,0.49566260118551786,0,10.73970800936797,0.9001928176571977,0.868589360312862,,0.05098458626246218
noisy_partial_feedback,Bounded confidence,40,27,20751617,1,35,126.79048650652055,0.5514034130909664,0,1.8729273684194752,0.9028586244395385,0.8806882199147651,,0.05477090239824904
noisy_partial_feedback,Bounded confidence,40,28,20752614,1,32,205.2114920626454,0.5127297664558848,0,5.682335867108317,0.9045214090798278,0.8854524724007755,,0.05505171854230475
noisy_partial_feedback,Bounded confidence,40,29,20753611,1,30,194.53028721182815,0.5491523501447375,0,6.772532033060812,0.9013285222565449,0.8796095593415788,,0.05052119685502863
noisy_partial_feedback,Bounded confidence,40,30,20754608,1,19,152.6941316123529,0.4987009446258286,0,17.70039345501586,0.9054795899889634,0.8878715229805039,,0.0548145016064371
noisy_partial_feedback,Bounded confidence,40,31,20755605,1,23,181.51860591205673,0.45095027704089286,0,15.22624710563943,0.9007494479448903,0.8819374629045299,,0.04692168197337763
noisy_partial_feedback,Bounded confidence,40,32,20756602,1,34,165.40691134713632,0.5195913258024114,0,3.442661035756947,0.9006613247257171,0.8820181081101773,,0.04958128383730671
noisy_partial_feedback,Bounded confidence,40,33,20757599,1,18,132.2782676273153,0.5050708431975734,0,16.720406301538443,0.9036473314937888,0.8886946840229142,,0.05380057282204522
noisy_partial_feedback,Bounded confidence,40,34,20758596,1,49,128.78632322431935,0.500228510896725,0,-10.680260673530695,0.9012138448654716,0.8711542991571656,,0.055793197169172346
noisy_partial_feedback,Bounded confidence,40,35,20759593,1,31,143.73466340839758,0.482860013853726,0,6.335331868948899,0.9012016739782892,0.8739068477418174,,0.046663000097316006
noisy_partial_feedback,Bounded confidence,40,36,20760590,1,21,151.2795003110074,0.4839564352552661,0,15.01092951971965,0.9006586942857235,0.8845262769309683,,0.04691571474104518
noisy_partial_feedback,Bounded confidence,40,37,20761587,1,23,163.10181952376362,0.47751759587541964,0,12.52237161341705,0.9016722882540927,0.8794377948928306,,0.047818834791593136
noisy_partial_feedback,Bounded confidence,40,38,20762584,1,19,162.67032199109207,0.5686030281481964,0,17.16000571050203,0.9044008011993905,0.8834109527166014,,0.0525247096378457
noisy_partial_feedback,Bounded confidence,40,39,20763581,1,30,206.36847496709328,0.5684527895195788,0,2.985840867318247,0.9015994938566343,0.885531627895557,,0.04847760127179483
noisy_partial_feedback,Bounded confidence,40,40,20764578,1,17,128.59126449943042,0.5216315275979955,0,18.660492141031284,0.9036151125724905,0.8842729738769421,,0.050010786660893966
noisy_partial_feedback,Bounded confidence,40,41,20765575,1,30,133.46886303344291,0.4810796852986916,0,9.055460771581204,0.9014096019727753,0.86872170205967,,0.05064987811718409
noisy_partial_feedback,Bounded confidence,40,42,20766572,1,15,155.45363877611345,0.48375860399409465,0,21.081533241420168,0.9030817716721571,0.8903817920734743,,0.056195240688384974
noisy_partial_feedback,Bounded confidence,40,43,20767569,1,40,182.64017542375294,0.4799625172841948,0,0.43407457000817296,0.9023223755754566,0.862531472510113,,0.05250354893905438
noisy_partial_feedback,Bounded confidence,40,44,20768566,0,120,258.1770632184138,0.46551480149878155,0,-82.29452467347033,0.8919468120720216,0.8714304574056626,,0.047068185184264956
noisy_partial_feedback,Bounded confidence,40,45,20769563,1,19,194.14937660912346,0.512729448927431,0,18.575554192260192,0.901756168715574,0.8795862134996394,,0.043081760742650896
noisy_partial_feedback,Bounded confidence,40,46,20770560,1,15,127.59129402592323,0.5283829535844518,0,19.75754773925732,0.9028452352090611,0.8878950985858232,,0.054905737035500835
noisy_partial_feedback,Bounded confidence,40,47,20771557,1,23,133.16381039027772,0.5030708068575029,0,15.112542715657337,0.9095348484675799,0.8854876778919935,,0.04992984993831082
noisy_partial_feedback,Bounded confidence,40,48,20772554,1,24,122.088843181758,0.43221366572196396,0,13.640943665372088,0.904824335737079,0.8885181766650654,,0.047699969792790994
noisy_partial_feedback,Bounded confidence,40,49,20773551,1,17,139.2118375458342,0.5694224247719069,0,18.257577653972675,0.9002960059106642,0.8830539489377174,,0.05139293677473927
noisy_partial_feedback,Mean consensus,40,0,20724698,0,120,338.27322468364207,0.4741236932142183,0,-82.07854269678397,0.8915138554812393,0.8647574658243735,,0.0518471449039976
noisy_partial_feedback,Mean consensus,40,1,20725695,1,9,166.55392176054772,0.5288276077401164,0,25.442905147680598,0.9047638466051682,0.8956406343262183,,0.0511618590128704
noisy_partial_feedback,Mean consensus,40,2,20726692,1,23,148.9461442865162,0.571339810559371,0,13.449943431540234,0.9004619596497794,0.8766317142213297,,0.0458525072798054
noisy_partial_feedback,Mean consensus,40,3,20727689,1,31,187.36328572457603,0.5280884328758462,0,7.223432999760791,0.9032395339136637,0.8701439741344321,,0.04511446021984727
noisy_partial_feedback,Mean consensus,40,4,20728686,0,120,447.0375428278055,0.4755703963407898,0,-86.41136705575194,0.8962292534016798,0.8650958248945545,,0.05080313939837069
noisy_partial_feedback,Mean consensus,40,5,20729683,1,18,110.35977790071644,0.5375854685540482,0,18.208167011113094,0.9009584904578875,0.8846066084994714,,0.04854323811935145
noisy_partial_feedback,Mean consensus,40,6,20730680,1,32,156.66172175618655,0.4907492037965113,0,6.231140457565017,0.9004508308890005,0.8799152981906072,,0.04996993485051852
noisy_partial_feedback,Mean consensus,40,7,20731677,1,21,149.22679929387826,0.45942971274311994,0,14.736296506268136,0.9021926838119769,0.8799415417967121,,0.048637734029127466
noisy_partial_feedback,Mean consensus,40,8,20732674,1,18,153.4369913589279,0.5432213633003018,0,18.006801903775465,0.9013689202462005,0.8829926404394389,,0.047148110086016125
noisy_partial_feedback,Mean consensus,40,9,20733671,1,19,194.6463036514782,0.44956643597728796,0,17.290784424783244,0.9016882915339369,0.8849705995683499,,0.05651030184269551
noisy_partial_feedback,Mean consensus,40,10,20734668,1,29,137.13963956387528,0.47752038321904045,0,9.272456173288619,0.9032680147094201,0.8719649001682555,,0.053825941620643566
noisy_partial_feedback,Mean consensus,40,11,20735665,1,16,186.43742351930916,0.5100588261825878,0,19.974306062712635,0.9050931715638248,0.8886083199143234,,0.04817276501346266
noisy_partial_feedback,Mean consensus,40,12,20736662,1,20,125.34233718010029,0.5072712584850623,0,15.688343892901216,0.9045670079184018,0.8893323074088965,,0.04892266261105829
noisy_partial_feedback,Mean consensus,40,13,20737659,1,28,193.79362277524996,0.5130669719594998,0,8.071346304129953,0.9005961647856626,0.8767614861701297,,0.0554079144888812
noisy_partial_feedback,Mean consensus,40,14,20738656,1,15,166.86017111830765,0.5336485986218975,0,19.895628833606374,0.9027563833539703,0.8887014733951573,,0.04998154254123224
noisy_partial_feedback,Mean consensus,40,15,20739653,1,20,150.43755153408767,0.5625682461327712,0,14.260957630529637,0.9017164309172727,0.8896563338721681,,0.050553644278201526
noisy_partial_feedback,Mean consensus,40,16,20740650,1,55,275.528155266186,0.5549132265559837,0,-17.867323006303625,0.9015615822742784,0.887487916877069,,0.04626542536277661
noisy_partial_feedback,Mean consensus,40,17,20741647,0,120,387.13265438487963,0.41210731084320873,0,-83.77507647416061,0.8893351045814406,0.8746576709499008,,0.04942278315127367
noisy_partial_feedback,Mean consensus,40,18,20742644,1,25,178.59660228834792,0.5046954125191287,0,12.60059194891113,0.9004926524904759,0.8779849088487514,,0.050515281155014836
noisy_partial_feedback,Mean consensus,40,19,20743641,1,26,206.52958428146508,0.45624050808362937,0,11.202560488971223,0.9048151734377972,0.8865274790992383,,0.049679678029605746
noisy_partial_feedback,Mean consensus,40,20,20744638,1,35,174.25747025369316,0.5269176159335234,0,3.3508076868263617,0.9051339774937617,0.8753711106921843,,0.04882411158174383
noisy_partial_feedback,Mean consensus,40,21,20745635,1,26,141.71513300109245,0.4629917122251406,0,11.473576243618608,0.9001372019982646,0.8805270520281263,,0.05268516679395452
noisy_partial_feedback,Mean consensus,40,22,20746632,1,25,160.90064959239146,0.5563750444785835,0,12.290021791143994,0.902053775521677,0.8804588601082195,,0.049533633995592165
noisy_partial_feedback,Mean consensus,40,23,20747629,1,38,184.87903597459993,0.49531213637018867,0,-1.477335194517618,0.9018118295145651,0.8866786747856296,,0.052282202833526956
noisy_partial_feedback,Mean consensus,40,24,20748626,1,110,437.9276143617583,0.43771718762167566,0,-62.37221178635443,0.9009411852472439,0.8721786365667387,,0.0482181620082602
noisy_partial_feedback,Mean consensus,40,25,20749623,1,22,172.43000089961714,0.45635668014752406,0,16.168238924985154,0.9023709746686018,0.8737692477760622,,0.0535821914865721
noisy_partial_feedback,Mean consensus,40,26,20750620,1,28,153.10513324856373,0.48689832646494025,0,10.669861913192765,0.9009221514126492,0.8700669928276483,,0.05098458626246218
noisy_partial_feedback,Mean consensus,40,27,20751617,1,35,130.04074914550648,0.536581072747228,0,1.8363555268815173,0.9028753040346524,0.881019855255592,,0.05477090239824904
noisy_partial_feedback,Mean consensus,40,28,20752614,1,32,209.18239097335862,0.5045612851200374,0,5.616468171788203,0.9045226477455931,0.8855291662092691,,0.05505171854230475
noisy_partial_feedback,Mean consensus,40,29,20753611,1,30,200.74020244618322,0.5412115285599646,0,6.65531226348583,0.9013306093267652,0.8796466948894268,,0.05052119685502863
noisy_partial_feedback,Mean consensus,40,30,20754608,1,19,155.77373446386247,0.4922145392709776,0,17.63206136596581,0.9053715877058988,0.8878060448203772,,0.0548145016064371
noisy_partial_feedback,Mean consensus,40,31,20755605,1,23,186.34988015360773,0.4327624403921604,0,15.165725704221996,0.900732617880251,0.8819988828711253,,0.04692168197337763
noisy_partial_feedback,Mean consensus,40,32,20756602,1,34,168.59836239215227,0.5184354050663691,0,3.3829770145468894,0.9006595202795907,0.8820482522180213,,0.04958128383730671
noisy_partial_feedback,Mean consensus,40,33,20757599,1,18,133.78353989121672,0.502931165084733,0,16.689570390181256,0.90369098315826,0.8888038648902463,,0.05380057282204522
noisy_partial_feedback,Mean consensus,40,34,20758596,1,49,130.8253979658487,0.49877117982097086,0,-10.723131673868842,0.9012136223783108,0.8712497176933222,,0.055793197169172346
noisy_partial_feedback,Mean consensus,40,35,20759593,1,31,148.66043825704045,0.48692902235857516,0,6.227156633768409,0.9012030574282158,0.8739840777524274,,0.046663000097316006
noisy_partial_feedback,Mean consensus,40,36,20760590,1,21,154.83578950001817,0.4779874184180528,0,14.925314153948458,0.900646968941952,0.8845866117961082,,0.04691571474104518
noisy_partial_feedback,Mean consensus,40,37,20761587,1,23,168.71610235614932,0.4729623378367358,0,12.388265114396258,0.901731190682661,0.8795534280368559,,0.047818834791593136
noisy_partial_feedback,Mean consensus,40,38,20762584,1,19,165.81954165253876,0.5632831019346449,0,17.06562226126745,0.904430699119904,0.8835424853086213,,0.0525247096378457
noisy_partial_feedback,Mean consensus,40,39,20763581,1,30,207.4565615872927,0.5654101864320469,0,2.966286155247297,0.9016014268411172,0.8855360790525193,,0.04847760127179483
noisy_partial_feedback,Mean consensus,40,40,20764578,1,17,133.09863259228194,0.5170540539221002,0,18.556623943221947,0.903688193820092,0.8844293479090595,,0.050010786660893966
noisy_partial_feedback,Mean consensus,40,41,20765575,1,30,140.99306827268524,0.486086938124463,0,8.806474420257805,0.901297407037481,0.8687524372396017,,0.05064987811718409
noisy_partial_feedback,Mean consensus,40,42,20766572,1,15,159.30450551328948,0.47231759938204343,0,21.01228805311495,0.9031328767429827,0.8904992574092041,,0.056195240688384974
noisy_partial_feedback,Mean consensus,40,43,20767569,1,40,192.4099600954159,0.4830723006551876,0,0.21622512188755216,0.9023358959046837,0.8628122807528373,,0.05250354893905438
noisy_partial_feedback,Mean consensus,40,44,20768566,0,120,260.2254557922265,0.46444478071685324,0,-82.35533190568337,0.8919468120826693,0.8715887029700139,,0.047068185184264956
noisy_partial_feedback,Mean consensus,40,45,20769563,1,19,201.53670300505382,0.5017777684847673,0,18.451538265948,0.9017021460127222,0.879724774305054,,0.043081760742650896
noisy_partial_feedback,Mean consensus,40,46,20770560,1,15,131.07324319450777,0.5098008869008306,0,19.69587540686037,0.9029115738732715,0.8880013939288869,,0.054905737035500835
noisy_partial_feedback,Mean consensus,40,47,20771557,1,23,138.99477373453203,0.49296557530984986,0,14.973028132095127,0.9095285585175301,0.8855588919202657,,0.04992984993831082
noisy_partial_feedback,Mean consensus,40,48,20772554,1,24,125.15669763876559,0.4188585896598518,0,13.583541655292064,0.9048158738905775,0.8885177825223849,,0.047699969792790994
noisy_partial_feedback,Mean consensus,40,49,20773551,1,17,142.51027699069198,0.5633099701019988,0,18.20098750047903,0.9003799004758875,0.8832238676244688,,0.05139293677473927
noisy_partial_feedback,Observable cost-aware,40,0,20724698,0,120,165.72650527148994,0.4123688179066409,0,-74.0201215602012,0.8883203257720365,0.8592455231870554,,0.0518471449039976
noisy_partial_feedback,Observable cost-aware,40,1,20725695,1,15,126.55147306560349,0.5847075943045086,0,21.248946116975873,0.9011969135161876,0.8880036683028162,,0.0511618590128704
noisy_partial_feedback,Observable cost-aware,40,2,20726692,1,49,119.91157940626702,0.5662889769049424,0,-6.662421236026237,0.9001608473016306,0.8683929434889969,,0.0458525072798054
noisy_partial_feedback,Observable cost-aware,40,3,20727689,1,44,135.7882802665788,0.5374520957128608,0,-1.544724962018492,0.900911029632032,0.8626089196589973,,0.04511446021984727
noisy_partial_feedback,Observable cost-aware,40,4,20728686,0,120,195.29760630662847,0.4431877241740325,0,-75.32207743624934,0.8919178112354091,0.8604234195427182,,0.05080313939837069
noisy_partial_feedback,Observable cost-aware,40,5,20729683,1,27,84.11796176663354,0.5758746734981417,0,11.52046116661511,0.9023213400745045,0.8806662458569146,,0.04854323811935145
noisy_partial_feedback,Observable cost-aware,40,6,20730680,1,64,121.14805486236449,0.5095108002716338,0,-18.34030456553105,0.9027463811344459,0.8720480374156392,,0.04996993485051852
noisy_partial_feedback,Observable cost-aware,40,7,20731677,1,35,102.23365736211947,0.5183785834785348,0,4.558845260848492,0.9005382831913713,0.8729432450561821,,0.048637734029127466
noisy_partial_feedback,Observable cost-aware,40,8,20732674,1,41,129.01106969024505,0.5633729524832429,0,-0.3003316436037906,0.9001392128825046,0.8755222700643629,,0.047148110086016125
noisy_partial_feedback,Observable cost-aware,40,9,20733671,1,20,127.51778535910407,0.4785236835476663,0,18.0484804358259,0.9003189089027095,0.8806086176322953,,0.05651030184269551
noisy_partial_feedback,Observable cost-aware,40,10,20734668,1,64,114.92378557725789,0.4842919309566083,0,-18.1425345852722,0.9038294420235939,0.8618774970137838,,0.053825941620643566
noisy_partial_feedback,Observable cost-aware,40,11,20735665,1,23,142.9122414533488,0.5652782725502665,0,15.074596520095106,0.9004239688607447,0.8806890137304044,,0.04817276501346266
noisy_partial_feedback,Observable cost-aware,40,12,20736662,1,28,86.06324185163922,0.5567201624971538,0,9.220875035488485,0.9011209938070809,0.8795038888679495,,0.04892266261105829
noisy_partial_feedback,Observable cost-aware,40,13,20737659,1,39,137.2102235260865,0.5183248815482273,0,0.6035746504912645,0.9007584903825442,0.8651136125497153,,0.0554079144888812
noisy_partial_feedback,Observable cost-aware,40,14,20738656,1,31,128.38608960271506,0.553675166529316,0,7.890869249282223,0.9009516335337576,0.8813669751727332,,0.04998154254123224
noisy_partial_feedback,Observable cost-aware,40,15,20739653,1,23,98.5888874540173,0.5855912932702401,0,13.658700614776563,0.901958638461276,0.8841297239968867,,0.050553644278201526
noisy_partial_feedback,Observable cost-aware,40,16,20740650,1,39,131.2868017720711,0.5950453203096207,0,0.18301845900574953,0.900246982763237,0.883692738411017,,0.04626542536277661
noisy_partial_feedback,Observable cost-aware,40,17,20741647,0,120,177.99064080543906,0.40236180516914644,0,-76.51445075151129,0.8832199167278114,0.8720226794865269,,0.04942278315127367
noisy_partial_feedback,Observable cost-aware,40,18,20742644,1,39,130.6747319655521,0.5572393699386244,0,2.651276900625441,0.9012313288332687,0.8714619541242231,,0.050515281155014836
noisy_partial_feedback,Observable cost-aware,40,19,20743641,1,33,134.49085665663125,0.515091262132022,0,7.3910081168259145,0.9008007048700654,0.879772915874866,,0.049679678029605746
noisy_partial_feedback,Observable cost-aware,40,20,20744638,1,41,112.12070384618912,0.5535577515943697,0,0.3754792838281489,0.9016094823778517,0.8655656494655293,,0.04882411158174383
noisy_partial_feedback,Observable cost-aware,40,21,20745635,1,48,110.41328432603197,0.4685120914287515,0,-4.694745831508882,0.9041444627113324,0.875394666425192,,0.05268516679395452
noisy_partial_feedback,Observable cost-aware,40,22,20746632,1,39,120.96474696142377,0.5537445904650311,0,2.3726801242203273,0.9058919133921439,0.8755406178671284,,0.049533633995592165
noisy_partial_feedback,Observable cost-aware,40,23,20747629,1,61,125.61076507287459,0.5101832733218021,0,-17.43315544273232,0.9027886172200306,0.8741339794862377,,0.052282202833526956
noisy_partial_feedback,Observable cost-aware,40,24,20748626,1,36,160.14287986182921,0.5236604730161427,0,5.812483326957096,0.9008582821684143,0.87418564287484,,0.0482181620082602
noisy_partial_feedback,Observable cost-aware,40,25,20749623,1,40,131.0981129638361,0.44829060233362306,0,2.611337782936771,0.9006378649275063,0.8659107026856885,,0.0535821914865721
noisy_partial_feedback,Observable cost-aware,40,26,20750620,1,55,121.96914872039036,0.49906794390764575,0,-10.959513317876876,0.9003475695231181,0.861173255464908,,0.05098458626246218
noisy_partial_feedback,Observable cost-aware,40,27,20751617,1,61,98.50779187209866,0.4832619174037718,0,-18.08414626427961,0.9001838169282402,0.8711110293785601,,0.05477090239824904
noisy_partial_feedback,Observable cost-aware,40,28,20752614,1,49,146.3376324953666,0.5453814802062791,0,-7.193443536534158,0.9015359641435554,0.8766765456420992,,0.05505171854230475
noisy_partial_feedback,Observable cost-aware,40,29,20753611,1,38,131.58810853703005,0.5724218357808994,0,2.5081776098565722,0.9005869833585933,0.8747000384132833,,0.05052119685502863
noisy_partial_feedback,Observable cost-aware,40,30,20754608,1,25,111.03053594302727,0.5315488123349819,0,14.115274131995832,0.9025916636218514,0.8802971397948096,,0.0548145016064371
noisy_partial_feedback,Observable cost-aware,40,31,20755605,1,37,142.23877792854506,0.5158592467460716,0,5.719414079205158,0.9011686378432222,0.8777696450507627,,0.04692168197337763
noisy_partial_feedback,Observable cost-aware,40,32,20756602,1,57,121.60968010296732,0.5229357251310707,0,-13.856118887772734,0.9001510300416649,0.8764042904513549,,0.04958128383730671
noisy_partial_feedback,Observable cost-aware,40,33,20757599,1,36,103.02249972914335,0.5177288900566661,0,2.7833482139304913,0.9003020007039568,0.8790405997582612,,0.05380057282204522
noisy_partial_feedback,Observable cost-aware,40,34,20758596,0,120,131.97704926183067,0.4032512831148072,0,-77.6290950785081,0.8883074886594677,0.8545226050454633,,0.055793197169172346
noisy_partial_feedback,Observable cost-aware,40,35,20759593,1,52,97.35837443996488,0.4472955514109087,0,-8.844344939252167,0.9006524213389916,0.8658275593295838,,0.046663000097316006
noisy_partial_feedback,Observable cost-aware,40,36,20760590,1,25,102.04284736738668,0.5121027496870294,0,12.884785783120634,0.9005195633529034,0.8800267016846454,,0.04691571474104518
noisy_partial_feedback,Observable cost-aware,40,37,20761587,1,32,115.03578799513674,0.5105528447614165,0,6.697402215889074,0.9006717943378969,0.8742148813421011,,0.047818834791593136
noisy_partial_feedback,Observable cost-aware,40,38,20762584,1,25,118.42511587329496,0.5771100465176067,0,13.472513499538108,0.900000156537773,0.8757705385776963,,0.0525247096378457
noisy_partial_feedback,Observable cost-aware,40,39,20763581,1,48,136.18552379333084,0.583116214968137,0,-8.974051436852145,0.9009634117808732,0.8781709619105807,,0.04847760127179483
noisy_partial_feedback,Observable cost-aware,40,40,20764578,1,29,95.66071233171462,0.567441951723574,0,9.02099152551296,0.901294771094854,0.8770782736138169,,0.050010786660893966
noisy_partial_feedback,Observable cost-aware,40,41,20765575,1,88,135.01746555636734,0.4208170126316233,0,-36.50359876894284,0.9006713473441644,0.857598606484976,,0.05064987811718409
noisy_partial_feedback,Observable cost-aware,40,42,20766572,1,22,112.56640259799656,0.5109918880963717,0,16.099573357962846,0.9009174282970496,0.8842399292871481,,0.056195240688384974
noisy_partial_feedback,Observable cost-aware,40,43,20767569,1,91,154.02287799453075,0.40949464027953275,0,-39.466976083619116,0.9025160842302946,0.8514556952266228,,0.05250354893905438
noisy_partial_feedback,Observable cost-aware,40,44,20768566,0,120,136.04233866484063,0.4296517253129999,0,-76.7163159684597,0.8887501217268214,0.8632607640079539,,0.047068185184264956
noisy_partial_feedback,Observable cost-aware,40,45,20769563,1,35,164.31232303031155,0.5275310535004065,0,6.400113609780284,0.900371402371261,0.8727239046187185,,0.043081760742650896
noisy_partial_feedback,Observable cost-aware,40,46,20770560,1,24,92.56518192425816,0.5550645586452665,0,13.13239716465478,0.9003035074215809,0.8812578694591858,,0.054905737035500835
noisy_partial_feedback,Observable cost-aware,40,47,20771557,1,30,92.86988420970741,0.5581634041064112,0,10.082907450751843,0.9033959749036304,0.8741221203865709,,0.04992984993831082
noisy_partial_feedback,Observable cost-aware,40,48,20772554,1,30,80.18545065793882,0.45888858573913294,0,9.795100267798464,0.9025138691817084,0.8805164854564569,,0.047699969792790994
noisy_partial_feedback,Observable cost-aware,40,49,20773551,1,58,132.02257030874281,0.5911976889002435,0,-14.995153305055693,0.9004552413436769,0.8773249468258054,,0.05139293677473927
noisy_partial_feedback,Random,40,0,20724698,0,120,1562.6606782488923,0.5264614849593154,816,-219.53623319895033,0.0,0.015661773679619694,,0.0518471449039976
noisy_partial_feedback,Random,40,1,20725695,0,120,2469.037286966626,0.4839027307176653,1062,-251.70144347581225,0.0,0.01566822463241071,,0.0511618590128704
noisy_partial_feedback,Random,40,2,20726692,0,120,1824.2608849349335,0.5357291877464929,990,-235.118269691427,0.0,0.02621420455738315,,0.0458525072798054
noisy_partial_feedback,Random,40,3,20727689,0,120,1619.627020272095,0.5095895053026591,641,-211.66100931149495,0.0,0.03507979770540695,,0.04511446021984727
noisy_partial_feedback,Random,40,4,20728686,0,120,2224.9863778504905,0.5078241994533803,903,-239.8640710772854,0.0,0.016621949231407866,,0.05080313939837069
noisy_partial_feedback,Random,40,5,20729683,0,120,1348.3775616734092,0.5309794640553613,645,-207.36775632732534,0.0,0.05077392767654447,,0.04854323811935145
noisy_partial_feedback,Random,40,6,20730680,0,120,1712.2927216294574,0.5107678284651416,951,-232.81135457685025,0.0,0.016538610673480957,,0.04996993485051852
noisy_partial_feedback,Random,40,7,20731677,0,120,2159.4321075032517,0.48347510371685365,958,-239.82386791158058,0.0,0.03301333304751933,,0.048637734029127466
noisy_partial_feedback,Random,40,8,20732674,0,120,1794.355934689733,0.4749369193041175,713,-220.30241541870006,0.0,0.03853338552564335,,0.047148110086016125
noisy_partial_feedback,Random,40,9,20733671,0,120,2492.11753490712,0.48815480615027296,1131,-256.8279445552473,0.0,0.01268671455290084,,0.05651030184269551
noisy_partial_feedback,Random,40,10,20734668,0,120,1460.4227682788473,0.5109422757127315,928,-224.14033151256754,0.0,0.032882329625984474,,0.053825941620643566
noisy_partial_feedback,Random,40,11,20735665,0,120,2492.3139579299673,0.46136914622697467,951,-241.64005233473392,0.017867489691943506,0.016522794575934724,,0.04817276501346266
noisy_partial_feedback,Random,40,12,20736662,0,120,1798.1543607534552,0.5170175560218138,739,-227.50216039249239,0.0,0.02786752904484308,,0.04892266261105829
noisy_partial_feedback,Random,40,13,20737659,0,120,1989.4576062920544,0.5167724156467544,1049,-243.6951534795916,0.0,0.026989047633876596,,0.0554079144888812
noisy_partial_feedback,Random,40,14,20738656,0,120,2349.658244844988,0.5066747792943556,822,-240.55106052444893,0.0,0.019153564840651678,,0.04998154254123224
noisy_partial_feedback,Random,40,15,20739653,0,120,2086.307616173437,0.5075878432308727,534,-222.60046485817952,0.0,0.0427946506941904,,0.050553644278201526
noisy_partial_feedback,Random,40,16,20740650,0,120,2240.0637457685552,0.5391753534082973,827,-240.00210300025742,0.0,0.04109508733307869,,0.04626542536277661
noisy_partial_feedback,Random,40,17,20741647,0,120,1983.0701602350482,0.46069728854957037,897,-231.97245688038518,0.0,0.012508726005857056,,0.04942278315127367
noisy_partial_feedback,Random,40,18,20742644,0,120,2057.398133660814,0.5614447681302528,941,-233.32046511453882,0.20010761748148564,0.016170566863927923,,0.050515281155014836
noisy_partial_feedback,Random,40,19,20743641,0,120,2695.697873209835,0.43014731668013106,1049,-255.14885276001255,0.0,0.00944748999133765,,0.049679678029605746
noisy_partial_feedback,Random,40,20,20744638,0,120,1833.2397031070946,0.5529068280151928,649,-219.78421036605832,0.05423439583485979,0.028669368491789672,,0.04882411158174383
noisy_partial_feedback,Random,40,21,20745635,0,120,1595.9165596218545,0.48988885519894043,873,-214.97750596436595,0.14653508859552875,0.02515810613129135,,0.05268516679395452
noisy_partial_feedback,Random,40,22,20746632,0,120,1638.4256045781717,0.5370694252609294,763,-221.42441293071795,0.0,0.016785792972886286,,0.049533633995592165
noisy_partial_feedback,Random,40,23,20747629,0,120,1872.511130142425,0.4642099354422007,809,-228.4723898597169,0.056269172491271176,0.02260931272615352,,0.052282202833526956
noisy_partial_feedback,Random,40,24,20748626,0,120,2239.903168681654,0.4548516867430845,1128,-249.66826009763753,0.0,0.010481822557787427,,0.0482181620082602
noisy_partial_feedback,Random,40,25,20749623,0,120,1820.321854653846,0.508782394974854,900,-233.39177376149013,0.0,0.012033578372575593,,0.0535821914865721
noisy_partial_feedback,Random,40,26,20750620,0,120,1710.093392701825,0.5532983810442205,979,-231.5719861855998,0.0,0.014041276936902058,,0.05098458626246218
noisy_partial_feedback,Random,40,27,20751617,0,120,1416.3918795634859,0.5137350090341057,495,-200.5309056413345,0.0,0.05248275920641876,,0.05477090239824904
noisy_partial_feedback,Random,40,28,20752614,0,120,2258.354195652822,0.4706745574321485,944,-243.28389675771325,0.0,0.01662434492228428,,0.05505171854230475
noisy_partial_feedback,Random,40,29,20753611,0,120,2271.9139765471987,0.5794558195922661,933,-249.27305975235515,0.0,0.00746108123739009,,0.05052119685502863
noisy_partial_feedback,Random,40,30,20754608,0,120,1874.9729227346188,0.4898067135632904,993,-233.74303704317373,0.04846647588815748,0.019453204160434067,,0.0548145016064371
noisy_partial_feedback,Random,40,31,20755605,0,120,2093.574547355672,0.4121257031550145,836,-229.83537119232452,0.031397570557580703,0.017099779855077032,,0.04692168197337763
noisy_partial_feedback,Random,40,32,20756602,0,120,1774.7338501726347,0.5584769983798243,1094,-239.80165455348353,0.0,0.015279761586757626,,0.04958128383730671
noisy_partial_feedback,Random,40,33,20757599,0,120,1748.343152907461,0.43733648622285304,1014,-229.1910475121655,0.0,0.017682522813811472,,0.05380057282204522
noisy_partial_feedback,Random,40,34,20758596,0,120,1105.4305060201443,0.5083943732403526,508,-199.55288806441908,0.0,0.11202983785459389,,0.055793197169172346
noisy_partial_feedback,Random,40,35,20759593,0,120,1812.5175330141228,0.5565467135089821,656,-224.75872442758575,0.0,0.04712859504518067,,0.046663000097316006
noisy_partial_feedback,Random,40,36,20760590,0,120,1902.7420762137076,0.4654796577587996,835,-232.00050399556898,0.0,0.016284039553356253,,0.04691571474104518
noisy_partial_feedback,Random,40,37,20761587,0,120,2270.85986225408,0.45621749980169324,751,-236.9488153449094,0.0,0.03482720457123868,,0.047818834791593136
noisy_partial_feedback,Random,40,38,20762584,0,120,1973.7192779052048,0.6181706755542171,881,-236.37940705305795,0.0,0.013276188225293509,,0.0525247096378457
noisy_partial_feedback,Random,40,39,20763581,0,120,2478.7597084580066,0.4896547306973058,892,-251.31826232244143,0.0,0.026882703302486283,,0.04847760127179483
noisy_partial_feedback,Random,40,40,20764578,0,120,2140.2333745103033,0.5126820142927255,887,-241.16019964058077,0.0,0.018902274437110365,,0.050010786660893966
noisy_partial_feedback,Random,40,41,20765575,0,120,1480.330002441535,0.5593270180356225,906,-226.77793911862625,0.0,0.019284684076963595,,0.05064987811718409
noisy_partial_feedback,Random,40,42,20766572,0,120,2222.0302196894017,0.4594557625597582,826,-230.82381762395082,0.0,0.0251891138160432,,0.056195240688384974
noisy_partial_feedback,Random,40,43,20767569,0,120,1764.6678100249742,0.5441367439680818,1044,-239.70671411041602,0.0,0.021106558015770018,,0.05250354893905438
noisy_partial_feedback,Random,40,44,20768566,0,120,1355.4591721939614,0.532930939738657,716,-210.76327605898092,0.0,0.04950769772390087,,0.047068185184264956
noisy_partial_feedback,Random,40,45,20769563,0,120,2171.871832721271,0.5053038477672678,1160,-250.32356122834386,0.0,0.0076821827134906035,,0.043081760742650896
noisy_partial_feedback,Random,40,46,20770560,0,120,2185.0802570425476,0.48968816859550035,575,-224.16893836873186,0.0,0.05872342212452065,,0.054905737035500835
noisy_partial_feedback,Random,40,47,20771557,0,120,1590.6320880457688,0.5056463855237179,924,-230.10582715676338,0.0,0.025131904450200433,,0.04992984993831082
noisy_partial_feedback,Random,40,48,20772554,0,120,1602.7305896406078,0.4727594032210216,783,-220.1571987889859,0.0,0.027662268147636213,,0.047699969792790994
noisy_partial_feedback,Random,40,49,20773551,0,120,1943.9836884524852,0.5732784667431516,1052,-245.70942323716184,0.0,0.03544230382307047,,0.05139293677473927
noisy_partial_feedback,Interval Meta-GDM,100,0,20725478,0,120,2451.4620168482334,0.5163886232719108,13,-100.32265662938093,0.8850753445775312,0.8561574466019438,,0.05332256854966719
noisy_partial_feedback,Interval Meta-GDM,100,1,20726475,0,120,3280.7653415483255,0.5356674006747595,3,-110.4643372009279,0.8853440787385883,0.8645508081339096,,0.051471193032403134
noisy_partial_feedback,Interval Meta-GDM,100,2,20727472,0,120,2236.0465163721806,0.568030036674648,0,-98.75655992678341,0.8876073958642456,0.867165636077429,,0.04932901528196733
noisy_partial_feedback,Interval Meta-GDM,100,3,20728469,0,120,2347.8920397188954,0.5550080225622707,8,-99.94654673043681,0.8850899468636739,0.8643698134579696,,0.052332329921686994
noisy_partial_feedback,Interval Meta-GDM,100,4,20729466,0,120,2836.0615112804603,0.5167591830676119,23,-104.80617544853543,0.8754132795128844,0.8638366034111411,,0.050224991436253426
noisy_partial_feedback,Interval Meta-GDM,100,5,20730463,0,120,2150.774688654766,0.5643490691402171,3,-99.29657256155006,0.8945769308501742,0.8641192629024343,,0.04844988625098758
noisy_partial_feedback,Interval Meta-GDM,100,6,20731460,0,120,2411.225216919985,0.5251998668619624,5,-100.5978401058106,0.8878125656001955,0.8571733628319733,,0.05154340876420829
noisy_partial_feedback,Interval Meta-GDM,100,7,20732457,0,120,2691.61633287864,0.5400261809264213,17,-103.26476769961076,0.887988296944864,0.8551257007114247,,0.04928002708091505
noisy_partial_feedback,Interval Meta-GDM,100,8,20733454,0,120,2927.602917510335,0.4759673755681688,23,-103.8320314248061,0.8887856757514438,0.8586251264155017,,0.05060015232301345
noisy_partial_feedback,Interval Meta-GDM,100,9,20734451,0,120,2873.052747509568,0.5472377729662246,6,-107.38014659570216,0.8828008971212583,0.8648737194828534,,0.051239828647685774
noisy_partial_feedback,Interval Meta-GDM,100,10,20735448,0,120,1930.6873321820221,0.543561499538616,5,-95.75338551733313,0.8858553899590776,0.859112815331222,,0.04854316761979234
noisy_partial_feedback,Interval Meta-GDM,100,11,20736445,0,120,2632.5328416660773,0.5332715881424981,30,-102.66827974610793,0.8855730080499103,0.8648116253911292,,0.05280985179534501
noisy_partial_feedback,Interval Meta-GDM,100,12,20737442,0,120,2215.3157739985686,0.537687366269892,0,-99.887502321978,0.8854442830725724,0.8655237639183114,,0.04837192077186025
noisy_partial_feedback,Interval Meta-GDM,100,13,20738439,0,120,2530.0311671555523,0.5070002812779464,6,-101.72503096274224,0.8816121977990452,0.8658246614297681,,0.050440604149641494
noisy_partial_feedback,Interval Meta-GDM,100,14,20739436,0,120,2699.992023536044,0.5366845653017722,4,-104.40873900058465,0.8804679314642005,0.8621742460487414,,0.05376643209810933
noisy_partial_feedback,Interval Meta-GDM,100,15,20740433,1,80,1598.4116128276298,0.5306687430302361,2,-46.665026248021384,0.9011947400591089,0.869246037828762,,0.051261126871148505
noisy_partial_feedback,Interval Meta-GDM,100,16,20741430,0,120,2861.729820818852,0.5116914135634083,6,-104.20506506898361,0.8817448950094634,0.8611348081374456,,0.04851564872415758
noisy_partial_feedback,Interval Meta-GDM,100,17,20742427,0,120,2402.12230456103,0.5004186617899293,1,-96.76121244649381,0.8947401792623956,0.8663250951040294,,0.04852467217808992
noisy_partial_feedback,Interval Meta-GDM,100,18,20743424,0,120,2595.8918033589566,0.5393836406435328,2,-103.63683292152474,0.8861276805486731,0.85831074497995,,0.047742488567627174
noisy_partial_feedback,Interval Meta-GDM,100,19,20744421,1,111,2289.7784989453467,0.5688477054590626,3,-82.23139533397173,0.9003071780488706,0.8603849791903803,,0.04774469418910423
noisy_partial_feedback,Interval Meta-GDM,100,20,20745418,0,120,2515.433585693129,0.5215866131465701,10,-100.16651066184342,0.8948687066647694,0.8684259955254284,,0.04957514148161606
noisy_partial_feedback,Interval Meta-GDM,100,21,20746415,0,120,2654.8584245854076,0.5215093505140607,8,-102.79679357465643,0.8877050494730053,0.8657727683236944,,0.04940229116074974
noisy_partial_feedback,Interval Meta-GDM,100,22,20747412,0,120,3068.41038826478,0.513475924775932,0,-105.77043327138092,0.8843850917349615,0.8576242586901626,,0.04925887711392081
noisy_partial_feedback,Interval Meta-GDM,100,23,20748409,0,120,2410.399276843607,0.5700803961776217,5,-101.77839006901007,0.8858202309622155,0.8599190643849297,,0.04909718302198192
noisy_partial_feedback,Interval Meta-GDM,100,24,20749406,0,120,2258.766778371678,0.528906462559839,5,-98.73733270595224,0.8927236245489351,0.865051374182186,,0.051353990584235926
noisy_partial_feedback,Interval Meta-GDM,100,25,20750403,1,71,1436.1059015693636,0.5123916471392154,4,-37.572863134366024,0.9003839356090856,0.8719719357844451,,0.04998166291044034
noisy_partial_feedback,Interval Meta-GDM,100,26,20751400,0,120,2520.721250974796,0.539986975493258,29,-101.10933545215939,0.8886974771355824,0.8566589571650037,,0.0517453224287345
noisy_partial_feedback,Interval Meta-GDM,100,27,20752397,0,120,2728.733148602023,0.5301132332367646,19,-103.39114465338243,0.8784663722202379,0.8546872963494919,,0.05278848916334832
noisy_partial_feedback,Interval Meta-GDM,100,28,20753394,0,120,2819.9564435969855,0.5424814941146274,8,-105.02949084353193,0.8828186188631224,0.8564588376740602,,0.04980734304751708
noisy_partial_feedback,Interval Meta-GDM,100,29,20754391,0,120,2691.9375717242415,0.47967914138499546,15,-100.38167890792805,0.8918077930842793,0.8604996499900228,,0.0509699379661105
noisy_partial_feedback,Interval Meta-GDM,100,30,20755388,0,120,2289.6431940812745,0.542634353418072,12,-100.36801294213927,0.8921080417120169,0.8603866049156639,,0.0496836708169824
noisy_partial_feedback,Interval Meta-GDM,100,31,20756385,0,120,3361.904056461053,0.4994272075929411,26,-108.75931555569441,0.8815385252812905,0.8550464842740936,,0.05074847326108421
noisy_partial_feedback,Interval Meta-GDM,100,32,20757382,0,120,2482.279195011568,0.5575264506166597,11,-104.51944450339747,0.8860290690638875,0.8695375730952326,,0.05141727777851042
noisy_partial_feedback,Interval Meta-GDM,100,33,20758379,0,120,2473.3656134443577,0.5068211404510043,7,-98.31099623367069,0.8904803823891819,0.8615580920478164,,0.050746623761443725
noisy_partial_feedback,Interval Meta-GDM,100,34,20759376,0,120,2829.5726632020737,0.5262460829324209,5,-105.49702950026371,0.8817415796717001,0.8690612145123919,,0.04964309646413014
noisy_partial_feedback,Interval Meta-GDM,100,35,20760373,0,120,2273.793096528586,0.5536102402536986,0,-101.57880237407893,0.8788962173250409,0.8577736784533897,,0.05125293971554477
noisy_partial_feedback,Interval Meta-GDM,100,36,20761370,0,120,2457.1435053424584,0.4826247246365054,11,-99.53035700776103,0.8809023596503552,0.8617891581426809,,0.051876357000598415
noisy_partial_feedback,Interval Meta-GDM,100,37,20762367,0,120,2261.2246394430304,0.5133013449417407,9,-96.07676489339693,0.8943625676077763,0.8610085399519015,,0.051539124574580084
noisy_partial_feedback,Interval Meta-GDM,100,38,20763364,0,120,2594.0600412748695,0.5375355506865034,1,-102.58616505900103,0.8896545057596359,0.8590637259933943,,0.049819083826674
noisy_partial_feedback,Interval Meta-GDM,100,39,20764361,0,120,3024.769576037886,0.5209642567464563,14,-107.71525655530748,0.8785052731378121,0.8610549520642601,,0.049530800718039905
noisy_partial_feedback,Interval Meta-GDM,100,40,20765358,0,120,2674.2996860269513,0.562663311495943,7,-104.96172158578872,0.8844998287881664,0.8619854168775128,,0.049707762448563474
noisy_partial_feedback,Interval Meta-GDM,100,41,20766355,0,120,3076.3588908418983,0.5185425433484228,9,-108.33704057207204,0.8807500190892272,0.8631717690641839,,0.04825233593481929
noisy_partial_feedback,Interval Meta-GDM,100,42,20767352,0,120,2466.776550219976,0.5189160977858953,0,-101.43739383740954,0.8880929090308014,0.8604519568771474,,0.05302715267430767
noisy_partial_feedback,Interval Meta-GDM,100,43,20768349,1,86,1519.8679486224844,0.5538884594495568,0,-53.752704074584756,0.9005428929856656,0.8662131548160862,,0.048470329374735346
noisy_partial_feedback,Interval Meta-GDM,100,44,20769346,0,120,2296.162661587867,0.49054647218891545,5,-97.02663518679196,0.8903042747939868,0.8639511077806806,,0.05045292903642977
noisy_partial_feedback,Interval Meta-GDM,100,45,20770343,0,120,2566.419396722455,0.541207106187886,7,-102.13034394549918,0.8870550079696954,0.8626542753876252,,0.04994924366981491
noisy_partial_feedback,Interval Meta-GDM,100,46,20771340,0,120,2530.030293901692,0.5307592993457908,3,-102.32167698586099,0.8850059114062689,0.8670871519833445,,0.05051699157062026
noisy_partial_feedback,Interval Meta-GDM,100,47,20772337,0,120,2343.208949614142,0.5278238632549732,1,-97.71871402845964,0.8844494145299202,0.8642858954923545,,0.05185366691710595
noisy_partial_feedback,Interval Meta-GDM,100,48,20773334,0,120,2907.70142590046,0.5165413721873027,12,-104.68273795009226,0.8762396079346096,0.8576118325995059,,0.050191721935590385
noisy_partial_feedback,Interval Meta-GDM,100,49,20774331,0,120,2699.6454242209747,0.5302553810317889,7,-106.23976467291699,0.8786102893997435,0.8540027492855863,,0.04838877510516042
noisy_partial_feedback,Bounded confidence,100,0,20725478,1,37,442.7492076058521,0.46473552465344237,0,1.0019831917564144,0.901192270365045,0.8781208583422841,,0.05332256854966719
noisy_partial_feedback,Bounded confidence,100,1,20726475,1,34,497.2148654256461,0.4892171433884156,0,0.5028834018763071,0.900107005944908,0.8817212629034304,,0.051471193032403134
noisy_partial_feedback,Bounded confidence,100,2,20727472,1,25,401.8510854577518,0.5342614463644015,0,11.684683608731481,0.901910300723589,0.8797733742477903,,0.04932901528196733
noisy_partial_feedback,Bounded confidence,100,3,20728469,1,25,373.27518736734385,0.5353915185752385,0,11.89149081116524,0.9013834789108429,0.8819027340077926,,0.052332329921686994
noisy_partial_feedback,Bounded confidence,100,4,20729466,1,28,432.88348862885425,0.5093542861559868,0,7.7048743316993065,0.9029682797904803,0.8883432153323573,,0.050224991436253426
noisy_partial_feedback,Bounded confidence,100,5,20730463,1,30,376.8970556651167,0.4859997416622992,0,7.102538387714041,0.9023690898199179,0.878159305799904,,0.04844988625098758
noisy_partial_feedback,Bounded confidence,100,6,20731460,1,32,406.0832843802803,0.524243912006632,0,5.461618767063857,0.9006267200177256,0.8727326930137849,,0.05154340876420829
noisy_partial_feedback,Bounded confidence,100,7,20732457,1,27,417.081120411652,0.540216674216168,0,9.617876594393941,0.9002563580412473,0.8780569794852392,,0.04928002708091505
noisy_partial_feedback,Bounded confidence,100,8,20733454,1,25,426.7933934090323,0.4983253568957866,0,9.842847234940379,0.9003846839814204,0.8847345157901657,,0.05060015232301345
noisy_partial_feedback,Bounded confidence,100,9,20734451,1,84,768.6469449029852,0.4707925888040887,0,-44.79570883005767,0.9009124139410127,0.8822288936423701,,0.051239828647685774
noisy_partial_feedback,Bounded confidence,100,10,20735448,1,35,354.11633112362296,0.4761139130817249,0,3.4059444926611864,0.902298274003315,0.875005910795687,,0.04854316761979234
noisy_partial_feedback,Bounded confidence,100,11,20736445,1,26,413.8120734135751,0.5197750291355812,0,9.779128744723986,0.9015699173107755,0.8851141886553019,,0.05280985179534501
noisy_partial_feedback,Bounded confidence,100,12,20737442,1,27,359.15620125020337,0.49309788611819916,0,9.313282170561743,0.9006361091627946,0.8780476461736798,,0.04837192077186025
noisy_partial_feedback,Bounded confidence,100,13,20738439,1,21,343.6091818190701,0.5323929800725016,0,13.890729009365344,0.9001053067287953,0.8841589346295984,,0.050440604149641494
noisy_partial_feedback,Bounded confidence,100,14,20739436,1,23,377.0049269084376,0.4835802334192052,0,12.830906431294856,0.9010164073790001,0.8784050200644254,,0.05376643209810933
noisy_partial_feedback,Bounded confidence,100,15,20740433,1,25,378.77158662810615,0.49393500804221957,0,12.690954177986898,0.9065954356862521,0.8820575500266751,,0.051261126871148505
noisy_partial_feedback,Bounded confidence,100,16,20741430,1,45,528.1375689280821,0.5028223103716201,0,-7.483647505461162,0.9000703102110534,0.8793942889818289,,0.04851564872415758
noisy_partial_feedback,Bounded confidence,100,17,20742427,1,26,414.5209520955654,0.5311052927840207,0,11.130294973918817,0.9030289269042794,0.8786444840929775,,0.04852467217808992
noisy_partial_feedback,Bounded confidence,100,18,20743424,1,93,768.2937953319193,0.47301173681386954,0,-51.363319051094194,0.9001668970045016,0.8720357270538636,,0.047742488567627174
noisy_partial_feedback,Bounded confidence,100,19,20744421,1,31,430.4609545943475,0.5491776889312232,0,5.717013432087805,0.9000229253545865,0.8718818016249245,,0.04774469418910423
noisy_partial_feedback,Bounded confidence,100,20,20745418,1,24,369.1745307647938,0.49806898491820406,0,12.140910896882865,0.9006398898997365,0.8841886500515984,,0.04957514148161606
noisy_partial_feedback,Bounded confidence,100,21,20746415,1,28,419.964112851969,0.517378990865698,0,8.10740933143932,0.9008624516739215,0.8826923672207514,,0.04940229116074974
noisy_partial_feedback,Bounded confidence,100,22,20747412,1,38,540.9877594080198,0.48975671708836677,0,-0.589785961950664,0.901383171604485,0.8744351619843495,,0.04925887711392081
noisy_partial_feedback,Bounded confidence,100,23,20748409,1,34,426.304994792962,0.511961230885144,0,3.0603383639240134,0.9017675458034483,0.8762159585074519,,0.04909718302198192
noisy_partial_feedback,Bounded confidence,100,24,20749406,1,31,404.51595066985203,0.5149354547881901,0,5.835615782165275,0.900829519591445,0.8794469694064285,,0.051353990584235926
noisy_partial_feedback,Bounded confidence,100,25,20750403,1,19,332.5660170306013,0.5125342886450037,0,17.109948717577883,0.900529856581183,0.8806643627948676,,0.04998166291044034
noisy_partial_feedback,Bounded confidence,100,26,20751400,1,28,413.84655634825896,0.4986344117355055,0,8.771983743038078,0.9000183613521764,0.8817213932895193,,0.0517453224287345
noisy_partial_feedback,Bounded confidence,100,27,20752397,0,120,992.7987884688926,0.48099658237490805,0,-85.63430274308396,0.8916085383281863,0.8746006290617176,,0.05278848916334832
noisy_partial_feedback,Bounded confidence,100,28,20753394,0,120,1018.989391136108,0.4809178899969244,0,-87.09812256705143,0.8927508129396536,0.8740148545490597,,0.04980734304751708
noisy_partial_feedback,Bounded confidence,100,29,20754391,1,27,394.36354023208787,0.4744552165281679,0,9.575620230116591,0.9022108389497413,0.8817792375668297,,0.0509699379661105
noisy_partial_feedback,Bounded confidence,100,30,20755388,1,30,362.9173362182567,0.4964931810123203,0,6.412740794320873,0.9002954064038039,0.8792338317738848,,0.0496836708169824
noisy_partial_feedback,Bounded confidence,100,31,20756385,1,29,512.2844547887837,0.5208103434050873,0,7.102595971320566,0.9013004327622683,0.8834967663588597,,0.05074847326108421
noisy_partial_feedback,Bounded confidence,100,32,20757382,1,22,346.94628430373587,0.557201168005486,0,12.307105030757121,0.9019218069207141,0.8866742540742549,,0.05141727777851042
noisy_partial_feedback,Bounded confidence,100,33,20758379,1,27,397.44879409869105,0.4994463846990942,0,10.271655259836589,0.9006745546516025,0.8803944502863156,,0.050746623761443725
noisy_partial_feedback,Bounded confidence,100,34,20759376,1,23,413.60916691707195,0.5201510987625131,0,11.859866815117059,0.900847092238206,0.8844894861875344,,0.04964309646413014
noisy_partial_feedback,Bounded confidence,100,35,20760373,1,53,511.72135556272605,0.5260300032300598,0,-14.926782906556335,0.9001835712836461,0.8720815573156327,,0.05125293971554477
noisy_partial_feedback,Bounded confidence,100,36,20761370,0,120,909.4241464466037,0.4449423834291495,0,-85.01869739352107,0.89509599663661,0.8792113955029789,,0.051876357000598415
noisy_partial_feedback,Bounded confidence,100,37,20762367,1,20,330.8132980663687,0.5180211153062173,0,16.334556925884204,0.9002927621793321,0.8797001229746176,,0.051539124574580084
noisy_partial_feedback,Bounded confidence,100,38,20763364,1,34,430.1531793434261,0.5112145616482342,0,2.8505230386474754,0.9006476436034663,0.8733783869451308,,0.049819083826674
noisy_partial_feedback,Bounded confidence,100,39,20764361,1,30,437.05964018513606,0.5123751573892488,0,5.142834671181606,0.9034866962426832,0.8860195328726285,,0.049530800718039905
noisy_partial_feedback,Bounded confidence,100,40,20765358,1,28,397.9666575652002,0.4992449612692531,0,7.644228771835542,0.9014384323135066,0.8790566205522905,,0.049707762448563474
noisy_partial_feedback,Bounded confidence,100,41,20766355,1,23,388.75957183240996,0.5002654285596457,0,11.43764127999639,0.900203078472423,0.8830433872007415,,0.04825233593481929
noisy_partial_feedback,Bounded confidence,100,42,20767352,1,35,412.60165074508603,0.44739960300030956,0,2.7585306090133006,0.9002604929966888,0.8748653659107098,,0.05302715267430767
noisy_partial_feedback,Bounded confidence,100,43,20768349,1,24,311.47783742637915,0.5046833665373467,0,12.585774369146721,0.9016540182916397,0.8755261380128333,,0.048470329374735346
noisy_partial_feedback,Bounded confidence,100,44,20769346,1,25,381.31323868288115,0.5010471674876229,0,11.676697358779489,0.9031666860507547,0.8795707004724911,,0.05045292903642977
noisy_partial_feedback,Bounded confidence,100,45,20770343,1,24,422.4196255596538,0.5341043550182456,0,12.542452517764598,0.9043004767852829,0.8816526792420276,,0.04994924366981491
noisy_partial_feedback,Bounded confidence,100,46,20771340,1,25,387.42677301050156,0.5219770042432494,0,10.792736541194316,0.9011234629882865,0.8805562970178256,,0.05051699157062026
noisy_partial_feedback,Bounded confidence,100,47,20772337,1,24,381.9237300140842,0.4899643481468374,0,13.950546024442273,0.9021610197811063,0.8786875095092557,,0.05185366691710595
noisy_partial_feedback,Bounded confidence,100,48,20773334,1,39,525.4306275855336,0.5046148142727422,0,-1.6426949368216892,0.9002894808064267,0.8803784746700636,,0.050191721935590385
noisy_partial_feedback,Bounded confidence,100,49,20774331,0,120,933.4035624869022,0.47304279408160577,0,-88.3784663840957,0.8927751186676873,0.8703784500571675,,0.04838877510516042
noisy_partial_feedback,Mean consensus,100,0,20725478,1,37,460.9779690148064,0.4642498706751448,0,0.7960990818807119,0.9011939918166259,0.8782223074380189,,0.05332256854966719
noisy_partial_feedback,Mean consensus,100,1,20726475,1,34,509.56580266995354,0.49114031690068694,0,0.3802498434981345,0.9001076254917854,0.8817999233428017,,0.051471193032403134
noisy_partial_feedback,Mean consensus,100,2,20727472,1,25,411.5671216945536,0.5266978286411979,0,11.60066082481065,0.9019316104107765,0.8798915313182616,,0.04932901528196733
noisy_partial_feedback,Mean consensus,100,3,20728469,1,25,383.20525616837216,0.5312891796058776,0,11.793455416228626,0.9013855782075443,0.8819851632997585,,0.052332329921686994
noisy_partial_feedback,Mean consensus,100,4,20729466,1,28,441.6972012139085,0.5064306879682081,0,7.5986136674635345,0.9029656396911765,0.888376142776453,,0.050224991436253426
noisy_partial_feedback,Mean consensus,100,5,20730463,1,30,386.2068206976261,0.4815336123812073,0,6.998837507611027,0.9023740201582946,0.8782489719895364,,0.04844988625098758
noisy_partial_feedback,Mean consensus,100,6,20731460,1,32,416.8420392145143,0.5182770942614765,0,5.362349800073071,0.9006053990711209,0.8728081781388682,,0.05154340876420829
noisy_partial_feedback,Mean consensus,100,7,20732457,1,27,430.90646129861915,0.5326476204558366,0,9.485312471292815,0.9002599823892824,0.8781931884102256,,0.04928002708091505
noisy_partial_feedback,Mean consensus,100,8,20733454,1,25,436.2420426249463,0.4909130400526902,0,9.753126727527636,0.900399133472099,0.8848153076294539,,0.05060015232301345
noisy_partial_feedback,Mean consensus,100,9,20734451,1,84,781.0513048028046,0.47163752640574774,0,-44.92929696408433,0.9009124126801358,0.8823010917227797,,0.051239828647685774
noisy_partial_feedback,Mean consensus,100,10,20735448,1,35,362.9812141829871,0.47331919754186025,0,3.3182726497710693,0.9022861772497086,0.8751068335064456,,0.04854316761979234
noisy_partial_feedback,Mean consensus,100,11,20736445,1,26,422.1444479501523,0.515464668785351,0,9.685078533751673,0.901577121835938,0.8851837650964001,,0.05280985179534501
noisy_partial_feedback,Mean consensus,100,12,20737442,1,27,368.7002174156482,0.4893664156258464,0,9.2113498696996,0.9006362614398686,0.8781336539681075,,0.04837192077186025
noisy_partial_feedback,Mean consensus,100,13,20738439,1,21,352.1015696000426,0.5284011127299277,0,13.824174645745352,0.9001187990917593,0.8842468569831011,,0.050440604149641494
noisy_partial_feedback,Mean consensus,100,14,20739436,1,23,390.44592108391794,0.4807644929320629,0,12.697283045392448,0.9011243148569078,0.8786067110799808,,0.05376643209810933
noisy_partial_feedback,Mean consensus,100,15,20740433,1,25,389.81607520803556,0.48639027736251617,0,12.581440161987773,0.9066206232122589,0.8821782161733049,,0.051261126871148505
noisy_partial_feedback,Mean consensus,100,16,20741430,1,45,538.686690652713,0.4993071164019325,0,-7.578766280264881,0.9000705702947999,0.8794618179300377,,0.04851564872415758
noisy_partial_feedback,Mean consensus,100,17,20742427,1,26,426.2069569034837,0.5242389102887905,0,11.040486830535425,0.9030245591288492,0.8787525143051231,,0.04852467217808992
noisy_partial_feedback,Mean consensus,100,18,20743424,1,93,779.672414907013,0.47429146379239273,0,-51.48371551579605,0.9001668909817935,0.8721248264713384,,0.047742488567627174
noisy_partial_feedback,Mean consensus,100,19,20744421,1,31,448.4887758984374,0.543536389637487,0,5.530193956551255,0.900009907695554,0.8720040174793982,,0.04774469418910423
noisy_partial_feedback,Mean consensus,100,20,20745418,1,24,374.0648892542283,0.4962788653889898,0,12.112018539074239,0.9006207827576795,0.8842138572772825,,0.04957514148161606
noisy_partial_feedback,Mean consensus,100,21,20746415,1,28,429.46773804825784,0.5124030037159948,0,8.01837207582969,0.9008720872130734,0.8827782924355164,,0.04940229116074974
noisy_partial_feedback,Mean consensus,100,22,20747412,1,35,536.6400818189298,0.49257999473136693,0,1.9317439245001946,0.9000060770213649,0.8737119737707165,,0.04925887711392081
noisy_partial_feedback,Mean consensus,100,23,20748409,1,34,440.1219517922237,0.5102121033485667,0,2.919356224374477,0.9017640826565041,0.8763522273847048,,0.04909718302198192
noisy_partial_feedback,Mean consensus,100,24,20749406,1,31,415.28822877220796,0.5127461816051209,0,5.727418069338323,0.900889506360265,0.8795797452316461,,0.051353990584235926
noisy_partial_feedback,Mean consensus,100,25,20750403,1,19,338.4491031848674,0.5062856527688255,0,17.070659984904243,0.9005863592043929,0.8807824438432099,,0.04998166291044034
noisy_partial_feedback,Mean consensus,100,26,20751400,1,28,424.2705753747779,0.4957019878893254,0,8.674696352766173,0.9000176709222092,0.8817781864829282,,0.0517453224287345
noisy_partial_feedback,Mean consensus,100,27,20752397,0,120,1006.2489856281493,0.48104583478412755,0,-85.78688812470998,0.8916085382710868,0.8746980337166936,,0.05278848916334832
noisy_partial_feedback,Mean consensus,100,28,20753394,0,120,1035.1950986785228,0.4804775927119245,0,-87.26101033236506,0.8927508129412136,0.8741925159199313,,0.04980734304751708
noisy_partial_feedback,Mean consensus,100,29,20754391,1,27,408.54954144458384,0.4700546855037271,0,9.442966662953163,0.9022620693731899,0.882072432135811,,0.0509699379661105
noisy_partial_feedback,Mean consensus,100,30,20755388,1,30,373.47985419295725,0.4948408740066701,0,6.31019508779532,0.9003057869357435,0.87933276277591,,0.0496836708169824
noisy_partial_feedback,Mean consensus,100,31,20756385,1,29,522.0037827034577,0.5129962742810965,0,7.0251332597468625,0.9013068533573722,0.8836002398976281,,0.05074847326108421
noisy_partial_feedback,Mean consensus,100,32,20757382,1,22,352.6847303912439,0.5517344224601506,0,12.257187923539437,0.9019234366906057,0.8867264415015877,,0.05141727777851042
noisy_partial_feedback,Mean consensus,100,33,20758379,1,27,410.88562308036717,0.4940434883092355,0,10.152666732215728,0.9007108150474473,0.8806066171514803,,0.050746623761443725
noisy_partial_feedback,Mean consensus,100,34,20759376,1,23,420.9749760590222,0.5146199144288832,0,11.792467371945374,0.9008712966494281,0.8846039692611555,,0.04964309646413014
noisy_partial_feedback,Mean consensus,100,35,20760373,1,53,521.3215391605544,0.52473215037471,0,-14.99689305197488,0.9001837292391129,0.8721578241297225,,0.05125293971554477
noisy_partial_feedback,Mean consensus,100,36,20761370,0,120,918.7760307642989,0.445495699223009,0,-85.10214698115522,0.8950959966292625,0.8793107137723546,,0.051876357000598415
noisy_partial_feedback,Mean consensus,100,37,20762367,1,20,338.83514319895653,0.5072573020872004,0,16.258554266642776,0.9003082745683207,0.8797814756126686,,0.051539124574580084
noisy_partial_feedback,Mean consensus,100,38,20763364,1,34,447.73601338934253,0.5032962407798949,0,2.766607929509103,0.9007249022395275,0.8736223333215107,,0.049819083826674
noisy_partial_feedback,Mean consensus,100,39,20764361,1,30,448.55289990913036,0.5043177414065187,0,5.057429877311881,0.9034877200413197,0.8860941757329276,,0.049530800718039905
noisy_partial_feedback,Mean consensus,100,40,20765358,1,28,413.2585914303938,0.4998834057793724,0,7.460783240693837,0.9014195755653729,0.8791133583272869,,0.049707762448563474
noisy_partial_feedback,Mean consensus,100,41,20766355,1,23,399.48190440540964,0.4943786741331413,0,11.334423256108616,0.9002172696362944,0.8831041750556543,,0.04825233593481929
noisy_partial_feedback,Mean consensus,100,42,20767352,1,35,422.73166093315166,0.44422521755238553,0,2.664421340342807,0.9002646854574752,0.8749644306311192,,0.05302715267430767
noisy_partial_feedback,Mean consensus,100,43,20768349,1,24,321.4048226249448,0.5025302645525906,0,12.474530837391203,0.901680942446687,0.8756331173413409,,0.048470329374735346
noisy_partial_feedback,Mean consensus,100,44,20769346,1,25,391.3573997988602,0.49611200636443753,0,11.580623363092364,0.9032079409312412,0.8796734526188773,,0.05045292903642977
noisy_partial_feedback,Mean consensus,100,45,20770343,1,24,431.96452311051155,0.5276015095925097,0,12.46086658588599,0.904328883191231,0.8817636958371243,,0.04994924366981491
noisy_partial_feedback,Mean consensus,100,46,20771340,1,25,398.1143414334442,0.5156434886243402,0,10.688006473925775,0.9011618057995935,0.8806870252052488,,0.05051699157062026
noisy_partial_feedback,Mean consensus,100,47,20772337,1,24,397.1206804088317,0.48379695556821933,0,13.789761050196514,0.9021569771487771,0.8787829724064099,,0.05185366691710595
noisy_partial_feedback,Mean consensus,100,48,20773334,1,39,534.8459565287567,0.49985919601962303,0,-1.717540678901793,0.9002879659610221,0.8804593636908238,,0.050191721935590385
noisy_partial_feedback,Mean consensus,100,49,20774331,0,120,946.0140283978242,0.4733362306756015,0,-88.50850163867305,0.8927751186599474,0.8704096622393981,,0.04838877510516042
noisy_partial_feedback,Observable cost-aware,100,0,20725478,0,120,439.3511950164999,0.41194032066725295,0,-75.72404884473796,0.8973437148411614,0.8685992047135451,,0.05332256854966719
noisy_partial_feedback,Observable cost-aware,100,1,20726475,1,60,339.23000133224167,0.475396257281113,0,-18.250017210334057,0.901852563790021,0.8774482194841151,,0.051471193032403134
noisy_partial_feedback,Observable cost-aware,100,2,20727472,1,50,326.99665308495986,0.5493441298458985,0,-7.675822550903224,0.9004157270529825,0.8706115704966495,,0.04932901528196733
noisy_partial_feedback,Observable cost-aware,100,3,20728469,1,97,397.64016821039576,0.4962997635397126,0,-47.39543558837838,0.9008840758766641,0.8737821652933305,,0.052332329921686994
noisy_partial_feedback,Observable cost-aware,100,4,20729466,1,28,272.6881145495046,0.5562508152006227,0,9.74928612369095,0.9000194550801768,0.8821105863202062,,0.050224991436253426
noisy_partial_feedback,Observable cost-aware,100,5,20730463,1,64,313.6046097221627,0.4712506039444109,0,-19.370782717531988,0.9021382539607381,0.8692361564558505,,0.04844988625098758
noisy_partial_feedback,Observable cost-aware,100,6,20731460,1,74,351.79517226633084,0.5060338361257593,0,-27.81779170704123,0.9001034933044472,0.864805266301936,,0.05154340876420829
noisy_partial_feedback,Observable cost-aware,100,7,20732457,1,75,375.4178226497312,0.5316530905624255,0,-28.88362431750698,0.9001156272544376,0.8706805974589076,,0.04928002708091505
noisy_partial_feedback,Observable cost-aware,100,8,20733454,1,35,299.3759357266314,0.5227984518778435,0,3.307968209609797,0.9003379571912365,0.8800278417832552,,0.05060015232301345
noisy_partial_feedback,Observable cost-aware,100,9,20734451,1,62,321.5283658863736,0.44798325985033016,0,-19.492797969830356,0.9000661326855153,0.8775732638792342,,0.051239828647685774
noisy_partial_feedback,Observable cost-aware,100,10,20735448,1,59,265.4946468502049,0.4645978303300746,0,-14.960812182353385,0.9006273978662397,0.8667698476493709,,0.04854316761979234
noisy_partial_feedback,Observable cost-aware,100,11,20736445,1,33,281.35820705904644,0.5345671134958538,0,5.434589026233297,0.9002037178398261,0.8785841136802742,,0.05280985179534501
noisy_partial_feedback,Observable cost-aware,100,12,20737442,1,55,280.1961303110678,0.4862613817987127,0,-12.195744146489597,0.9019209139779952,0.8710917767108792,,0.04837192077186025
noisy_partial_feedback,Observable cost-aware,100,13,20738439,1,29,248.6426768738555,0.5646412580202174,0,8.242577572466217,0.9006368272453545,0.880081051318457,,0.050440604149641494
noisy_partial_feedback,Observable cost-aware,100,14,20739436,1,50,299.2549487270479,0.4859857969785297,0,-8.022869214473133,0.90048805667777,0.870240698335383,,0.05376643209810933
noisy_partial_feedback,Observable cost-aware,100,15,20740433,1,37,281.22180295484804,0.5166723998662353,0,3.913828164205257,0.9003959158585209,0.8710311490534686,,0.051261126871148505
noisy_partial_feedback,Observable cost-aware,100,16,20741430,1,56,332.9770095434546,0.528398529515131,0,-13.733222141401225,0.9008692411512816,0.8748141049582415,,0.04851564872415758
noisy_partial_feedback,Observable cost-aware,100,17,20742427,1,39,309.29279058098416,0.5425053176240637,0,1.8652939014306753,0.9013978893133894,0.8728334906108436,,0.04852467217808992
noisy_partial_feedback,Observable cost-aware,100,18,20743424,0,120,437.2544254897825,0.3980010029619878,0,-77.56055630556202,0.8913155820991019,0.862872669398827,,0.047742488567627174
noisy_partial_feedback,Observable cost-aware,100,19,20744421,1,47,308.6418246900573,0.542382125360316,0,-5.512848290481319,0.9003751649409982,0.8655512911821598,,0.04774469418910423
noisy_partial_feedback,Observable cost-aware,100,20,20745418,1,32,256.7998030990757,0.5263291562039218,0,6.717330964112167,0.900547351934871,0.8786638765168694,,0.04957514148161606
noisy_partial_feedback,Observable cost-aware,100,21,20746415,1,38,288.858688815802,0.547959974327014,0,1.3236401325326685,0.9000492693047095,0.8771076684628427,,0.04940229116074974
noisy_partial_feedback,Observable cost-aware,100,22,20747412,1,57,369.8212967154522,0.5013310995612295,0,-13.933870098217527,0.9006932290293244,0.8686989365587318,,0.04925887711392081
noisy_partial_feedback,Observable cost-aware,100,23,20748409,1,38,272.21914495579944,0.5010607957718629,0,2.315766839298104,0.9000590500622981,0.8703169726098774,,0.04909718302198192
noisy_partial_feedback,Observable cost-aware,100,24,20749406,1,41,281.67939737349724,0.5472488735510475,0,-0.989359228150871,0.9003229349508188,0.8725606192719769,,0.051353990584235926
noisy_partial_feedback,Observable cost-aware,100,25,20750403,1,37,267.74854350042926,0.522031963184705,0,2.89354721304662,0.9023679294531802,0.875977937606569,,0.04998166291044034
noisy_partial_feedback,Observable cost-aware,100,26,20751400,1,113,455.1197647370768,0.45253960057910314,0,-60.34646505979724,0.9003567138541447,0.8730723113583547,,0.0517453224287345
noisy_partial_feedback,Observable cost-aware,100,27,20752397,1,87,411.01930481062857,0.4892890046040477,0,-38.845868749622014,0.9002730803358547,0.8707354629500831,,0.05278848916334832
noisy_partial_feedback,Observable cost-aware,100,28,20753394,0,120,495.65317103701193,0.45222307203806067,0,-77.84000048967175,0.8911481231189153,0.8698326463094939,,0.04980734304751708
noisy_partial_feedback,Observable cost-aware,100,29,20754391,1,32,266.99297322496227,0.5153395349534138,0,6.776591812461346,0.9005669791529701,0.8761011190180042,,0.0509699379661105
noisy_partial_feedback,Observable cost-aware,100,30,20755388,1,35,231.12868788379325,0.5160312586227693,0,4.250059349426084,0.9006870088441816,0.8753558851675645,,0.0496836708169824
noisy_partial_feedback,Observable cost-aware,100,31,20756385,1,50,375.30301241414963,0.5413727382196034,0,-8.471942982672255,0.9006264453132987,0.8790092407993515,,0.05074847326108421
noisy_partial_feedback,Observable cost-aware,100,32,20757382,1,30,235.48120233081295,0.5901986729979847,0,7.0121442419608435,0.9002319115264279,0.8784142671458187,,0.05141727777851042
noisy_partial_feedback,Observable cost-aware,100,33,20758379,1,46,308.66444726183175,0.5171008354211937,0,-4.2172892918055584,0.9004151446141764,0.8757232380943012,,0.050746623761443725
noisy_partial_feedback,Observable cost-aware,100,34,20759376,1,36,298.71591651796206,0.5281260667823253,0,2.793018405506328,0.9009619560549463,0.8794278060316868,,0.04964309646413014
noisy_partial_feedback,Observable cost-aware,100,35,20760373,0,120,421.64634344014166,0.507471289770691,0,-78.00507082377224,0.894623478485478,0.8613511198655022,,0.05125293971554477
noisy_partial_feedback,Observable cost-aware,100,36,20761370,1,86,378.3194906275218,0.452893442436999,0,-39.07830386482902,0.9007529856808997,0.8759213728907805,,0.051876357000598415
noisy_partial_feedback,Observable cost-aware,100,37,20762367,1,34,255.4293968811087,0.5238984794927433,0,6.0679392631974185,0.9026768977240257,0.877314934448106,,0.051539124574580084
noisy_partial_feedback,Observable cost-aware,100,38,20763364,1,56,316.6544346584784,0.5046053020468924,0,-13.345129404045283,0.9007887300990784,0.8671440697375287,,0.049819083826674
noisy_partial_feedback,Observable cost-aware,100,39,20764361,1,30,266.9831673997867,0.5644269742173387,0,7.320504726267036,0.9030653212280288,0.8822964031841145,,0.049530800718039905
noisy_partial_feedback,Observable cost-aware,100,40,20765358,1,36,252.23350253072604,0.504347322559161,0,3.3905754908054693,0.9019981117969355,0.874816976048782,,0.049707762448563474
noisy_partial_feedback,Observable cost-aware,100,41,20766355,1,31,250.33926908651108,0.5216498190306564,0,6.479676928966838,0.9000370762066279,0.8784921753364664,,0.04825233593481929
noisy_partial_feedback,Observable cost-aware,100,42,20767352,1,80,350.8377308616312,0.4246101710772716,0,-32.57394702815833,0.9009508287508476,0.8662682299721822,,0.05302715267430767
noisy_partial_feedback,Observable cost-aware,100,43,20768349,1,34,220.61733519177793,0.5189606129864328,0,5.036524321550867,0.9002433351811724,0.8683356662433714,,0.048470329374735346
noisy_partial_feedback,Observable cost-aware,100,44,20769346,1,62,330.65595425056205,0.4893591260549799,0,-17.74385534465715,0.9005418983367827,0.8711428893608819,,0.05045292903642977
noisy_partial_feedback,Observable cost-aware,100,45,20770343,1,35,313.0240122939791,0.5575653730429015,0,4.629626365094195,0.9005515469420954,0.8724770359208271,,0.04994924366981491
noisy_partial_feedback,Observable cost-aware,100,46,20771340,1,32,267.5714113096542,0.5506846335644571,0,6.681271314595174,0.9006526954183373,0.8752776232387094,,0.05051699157062026
noisy_partial_feedback,Observable cost-aware,100,47,20772337,1,41,299.06080487018954,0.5023260367760154,0,1.3743119331556217,0.9013418898401527,0.8731354403099585,,0.05185366691710595
noisy_partial_feedback,Observable cost-aware,100,48,20773334,0,120,492.34284520881886,0.47207161821846233,0,-77.433733113268,0.8953752353613689,0.8702316680322267,,0.050191721935590385
noisy_partial_feedback,Observable cost-aware,100,49,20774331,0,120,421.05117933394223,0.43734418999590674,0,-78.8648396357625,0.8910341675430624,0.8632708864603184,,0.04838877510516042
noisy_partial_feedback,Random,100,0,20725478,0,120,4655.406958038022,0.511623158084884,2312,-235.8130632465627,0.0,0.007719207991626758,,0.05332256854966719
noisy_partial_feedback,Random,100,1,20726475,0,120,6002.138808623614,0.5008789188139771,2279,-248.51557214979036,0.0,0.006763169638417461,,0.051471193032403134
noisy_partial_feedback,Random,100,2,20727472,0,120,4168.658997981554,0.548397039820516,2018,-226.95461906688854,0.0,0.004424900962056708,,0.04932901528196733
noisy_partial_feedback,Random,100,3,20728469,0,120,4310.824962252175,0.5263710925515872,2036,-226.81214493709555,0.0,0.00362494621163116,,0.052332329921686994
noisy_partial_feedback,Random,100,4,20729466,0,120,5342.669796345292,0.49577057424603366,2027,-235.04942203488355,0.0,0.0041227654503218055,,0.050224991436253426
noisy_partial_feedback,Random,100,5,20730463,0,120,4186.8666191644825,0.5583082855713344,2213,-229.86349279960834,0.0,0.011611880564493299,,0.04844988625098758
noisy_partial_feedback,Random,100,6,20731460,0,120,4527.899225759222,0.49821986779602345,1977,-229.0207747166043,0.0,0.007308296076370265,,0.05154340876420829
noisy_partial_feedback,Random,100,7,20732457,0,120,4990.688356322587,0.5322203580843352,2035,-235.95381638242145,0.0,0.011721110104667224,,0.04928002708091505
noisy_partial_feedback,Random,100,8,20733454,0,120,5522.324586464862,0.46377205320524784,2681,-248.25340127121729,0.0,0.00226543271256992,,0.05060015232301345
noisy_partial_feedback,Random,100,9,20734451,0,120,5322.176194634087,0.5291732134743123,1739,-232.21026494020904,0.0,0.005104889654836798,,0.051239828647685774
noisy_partial_feedback,Random,100,10,20735448,0,120,3520.076052267813,0.5235359709541176,2043,-220.2464236064264,0.0,0.013843710226673913,,0.04854316761979234
noisy_partial_feedback,Random,100,11,20736445,0,120,4865.4544118434815,0.5051012222892217,1863,-227.6229060799598,0.0,0.003944362744242183,,0.05280985179534501
noisy_partial_feedback,Random,100,12,20737442,0,120,3998.8189709018975,0.5263556108498302,2002,-224.61035654738427,0.0,0.013803915111589302,,0.04837192077186025
noisy_partial_feedback,Random,100,13,20738439,0,120,4803.524145689522,0.4826789287510007,1653,-225.51565272525426,0.0,0.007877408591241428,,0.050440604149641494
noisy_partial_feedback,Random,100,14,20739436,0,120,4981.360937590346,0.5398935989354889,2241,-240.29251734701825,0.0,0.0028179675717785024,,0.05376643209810933
noisy_partial_feedback,Random,100,15,20740433,0,120,4016.143559301624,0.5127485969463308,2143,-223.15830709133013,0.0,0.004293466562170927,,0.051261126871148505
noisy_partial_feedback,Random,100,16,20741430,0,120,5283.002501552604,0.5051760067307964,2384,-240.2623958954071,0.0,0.006293368288645482,,0.04851564872415758
noisy_partial_feedback,Random,100,17,20742427,0,120,4642.5870215728855,0.48925571750216656,2007,-226.73437133670586,0.0,0.008797279778315481,,0.04852467217808992
noisy_partial_feedback,Random,100,18,20743424,0,120,4763.101956205413,0.5315019202689442,2325,-240.7330824567505,0.0,0.00622576228120773,,0.047742488567627174
noisy_partial_feedback,Random,100,19,20744421,0,120,4566.672728750216,0.5606911865052293,2154,-234.49019648584033,0.0,0.009886077486702533,,0.04774469418910423
noisy_partial_feedback,Random,100,20,20745418,0,120,4625.509765467717,0.5129945293311617,2037,-228.98094433003374,0.0,0.003963973759809073,,0.04957514148161606
noisy_partial_feedback,Random,100,21,20746415,0,120,5125.549617394599,0.5042034488753586,1885,-232.0913758902891,0.0,0.0066030959870642236,,0.04940229116074974
noisy_partial_feedback,Random,100,22,20747412,0,120,5527.262393122395,0.48664443397526336,1707,-231.6345840472173,0.0,0.009142039593312124,,0.04925887711392081
noisy_partial_feedback,Random,100,23,20748409,0,120,4564.079259051466,0.5418228429570093,1743,-221.97581571228753,0.0,0.010913037040473368,,0.04909718302198192
noisy_partial_feedback,Random,100,24,20749406,0,120,4236.483168680059,0.5223339247199459,2410,-233.38602955308025,0.0,0.004284626194934399,,0.051353990584235926
noisy_partial_feedback,Random,100,25,20750403,0,120,4241.667758500155,0.5130716424066484,2114,-227.8131101868762,0.0,0.0016871500358410798,,0.04998166291044034
noisy_partial_feedback,Random,100,26,20751400,0,120,4592.62378860192,0.5201912328405314,2223,-233.1070720753481,0.0,0.008089050249815844,,0.0517453224287345
noisy_partial_feedback,Random,100,27,20752397,0,120,4941.9720099786855,0.5210042455403121,1822,-230.39796853758253,0.0,0.005564309564039906,,0.05278848916334832
noisy_partial_feedback,Random,100,28,20753394,0,120,5041.491744513332,0.5122837759000878,1745,-227.64006836998917,0.0,0.006653955131874301,,0.04980734304751708
noisy_partial_feedback,Random,100,29,20754391,0,120,5019.345290784522,0.47417064619362703,1674,-224.5364073972484,0.0,0.00856217265730214,,0.0509699379661105
noisy_partial_feedback,Random,100,30,20755388,0,120,4296.3232087255,0.5284371456315275,2012,-224.63225167921513,0.0,0.0011662509247868907,,0.0496836708169824
noisy_partial_feedback,Random,100,31,20756385,0,120,6272.237083754333,0.487975713310731,2343,-250.4102485611261,0.0,0.0012652353991229755,,0.05074847326108421
noisy_partial_feedback,Random,100,32,20757382,0,120,4464.801067798388,0.5298804172913771,1466,-223.2418756727011,0.0,0.007474335298055677,,0.05141727777851042
noisy_partial_feedback,Random,100,33,20758379,0,120,4653.195814082661,0.49916067575398837,2377,-231.71229563546152,0.0,0.005730899185983742,,0.050746623761443725
noisy_partial_feedback,Random,100,34,20759376,0,120,5282.901005759479,0.5270183854108637,1900,-233.64926829631034,0.0,0.008781991291888258,,0.04964309646413014
noisy_partial_feedback,Random,100,35,20760373,0,120,4150.721052220669,0.5358280748778323,2633,-237.0604705527902,0.0,0.002327539924285472,,0.05125293971554477
noisy_partial_feedback,Random,100,36,20761370,0,120,4586.618770164761,0.4661634594321509,2152,-228.5192330094796,0.0,0.003679096493985247,,0.051876357000598415
noisy_partial_feedback,Random,100,37,20762367,0,120,4277.848388258633,0.49484904535301166,2082,-225.80090958042922,0.0,0.0055155841438399664,,0.051539124574580084
noisy_partial_feedback,Random,100,38,20763364,0,120,4683.1663790155835,0.5154137448191727,2051,-230.71269545603863,0.0,0.005688941742067142,,0.049819083826674
noisy_partial_feedback,Random,100,39,20764361,0,120,5449.038565916355,0.49199938735820226,1816,-234.86757947748166,0.0,0.007016748462604041,,0.049530800718039905
noisy_partial_feedback,Random,100,40,20765358,0,120,5052.543739400409,0.5451081820118049,2510,-245.59953614329444,0.0,0.005063688703600706,,0.049707762448563474
noisy_partial_feedback,Random,100,41,20766355,0,120,5886.6193244385695,0.48581327746668035,2573,-253.0325604405045,0.0,0.007142959858819003,,0.04825233593481929
noisy_partial_feedback,Random,100,42,20767352,0,120,4662.979536133642,0.5218550965940569,2616,-242.27694405261462,0.0,0.01076580214742229,,0.05302715267430767
noisy_partial_feedback,Random,100,43,20768349,0,120,4040.682832018672,0.5636686245588467,1712,-224.19574631412104,0.0,0.014338350179720018,,0.048470329374735346
noisy_partial_feedback,Random,100,44,20769346,0,120,4377.202011898916,0.4919050816513515,2059,-225.10280722606333,0.0,0.011897871880049538,,0.05045292903642977
noisy_partial_feedback,Random,100,45,20770343,0,120,4774.371421408166,0.5341568698232528,1593,-223.07517842971978,0.0,0.011972440342291675,,0.04994924366981491
noisy_partial_feedback,Random,100,46,20771340,0,120,4774.990548053068,0.5127223559207925,1990,-231.43833055274243,0.0,0.006852299366144351,,0.05051699157062026
noisy_partial_feedback,Random,100,47,20772337,0,120,4303.699602649732,0.5162403239282447,2440,-234.14830374096786,0.0,0.0015976405740280011,,0.05185366691710595
noisy_partial_feedback,Random,100,48,20773334,0,120,5434.287058247823,0.5046050846360826,2069,-236.6844064907682,0.01035658891611503,0.002330058547252823,,0.050191721935590385
noisy_partial_feedback,Random,100,49,20774331,0,120,5081.28032596792,0.5213783519157407,1857,-232.82704679615952,0.0,0.005836633498124066,,0.04838877510516042
interval_shift,Interval Meta-GDM,10,0,21256927,1,7,25.536233000149508,0.5514316188578992,0,25.337192264425756,0.9284918292052952,0.9195654780271835,,0.09757384470663719
interval_shift,Interval Meta-GDM,10,1,21257924,1,4,13.133297720053772,0.6115315312417198,0,22.991993064823276,0.9134290966808309,0.9094258026442363,,0.1000595194829547
interval_shift,Interval Meta-GDM,10,2,21258921,1,10,16.62385294359954,0.5483299607603511,0,27.730300988970402,0.9144470683785416,0.8971189672409818,,0.09608049771254198
interval_shift,Interval Meta-GDM,10,3,21259918,1,8,27.620115716835617,0.5455851221065369,0,26.754260487907104,0.9357685281941629,0.9224630398385355,,0.1023258032934301
interval_shift,Interval Meta-GDM,10,4,21260915,1,8,18.863177103735215,0.670063270357357,0,19.09753357960216,0.9168687645640482,0.9104332198854136,,0.10035739772781602
interval_shift,Interval Meta-GDM,10,5,21261912,1,8,40.76141141518751,0.5218614756290072,0,26.720770700839537,0.9150454881909325,0.9027194121683668,,0.09963452313507225
interval_shift,Interval Meta-GDM,10,6,21262909,1,11,21.595308159061748,0.52244358818843,0,26.88283552715894,0.9065850077127922,0.8872279590254161,,0.10210234789368977
interval_shift,Interval Meta-GDM,10,7,21263906,1,8,22.519041759491973,0.49281213065295315,0,23.550159393413345,0.9071760886877019,0.8982269784064766,,0.09787349972947436
interval_shift,Interval Meta-GDM,10,8,21264903,1,8,11.33582094033225,0.5411197933080276,0,25.671683169028498,0.9265419987688963,0.9158098369641469,,0.10274045646156797
interval_shift,Interval Meta-GDM,10,9,21265900,1,8,14.642751254058128,0.5472098739031628,0,21.750439014192096,0.9114664150157284,0.9012524248477389,,0.10017505483757641
interval_shift,Interval Meta-GDM,10,10,21266897,1,4,25.463627317385114,0.5902049743382314,0,27.427902884451413,0.9473177412642894,0.9426333848414498,,0.09834359146160518
interval_shift,Interval Meta-GDM,10,11,21267894,1,10,14.273429242394272,0.5057220925307162,0,26.376557864673572,0.909772509501069,0.8935424406961946,,0.09584774343009379
interval_shift,Interval Meta-GDM,10,12,21268891,1,8,29.197094886821755,0.5076181972669693,0,24.695438057909705,0.900040692755869,0.8879087102926077,,0.1014430693596385
interval_shift,Interval Meta-GDM,10,13,21269888,1,4,26.6829113770096,0.5238457403510051,0,24.52713022101309,0.9146723619301809,0.9105348307827027,,0.09579707947071611
interval_shift,Interval Meta-GDM,10,14,21270885,1,4,13.436524710526841,0.5848638597540745,0,23.43738093617486,0.9412860557804552,0.937401970220362,,0.09994430069854324
interval_shift,Interval Meta-GDM,10,15,21271882,1,6,14.623339723547488,0.6110264844874478,0,22.76439561325365,0.9036522261242187,0.8967400946820531,,0.10051648947504951
interval_shift,Interval Meta-GDM,10,16,21272879,1,4,9.900706413462098,0.6583548392531311,0,22.607356373331736,0.9018567889090351,0.8985165982761704,,0.10212112741425458
interval_shift,Interval Meta-GDM,10,17,21273876,1,12,16.394875260181106,0.49714998424126877,0,26.441805605940456,0.9189111121109476,0.89648764253566,,0.09754419819323759
interval_shift,Interval Meta-GDM,10,18,21274873,1,8,25.198289183464524,0.6487358959523373,0,25.02644467265447,0.9177580672339333,0.905697731864233,,0.10673811457222955
interval_shift,Interval Meta-GDM,10,19,21275870,1,9,20.983743422881503,0.4848641702244909,0,27.745860113011695,0.9123916892806094,0.8967755532192013,,0.09586544083093554
interval_shift,Interval Meta-GDM,10,20,21276867,1,7,21.626610086807194,0.6861856762878304,0,21.710916027217326,0.9189293359867308,0.9126894091175896,,0.10063169270028927
interval_shift,Interval Meta-GDM,10,21,21277864,1,3,15.727010355357042,0.6076590187834998,0,22.24904960028757,0.9100171429515203,0.9077839506895444,,0.1013868800318641
interval_shift,Interval Meta-GDM,10,22,21278861,1,8,18.51735175805906,0.5237509940539329,0,24.607656358861142,0.9090559872775116,0.8988824026952886,,0.1063472852156447
interval_shift,Interval Meta-GDM,10,23,21279858,1,5,19.784793253287372,0.49562543456511854,0,23.239508504633044,0.92037994262867,0.9150234552200114,,0.10007106820301279
interval_shift,Interval Meta-GDM,10,24,21280855,1,10,17.821580198944417,0.5196131587470942,0,22.8947220664455,0.9011896337624344,0.8888519244348465,,0.1018474510781954
interval_shift,Interval Meta-GDM,10,25,21281852,1,7,27.34163082016897,0.7416304047187543,0,26.079049743702463,0.9194538785921925,0.9097435314260287,,0.10186780776345114
interval_shift,Interval Meta-GDM,10,26,21282849,1,10,14.446895568807813,0.5261255740824022,0,25.185455663809883,0.9161182643296693,0.8989926808495002,,0.09813813912854914
interval_shift,Interval Meta-GDM,10,27,21283846,1,6,20.644246858870396,0.44631106518850405,0,21.928588443224434,0.9198323252801219,0.9138710193838475,,0.0986579062885194
interval_shift,Interval Meta-GDM,10,28,21284843,1,8,16.328459163989635,0.5843516160844948,0,23.380275780636048,0.9032927866894386,0.8960999913531024,,0.09998762548759255
interval_shift,Interval Meta-GDM,10,29,21285840,1,7,27.94682170446324,0.5480250325394944,0,22.69133782765691,0.9155979351853317,0.9062909144659396,,0.09733554048270328
interval_shift,Interval Meta-GDM,10,30,21286837,1,9,30.658441074014046,0.5582921160347767,0,27.95245077487609,0.9203729970165666,0.9051234387180124,,0.0962471052706049
interval_shift,Interval Meta-GDM,10,31,21287834,1,6,30.25243287347169,0.6268451265333941,0,22.9889306482522,0.9016438313457456,0.8945671870380851,,0.0987860532298748
interval_shift,Interval Meta-GDM,10,32,21288831,1,4,29.133134341338746,0.4303293866932285,0,25.726002242490253,0.9194680422920294,0.9148029456556953,,0.09812243393147982
interval_shift,Interval Meta-GDM,10,33,21289828,1,5,14.812890821159037,0.5889025075921186,0,22.395220110051724,0.9260485249860129,0.9208890053867135,,0.10136124766520807
interval_shift,Interval Meta-GDM,10,34,21290825,1,15,22.839703412472335,0.5128008525998866,0,19.735194756279597,0.9009278235884848,0.8780801114055455,,0.09709604224820181
interval_shift,Interval Meta-GDM,10,35,21291822,1,16,23.079297647234412,0.5944692039278008,0,18.780120637448867,0.9041778264276968,0.8806405672774102,,0.10399142082457806
interval_shift,Interval Meta-GDM,10,36,21292819,1,9,23.79761809888619,0.5510493522335835,0,23.57407834510959,0.9168430934810754,0.9046679728467791,,0.10577881465476342
interval_shift,Interval Meta-GDM,10,37,21293816,1,7,11.568517660545867,0.5783811554344287,0,25.2065210993849,0.9152462466813528,0.9041138772140691,,0.0952831703191236
interval_shift,Interval Meta-GDM,10,38,21294813,1,6,25.65254218547325,0.7762044008355511,0,23.64967435221761,0.9043421231855594,0.8961782036185898,,0.09768838901009133
interval_shift,Interval Meta-GDM,10,39,21295810,1,7,15.535328969253307,0.509597477827497,0,25.632873573924392,0.9217079546523543,0.9141556145198337,,0.10231638508699406
interval_shift,Interval Meta-GDM,10,40,21296807,1,5,11.340340999212719,0.45869935044713883,0,25.252257181996022,0.9017660130992493,0.8961612509787765,,0.10154231757471885
interval_shift,Interval Meta-GDM,10,41,21297804,1,4,24.54669204292855,0.5277570480911096,0,25.844025602024992,0.9026092072849441,0.8979649251615337,,0.09549370416266707
interval_shift,Interval Meta-GDM,10,42,21298801,1,5,23.877563184298708,0.5554804243033575,0,28.263968922146248,0.9136007102624976,0.9056766455200532,,0.10187407917512321
interval_shift,Interval Meta-GDM,10,43,21299798,1,10,13.807344155000798,0.5064483475102382,0,22.01864119307499,0.9034987140602261,0.892834979118106,,0.1026466875616127
interval_shift,Interval Meta-GDM,10,44,21300795,1,8,36.56227683603737,0.6561433953954401,0,25.057611853217363,0.9082619348691735,0.8965659253169906,,0.09567076881038138
interval_shift,Interval Meta-GDM,10,45,21301792,1,9,32.272085302032366,0.5896929897757306,0,25.456592981501863,0.9250048995323025,0.9112740841757107,,0.10143504921381793
interval_shift,Interval Meta-GDM,10,46,21302789,1,7,26.83880316012507,0.4590668562172715,0,25.332632498917157,0.912612773485751,0.9031921985956688,,0.10235172628678484
interval_shift,Interval Meta-GDM,10,47,21303786,1,16,18.89250304896971,0.6317177333982651,0,21.20698987424245,0.9074935407267444,0.8826242159681587,,0.10131350415064078
interval_shift,Interval Meta-GDM,10,48,21304783,1,6,25.514245734714358,0.47879148783293335,0,29.01295413507807,0.912643792600203,0.9030253049007357,,0.10261352158891288
interval_shift,Interval Meta-GDM,10,49,21305780,1,9,26.817744950659403,0.49625148153176823,0,25.487269715833285,0.9050279080268878,0.8920494260514441,,0.09892315106599106
interval_shift,Bounded confidence,10,0,21256927,1,7,23.483414609148845,0.5808937937312033,0,24.809490836297012,0.9210072997792935,0.9126779299959471,,0.09757384470663719
interval_shift,Bounded confidence,10,1,21257924,1,5,11.464980209289676,0.6355133918841025,0,22.183903421165446,0.9126420184409478,0.9085807943534301,,0.1000595194829547
interval_shift,Bounded confidence,10,2,21258921,1,10,15.68894537853295,0.5715831072490529,0,26.313193726143027,0.9038004435443048,0.8879690828848017,,0.09608049771254198
interval_shift,Bounded confidence,10,3,21259918,1,8,24.902112007150777,0.591854897942486,0,25.914330817563485,0.9225848423262236,0.909665258071815,,0.1023258032934301
interval_shift,Bounded confidence,10,4,21260915,1,10,13.031790802388587,0.6914933582581986,0,16.475651469039114,0.9065438308494602,0.899463630709518,,0.10035739772781602
interval_shift,Bounded confidence,10,5,21261912,1,8,39.48384946276139,0.5318701647920363,0,26.09604316939298,0.9090759281728303,0.8976793971483673,,0.09963452313507225
interval_shift,Bounded confidence,10,6,21262909,1,13,19.461001904561233,0.5677476529721792,0,26.23878702754743,0.9113546139451414,0.8910566955833304,,0.10210234789368977
interval_shift,Bounded confidence,10,7,21263906,1,10,22.174700744763143,0.5332329614842919,0,21.34509876485257,0.913181531128048,0.9033538453716685,,0.09787349972947436
interval_shift,Bounded confidence,10,8,21264903,1,8,10.746462102494846,0.5000162426556081,0,25.07485776629369,0.910402910632908,0.9009489228312638,,0.10274045646156797
interval_shift,Bounded confidence,10,9,21265900,1,9,13.243511222198096,0.5404147334655733,0,20.971520922018243,0.9136909655194241,0.9035413538684332,,0.10017505483757641
interval_shift,Bounded confidence,10,10,21266897,1,3,24.599139980639325,0.5879164649977133,0,26.4119523666617,0.9087297025244494,0.9052973021927587,,0.09834359146160518
interval_shift,Bounded confidence,10,11,21267894,1,11,13.507134313546256,0.5219435763000708,0,25.518267728359575,0.9085411873398744,0.8925388588915013,,0.09584774343009379
interval_shift,Bounded confidence,10,12,21268891,1,9,29.242741262267163,0.5392712605098573,0,23.991114488085415,0.908671489831692,0.8964996032099509,,0.1014430693596385
interval_shift,Bounded confidence,10,13,21269888,1,4,25.96392918497022,0.5878931962312071,0,24.904043667133365,0.9260038237779085,0.9219925060342935,,0.09579707947071611
interval_shift,Bounded confidence,10,14,21270885,1,4,12.232979000782736,0.646561148859615,0,23.08079372441029,0.9339779991462961,0.9305378109231112,,0.09994430069854324
interval_shift,Bounded confidence,10,15,21271882,1,7,12.040861113679332,0.651562968643687,0,21.583761511241022,0.9010305064956352,0.8940894246118507,,0.10051648947504951
interval_shift,Bounded confidence,10,16,21272879,1,5,9.554467262037399,0.6600578378341748,0,22.461848320334816,0.9132373841987439,0.9096859531455707,,0.10212112741425458
interval_shift,Bounded confidence,10,17,21273876,1,12,14.95500045854862,0.5069286712169054,0,25.331500442537816,0.910397517683596,0.8899494151382263,,0.09754419819323759
interval_shift,Bounded confidence,10,18,21274873,1,8,22.707127883145564,0.6555492906151303,0,24.258785173924984,0.910221557960927,0.8994261320656107,,0.10673811457222955
interval_shift,Bounded confidence,10,19,21275870,1,10,21.06931296621304,0.5216024293949568,0,26.64992296988914,0.9100172237759946,0.8953390877172105,,0.09586544083093554
interval_shift,Bounded confidence,10,20,21276867,1,8,19.43843347702547,0.6881945229621147,0,19.892722821836955,0.9093117505554852,0.9031754101103234,,0.10063169270028927
interval_shift,Bounded confidence,10,21,21277864,1,3,15.070635782296769,0.5992231073977132,0,22.07727881925606,0.9107037059865775,0.90860259582402,,0.1013868800318641
interval_shift,Bounded confidence,10,22,21278861,1,9,17.924550426377657,0.5432268650084446,0,23.79782436693381,0.912248078410016,0.9019371322882954,,0.1063472852156447
interval_shift,Bounded confidence,10,23,21279858,1,5,20.30440156090636,0.5216643302549877,0,22.551131872329844,0.9126745865638934,0.9078736904886999,,0.10007106820301279
interval_shift,Bounded confidence,10,24,21280855,1,13,15.507047389952737,0.5506598342734692,0,21.600500953657903,0.9084179524637556,0.8944322272219535,,0.1018474510781954
interval_shift,Bounded confidence,10,25,21281852,1,6,26.492929758759917,0.7616948772431844,0,25.745333272218303,0.9015147200578741,0.8932958550599973,,0.10186780776345114
interval_shift,Bounded confidence,10,26,21282849,1,10,13.882761356618794,0.5198900714135462,0,24.403388832664422,0.9055911671222553,0.8900892306606795,,0.09813813912854914
interval_shift,Bounded confidence,10,27,21283846,1,7,16.01336949671265,0.43633473693844427,0,20.856569871139868,0.908815703701106,0.9027697075931107,,0.0986579062885194
interval_shift,Bounded confidence,10,28,21284843,1,10,15.682827335839338,0.597481062175933,0,21.957595203323976,0.9085799898373478,0.9010880778088103,,0.09998762548759255
interval_shift,Bounded confidence,10,29,21285840,1,8,21.036679475236994,0.5403969866729081,0,21.729767747377252,0.9047891582482835,0.8949863055959658,,0.09733554048270328
interval_shift,Bounded confidence,10,30,21286837,1,9,28.724070203504045,0.5565021305495854,0,26.928558420973015,0.9009836755723606,0.8869435804352397,,0.0962471052706049
interval_shift,Bounded confidence,10,31,21287834,1,7,27.53326411629696,0.6355913997392015,0,22.557472269589226,0.9106109013340224,0.9034100185618426,,0.0987860532298748
interval_shift,Bounded confidence,10,32,21288831,1,4,29.118588775874873,0.42370870938798055,0,24.89890945574183,0.9039768517572827,0.9000577484677954,,0.09812243393147982
interval_shift,Bounded confidence,10,33,21289828,1,5,14.494039193393187,0.6422193043755895,0,21.30311959207938,0.9082179560671184,0.9038177448967828,,0.10136124766520807
interval_shift,Bounded confidence,10,34,21290825,1,15,22.108637887223708,0.5303742515788161,0,19.896270289075364,0.9033458387268605,0.8815507901037622,,0.09709604224820181
interval_shift,Bounded confidence,10,35,21291822,1,16,19.8237752464522,0.5876719802100248,0,18.73912815059595,0.9058122800337145,0.882101520986556,,0.10399142082457806
interval_shift,Bounded confidence,10,36,21292819,1,9,21.29642553003404,0.5812383477509637,0,23.293835975549513,0.9059511573555159,0.8947162549523874,,0.10577881465476342
interval_shift,Bounded confidence,10,37,21293816,1,7,9.311518472704046,0.6900338581947612,0,24.3877929462042,0.9055035941231069,0.8951555175002854,,0.0952831703191236
interval_shift,Bounded confidence,10,38,21294813,1,7,23.242982080596782,0.8035463321376153,0,23.420712312476034,0.904706331883788,0.8967655932005921,,0.09768838901009133
interval_shift,Bounded confidence,10,39,21295810,1,7,14.128344173203391,0.5389033029469916,0,25.606593877267734,0.9131235637005286,0.9061092783900331,,0.10231638508699406
interval_shift,Bounded confidence,10,40,21296807,1,5,9.841183265174235,0.5121522530225686,0,25.402644177310012,0.9087535757527988,0.9034645808792007,,0.10154231757471885
interval_shift,Bounded confidence,10,41,21297804,1,4,24.279602624570625,0.5414951270600634,0,25.79930769301204,0.905809404544885,0.9014327289416825,,0.09549370416266707
interval_shift,Bounded confidence,10,42,21298801,1,5,23.86137721349102,0.5679356678771406,0,28.00223707120999,0.91031058927147,0.9029898940682518,,0.10187407917512321
interval_shift,Bounded confidence,10,43,21299798,1,11,11.780093048384918,0.508852305305491,0,20.702186459972992,0.9045657591044547,0.8938636629211963,,0.1026466875616127
interval_shift,Bounded confidence,10,44,21300795,1,9,33.259827015089286,0.7197559529090385,0,24.046484680915256,0.9005886905467315,0.889266100474028,,0.09567076881038138
interval_shift,Bounded confidence,10,45,21301792,1,9,30.18819948696605,0.5736204025462814,0,23.94295764774686,0.9063810689172123,0.894244493551139,,0.10143504921381793
interval_shift,Bounded confidence,10,46,21302789,1,7,26.24635709271092,0.46907777788494887,0,24.675912813012364,0.9024108305958737,0.8940143765466928,,0.10235172628678484
interval_shift,Bounded confidence,10,47,21303786,1,17,16.57718485051648,0.5780183746245493,0,19.523711096438767,0.9055009764105953,0.8796970164777334,,0.10131350415064078
interval_shift,Bounded confidence,10,48,21304783,1,6,25.837306294233997,0.4699238816460367,0,28.34319706441022,0.90157790149671,0.8931308291532247,,0.10261352158891288
interval_shift,Bounded confidence,10,49,21305780,1,13,19.051202418572245,0.6441296485609505,0,24.44929826884501,0.9069873549038058,0.8909110054748918,,0.09892315106599106
interval_shift,Mean consensus,10,0,21256927,1,7,23.973301956249173,0.5769879861752074,0,24.754497212660795,0.9213138310067736,0.9130454496764597,,0.09757384470663719
interval_shift,Mean consensus,10,1,21257924,1,5,11.46498020928967,0.6355133918841029,0,22.183903421165418,0.9126420184409476,0.9085807943534299,,0.1000595194829547
interval_shift,Mean consensus,10,2,21258921,1,10,15.72176598253487,0.5709744513180663,0,26.296342342096068,0.9033204532978851,0.8875459608423512,,0.09608049771254198
interval_shift,Mean consensus,10,3,21259918,1,7,26.538057866090924,0.510811507510714,0,25.720281594921424,0.9012366955440246,0.8903362224160154,,0.1023258032934301
interval_shift,Mean consensus,10,4,21260915,1,10,13.03179080238859,0.6914933582581988,0,16.475651469039125,0.9065438308494601,0.8994636307095178,,0.10035739772781602
interval_shift,Mean consensus,10,5,21261912,1,8,40.42559403986457,0.5124916695399728,0,25.98226005034983,0.9092047176506949,0.8978935806397135,,0.09963452313507225
interval_shift,Mean consensus,10,6,21262909,1,12,20.470006724979992,0.564914079893535,0,26.27127910592073,0.9003984568898149,0.8818406074036316,,0.10210234789368977
interval_shift,Mean consensus,10,7,21263906,1,10,22.18002201066828,0.5330630269232872,0,21.346365904561623,0.9132001785988645,0.9033772746530618,,0.09787349972947436
interval_shift,Mean consensus,10,8,21264903,1,8,10.746462102494846,0.5000162426556076,0,25.0748577662937,0.9104029106329081,0.9009489228312638,,0.10274045646156797
interval_shift,Mean consensus,10,9,21265900,1,9,13.243511222198096,0.5404147334655733,0,20.971520922018243,0.9136909655194241,0.9035413538684332,,0.10017505483757641
interval_shift,Mean consensus,10,10,21266897,1,3,24.967178042330335,0.5716352416804784,0,26.476314835411344,0.9099999719748506,0.9066019937800421,,0.09834359146160518
interval_shift,Mean consensus,10,11,21267894,1,11,13.881537298686037,0.5120839382476334,0,25.694635045745265,0.9115189602264463,0.8957328814143397,,0.09584774343009379
interval_shift,Mean consensus,10,12,21268891,1,9,29.807600005076758,0.5217500236236565,0,23.951930585952642,0.909340815064044,0.8971927834159279,,0.1014430693596385
interval_shift,Mean consensus,10,13,21269888,1,4,25.973484653455685,0.5875992352548514,0,24.904068108291984,0.9260184766072515,0.9220085794030906,,0.09579707947071611
interval_shift,Mean consensus,10,14,21270885,1,4,12.232979000782736,0.646561148859615,0,23.08079372441029,0.9339779991462961,0.9305378109231112,,0.09994430069854324
interval_shift,Mean consensus,10,15,21271882,1,7,12.040861113679329,0.651562968643687,0,21.58376151124102,0.9010305064956351,0.8940894246118507,,0.10051648947504951
interval_shift,Mean consensus,10,16,21272879,1,5,9.554467262037397,0.6600578378341742,0,22.461848320334816,0.9132373841987439,0.9096859531455707,,0.10212112741425458
interval_shift,Mean consensus,10,17,21273876,1,12,15.45071527082461,0.4970503318819204,0,25.142598607576577,0.9094854282555205,0.8892172349035439,,0.09754419819323759
interval_shift,Mean consensus,10,18,21274873,1,8,23.0403438633326,0.650087141882987,0,24.1806127818695,0.9088991563742088,0.8981869767026033,,0.10673811457222955
interval_shift,Mean consensus,10,19,21275870,1,10,21.703182154331635,0.5269774078612566,0,26.618322587501204,0.9101891539084854,0.8955937653239289,,0.09586544083093554
interval_shift,Mean consensus,10,20,21276867,1,8,19.43843347702547,0.6881945229621147,0,19.892722821836955,0.9093117505554852,0.9031754101103234,,0.10063169270028927
interval_shift,Mean consensus,10,21,21277864,1,3,15.070635782296769,0.5992231073977132,0,22.07727881925606,0.9107037059865775,0.90860259582402,,0.1013868800318641
interval_shift,Mean consensus,10,22,21278861,1,9,17.926666205770136,0.5428281152188503,0,23.806135114998142,0.9123261394337355,0.9020215304711304,,0.1063472852156447
interval_shift,Mean consensus,10,23,21279858,1,5,20.304401560906363,0.5216643302549879,0,22.55113187232984,0.9126745865638934,0.9078736904886999,,0.10007106820301279
interval_shift,Mean consensus,10,24,21280855,1,13,15.509584170347264,0.5503743241645211,0,21.59932118081534,0.9084560463514437,0.8944789929282548,,0.1018474510781954
interval_shift,Mean consensus,10,25,21281852,1,7,26.89174475436545,0.7523281118641367,0,25.910217824176456,0.9189169071399537,0.9098861884039564,,0.10186780776345114
interval_shift,Mean consensus,10,26,21282849,1,10,14.035583222645911,0.5190240148720826,0,24.32448672217933,0.9047501705804817,0.8893330095204113,,0.09813813912854914
interval_shift,Mean consensus,10,27,21283846,1,7,16.013369496712645,0.43633473693844427,0,20.85656987113987,0.908815703701106,0.9027697075931107,,0.0986579062885194
interval_shift,Mean consensus,10,28,21284843,1,10,15.750723692018916,0.5935537849906685,0,21.955729862751575,0.9088381408317237,0.9013774340259336,,0.09998762548759255
interval_shift,Mean consensus,10,29,21285840,1,8,23.24919179140477,0.5305093875773135,0,21.406478574134248,0.9054856492165165,0.8957516681039995,,0.09733554048270328
interval_shift,Mean consensus,10,30,21286837,1,9,29.201713792204977,0.5536428580963781,0,27.00070935594186,0.9027238656952965,0.888835182232982,,0.0962471052706049
interval_shift,Mean consensus,10,31,21287834,1,7,27.533264116296955,0.6355913997392015,0,22.557472269589233,0.9106109013340224,0.9034100185618426,,0.0987860532298748
interval_shift,Mean consensus,10,32,21288831,1,4,29.135162432108068,0.4237608706650786,0,24.895662376889995,0.9039678129436365,0.9000490120085125,,0.09812243393147982
interval_shift,Mean consensus,10,33,21289828,1,5,14.494039193393185,0.6422193043755897,0,21.30311959207938,0.9082179560671184,0.9038177448967828,,0.10136124766520807
interval_shift,Mean consensus,10,34,21290825,1,15,22.868891178394705,0.5384724300182422,0,19.738183787090982,0.9033544538499836,0.8815717962816625,,0.09709604224820181
interval_shift,Mean consensus,10,35,21291822,1,16,20.81195908858963,0.5811714738540541,0,18.557559627828667,0.9068536898195008,0.8835673298611817,,0.10399142082457806
interval_shift,Mean consensus,10,36,21292819,1,9,21.77282641649561,0.5742784766159335,0,23.236980556889833,0.9061447186129363,0.8950642363549548,,0.10577881465476342
interval_shift,Mean consensus,10,37,21293816,1,7,8.908651579411176,0.6723886439418858,0,24.341537513158094,0.9038309429945084,0.8937240537708658,,0.0952831703191236
interval_shift,Mean consensus,10,38,21294813,1,7,23.266571206969054,0.7969231185975298,0,23.434425012912655,0.9037491722047136,0.8958098174977708,,0.09768838901009133
interval_shift,Mean consensus,10,39,21295810,1,7,14.326022890461232,0.5423915008115965,0,25.592473544621,0.9133498981863224,0.9063644479229235,,0.10231638508699406
interval_shift,Mean consensus,10,40,21296807,1,5,9.912690231580946,0.5104977137695228,0,25.384845313559865,0.9087407500016602,0.9034584385989252,,0.10154231757471885
interval_shift,Mean consensus,10,41,21297804,1,4,24.279602624570625,0.5414951270600634,0,25.799307693012032,0.905809404544885,0.9014327289416825,,0.09549370416266707
interval_shift,Mean consensus,10,42,21298801,1,5,24.33348623698734,0.5565149323565062,0,28.036881596692808,0.9113073832532331,0.9040367532757673,,0.10187407917512321
interval_shift,Mean consensus,10,43,21299798,1,11,12.160474812518524,0.5082069487520915,0,20.696301256847526,0.9055842365786222,0.8949971694162874,,0.1026466875616127
interval_shift,Mean consensus,10,44,21300795,1,10,33.84224978830042,0.7092603570838538,0,23.83265644315253,0.9097885381545582,0.8976954834534122,,0.09567076881038138
interval_shift,Mean consensus,10,45,21301792,1,9,30.366905479960526,0.5711592263690632,0,23.918645254152004,0.9059871386678775,0.8938854550872357,,0.10143504921381793
interval_shift,Mean consensus,10,46,21302789,1,7,26.674780342455076,0.4618107849582893,0,24.687290982783225,0.9039309943303194,0.895547547485856,,0.10235172628678484
interval_shift,Mean consensus,10,47,21303786,1,16,17.174950766609147,0.5879036359096859,0,20.30396077487752,0.9033851878015853,0.8801164242008658,,0.10131350415064078
interval_shift,Mean consensus,10,48,21304783,1,6,26.100664564944854,0.46665543969868684,0,28.377531432562755,0.9031805836647674,0.8947141496797489,,0.10261352158891288
interval_shift,Mean consensus,10,49,21305780,1,13,20.173812442606962,0.6348301782203005,0,24.369302790806977,0.9084335736606137,0.8924897093286077,,0.09892315106599106
interval_shift,Observable cost-aware,10,0,21256927,1,10,14.860062624772688,0.6245120097427395,0,22.715389456476167,0.9033653221459111,0.8924818335182854,,0.09757384470663719
interval_shift,Observable cost-aware,10,1,21257924,1,8,7.032890447995018,0.6960998239320924,0,19.597588647324514,0.9009171168740253,0.8952355433663406,,0.1000595194829547
interval_shift,Observable cost-aware,10,2,21258921,1,13,12.39739212064773,0.5774930243450755,0,23.88202391076024,0.9035463854022295,0.8851976297466192,,0.09608049771254198
interval_shift,Observable cost-aware,10,3,21259918,1,9,19.21203902818936,0.6613573861299362,0,24.47100282811896,0.9057745592619739,0.8920185310432942,,0.1023258032934301
interval_shift,Observable cost-aware,10,4,21260915,1,16,7.015712116506523,0.7108152120237747,0,11.930236307612265,0.9022249852314345,0.8913460330173696,,0.10035739772781602
interval_shift,Observable cost-aware,10,5,21261912,1,11,28.053493295128657,0.51837280742025,0,25.906124171413452,0.9115783673026492,0.8967799292136465,,0.09963452313507225
interval_shift,Observable cost-aware,10,6,21262909,1,19,14.837356502169198,0.6014506554187877,0,22.085136910777774,0.9058841947922449,0.8797567993208287,,0.10210234789368977
interval_shift,Observable cost-aware,10,7,21263906,1,15,14.10684115777391,0.5979883967384887,0,17.218096734512166,0.9005188048014289,0.8865128598109695,,0.09787349972947436
interval_shift,Observable cost-aware,10,8,21264903,1,13,6.549862565828883,0.5156386108053168,0,22.318013456607446,0.908225718767318,0.8928763698423775,,0.10274045646156797
interval_shift,Observable cost-aware,10,9,21265900,1,14,8.18772782472847,0.6219636616897388,0,16.85905527898064,0.902128723570471,0.8878019341681648,,0.10017505483757641
interval_shift,Observable cost-aware,10,10,21266897,1,6,17.489222592106525,0.6737988484842223,0,24.968963570368505,0.9195410121219186,0.9136704177925046,,0.09834359146160518
interval_shift,Observable cost-aware,10,11,21267894,1,17,10.461727503338514,0.5857634498774493,0,20.30784926800462,0.901395479686972,0.8801776089256799,,0.09584774343009379
interval_shift,Observable cost-aware,10,12,21268891,1,13,21.618219720720976,0.5392864626815455,0,21.477553416577397,0.9061589768476113,0.8909032664169964,,0.1014430693596385
interval_shift,Observable cost-aware,10,13,21269888,1,6,17.380591384240844,0.70442779213741,0,23.02630287585984,0.9107458145664159,0.9049240499940662,,0.09579707947071611
interval_shift,Observable cost-aware,10,14,21270885,1,6,7.3481689050794605,0.6976969960568411,0,20.653838032308148,0.9100357100958709,0.9050262656656007,,0.09994430069854324
interval_shift,Observable cost-aware,10,15,21271882,1,11,8.080471170165849,0.6798333428964216,0,18.948086503846923,0.909077410012408,0.8990579901300718,,0.10051648947504951
interval_shift,Observable cost-aware,10,16,21272879,1,9,5.595550752918421,0.7228137968931521,0,19.180261919423458,0.9012007890030596,0.8941990076302008,,0.10212112741425458
interval_shift,Observable cost-aware,10,17,21273876,1,15,12.095737023662494,0.5367567700028992,0,22.790663742745615,0.9061316699291803,0.8833179686751519,,0.09754419819323759
interval_shift,Observable cost-aware,10,18,21274873,1,10,17.953693934527436,0.7109711874580085,0,22.54450496346933,0.9024580898625102,0.8899997574019073,,0.10673811457222955
interval_shift,Observable cost-aware,10,19,21275870,1,14,14.657157886201308,0.5210365367555674,0,24.689005470011217,0.9002881742551023,0.8818607079962487,,0.09586544083093554
interval_shift,Observable cost-aware,10,20,21276867,1,13,13.45632900790498,0.7722293540361367,0,15.59991683763281,0.9019110882903948,0.892700352548952,,0.10063169270028927
interval_shift,Observable cost-aware,10,21,21277864,1,6,7.504833409928509,0.6324338104464877,0,20.983239633555456,0.9157309028667884,0.9114211120224425,,0.1013868800318641
interval_shift,Observable cost-aware,10,22,21278861,1,13,11.261281600907179,0.5624279457718426,0,21.691101223675126,0.9031897123950968,0.8887173584803636,,0.1063472852156447
interval_shift,Observable cost-aware,10,23,21279858,1,8,11.143326421692771,0.6071040367784619,0,20.936378017002504,0.907447148368666,0.900074942279143,,0.10007106820301279
interval_shift,Observable cost-aware,10,24,21280855,1,22,9.860099152023952,0.5968578382678653,0,14.334358598528242,0.9031706670585189,0.8823009415212506,,0.1018474510781954
interval_shift,Observable cost-aware,10,25,21281852,1,10,22.79194439005417,0.7936428520245815,0,23.455001431841048,0.9105427573774914,0.8991516653540543,,0.10186780776345114
interval_shift,Observable cost-aware,10,26,21282849,1,15,9.998638625149747,0.6034191762130254,0,21.155566429854666,0.9015177743047046,0.8816187981877869,,0.09813813912854914
interval_shift,Observable cost-aware,10,27,21283846,1,12,8.027897273936988,0.5056648425790011,0,17.769220170322576,0.9036436275915004,0.8934596405763492,,0.0986579062885194
interval_shift,Observable cost-aware,10,28,21284843,1,19,9.909881694659612,0.6240469418827594,0,14.959283395559279,0.9008600516780908,0.8873956996326878,,0.09998762548759255
interval_shift,Observable cost-aware,10,29,21285840,1,11,12.979084740213981,0.6074694696870235,0,19.69297129504306,0.908695139480175,0.895809224581156,,0.09733554048270328
interval_shift,Observable cost-aware,10,30,21286837,1,13,23.595174157057343,0.578562013389351,0,24.230649002075324,0.9020109374351066,0.8842644006492147,,0.0962471052706049
interval_shift,Observable cost-aware,10,31,21287834,1,10,18.400929349664757,0.6696190124279122,0,20.677505018390544,0.9086272042016443,0.8991716575708015,,0.0987860532298748
interval_shift,Observable cost-aware,10,32,21288831,1,8,17.314307939727435,0.5107210196313916,0,23.85747667561981,0.91275975593463,0.9048355174304606,,0.09812243393147982
interval_shift,Observable cost-aware,10,33,21289828,1,9,8.680444601800028,0.6790077459159343,0,18.420017497973806,0.9083735970012768,0.9004796558040673,,0.10136124766520807
interval_shift,Observable cost-aware,10,34,21290825,1,25,14.814237377607098,0.5120985898096877,0,13.056250171738562,0.903484705042485,0.8745765166910486,,0.09709604224820181
interval_shift,Observable cost-aware,10,35,21291822,1,24,14.861906426012377,0.5984910358726006,0,11.146556211700954,0.9034045232907807,0.8734494595582935,,0.10399142082457806
interval_shift,Observable cost-aware,10,36,21292819,1,16,14.821593388799656,0.6521379978974542,0,17.397561548662832,0.9058128641427118,0.888922122068965,,0.10577881465476342
interval_shift,Observable cost-aware,10,37,21293816,1,11,6.77214138976291,0.7874083710950459,0,21.339630350484764,0.9063962353177024,0.8929558730219707,,0.0952831703191236
interval_shift,Observable cost-aware,10,38,21294813,1,12,19.103034899953112,0.8200551489462407,0,19.722621661553976,0.9030910809251083,0.8922270671287381,,0.09768838901009133
interval_shift,Observable cost-aware,10,39,21295810,1,11,7.432419777050384,0.5175510083357295,0,23.30515209505956,0.9023462712316003,0.8909306208495515,,0.10231638508699406
interval_shift,Observable cost-aware,10,40,21296807,1,8,6.336426152102714,0.6226427323019794,0,23.2580246576316,0.9128867956018589,0.9051677288073576,,0.10154231757471885
interval_shift,Observable cost-aware,10,41,21297804,1,6,16.802769086184156,0.5856090543657904,0,25.197067439277404,0.9104312581596786,0.9041502181806336,,0.09549370416266707
interval_shift,Observable cost-aware,10,42,21298801,1,8,18.972796141639467,0.6175019601028573,0,25.711162126821815,0.9085205172275787,0.899137181944802,,0.10187407917512321
interval_shift,Observable cost-aware,10,43,21299798,1,20,7.4852849106711385,0.5895829881186101,0,12.878710723728167,0.9013301762436072,0.8840157404732647,,0.1026466875616127
interval_shift,Observable cost-aware,10,44,21300795,1,14,27.65972273199204,0.7451341153613928,0,20.934143383587802,0.9003528383677414,0.8854900530680534,,0.09567076881038138
interval_shift,Observable cost-aware,10,45,21301792,1,12,22.25292516332292,0.6275482677706872,0,22.211168597420556,0.9049997822783473,0.8906545554128529,,0.10143504921381793
interval_shift,Observable cost-aware,10,46,21302789,1,11,18.779940944085673,0.5521017635060135,0,22.062976463605857,0.9023939264121086,0.8912252576254224,,0.10235172628678484
interval_shift,Observable cost-aware,10,47,21303786,1,26,11.786181848936769,0.6471752330242135,0,11.36803829191696,0.9020688156616948,0.8701931359103838,,0.10131350415064078
interval_shift,Observable cost-aware,10,48,21304783,1,10,19.60798526677278,0.537800023055153,0,25.583370426775097,0.9039895375842012,0.8927666940981155,,0.10261352158891288
interval_shift,Observable cost-aware,10,49,21305780,1,19,13.323778374171027,0.7049220972557033,0,20.70638844984699,0.9025194584962444,0.8816961853170322,,0.09892315106599106
interval_shift,Random,10,0,21256927,0,120,532.8336198246994,0.5566894020329984,163,-217.1909676943933,0.1265128401471916,0.22875889497756882,,0.09757384470663719
interval_shift,Random,10,1,21257924,0,120,488.7068290148312,0.5712790007367539,185,-204.83329528424755,0.3391688517783695,0.207865418280194,,0.1000595194829547
interval_shift,Random,10,2,21258921,0,120,323.41617466904034,0.6628743106485002,277,-219.58557241014734,0.034140682895660635,0.09194620661364722,,0.09608049771254198
interval_shift,Random,10,3,21259918,0,120,520.1812542788448,0.3711084711794199,301,-229.0730726578324,0.01579501356674135,0.07586190906002929,,0.1023258032934301
interval_shift,Random,10,4,21260915,0,120,409.40194176200106,0.5456950510862986,329,-238.52998631263324,0.0,0.1369872671180438,,0.10035739772781602
interval_shift,Random,10,5,21261912,0,120,631.1001331779221,0.45365913145693293,404,-261.41417507848223,0.03990097966987365,0.06885657006168205,,0.09963452313507225
interval_shift,Random,10,6,21262909,0,120,248.5116681129442,0.5624137657293873,212,-195.4754992623466,0.04881941532573971,0.13537455019114752,,0.10210234789368977
interval_shift,Random,10,7,21263906,0,120,464.33313324600584,0.5677643914436037,106,-198.5699094793888,0.11182886456188858,0.2663480121565573,,0.09787349972947436
interval_shift,Random,10,8,21264903,0,120,187.2347862518105,0.5291331903530294,277,-195.1885170040682,0.047191707043199936,0.172141685948578,,0.10274045646156797
interval_shift,Random,10,9,21265900,0,120,315.5938593634335,0.5937536956231841,264,-218.05874830531178,0.0,0.1579513779096687,,0.10017505483757641
interval_shift,Random,10,10,21266897,0,120,576.2380568784519,0.37303108460770074,217,-228.58283904785483,0.04806091944385293,0.12725043810442277,,0.09834359146160518
interval_shift,Random,10,11,21267894,0,120,203.84599309581242,0.561193996396379,166,-180.15167074364092,0.0,0.2104152964400542,,0.09584774343009379
interval_shift,Random,10,12,21268891,0,120,568.705369920637,0.648932569369673,174,-200.12948045952635,0.3415664407746837,0.2898531591425434,,0.1014430693596385
interval_shift,Random,10,13,21269888,0,120,645.8585439047134,0.5884910944620108,237,-234.93136081632795,0.21127987556257918,0.12672398262487886,,0.09579707947071611
interval_shift,Random,10,14,21270885,0,120,412.14285683147943,0.4583918775428555,227,-216.75384526836874,0.0,0.15970215675344246,,0.09994430069854324
interval_shift,Random,10,15,21271882,0,120,369.0172926856759,0.5538456245421681,147,-181.8989178990213,0.24012774488559543,0.21990714000307435,,0.10051648947504951
interval_shift,Random,10,16,21272879,0,120,284.04441003948097,0.5580859188998828,168,-199.2323000363684,0.02665157802923394,0.20375699736535058,,0.10212112741425458
interval_shift,Random,10,17,21273876,0,120,166.18184720558193,0.46325568324872735,327,-185.23406289266512,0.40954755940377036,0.07735653807629014,,0.09754419819323759
interval_shift,Random,10,18,21274873,0,120,560.2643498237788,0.5121270086222356,289,-238.0135875134833,0.18969819378330624,0.08326404774758747,,0.10673811457222955
interval_shift,Random,10,19,21275870,0,120,342.32215751606316,0.6754454560816261,129,-194.47755376432977,0.1785870708534712,0.2563357340299872,,0.09586544083093554
interval_shift,Random,10,20,21276867,0,120,474.17731550830797,0.6013705088468708,208,-210.28177343222862,0.2893732146836899,0.1296372135777328,,0.10063169270028927
interval_shift,Random,10,21,21277864,0,120,600.0607776627544,0.618334434104995,244,-241.13826050690335,0.0,0.11698918517237553,,0.1013868800318641
interval_shift,Random,10,22,21278861,0,120,380.6995496297273,0.5281977790023864,354,-231.05728011450552,0.03815549202219745,0.04790481450507784,,0.1063472852156447
interval_shift,Random,10,23,21279858,0,120,624.6967408362625,0.4906966306307816,358,-259.96722434406564,0.0,0.11588098808515525,,0.10007106820301279
interval_shift,Random,10,24,21280855,0,120,326.74853086666906,0.5199354646462744,279,-203.68496192462152,0.2925243464324936,0.08278188354665289,,0.1018474510781954
interval_shift,Random,10,25,21281852,0,120,509.56244628243695,0.621870603020181,225,-232.78534940950397,0.0,0.1163986763633026,,0.10186780776345114
interval_shift,Random,10,26,21282849,0,120,201.13222781897034,0.4916723348326715,117,-173.48887177729011,0.0,0.3042581302896069,,0.09813813912854914
interval_shift,Random,10,27,21283846,0,120,485.7235144653495,0.47313934381876166,103,-200.6107136366132,0.07572373201119063,0.2813472616245828,,0.0986579062885194
interval_shift,Random,10,28,21284843,0,120,320.6304623141708,0.5808421848154088,100,-181.78221465422888,0.07560106900457979,0.3435283168915308,,0.09998762548759255
interval_shift,Random,10,29,21285840,0,120,649.4841601285333,0.5581930626144986,216,-243.5655370388547,0.0,0.16124358017516524,,0.09733554048270328
interval_shift,Random,10,30,21286837,0,120,316.725041156783,0.517010192221101,196,-197.77351734869782,0.0,0.14254240010677646,,0.0962471052706049
interval_shift,Random,10,31,21287834,0,120,762.7014183677315,0.44638458205210974,306,-263.8137644697449,0.11783798702684312,0.06955099086649869,,0.0987860532298748
interval_shift,Random,10,32,21288831,0,120,680.2067753778816,0.44820829882592395,345,-268.80476532432573,0.0,0.08961879023182191,,0.09812243393147982
interval_shift,Random,10,33,21289828,0,120,364.9996822333866,0.5727366643345282,215,-219.225696029652,0.0,0.13163623689004314,,0.10136124766520807
interval_shift,Random,10,34,21290825,0,120,465.73044813201125,0.6036265266817362,417,-255.9202934608636,0.14013275031122188,0.07344659004597588,,0.09709604224820181
interval_shift,Random,10,35,21291822,0,120,281.2185658428679,0.5893425785637885,320,-215.98045586886303,0.11390495378625617,0.07484873445157887,,0.10399142082457806
interval_shift,Random,10,36,21292819,0,120,423.7098763305859,0.47292566437918815,245,-208.03442251993556,0.24221461467276165,0.1383187629936119,,0.10577881465476342
interval_shift,Random,10,37,21293816,0,120,459.3951194044107,0.5820286294523922,450,-258.03615047810734,0.0,0.05429548364734614,,0.0952831703191236
interval_shift,Random,10,38,21294813,0,120,380.1630867399789,0.5902546870951744,187,-199.8574995979099,0.19244924560539858,0.14559475503531352,,0.09768838901009133
interval_shift,Random,10,39,21295810,0,120,350.0303458667746,0.5065878456362796,243,-215.58886310621435,0.0,0.17753442587562748,,0.10231638508699406
interval_shift,Random,10,40,21296807,0,120,331.48389857190745,0.44089160435901986,273,-190.58391845886246,0.4247192151763165,0.09835521379928354,,0.10154231757471885
interval_shift,Random,10,41,21297804,0,120,648.1609712978913,0.35114256673709465,180,-221.20195584793512,0.04932171816190291,0.20583552583075568,,0.09549370416266707
interval_shift,Random,10,42,21298801,0,120,440.8317776987132,0.442194489599663,388,-232.5157509236953,0.1083177811566043,0.072654216706372,,0.10187407917512321
interval_shift,Random,10,43,21299798,0,120,204.8549070217618,0.5504223766651315,97,-168.2530865781979,0.06615978420928005,0.2780688173446522,,0.1026466875616127
interval_shift,Random,10,44,21300795,0,120,499.1088014861603,0.547920265379469,229,-222.63979641318005,0.04682477312922248,0.1530454393028413,,0.09567076881038138
interval_shift,Random,10,45,21301792,0,120,543.7754494815423,0.5720331872577711,194,-223.4195281653498,0.0,0.18791983572171453,,0.10143504921381793
interval_shift,Random,10,46,21302789,0,120,527.1670695876818,0.36326499443184024,218,-213.60614402175207,0.09536367731221877,0.14026164432270757,,0.10235172628678484
interval_shift,Random,10,47,21303786,0,120,332.4559953840239,0.6257621806641254,287,-209.87658717854512,0.11472177298497149,0.07894645083294742,,0.10131350415064078
interval_shift,Random,10,48,21304783,0,120,391.0306057693265,0.4083610335389647,292,-217.28857958228053,0.0,0.08114054232687164,,0.10261352158891288
interval_shift,Random,10,49,21305780,0,120,609.8832556912706,0.4658274730708547,215,-220.76665073155894,0.06383915176662755,0.19801924284972666,,0.09892315106599106
interval_shift,Interval Meta-GDM,40,0,21257317,1,9,118.60503074385468,0.5166103349185922,0,22.474735605289695,0.909931213106382,0.9006254034155824,,0.09875035720084838
interval_shift,Interval Meta-GDM,40,1,21258314,1,10,109.12188090488911,0.5154195117823963,0,25.376683474707303,0.9124572214631969,0.8994405199946173,,0.10107432375634162
interval_shift,Interval Meta-GDM,40,2,21259311,1,15,121.01976785814097,0.5928410747959574,0,20.21915781189881,0.9044048877286235,0.8889908681671768,,0.09936271336280345
interval_shift,Interval Meta-GDM,40,3,21260308,1,13,118.93340947355921,0.556625078268554,0,21.348884949932568,0.9070293790166869,0.8920315270382727,,0.09758169890089471
interval_shift,Interval Meta-GDM,40,4,21261305,1,12,108.06993192782038,0.4990090993482956,0,21.88573433644732,0.9041831289888245,0.8914180028233979,,0.10148483296824477
interval_shift,Interval Meta-GDM,40,5,21262302,1,15,68.24830241294649,0.5800805567400065,0,18.097245423141395,0.9042143433086215,0.8867695097183889,,0.09698114007832041
interval_shift,Interval Meta-GDM,40,6,21263299,1,12,103.94107238607205,0.5349880481680747,0,23.307044789410995,0.910533583682423,0.8960909649247785,,0.09751492595028803
interval_shift,Interval Meta-GDM,40,7,21264296,1,13,102.72792267249525,0.5270052412938464,0,21.186069036860797,0.9053103130776494,0.89255238462658,,0.10027984990324561
interval_shift,Interval Meta-GDM,40,8,21265293,1,11,68.80693932126458,0.536760921383874,0,23.006586252600336,0.9130428610627062,0.8993924143095048,,0.09936895777736397
interval_shift,Interval Meta-GDM,40,9,21266290,1,7,62.40938310884316,0.581154770888489,0,23.899588421772393,0.9076489386683584,0.8997150556325448,,0.09607180643198551
interval_shift,Interval Meta-GDM,40,10,21267287,1,12,102.29225012690914,0.5346784207276534,0,22.184459638969983,0.9084509637832143,0.8926312774312434,,0.10104952130583367
interval_shift,Interval Meta-GDM,40,11,21268284,1,16,82.90623891260482,0.5313311358232218,0,19.406170687833786,0.9038576183863525,0.8885865406204512,,0.10157494045888893
interval_shift,Interval Meta-GDM,40,12,21269281,1,17,85.90497888876948,0.4799924623856746,0,19.76605712845467,0.9078311166382744,0.8868865917255145,,0.09931431153926448
interval_shift,Interval Meta-GDM,40,13,21270278,1,11,78.79690057908995,0.555962263888022,0,23.25377661329369,0.90942918477951,0.8964795579933461,,0.10040538426961558
interval_shift,Interval Meta-GDM,40,14,21271275,1,15,99.31968527502559,0.586910199529938,0,20.795447774419518,0.912581347003484,0.8937320363355225,,0.10097675612523735
interval_shift,Interval Meta-GDM,40,15,21272272,1,7,78.57138808880413,0.5030828703243115,0,26.10055415077605,0.9011849478495761,0.8918040071244028,,0.10109232686649414
interval_shift,Interval Meta-GDM,40,16,21273269,1,12,121.26737345420977,0.5745526064249158,0,22.74954829573757,0.9059841414900915,0.8892701273883645,,0.09661485108976538
interval_shift,Interval Meta-GDM,40,17,21274266,1,8,93.01680211059578,0.540533047075898,0,25.413632649107154,0.9081347804145782,0.896502378750696,,0.10129841216679329
interval_shift,Interval Meta-GDM,40,18,21275263,1,12,96.16279648322549,0.5519820165257396,0,22.482679044242214,0.9036309440240483,0.8891530307605701,,0.09904770839539853
interval_shift,Interval Meta-GDM,40,19,21276260,1,12,97.42492858896989,0.5310218443610155,0,23.8306867936312,0.9015337928782927,0.8847395503515585,,0.1025198527733924
interval_shift,Interval Meta-GDM,40,20,21277257,1,10,109.16715522215561,0.5002096314436406,0,23.806176382918004,0.904982324928826,0.8921223248941238,,0.10170090449277083
interval_shift,Interval Meta-GDM,40,21,21278254,1,8,95.39681649135511,0.5879198228546765,0,25.199798680125504,0.9174659002450642,0.9061835898138454,,0.10036594591196642
interval_shift,Interval Meta-GDM,40,22,21279251,1,12,96.02518091115539,0.49343231314685054,0,23.255217166874633,0.9080606306525947,0.892861359577783,,0.09744703565058535
interval_shift,Interval Meta-GDM,40,23,21280248,1,14,86.31811734170539,0.4584498591528623,0,19.529502188233813,0.9013556788974167,0.8868133859161004,,0.09686507949881379
interval_shift,Interval Meta-GDM,40,24,21281245,1,13,79.15388485807978,0.5298116451474824,0,21.17268315369413,0.9025487538772635,0.8894669811960705,,0.1008132325804673
interval_shift,Interval Meta-GDM,40,25,21282242,1,12,110.49765624523134,0.5665468133629739,0,22.2638037106241,0.9100442386346347,0.8955064107122159,,0.10259847136598879
interval_shift,Interval Meta-GDM,40,26,21283239,1,13,118.54042547363532,0.5752727781798199,0,23.43457455743071,0.9037517800619923,0.8859934980926771,,0.09851107790133327
interval_shift,Interval Meta-GDM,40,27,21284236,1,9,87.88964923534533,0.5859356136556144,0,23.738770685760223,0.9081939891250811,0.899144506683168,,0.09803473415324052
interval_shift,Interval Meta-GDM,40,28,21285233,1,14,111.26945622253538,0.5192571291279919,0,21.573762123321682,0.902670897417616,0.886215041606196,,0.1010907613513169
interval_shift,Interval Meta-GDM,40,29,21286230,1,15,91.4609294682288,0.5277878005661147,0,20.2234179690795,0.9010736437203993,0.8843890383193366,,0.09641469833607556
interval_shift,Interval Meta-GDM,40,30,21287227,1,8,89.72649788238375,0.5961582199290489,0,24.526944068611712,0.9209712661800527,0.9108469808496676,,0.1002611206204966
interval_shift,Interval Meta-GDM,40,31,21288224,1,17,86.14724987338265,0.5566388616933957,0,19.644171612671897,0.9038435989679539,0.884014824274315,,0.09967727598077222
interval_shift,Interval Meta-GDM,40,32,21289221,1,10,79.61123223609188,0.583877602490281,0,20.751210625746694,0.9144352879461669,0.9039115774777051,,0.10172193804294301
interval_shift,Interval Meta-GDM,40,33,21290218,1,8,87.66576178118765,0.5134766635902883,0,23.854491794152015,0.905862753034762,0.8957357459560252,,0.10062849602083443
interval_shift,Interval Meta-GDM,40,34,21291215,1,10,93.39833350988607,0.47385086573751334,0,24.71517565126884,0.9054850234759136,0.8934000888930934,,0.10161660722437915
interval_shift,Interval Meta-GDM,40,35,21292212,1,16,74.85428819459048,0.5564217664712823,0,18.10423404245181,0.9053849857106455,0.888084361236526,,0.09928320259497522
interval_shift,Interval Meta-GDM,40,36,21293209,1,13,90.18037017439363,0.49349278670165253,0,22.80355715678909,0.9051197233349317,0.8916214343146318,,0.09961835997980915
interval_shift,Interval Meta-GDM,40,37,21294206,1,13,84.49668104295026,0.5356184460630995,0,21.022146195194082,0.9029635735515151,0.8909303223572849,,0.10136664979284378
interval_shift,Interval Meta-GDM,40,38,21295203,1,12,83.41165572815105,0.5759781443271643,0,21.382649900537768,0.9019907188259945,0.8896604999755571,,0.09883953579761293
interval_shift,Interval Meta-GDM,40,39,21296200,1,9,89.12119984209207,0.505212621252128,0,25.401763715856706,0.9114208063853073,0.8991434982081418,,0.1006879970207097
interval_shift,Interval Meta-GDM,40,40,21297197,1,12,103.4878778544227,0.5286062231571105,0,22.850827310473086,0.9071552761525008,0.8910237064830537,,0.09900453903919537
interval_shift,Interval Meta-GDM,40,41,21298194,1,12,75.31603591772283,0.5441721036594154,0,22.068413788979658,0.9123435804348167,0.8968422389960289,,0.1004576762539702
interval_shift,Interval Meta-GDM,40,42,21299191,1,9,120.35925509945598,0.48578869431778515,0,25.814682352204958,0.9129755354409996,0.8997507173311218,,0.10396408586571253
interval_shift,Interval Meta-GDM,40,43,21300188,1,6,84.84042509976149,0.5673228287496848,0,26.466397846883645,0.9120133787265485,0.9043484687650065,,0.09945429796258691
interval_shift,Interval Meta-GDM,40,44,21301185,1,9,84.20084534252896,0.5648301639397397,0,23.088982956999764,0.9144674847701706,0.9038154866444927,,0.10026767962437788
interval_shift,Interval Meta-GDM,40,45,21302182,1,11,80.18324687569724,0.5617062310811853,0,22.753121657260184,0.9114296580708712,0.8971213563080574,,0.09813793191816611
interval_shift,Interval Meta-GDM,40,46,21303179,1,15,99.37645724698356,0.6163711424078064,0,19.603581640409512,0.9045948922100058,0.88851578631045,,0.09745164577673775
interval_shift,Interval Meta-GDM,40,47,21304176,1,14,75.91535669373249,0.5588384591897886,0,16.45522181177692,0.9051435078937543,0.8921444260816898,,0.09890548246116275
interval_shift,Interval Meta-GDM,40,48,21305173,1,8,88.49415056311787,0.5058044820163143,0,24.81733053114162,0.9011890666632961,0.8922570579866732,,0.10016265210145991
interval_shift,Interval Meta-GDM,40,49,21306170,1,21,98.7790670230691,0.6228608324639178,0,15.968986248733529,0.9059430645435246,0.883972811230002,,0.09946994932875404
interval_shift,Bounded confidence,40,0,21257317,1,10,108.89089876044483,0.5439069303589825,0,20.59651778621209,0.904614221775587,0.8954814334871718,,0.09875035720084838
interval_shift,Bounded confidence,40,1,21258314,1,11,98.86035155020315,0.5283501881073274,0,23.447770059784816,0.9088930569696763,0.8961478067000825,,0.10107432375634162
interval_shift,Bounded confidence,40,2,21259311,1,14,110.81818454055855,0.5919252263762287,0,19.15847603654492,0.9022824209732343,0.8876977449141025,,0.09936271336280345
interval_shift,Bounded confidence,40,3,21260308,1,14,97.73123004682377,0.5882528607729218,0,19.904561383387897,0.9074428861351478,0.89237078212192,,0.09758169890089471
interval_shift,Bounded confidence,40,4,21261305,1,12,97.02239482311882,0.5423067418221479,0,19.96549961049964,0.9074222040129224,0.8955526967844247,,0.10148483296824477
interval_shift,Bounded confidence,40,5,21262302,1,15,64.47896702634985,0.6063773021220744,0,16.74362593023752,0.9058624394371603,0.8890600779504415,,0.09698114007832041
interval_shift,Bounded confidence,40,6,21263299,1,13,89.88531039727151,0.5574604512191901,0,20.51913847516635,0.9022114876672118,0.8887582224361837,,0.09751492595028803
interval_shift,Bounded confidence,40,7,21264296,1,12,95.04239318808203,0.5766605825457007,0,19.30297778392427,0.9027968341466932,0.8911159821307884,,0.10027984990324561
interval_shift,Bounded confidence,40,8,21265293,1,11,64.50322848877201,0.5614647048593728,0,21.716552729675673,0.9104637895335054,0.8975725501283759,,0.09936895777736397
interval_shift,Bounded confidence,40,9,21266290,1,8,57.0986584698646,0.5941203151752981,0,22.96628677100093,0.9111581261231011,0.9032807535436592,,0.09607180643198551
interval_shift,Bounded confidence,40,10,21267287,1,12,95.41426432840792,0.5687674323584502,0,21.809375062551133,0.9118784987961897,0.8963266052619079,,0.10104952130583367
interval_shift,Bounded confidence,40,11,21268284,1,15,75.93199142463388,0.5686146405089734,0,17.017836083686024,0.9045920794852236,0.8900743397794016,,0.10157494045888893
interval_shift,Bounded confidence,40,12,21269281,1,16,72.73018240810707,0.5367091321728901,0,16.90422110691465,0.9039774328982059,0.8847656108479396,,0.09931431153926448
interval_shift,Bounded confidence,40,13,21270278,1,11,75.44559115798285,0.583030117998282,0,21.840037002048824,0.910586274919985,0.8982013339168754,,0.10040538426961558
interval_shift,Bounded confidence,40,14,21271275,1,14,92.99940117302712,0.6198774635312589,0,18.283758687780093,0.9028397685768795,0.8864224592383716,,0.10097675612523735
interval_shift,Bounded confidence,40,15,21272272,1,7,79.12208407774285,0.5193273546671324,0,25.839475704822252,0.9001174856569256,0.8914080676889653,,0.10109232686649414
interval_shift,Bounded confidence,40,16,21273269,1,13,114.77575688345598,0.5865123791523728,0,21.818204676613426,0.9094130930351884,0.8930781036401254,,0.09661485108976538
interval_shift,Bounded confidence,40,17,21274266,1,8,92.07454985031782,0.5491401637313982,0,24.936299631431577,0.9075791889825046,0.8967099928700101,,0.10129841216679329
interval_shift,Bounded confidence,40,18,21275263,1,12,94.11349929222548,0.5563239110941685,0,21.34322962257651,0.9037536464075435,0.8898569436430439,,0.09904770839539853
interval_shift,Bounded confidence,40,19,21276260,1,13,95.9301630069566,0.5477128506082003,0,21.340499585453482,0.9070640247122103,0.8906468555558864,,0.1025198527733924
interval_shift,Bounded confidence,40,20,21277257,1,10,106.9880231872776,0.5075036827111405,0,23.099873634917223,0.9050654799773201,0.89296666633103,,0.10170090449277083
interval_shift,Bounded confidence,40,21,21278254,1,8,93.03828803686896,0.6177401962870843,0,24.57313950071878,0.9115931701964434,0.9012941507482158,,0.10036594591196642
interval_shift,Bounded confidence,40,22,21279251,1,12,93.27443642810597,0.5031093097021901,0,22.34269537083994,0.907054053770164,0.8927648293859964,,0.09744703565058535
interval_shift,Bounded confidence,40,23,21280248,1,15,73.74387673707862,0.5272229720929609,0,15.806345369744358,0.9079195303966368,0.8939619565622482,,0.09686507949881379
interval_shift,Bounded confidence,40,24,21281245,1,14,71.83363484291634,0.5518211263400219,0,17.7000985325849,0.9062234512015546,0.8933951647197964,,0.1008132325804673
interval_shift,Bounded confidence,40,25,21282242,1,12,108.69497631378786,0.5871303169719664,0,20.729211939938153,0.9103308374943111,0.8965889396318667,,0.10259847136598879
interval_shift,Bounded confidence,40,26,21283239,1,14,109.98633926805522,0.6110877866401727,0,21.227161558238777,0.9098761020181856,0.891689497313265,,0.09851107790133327
interval_shift,Bounded confidence,40,27,21284236,1,9,76.70437298429138,0.6355092740133288,0,22.33835293033693,0.9000844400344505,0.8918380749664866,,0.09803473415324052
interval_shift,Bounded confidence,40,28,21285233,1,16,105.05713990193411,0.5134953383540637,0,17.987476431149478,0.9060057419347856,0.8899239536453448,,0.1010907613513169
interval_shift,Bounded confidence,40,29,21286230,1,16,87.17734490546977,0.5592153634357502,0,17.182262818112285,0.9043398956775658,0.8883896301215647,,0.09641469833607556
interval_shift,Bounded confidence,40,30,21287227,1,8,83.6877958946255,0.5965969748589719,0,23.87911376954097,0.9076463608097546,0.8987144671318779,,0.1002611206204966
interval_shift,Bounded confidence,40,31,21288224,1,17,81.16072628283762,0.5764790095162229,0,16.691155706368296,0.9048895954658638,0.8853948276954661,,0.09967727598077222
interval_shift,Bounded confidence,40,32,21289221,1,10,66.18164280780817,0.6188350307138546,0,19.631681861783278,0.9083729851542753,0.8986411515496832,,0.10172193804294301
interval_shift,Bounded confidence,40,33,21290218,1,9,84.46471684864429,0.5382354801343316,0,22.76719162504302,0.9116726913606158,0.9015175923803087,,0.10062849602083443
interval_shift,Bounded confidence,40,34,21291215,1,10,86.26123789029508,0.5199961322748479,0,22.701194813242104,0.9011159270261608,0.889886397705116,,0.10161660722437915
interval_shift,Bounded confidence,40,35,21292212,1,15,66.98772115914596,0.599087211420434,0,16.377110224353974,0.9025900913332864,0.8864049741536169,,0.09928320259497522
interval_shift,Bounded confidence,40,36,21293209,1,14,78.06634146704043,0.5428489464703525,0,19.481124297142436,0.9074087628187817,0.8939869700043861,,0.09961835997980915
interval_shift,Bounded confidence,40,37,21294206,1,12,71.15524120489626,0.5545862860000992,0,19.662246373090156,0.9025318094392792,0.8913367546793045,,0.10136664979284378
interval_shift,Bounded confidence,40,38,21295203,1,12,77.53876203478339,0.6067124600846499,0,19.995860520703072,0.9071954661517796,0.895048970558576,,0.09883953579761293
interval_shift,Bounded confidence,40,39,21296200,1,9,84.41951727331465,0.5224416590138254,0,24.50267070905452,0.902295838031381,0.8911433019310196,,0.1006879970207097
interval_shift,Bounded confidence,40,40,21297197,1,12,97.23141412556679,0.53747430071617,0,21.6700358218335,0.907292481217513,0.8921211520383195,,0.09900453903919537
interval_shift,Bounded confidence,40,41,21298194,1,13,70.48520248097445,0.5765834041940794,0,20.22437437473934,0.9078795918858172,0.8927765701671793,,0.1004576762539702
interval_shift,Bounded confidence,40,42,21299191,1,9,105.88763505962666,0.512580088748545,0,25.141494785544616,0.9001854621355754,0.8880144057031158,,0.10396408586571253
interval_shift,Bounded confidence,40,43,21300188,1,6,85.07970972289816,0.5932736263050691,0,26.528993747221072,0.919055955264339,0.9118072822792378,,0.09945429796258691
interval_shift,Bounded confidence,40,44,21301185,1,9,79.20552730247154,0.5959755609317998,0,22.583887649743566,0.9109182758130565,0.9009924641216892,,0.10026767962437788
interval_shift,Bounded confidence,40,45,21302182,1,11,77.11037539472282,0.5751764874911467,0,21.511401079821322,0.9108862883956731,0.8973891200194619,,0.09813793191816611
interval_shift,Bounded confidence,40,46,21303179,1,15,89.82689471129524,0.6274694509070817,0,16.68065906452214,0.9040566177527714,0.8892406294462972,,0.09745164577673775
interval_shift,Bounded confidence,40,47,21304176,1,15,65.77728977314746,0.6173340671443526,0,14.276458694201466,0.9047456053625529,0.8915125204200867,,0.09890548246116275
interval_shift,Bounded confidence,40,48,21305173,1,9,84.54026285121316,0.4957145546156596,0,23.98130456843646,0.9108374437879264,0.9016932553191227,,0.10016265210145991
interval_shift,Bounded confidence,40,49,21306170,1,20,89.86452823533826,0.6420173198426251,0,11.761796812896858,0.9061192340003785,0.8854926498532014,,0.09946994932875404
interval_shift,Mean consensus,40,0,21257317,1,10,110.8457274287502,0.5361221824193501,0,20.549609791110722,0.905097009403456,0.8959817862176322,,0.09875035720084838
interval_shift,Mean consensus,40,1,21258314,1,11,101.08318845351707,0.5211221651850888,0,23.38557128472073,0.9094396096908797,0.8967460408188516,,0.10107432375634162
interval_shift,Mean consensus,40,2,21259311,1,14,112.05154976913123,0.5894247413994527,0,19.106572312219132,0.9022758149215656,0.8877209396146647,,0.09936271336280345
interval_shift,Mean consensus,40,3,21260308,1,14,101.54829725880484,0.5800471141339798,0,19.782947087479975,0.9081880444305648,0.8931679822869796,,0.09758169890089471
interval_shift,Mean consensus,40,4,21261305,1,12,99.45467732299085,0.530216094561426,0,19.922279013611934,0.9071986880788037,0.8953455627345082,,0.10148483296824477
interval_shift,Mean consensus,40,5,21262302,1,15,66.6803763906939,0.5958515598023648,0,16.640524073659794,0.9058889920851054,0.8891182873655179,,0.09698114007832041
interval_shift,Mean consensus,40,6,21263299,1,13,90.46563326999046,0.5527616258934724,0,20.512480573547123,0.9019921324418246,0.8885592441425563,,0.09751492595028803
interval_shift,Mean consensus,40,7,21264296,1,12,96.11621620537377,0.5720304555890738,0,19.27564618928458,0.9027441721532109,0.891086855747501,,0.10027984990324561
interval_shift,Mean consensus,40,8,21265293,1,11,65.07634530868668,0.5578736419500019,0,21.694668096374826,0.9106052051365648,0.8977399398109858,,0.09936895777736397
interval_shift,Mean consensus,40,9,21266290,1,8,57.14929241679916,0.5931154983739368,0,22.964088952478583,0.9111295063470586,0.9032577966169372,,0.09607180643198551
interval_shift,Mean consensus,40,10,21267287,1,12,99.0621322211534,0.5561982268216068,0,21.666788679520913,0.9118389334899805,0.8964718526860327,,0.10104952130583367
interval_shift,Mean consensus,40,11,21268284,1,15,78.09406866049032,0.5564595378243407,0,16.930468510652414,0.9046890511631582,0.8902115106978257,,0.10157494045888893
interval_shift,Mean consensus,40,12,21269281,1,16,76.9335395457953,0.5231340134472806,0,16.7191403559603,0.9043892669957924,0.8853522841390202,,0.09931431153926448
interval_shift,Mean consensus,40,13,21270278,1,11,76.54877808887468,0.5809369398724191,0,21.793124662958274,0.9106508699049359,0.8982776721055215,,0.10040538426961558
interval_shift,Mean consensus,40,14,21271275,1,14,94.11371854138355,0.6139567992971708,0,18.248571776916037,0.9027884956096777,0.8863968106660354,,0.10097675612523735
interval_shift,Mean consensus,40,15,21272272,1,7,80.44749088683862,0.5169013692863051,0,25.81484235516004,0.9007830416207059,0.8920888953712148,,0.10109232686649414
interval_shift,Mean consensus,40,16,21273269,1,13,117.98569901041486,0.5675258457611798,0,21.73573582302815,0.9082895686519727,0.8921532719342422,,0.09661485108976538
interval_shift,Mean consensus,40,17,21274266,1,8,93.7057508925212,0.5401216775070599,0,24.88396773042961,0.90761576817755,0.896770091523202,,0.10129841216679329
interval_shift,Mean consensus,40,18,21275263,1,12,96.08275944921564,0.5559963499205134,0,21.270486231420435,0.9038055697108157,0.8899168943849782,,0.09904770839539853
interval_shift,Mean consensus,40,19,21276260,1,13,99.56475197724929,0.5394177095467154,0,21.2145708357625,0.9075055173050715,0.8911461298217719,,0.1025198527733924
interval_shift,Mean consensus,40,20,21277257,1,10,109.24135235405183,0.502810063896522,0,23.014940855911128,0.9050932284554718,0.8930416256212925,,0.10170090449277083
interval_shift,Mean consensus,40,21,21278254,1,8,94.48519751027811,0.6090459326135558,0,24.542934108605422,0.911915174212682,0.9016387269403295,,0.10036594591196642
interval_shift,Mean consensus,40,22,21279251,1,12,94.22579528907305,0.4983750473349744,0,22.307322049294996,0.9070881949771757,0.8928214742164897,,0.09744703565058535
interval_shift,Mean consensus,40,23,21280248,1,15,75.88631551785554,0.5167410699654504,0,15.730140999403613,0.9084813142914311,0.8945200346729237,,0.09686507949881379
interval_shift,Mean consensus,40,24,21281245,1,14,72.5287228071425,0.5465892447362497,0,17.683277269091427,0.9064926393754883,0.8936743004506318,,0.1008132325804673
interval_shift,Mean consensus,40,25,21282242,1,12,108.83575146836355,0.5858027235214496,0,20.726071419898233,0.9103240308408378,0.8965855965777872,,0.10259847136598879
interval_shift,Mean consensus,40,26,21283239,1,13,113.2880370521168,0.5962388679806363,0,21.52399717450936,0.9000666470846896,0.8832477134544935,,0.09851107790133327
interval_shift,Mean consensus,40,27,21284236,1,10,77.23209347603222,0.6305121406696361,0,21.85936348184133,0.9096074407739492,0.9006361652986975,,0.09803473415324052
interval_shift,Mean consensus,40,28,21285233,1,16,106.36641234478415,0.514701481740967,0,17.930522784645134,0.9062554318297004,0.8901864297126864,,0.1010907613513169
interval_shift,Mean consensus,40,29,21286230,1,16,89.81032053228377,0.5461359901569476,0,17.10100805040132,0.9048778573167853,0.888929878324856,,0.09641469833607556
interval_shift,Mean consensus,40,30,21287227,1,8,84.85100461097852,0.5903449494811481,0,23.84960859940358,0.9075596242106465,0.8986350573930981,,0.1002611206204966
interval_shift,Mean consensus,40,31,21288224,1,17,83.26610318014919,0.5650086012063593,0,16.584743430628727,0.9055446888094392,0.8861045795579067,,0.09967727598077222
interval_shift,Mean consensus,40,32,21289221,1,10,67.97654969572147,0.6110608784836671,0,19.580392695547463,0.9088547686761671,0.8991659467769578,,0.10172193804294301
interval_shift,Mean consensus,40,33,21290218,1,9,86.49658184590686,0.5317822515555328,0,22.683730214750696,0.9115287849082138,0.9013936219460068,,0.10062849602083443
interval_shift,Mean consensus,40,34,21291215,1,10,87.2285705641612,0.5126220561431909,0,22.678292186279805,0.9012714995032308,0.8900667747397096,,0.10161660722437915
interval_shift,Mean consensus,40,35,21292212,1,15,67.74034181790833,0.5957232971540056,0,16.355510234124793,0.9025931107030958,0.8864229237198803,,0.09928320259497522
interval_shift,Mean consensus,40,36,21293209,1,14,80.33950777691862,0.5384992472375727,0,19.376390751745973,0.9072081016368212,0.8938386907797259,,0.09961835997980915
interval_shift,Mean consensus,40,37,21294206,1,12,72.09752807191892,0.5463988444910872,0,19.622049418302232,0.9025568991473495,0.8913869098965324,,0.10136664979284378
interval_shift,Mean consensus,40,38,21295203,1,12,78.75898014161388,0.599429446747586,0,19.952545925407843,0.9072630264315962,0.8951380597150493,,0.09883953579761293
interval_shift,Mean consensus,40,39,21296200,1,9,85.04010795520531,0.5186831812596251,0,24.479359343362187,0.902450330102297,0.8913066006831817,,0.1006879970207097
interval_shift,Mean consensus,40,40,21297197,1,12,99.23519903230616,0.5337291316122175,0,21.605386083859926,0.9077776822722423,0.8926326623891064,,0.09900453903919537
interval_shift,Mean consensus,40,41,21298194,1,13,72.32719225817614,0.5711085472868065,0,20.15349346916028,0.9080108934792612,0.8929338819757525,,0.1004576762539702
interval_shift,Mean consensus,40,42,21299191,1,9,109.09696338774052,0.5011973934866649,0,25.124201044160408,0.9020792203187347,0.8899947092146848,,0.10396408586571253
interval_shift,Mean consensus,40,43,21300188,1,6,85.81102596510429,0.5877963111772979,0,26.509540077165404,0.9190180748424112,0.9117790508618036,,0.09945429796258691
interval_shift,Mean consensus,40,44,21301185,1,9,81.60266093910269,0.5877161732374518,0,22.505070413652447,0.9108557655714754,0.9009837985893593,,0.10026767962437788
interval_shift,Mean consensus,40,45,21302182,1,11,77.90066671865557,0.5688653763688805,0,21.487591231813457,0.9108916091109309,0.8974078994602127,,0.09813793191816611
interval_shift,Mean consensus,40,46,21303179,1,15,91.53737946259635,0.6267295189287057,0,16.61516627650048,0.9042798941350327,0.8894696400253146,,0.09745164577673775
interval_shift,Mean consensus,40,47,21304176,1,15,65.9190649332235,0.6165445665104174,0,14.276310509480076,0.9048480833438115,0.8916221179048079,,0.09890548246116275
interval_shift,Mean consensus,40,48,21305173,1,9,85.10797814031864,0.4915703533054785,0,23.955517239149607,0.9106371516117828,0.9015109274269804,,0.10016265210145991
interval_shift,Mean consensus,40,49,21306170,1,20,93.07846130260037,0.6315509669162387,0,11.651252601330537,0.9061976612332714,0.8856015907865981,,0.09946994932875404
interval_shift,Observable cost-aware,40,0,21257317,1,15,74.375646727843,0.603389171054886,0,16.909299107117235,0.9040900057165158,0.8915474250846829,,0.09875035720084838
interval_shift,Observable cost-aware,40,1,21258314,1,14,70.15434687223785,0.578376465509459,0,21.20539254791259,0.9014958270284853,0.8856538915984921,,0.10107432375634162
interval_shift,Observable cost-aware,40,2,21259311,1,21,82.69239716998663,0.6375838269314267,0,13.862024255955557,0.9001615346641465,0.8811685546918471,,0.09936271336280345
interval_shift,Observable cost-aware,40,3,21260308,1,19,69.74210342818053,0.6313821459867268,0,15.782577013569263,0.9028878585358231,0.8842730177801016,,0.09758169890089471
interval_shift,Observable cost-aware,40,4,21261305,1,17,66.95523175061255,0.6182558815362407,0,16.027990934628228,0.9038876577863353,0.889071283670711,,0.10148483296824477
interval_shift,Observable cost-aware,40,5,21262302,1,22,45.75601700946699,0.652828635589586,0,10.834015583807965,0.9023308902642965,0.8815326935894331,,0.09698114007832041
interval_shift,Observable cost-aware,40,6,21263299,1,17,64.6945827008924,0.6069862387424716,0,17.822228561474155,0.9000069703386779,0.8838051414515811,,0.09751492595028803
interval_shift,Observable cost-aware,40,7,21264296,1,16,63.942901107824966,0.6274463667120573,0,17.59873562058047,0.9005842086491134,0.8855934313631427,,0.10027984990324561
interval_shift,Observable cost-aware,40,8,21265293,1,16,44.543920484744234,0.62194613179679,0,18.167133529234974,0.902589829218512,0.8856704750519041,,0.09936895777736397
interval_shift,Observable cost-aware,40,9,21266290,1,12,39.98429274746161,0.6460695972563539,0,19.60277640116169,0.9048404673814339,0.8943956589646389,,0.09607180643198551
interval_shift,Observable cost-aware,40,10,21267287,1,16,70.66013241794269,0.6244183773961829,0,18.76461278262314,0.9048675723173318,0.8858674007866923,,0.10104952130583367
interval_shift,Observable cost-aware,40,11,21268284,1,22,54.57771617167804,0.6366564181896659,0,11.617188413664259,0.902692669955531,0.8844046690217356,,0.10157494045888893
interval_shift,Observable cost-aware,40,12,21269281,1,22,53.195810609745614,0.603993221126909,0,11.79762687209477,0.9021800165371797,0.8785697741165208,,0.09931431153926448
interval_shift,Observable cost-aware,40,13,21270278,1,15,55.64162137948803,0.6235503572491867,0,18.239161958083812,0.9000183946371947,0.8846339306013031,,0.10040538426961558
interval_shift,Observable cost-aware,40,14,21271275,1,20,68.66650894198115,0.6492324858671763,0,13.674896165250843,0.9009105857847788,0.8802689554985561,,0.10097675612523735
interval_shift,Observable cost-aware,40,15,21272272,1,12,55.84997022496525,0.5736086591799154,0,22.46394858337785,0.903038644228312,0.8907199994561817,,0.10109232686649414
interval_shift,Observable cost-aware,40,16,21273269,1,16,92.99091512602237,0.6334135536916683,0,19.51168298066088,0.9034875435345088,0.8845890393733872,,0.09661485108976538
interval_shift,Observable cost-aware,40,17,21274266,1,12,67.85820389302779,0.6067939769437038,0,22.038310197267357,0.9033235035794743,0.889351540498561,,0.10129841216679329
interval_shift,Observable cost-aware,40,18,21275263,1,19,65.56008523745496,0.6002382671924609,0,15.99391391344643,0.9031158436041793,0.8839464033454237,,0.09904770839539853
interval_shift,Observable cost-aware,40,19,21276260,1,21,70.6068687653708,0.5805737212146866,0,14.80132913971536,0.9005650580660904,0.8790257200386864,,0.1025198527733924
interval_shift,Observable cost-aware,40,20,21277257,1,14,75.34105853452331,0.5487108405821195,0,20.806696677614433,0.9066470371231234,0.8910587717479824,,0.10170090449277083
interval_shift,Observable cost-aware,40,21,21278254,1,11,68.4578763409655,0.6698202934686373,0,22.37073851730999,0.9012578662887951,0.8884325924106932,,0.10036594591196642
interval_shift,Observable cost-aware,40,22,21279251,1,18,65.58524769415267,0.5415311670183534,0,18.505460355520434,0.9020855240189637,0.8835798854872042,,0.09744703565058535
interval_shift,Observable cost-aware,40,23,21280248,1,18,48.48242411641536,0.5942801446527144,0,13.708807791830289,0.9012101839904159,0.8847371188056287,,0.09686507949881379
interval_shift,Observable cost-aware,40,24,21281245,1,20,48.15588355798533,0.6295231720505412,0,12.715201662713149,0.9002008222756238,0.8836311066007847,,0.1008132325804673
interval_shift,Observable cost-aware,40,25,21282242,1,17,78.06953262167903,0.6388358725415728,0,17.518558503354054,0.9018298003289336,0.8841367003970574,,0.10259847136598879
interval_shift,Observable cost-aware,40,26,21283239,1,18,90.2679937205152,0.6515560874291451,0,17.516246081028243,0.9007251467917377,0.8797988657110203,,0.09851107790133327
interval_shift,Observable cost-aware,40,27,21284236,1,14,55.87954874457829,0.6985083069108453,0,18.319249479845414,0.9052082279475129,0.8934344237270049,,0.09803473415324052
interval_shift,Observable cost-aware,40,28,21285233,1,22,76.62079440648318,0.5576338822148463,0,12.996904221806583,0.9018130286978191,0.8811601320860732,,0.1010907613513169
interval_shift,Observable cost-aware,40,29,21286230,1,21,64.50877621332826,0.5994038229338361,0,13.23253161891984,0.9010046545267584,0.8818764061949685,,0.09641469833607556
interval_shift,Observable cost-aware,40,30,21287227,1,13,58.03952864942254,0.6534285060955685,0,19.90517820358493,0.9046582587662395,0.8917569775734473,,0.1002611206204966
interval_shift,Observable cost-aware,40,31,21288224,1,22,59.63819197905671,0.6215488922953099,0,12.404162816698133,0.9014150432744992,0.8781631164796531,,0.09967727598077222
interval_shift,Observable cost-aware,40,32,21289221,1,14,44.40227181735585,0.6902883149681358,0,16.638223652291146,0.907142029104669,0.8936833471419807,,0.10172193804294301
interval_shift,Observable cost-aware,40,33,21290218,1,13,57.46340309802799,0.5888505639935502,0,19.866730562565863,0.9060532549810345,0.893165077020771,,0.10062849602083443
interval_shift,Observable cost-aware,40,34,21291215,1,14,62.02367275469288,0.569921945478572,0,19.82881476720812,0.9037652320095332,0.8891681479606681,,0.10161660722437915
interval_shift,Observable cost-aware,40,35,21292212,1,21,46.17500787253174,0.6434738849510189,0,11.571657392217203,0.9028993631011909,0.8823609631865439,,0.09928320259497522
interval_shift,Observable cost-aware,40,36,21293209,1,18,55.415474626053495,0.604569960102562,0,16.263026136664557,0.902497181496478,0.8857093939200876,,0.09961835997980915
interval_shift,Observable cost-aware,40,37,21294206,1,17,47.90591341930396,0.5995415357899336,0,16.09316686273772,0.902468987532198,0.8880513964786702,,0.10136664979284378
interval_shift,Observable cost-aware,40,38,21295203,1,18,56.745668597476,0.6749637428674411,0,14.771375287226903,0.9004127811786748,0.8847331185240513,,0.09883953579761293
interval_shift,Observable cost-aware,40,39,21296200,1,15,60.9258569367053,0.572561911164055,0,20.697235257343632,0.9038381922019062,0.887611763238484,,0.1006879970207097
interval_shift,Observable cost-aware,40,40,21297197,1,16,71.1315023239828,0.5751792609835651,0,18.866538989173527,0.9004246614112693,0.8817943845290414,,0.09900453903919537
interval_shift,Observable cost-aware,40,41,21298194,1,18,49.51566252296912,0.6204759002147677,0,16.280491409671303,0.9035402779463854,0.8850603386722918,,0.1004576762539702
interval_shift,Observable cost-aware,40,42,21299191,1,13,79.07474126919453,0.5540140163847034,0,22.483178658689326,0.9070718084076698,0.8910666470532462,,0.10396408586571253
interval_shift,Observable cost-aware,40,43,21300188,1,8,62.28340696141146,0.6526847317145021,0,24.737659473413576,0.9020913286195424,0.8929773310587514,,0.09945429796258691
interval_shift,Observable cost-aware,40,44,21301185,1,12,55.64755188809792,0.6367281328164245,0,20.084841414405076,0.9004444339461642,0.8883766931428165,,0.10026767962437788
interval_shift,Observable cost-aware,40,45,21302182,1,14,53.236103796216824,0.6285772738161428,0,19.682345139903397,0.9025526660871096,0.8862501047561352,,0.09813793191816611
interval_shift,Observable cost-aware,40,46,21303179,1,20,65.7527889782892,0.6647039879202381,0,12.887337172276998,0.9025264524447815,0.8844456852180047,,0.09745164577673775
interval_shift,Observable cost-aware,40,47,21304176,1,22,41.30240811437514,0.6686018082853595,0,8.086864930072528,0.9027638080508466,0.8853875119588203,,0.09890548246116275
interval_shift,Observable cost-aware,40,48,21305173,1,12,57.56851973918646,0.5564509409175036,0,22.26232933360434,0.9026231534403013,0.8904856317902212,,0.10016265210145991
interval_shift,Observable cost-aware,40,49,21306170,1,27,68.04394942246195,0.6826044684267181,0,5.823028198743902,0.9023371576325969,0.877671657138503,,0.09946994932875404
interval_shift,Random,40,0,21257317,0,120,2357.408722980873,0.45635159697745764,953,-242.0164826866056,0.0,0.011670179337069181,,0.09875035720084838
interval_shift,Random,40,1,21258314,0,120,1922.327489587466,0.4623698516109427,936,-226.439916362305,0.0,0.028320646165665323,,0.10107432375634162
interval_shift,Random,40,2,21259311,0,120,1925.5987991750308,0.5555471433874513,844,-226.7414575845291,0.010588287889071691,0.03375534047457498,,0.09936271336280345
interval_shift,Random,40,3,21260308,0,120,2289.9935281738663,0.4966615300398578,1174,-250.76644427683092,0.0,0.00893050342177039,,0.09758169890089471
interval_shift,Random,40,4,21261305,0,120,2178.921724617607,0.45100235210261164,1191,-243.56827733047768,0.0,0.02351686304876705,,0.10148483296824477
interval_shift,Random,40,5,21262302,0,120,1614.5593886856718,0.49955724184283823,721,-217.2803812239997,0.0,0.02925035429031542,,0.09698114007832041
interval_shift,Random,40,6,21263299,0,120,1893.215541103182,0.4561422758462934,896,-224.9341886681032,0.0,0.03177299663161948,,0.09751492595028803
interval_shift,Random,40,7,21264296,0,120,2428.708897067037,0.5264687670000605,886,-246.11714617747177,0.0,0.020819073818030092,,0.10027984990324561
interval_shift,Random,40,8,21265293,0,120,1248.5245442660475,0.577547393898703,875,-216.35704203226527,0.0,0.025290708823144954,,0.09936895777736397
interval_shift,Random,40,9,21266290,0,120,1866.0799437286869,0.5198543115018093,834,-226.8653919243069,0.0,0.015595543458221898,,0.09607180643198551
interval_shift,Random,40,10,21267287,0,120,1531.6935714543072,0.5517115238290573,1071,-223.7434163035892,0.0,0.022299432044158105,,0.10104952130583367
interval_shift,Random,40,11,21268284,0,120,1917.4145456111833,0.5202878730684954,848,-227.15840700420605,0.0,0.02014943440449919,,0.10157494045888893
interval_shift,Random,40,12,21269281,0,120,1542.3705560569974,0.5459565179971284,855,-218.48379865307135,0.04613435994515231,0.012909403731182012,,0.09931431153926448
interval_shift,Random,40,13,21270278,0,120,1578.6178152402279,0.524654184526707,937,-220.74561784034861,0.0,0.03267327720157631,,0.10040538426961558
interval_shift,Random,40,14,21271275,0,120,1511.6795698909186,0.5797374753937925,853,-220.39036309617546,0.025096830754982258,0.032624948456460565,,0.10097675612523735
interval_shift,Random,40,15,21272272,0,120,1473.4021550540724,0.5160902449044347,1198,-232.8987260852265,0.0,0.01362868242184998,,0.10109232686649414
interval_shift,Random,40,16,21273269,0,120,1577.0799972371888,0.5363677873701251,1014,-223.35193267630297,0.031169786671697022,0.010420635845091822,,0.09661485108976538
interval_shift,Random,40,17,21274266,0,120,1871.140397443999,0.4818105517440918,879,-222.93587321297568,0.0,0.027625893466479944,,0.10129841216679329
interval_shift,Random,40,18,21275263,0,120,1867.6421836987577,0.5512841676366713,930,-233.4574196171184,0.0,0.016735558841952162,,0.09904770839539853
interval_shift,Random,40,19,21276260,0,120,1806.7115930873306,0.5671371141070287,1081,-237.95554284972732,0.0,0.018326509550793277,,0.1025198527733924
interval_shift,Random,40,20,21277257,0,120,2072.630243155376,0.5242811335937534,1001,-237.52552843470855,0.0,0.01929167230998397,,0.10170090449277083
interval_shift,Random,40,21,21278254,0,120,2065.515683344257,0.5250812968010854,1044,-241.60039561116278,0.0,0.012314573666159971,,0.10036594591196642
interval_shift,Random,40,22,21279251,0,120,1978.2806157373602,0.49304792652765395,1104,-239.1045864578037,0.004657813540847399,0.015360692572222036,,0.09744703565058535
interval_shift,Random,40,23,21280248,0,120,2116.143874907422,0.4923247522387433,857,-228.03251313972007,0.0,0.03336107345725787,,0.09686507949881379
interval_shift,Random,40,24,21281245,0,120,1676.4970744114632,0.5012097605106773,1139,-231.82650692958697,0.042366154107854624,0.017339777741643685,,0.1008132325804673
interval_shift,Random,40,25,21282242,0,120,1864.7861484604125,0.5677415834855197,1166,-243.86749046608372,0.0,0.01695884446876213,,0.10259847136598879
interval_shift,Random,40,26,21283239,0,120,1798.1227707717385,0.5241414517624807,1121,-234.2043248337891,0.0,0.011596940199239816,,0.09851107790133327
interval_shift,Random,40,27,21284236,0,120,1871.6848605129915,0.4939779771874422,763,-219.22150253571616,0.0,0.03229567455612485,,0.09803473415324052
interval_shift,Random,40,28,21285233,0,120,1976.1525301160536,0.5254639372542047,936,-232.4344325810315,0.0,0.020528097964823917,,0.1010907613513169
interval_shift,Random,40,29,21286230,0,120,1749.849093485441,0.5179050047325551,851,-222.80273086425746,0.0,0.019278767465824003,,0.09641469833607556
interval_shift,Random,40,30,21287227,0,120,1810.9513677723685,0.551973012719366,861,-226.7099443216568,0.0,0.03273477598638708,,0.1002611206204966
interval_shift,Random,40,31,21288224,0,120,1467.9003557342771,0.5581941555431049,1014,-224.87399515130667,0.0,0.0316181977518705,,0.09967727598077222
interval_shift,Random,40,32,21289221,0,120,1717.9541451579012,0.5389605816447343,1077,-234.9710779208126,0.0,0.03110035192082048,,0.10172193804294301
interval_shift,Random,40,33,21290218,0,120,1872.2851810362915,0.43768416208398,1056,-228.32439335526226,0.0,0.03186854926781905,,0.10062849602083443
interval_shift,Random,40,34,21291215,0,120,1796.789795206887,0.4759582365902304,1170,-235.1901476469184,0.0,0.004646504929604998,,0.10161660722437915
interval_shift,Random,40,35,21292212,0,120,1273.7001646674912,0.568528971975812,800,-208.72539616593605,0.0,0.03450999077737764,,0.09928320259497522
interval_shift,Random,40,36,21293209,0,120,1709.7176958289597,0.5418277749645772,1171,-235.44814355928906,0.0,0.02566036028395039,,0.09961835997980915
interval_shift,Random,40,37,21294206,0,120,1892.1323907747872,0.5054446221086486,955,-231.2867163535399,0.0,0.015691439383571332,,0.10136664979284378
interval_shift,Random,40,38,21295203,0,120,1823.115826466627,0.5344054480296616,889,-229.8166240429895,0.0,0.02219911076026737,,0.09883953579761293
interval_shift,Random,40,39,21296200,0,120,1547.4487388896023,0.5313076672435137,902,-220.73605931923765,0.0,0.022913212127157422,,0.1006879970207097
interval_shift,Random,40,40,21297197,0,120,1778.9948554526673,0.5465037205356233,880,-224.17115691271826,0.020069080837702046,0.03583412392351357,,0.09900453903919537
interval_shift,Random,40,41,21298194,0,120,1432.4645393316978,0.5544445411633394,749,-209.76456449706677,0.0,0.039327670622897236,,0.1004576762539702
interval_shift,Random,40,42,21299191,0,120,2131.7656241781397,0.4082768037090627,1188,-236.26731695303823,0.0,0.010630227401498549,,0.10396408586571253
interval_shift,Random,40,43,21300188,0,120,1559.8452604281497,0.4358881150032128,1039,-221.85637607638085,0.0,0.011475009659623774,,0.09945429796258691
interval_shift,Random,40,44,21301185,0,120,1749.8377622320247,0.5331732763014696,659,-213.51363704583386,0.0,0.07182376694069088,,0.10026767962437788
interval_shift,Random,40,45,21302182,0,120,1587.5189787938355,0.5364019396887785,936,-213.7961121786743,0.19241035769943976,0.02370746257563833,,0.09813793191816611
interval_shift,Random,40,46,21303179,0,120,1823.9049869149017,0.5666021549125377,695,-221.75174135616143,0.0,0.04829894841456649,,0.09745164577673775
interval_shift,Random,40,47,21304176,0,120,1673.3898191190824,0.5120311975223768,797,-220.86050048442334,0.0,0.046400639945621,,0.09890548246116275
interval_shift,Random,40,48,21305173,0,120,1632.4831365010757,0.4398368582621581,904,-216.75133221949255,0.0,0.02341749672001533,,0.10016265210145991
interval_shift,Random,40,49,21306170,0,120,1878.4877670183357,0.5148488772806656,1071,-236.65966936075017,0.0,0.009136533705191787,,0.09946994932875404
interval_shift,Interval Meta-GDM,100,0,21258097,1,14,243.51240140022227,0.5392521612901129,0,20.874555570451168,0.9016200916998492,0.8867158103614017,,0.09921824715560464
interval_shift,Interval Meta-GDM,100,1,21259094,1,13,237.6373153577286,0.5378755192959757,0,20.840826521644665,0.9002408019100022,0.8866531220591731,,0.10014681213274351
interval_shift,Interval Meta-GDM,100,2,21260091,1,11,232.70127513144826,0.5848371625451867,0,24.015453327315882,0.9106153558014078,0.897293534928784,,0.10138657645268719
interval_shift,Interval Meta-GDM,100,3,21261088,1,12,266.836748990749,0.5361280686745711,0,21.209189224027625,0.9062550739893185,0.8928825498735902,,0.10131479995899628
interval_shift,Interval Meta-GDM,100,4,21262085,1,15,236.87612035577712,0.5937674995617928,0,19.1486987745884,0.9002055732532692,0.8833102369116509,,0.09982167817495237
interval_shift,Interval Meta-GDM,100,5,21263082,1,13,262.07835225760715,0.5266111510277032,0,22.363753123581446,0.901029949355853,0.8849598818039092,,0.09917967770016009
interval_shift,Interval Meta-GDM,100,6,21264079,1,13,236.83308971174586,0.5890858786592259,0,20.240318975891952,0.9024732653019689,0.8888310620293566,,0.101957127168
interval_shift,Interval Meta-GDM,100,7,21265076,1,16,259.04463249454506,0.5316627442029476,0,19.277992780700735,0.904506631939585,0.8899583602802835,,0.0993653883068049
interval_shift,Interval Meta-GDM,100,8,21266073,1,13,201.96687595284928,0.5311473111094571,0,20.41583525520559,0.9126427810711267,0.8963983231512227,,0.099169254925481
interval_shift,Interval Meta-GDM,100,9,21267070,1,8,230.93399611442234,0.5594015296952206,0,25.598625740281562,0.9120694578900331,0.9019219557881316,,0.10136479949916886
interval_shift,Interval Meta-GDM,100,10,21268067,1,15,248.88534421828112,0.5474711945290711,0,20.008375926093954,0.9042354624296054,0.8878582118563962,,0.10165947295514689
interval_shift,Interval Meta-GDM,100,11,21269064,1,11,234.47143650496088,0.5755894555238505,0,21.42802501489716,0.9018474962277375,0.891266315936228,,0.0988429418585417
interval_shift,Interval Meta-GDM,100,12,21270061,1,11,249.92577051189315,0.5206556403723832,0,23.23841035001722,0.9124025639916734,0.8987650190129556,,0.09973347958675256
interval_shift,Interval Meta-GDM,100,13,21271058,1,10,232.16966711287301,0.4906738621478879,0,22.988392648967864,0.9074480023748388,0.8966509804440669,,0.10117394734198056
interval_shift,Interval Meta-GDM,100,14,21272055,1,14,233.08196177002878,0.5579319752689327,0,20.242590698095718,0.9035395241394095,0.8880264223242134,,0.098538935539471
interval_shift,Interval Meta-GDM,100,15,21273052,1,13,269.07008733695096,0.5824516860316649,0,22.499590777128397,0.9050046128608119,0.8903795243123812,,0.10031457009889158
interval_shift,Interval Meta-GDM,100,16,21274049,1,17,197.45075539233522,0.5464754708489064,0,17.440002060236534,0.9078522136618838,0.8862651463541188,,0.1006255298045637
interval_shift,Interval Meta-GDM,100,17,21275046,1,12,234.29545921936187,0.5438772918804469,0,21.79818356720157,0.9020921694583132,0.8881818722369833,,0.10026591662939596
interval_shift,Interval Meta-GDM,100,18,21276043,1,17,206.2569895172463,0.5436776545135913,0,17.111372981373176,0.9028564562493354,0.886381380087124,,0.10196707530575667
interval_shift,Interval Meta-GDM,100,19,21277040,1,14,247.71463718465137,0.5179313652388531,0,21.47936261287835,0.9021144859537927,0.8831639508435077,,0.09866004502626445
interval_shift,Interval Meta-GDM,100,20,21278037,1,14,244.47706085173172,0.5303814470107682,0,20.650737008998163,0.9025386280024741,0.8876833742258524,,0.10011572278414135
interval_shift,Interval Meta-GDM,100,21,21279034,1,16,222.14381197523235,0.5436893623741217,0,18.379217579218547,0.9047171479867271,0.8879013676375737,,0.10062056451252635
interval_shift,Interval Meta-GDM,100,22,21280031,1,16,253.51066115663392,0.5199830013104236,0,20.10141007937441,0.9007758807599263,0.8852884253881188,,0.10114625120168168
interval_shift,Interval Meta-GDM,100,23,21281028,1,13,221.32122814915323,0.5571738004564657,0,21.35962572516977,0.9093604153141406,0.8950339238531109,,0.10161256819563608
interval_shift,Interval Meta-GDM,100,24,21282025,1,8,231.06629931414025,0.5171484769182049,0,24.57927499191095,0.903997110000214,0.894079698482044,,0.10055829912753939
interval_shift,Interval Meta-GDM,100,25,21283022,1,14,227.5366413697507,0.5757608097312492,0,20.006528092044967,0.9084028396803471,0.8921774582343431,,0.09912925778432884
interval_shift,Interval Meta-GDM,100,26,21284019,1,13,276.96744794219006,0.5331748803590604,0,21.898728654826797,0.9003458303302948,0.8883185777090631,,0.09940210403818378
interval_shift,Interval Meta-GDM,100,27,21285016,1,10,275.53834643624486,0.45975919256572384,0,24.894058832577556,0.9120062156098467,0.8987531578731311,,0.09982681105304365
interval_shift,Interval Meta-GDM,100,28,21286013,1,12,215.61241568581795,0.5236362688714884,0,21.891827158739197,0.906074521513035,0.8925212625910627,,0.09787620770004431
interval_shift,Interval Meta-GDM,100,29,21287010,1,11,248.32405282506969,0.5286429444302903,0,22.384640837351753,0.9080579578411629,0.8959862897260624,,0.10081997578019167
interval_shift,Interval Meta-GDM,100,30,21288007,1,14,263.6290568254117,0.47233894647429175,0,20.921565006917405,0.9020078424355062,0.8848796066151403,,0.10034336938268794
interval_shift,Interval Meta-GDM,100,31,21289004,1,10,256.1070435480741,0.5409015717291727,0,23.820001043980835,0.9117482310639411,0.8999618891371448,,0.09977323680541936
interval_shift,Interval Meta-GDM,100,32,21290001,1,11,240.03064457494955,0.5004404096672872,0,23.480883383489214,0.9035165833309987,0.8921384245368503,,0.09914053275306099
interval_shift,Interval Meta-GDM,100,33,21290998,1,14,265.44270479178,0.5154557039935197,0,22.031674470294732,0.9064459638463933,0.8907367079496389,,0.10024419756882262
interval_shift,Interval Meta-GDM,100,34,21291995,1,9,260.69096821931197,0.5529212013128164,0,24.33596851927051,0.90540089453477,0.8951875896888308,,0.1003760322793704
interval_shift,Interval Meta-GDM,100,35,21292992,1,12,234.18656036859204,0.6027467003304863,0,22.06757624373327,0.9121773030247111,0.8971069061707666,,0.10086105389859452
interval_shift,Interval Meta-GDM,100,36,21293989,1,15,220.21082362420807,0.5423385806756489,0,21.22960581225861,0.9095505694967921,0.8914630973560114,,0.09992904722357013
interval_shift,Interval Meta-GDM,100,37,21294986,1,15,255.9494693539975,0.547811244338009,0,21.068353213768468,0.9065617327207098,0.8910630062532175,,0.0983940962309996
interval_shift,Interval Meta-GDM,100,38,21295983,1,20,212.8752732741682,0.5366620046681474,0,16.41385493877674,0.9051070351234934,0.8819676993100044,,0.09848021019265396
interval_shift,Interval Meta-GDM,100,39,21296980,1,13,240.2356923643179,0.5486688185271549,0,21.570626114154027,0.9044869627701213,0.8893106596893766,,0.09943218665195105
interval_shift,Interval Meta-GDM,100,40,21297977,1,13,221.10252765402046,0.613781968646792,0,20.385117554442388,0.9040771274670659,0.8894156550091573,,0.0987881623441333
interval_shift,Interval Meta-GDM,100,41,21298974,1,15,252.99824787028547,0.523061576741104,0,20.26401280474306,0.900291628806991,0.884668182464825,,0.09871932656855374
interval_shift,Interval Meta-GDM,100,42,21299971,1,14,220.90096347750352,0.5300723388731525,0,20.80034753654264,0.9021133340001347,0.8871348250716925,,0.10143199207628607
interval_shift,Interval Meta-GDM,100,43,21300968,1,13,265.05412030350135,0.5495941006424621,0,21.232209869170894,0.9017125252830923,0.888778976427954,,0.0981730775840064
interval_shift,Interval Meta-GDM,100,44,21301965,1,15,250.98123107274353,0.5249825710581197,0,19.947327632809824,0.9021437320411921,0.8866814166821656,,0.10166081481140544
interval_shift,Interval Meta-GDM,100,45,21302962,1,16,208.72648876767536,0.549650155989581,0,18.03304432002858,0.9000756996415292,0.8832378754932054,,0.10016037112325035
interval_shift,Interval Meta-GDM,100,46,21303959,1,15,248.25994505229394,0.533318699574816,0,21.36277173568687,0.9063350183428769,0.8918806335829622,,0.09978798324623579
interval_shift,Interval Meta-GDM,100,47,21304956,1,16,249.16654726230203,0.5304753859032771,0,19.176098135073175,0.9031965523376951,0.8845751957936113,,0.09896176840888624
interval_shift,Interval Meta-GDM,100,48,21305953,1,14,259.839627654536,0.4875404789027922,0,21.9068287054955,0.9059569403737345,0.8899726664830958,,0.10184184685458664
interval_shift,Interval Meta-GDM,100,49,21306950,1,13,249.52697284990762,0.5076308056934575,0,20.158902863187443,0.9019968644526327,0.8893647834406674,,0.10036904117529677
interval_shift,Bounded confidence,100,0,21258097,1,14,221.78905667607233,0.5575980455275009,0,18.341616255639433,0.9083128077277796,0.8935787720664535,,0.09921824715560464
interval_shift,Bounded confidence,100,1,21259094,1,14,219.16231902991217,0.5720343967094872,0,17.485453554374175,0.9047760625062942,0.8913613151503594,,0.10014681213274351
interval_shift,Bounded confidence,100,2,21260091,1,11,216.17296853539315,0.6137998485156024,0,21.941626331896636,0.90123654426877,0.8891645820980707,,0.10138657645268719
interval_shift,Bounded confidence,100,3,21261088,1,13,245.55879846843632,0.5758129298107117,0,19.519232999197683,0.903825579478557,0.8909977639199549,,0.10131479995899628
interval_shift,Bounded confidence,100,4,21262085,1,15,219.1003651174147,0.6186336427814472,0,16.826917214445505,0.9045906811645947,0.8882174816060728,,0.09982167817495237
interval_shift,Bounded confidence,100,5,21263082,1,13,249.15687555404668,0.5396017028787183,0,20.2465354013582,0.9017958212198253,0.8865594437973067,,0.09917967770016009
interval_shift,Bounded confidence,100,6,21264079,1,13,214.96872310177707,0.6090839409653825,0,18.791452483740585,0.9076669220364124,0.8941977193999048,,0.101957127168
interval_shift,Bounded confidence,100,7,21265076,1,16,235.45462816794603,0.5730140791591116,0,15.961453636754202,0.907298230071592,0.8930711737320363,,0.0993653883068049
interval_shift,Bounded confidence,100,8,21266073,1,12,190.21353548655512,0.5632630688982021,0,19.19329259540779,0.902390718955952,0.8879596854807728,,0.099169254925481
interval_shift,Bounded confidence,100,9,21267070,1,8,224.5923081003907,0.5761925274946933,0,25.354022605176354,0.9130961568389938,0.9034422091025056,,0.10136479949916886
interval_shift,Bounded confidence,100,10,21268067,1,15,240.42841867947234,0.5738237558361863,0,17.87535509348046,0.9052665400100037,0.8905091026225117,,0.10165947295514689
interval_shift,Bounded confidence,100,11,21269064,1,12,217.5756914539102,0.6155820725011245,0,18.64433792012435,0.9052957074927372,0.8946444328836326,,0.0988429418585417
interval_shift,Bounded confidence,100,12,21270061,1,11,240.87292086151317,0.5495717949322256,0,21.725478594831074,0.9108298438091439,0.8980616172699574,,0.09973347958675256
interval_shift,Bounded confidence,100,13,21271058,1,10,224.507332415944,0.5080783044820267,0,22.00102752465696,0.9121614848440904,0.9017407126085009,,0.10117394734198056
interval_shift,Bounded confidence,100,14,21272055,1,14,221.96402876702885,0.5831600408844624,0,18.063261658265,0.9057886685099038,0.8908720855505315,,0.098538935539471
interval_shift,Bounded confidence,100,15,21273052,1,13,256.5850400779935,0.5846259467993193,0,20.370195842189784,0.9092555959323069,0.894991232835504,,0.10031457009889158
interval_shift,Bounded confidence,100,16,21274049,1,17,182.4491563025129,0.5882563706402331,0,15.952377782128345,0.9060156662529489,0.8857050650697275,,0.1006255298045637
interval_shift,Bounded confidence,100,17,21275046,1,12,223.52929044462542,0.5756493302312025,0,20.07084583631121,0.9075838981866844,0.89413917795926,,0.10026591662939596
interval_shift,Bounded confidence,100,18,21276043,1,16,194.5440817775194,0.5856077628058145,0,15.14768571565564,0.9015317061370968,0.8863612649964888,,0.10196707530575667
interval_shift,Bounded confidence,100,19,21277040,1,15,247.88983516027295,0.5412385683219847,0,19.91092394078215,0.9072483783374259,0.8889946874215582,,0.09866004502626445
interval_shift,Bounded confidence,100,20,21278037,1,14,229.05027794997434,0.5505378791175497,0,17.989269803198653,0.9059566718530628,0.8915190077617147,,0.10011572278414135
interval_shift,Bounded confidence,100,21,21279034,1,16,206.16642238029854,0.5829634600422533,0,15.569778405459402,0.9032831024552188,0.8880300907347671,,0.10062056451252635
interval_shift,Bounded confidence,100,22,21280031,1,16,237.660077142107,0.539011838775695,0,16.318196884342125,0.9058866063401878,0.8907658480023185,,0.10114625120168168
interval_shift,Bounded confidence,100,23,21281028,1,12,204.30588313881648,0.5623436161276434,0,19.77655535308213,0.9038968763931416,0.8910040146774804,,0.10161256819563608
interval_shift,Bounded confidence,100,24,21282025,1,8,225.03928446123436,0.539039323625617,0,23.701809809440547,0.9001222095273115,0.8910016755626479,,0.10055829912753939
interval_shift,Bounded confidence,100,25,21283022,1,14,215.57236709092084,0.5984641281247127,0,18.38465968145546,0.9066419646736745,0.8914311584635953,,0.09912925778432884
interval_shift,Bounded confidence,100,26,21284019,1,13,247.48918783634016,0.5540947390882247,0,18.911560354511526,0.9051738643681398,0.8934799620739404,,0.09940210403818378
interval_shift,Bounded confidence,100,27,21285016,1,10,258.23253342022565,0.4867433758879036,0,24.10967781655569,0.912638614735355,0.9000958182896633,,0.09982681105304365
interval_shift,Bounded confidence,100,28,21286013,1,12,208.66811943518385,0.5573345946943247,0,20.395475870785162,0.9071149390279708,0.894232226637444,,0.09787620770004431
interval_shift,Bounded confidence,100,29,21287010,1,10,231.15535178413296,0.5467703235273975,0,21.94597392552888,0.9008041194819708,0.8900947684247531,,0.10081997578019167
interval_shift,Bounded confidence,100,30,21288007,1,14,249.08736280886887,0.49816510338039666,0,19.306829808550276,0.9034927246053334,0.8872586675062869,,0.10034336938268794
interval_shift,Bounded confidence,100,31,21289004,1,10,246.41789162166756,0.5546947708927932,0,22.758824149909707,0.9106487649341106,0.8995508503721107,,0.09977323680541936
interval_shift,Bounded confidence,100,32,21290001,1,11,224.67630345892752,0.5310346961598431,0,21.533960874120464,0.9025500841805522,0.8919019402962274,,0.09914053275306099
interval_shift,Bounded confidence,100,33,21290998,1,13,244.37637501030906,0.5473259285316983,0,19.89580010938232,0.9029732144122659,0.8891211503393168,,0.10024419756882262
interval_shift,Bounded confidence,100,34,21291995,1,9,246.0157577170941,0.5815969446913332,0,23.073591715966188,0.9064400165877681,0.896999823780754,,0.1003760322793704
interval_shift,Bounded confidence,100,35,21292992,1,12,219.91203446173031,0.6355187642126474,0,20.12020842171573,0.9087521040431145,0.894662845721987,,0.10086105389859452
interval_shift,Bounded confidence,100,36,21293989,1,15,199.48708850313574,0.5833948509406492,0,18.197399864742682,0.9011425877347365,0.8842066052418552,,0.09992904722357013
interval_shift,Bounded confidence,100,37,21294986,1,15,232.46725407921906,0.5737848602458615,0,17.244769661090594,0.9039650665987999,0.8893767149312042,,0.0983940962309996
interval_shift,Bounded confidence,100,38,21295983,1,19,202.40397595269627,0.5531840934614036,0,13.742911143328,0.9039747178156596,0.8826522741067009,,0.09848021019265396
interval_shift,Bounded confidence,100,39,21296980,1,13,234.3761536528937,0.5614873744329991,0,20.236192614969028,0.9048499498233749,0.890444868121975,,0.09943218665195105
interval_shift,Bounded confidence,100,40,21297977,1,14,211.1889937309265,0.6440255285429635,0,18.30427949385186,0.9076747065409536,0.8932967924429822,,0.0987881623441333
interval_shift,Bounded confidence,100,41,21298974,1,15,228.97290542445688,0.5444448761874507,0,17.064271596812443,0.9024148651264648,0.8873299436509895,,0.09871932656855374
interval_shift,Bounded confidence,100,42,21299971,1,14,203.97642695091554,0.5636462594452294,0,18.659695959368555,0.9063945534152047,0.8920603761149664,,0.10143199207628607
interval_shift,Bounded confidence,100,43,21300968,1,13,246.66269261356035,0.5895081385959409,0,18.53697322076801,0.9068723308892418,0.8945054924997234,,0.0981730775840064
interval_shift,Bounded confidence,100,44,21301965,1,15,234.794763689618,0.5545295886850352,0,17.102048437334087,0.9052115658964885,0.8905055226445966,,0.10166081481140544
interval_shift,Bounded confidence,100,45,21302962,1,16,186.97711359193792,0.5821549364715333,0,15.577888284826306,0.9034380524947517,0.8871166486201003,,0.10016037112325035
interval_shift,Bounded confidence,100,46,21303959,1,14,224.54710679592904,0.5666453544642636,0,18.851638188287097,0.9051477434157005,0.8917144764472631,,0.09978798324623579
interval_shift,Bounded confidence,100,47,21304956,1,16,238.17442831614508,0.5511524955876503,0,17.205847392692842,0.9064969395066336,0.8884600283009718,,0.09896176840888624
interval_shift,Bounded confidence,100,48,21305953,1,14,244.37966449934274,0.5143702092722564,0,19.536486981552756,0.9096941647552111,0.8941261453473303,,0.10184184685458664
interval_shift,Bounded confidence,100,49,21306950,1,14,220.0744900452717,0.5476296509839416,0,17.789453519311564,0.9033693727890036,0.8913027579044489,,0.10036904117529677
interval_shift,Mean consensus,100,0,21258097,1,14,225.0431358971583,0.5531612582418184,0,18.287827135816816,0.908345389048365,0.8936310106609413,,0.09921824715560464
interval_shift,Mean consensus,100,1,21259094,1,14,221.85599792780025,0.5692710814027322,0,17.444560036792147,0.9049068087841806,0.8915058327007974,,0.10014681213274351
interval_shift,Mean consensus,100,2,21260091,1,11,218.82835579619052,0.6072856635107582,0,21.92043871165889,0.9013427842075459,0.8892850595982459,,0.10138657645268719
interval_shift,Mean consensus,100,3,21261088,1,13,249.48196165264207,0.5688669271357736,0,19.47071660077262,0.9039778366340969,0.8911681415962078,,0.10131479995899628
interval_shift,Mean consensus,100,4,21262085,1,15,222.07081484512838,0.6182470984011832,0,16.771706926688328,0.9046242540976365,0.8882676361961127,,0.09982167817495237
interval_shift,Mean consensus,100,5,21263082,1,13,253.42728245919378,0.5292078920860452,0,20.1937001206973,0.9017883298359126,0.8865802466325458,,0.09917967770016009
interval_shift,Mean consensus,100,6,21264079,1,13,217.180395203066,0.6042323868457928,0,18.762494499921658,0.907637959013246,0.8941979843200055,,0.101957127168
interval_shift,Mean consensus,100,7,21265076,1,16,237.44547503084476,0.5697061436087942,0,15.933824015660935,0.9072790182090111,0.8930747766335962,,0.0993653883068049
interval_shift,Mean consensus,100,8,21266073,1,12,194.62437914488746,0.5574052599441741,0,19.11938338617857,0.9024623868094392,0.8880663013028944,,0.099169254925481
interval_shift,Mean consensus,100,9,21267070,1,8,228.28252400528032,0.5704102910078357,0,25.303893646242557,0.913208294474692,0.9035739298973186,,0.10136479949916886
interval_shift,Mean consensus,100,10,21268067,1,15,242.07495556718848,0.570544939681896,0,17.84960988135395,0.9052554343769006,0.89052202715613,,0.10165947295514689
interval_shift,Mean consensus,100,11,21269064,1,12,219.31560153941808,0.6129142636056899,0,18.62035541689897,0.9054238445573642,0.8947848731414141,,0.0988429418585417
interval_shift,Mean consensus,100,12,21270061,1,11,244.63883866956064,0.5433345917617602,0,21.68024076179399,0.9110343173294212,0.8982886992443441,,0.09973347958675256
interval_shift,Mean consensus,100,13,21271058,1,10,227.509056465505,0.5039613334252073,0,21.954153653267596,0.9122248820148512,0.9018180696383821,,0.10117394734198056
interval_shift,Mean consensus,100,14,21272055,1,14,225.8832331906736,0.577346546990777,0,18.00609052443412,0.905795907608557,0.8908978305649397,,0.098538935539471
interval_shift,Mean consensus,100,15,21273052,1,12,259.8665024942392,0.5783913261974238,0,20.916579577032188,0.9000616375950274,0.886749877800248,,0.10031457009889158
interval_shift,Mean consensus,100,16,21274049,1,17,187.2587648503074,0.5807793185059642,0,15.865495599963605,0.9062327073545985,0.8859611030822642,,0.1006255298045637
interval_shift,Mean consensus,100,17,21275046,1,12,227.20971435473442,0.5723016322661207,0,20.013988295193997,0.9075310225402657,0.8941059497905813,,0.10026591662939596
interval_shift,Mean consensus,100,18,21276043,1,16,200.24910351076286,0.5779875155620919,0,15.06005014518764,0.9015263186139477,0.8863862565848751,,0.10196707530575667
interval_shift,Mean consensus,100,19,21277040,1,14,252.79520940977466,0.5328900478758076,0,20.5227926821656,0.9000661967905135,0.8827192581366352,,0.09866004502626445
interval_shift,Mean consensus,100,20,21278037,1,14,231.79205807354583,0.5473323358856648,0,17.943797595156738,0.9059926049512123,0.8915711502555109,,0.10011572278414135
interval_shift,Mean consensus,100,21,21279034,1,16,210.52017374926282,0.5726603993927202,0,15.513488070266142,0.9033476097665195,0.8881166764999722,,0.10062056451252635
interval_shift,Mean consensus,100,22,21280031,1,16,240.68344853719637,0.5354346829767311,0,16.271807366487565,0.9059020371725302,0.8907941701130834,,0.10114625120168168
interval_shift,Mean consensus,100,23,21281028,1,12,206.0158933968247,0.5607350331892202,0,19.7482157415051,0.9039678972142643,0.891090878876268,,0.10161256819563608
interval_shift,Mean consensus,100,24,21282025,1,8,229.8504588209534,0.5329426841153557,0,23.63876875223041,0.9003116712300009,0.8912010699044383,,0.10055829912753939
interval_shift,Mean consensus,100,25,21283022,1,14,217.50934845898144,0.5960408280228784,0,18.35357238449462,0.9067010593114271,0.8915070094075096,,0.09912925778432884
interval_shift,Mean consensus,100,26,21284019,1,13,254.8478184470913,0.5421939807100691,0,18.815205509261666,0.9053724479215299,0.8937119019036008,,0.09940210403818378
interval_shift,Mean consensus,100,27,21285016,1,10,264.42205086705843,0.4735173025560844,0,24.027879640311514,0.9123903184281179,0.8998880178436829,,0.09982681105304365
interval_shift,Mean consensus,100,28,21286013,1,12,211.9367131159712,0.5527656232820626,0,20.336115570887785,0.9071540517913915,0.894304104445464,,0.09787620770004431
interval_shift,Mean consensus,100,29,21287010,1,10,235.5478185665987,0.5378472912813768,0,21.891454660360193,0.9009780353922057,0.890295483928083,,0.10081997578019167
interval_shift,Mean consensus,100,30,21288007,1,14,253.60130115896823,0.4906553689900355,0,19.22751532204439,0.9036275414560702,0.8874106837322153,,0.10034336938268794
interval_shift,Mean consensus,100,31,21289004,1,10,249.4577026376711,0.5476767693931541,0,22.726248043695207,0.910778313029101,0.8997101106629709,,0.09977323680541936
interval_shift,Mean consensus,100,32,21290001,1,11,229.70378930679138,0.5237161534938208,0,21.449903680117693,0.902449218182777,0.8918227885865843,,0.09914053275306099
interval_shift,Mean consensus,100,33,21290998,1,13,249.02812316329832,0.5433487950705502,0,19.814946924872135,0.9029767974815133,0.8891420207253941,,0.10024419756882262
interval_shift,Mean consensus,100,34,21291995,1,9,250.4709934553404,0.5744198898211437,0,23.008765219638278,0.906197569794141,0.8967884567657947,,0.1003760322793704
interval_shift,Mean consensus,100,35,21292992,1,12,223.36908764807305,0.6297802089060562,0,20.080635635491845,0.9089217864812047,0.8948530811783176,,0.10086105389859452
interval_shift,Mean consensus,100,36,21293989,1,15,205.4800310637392,0.5747766170360968,0,18.096801189074803,0.9019447159719308,0.8850659337691815,,0.09992904722357013
interval_shift,Mean consensus,100,37,21294986,1,15,234.19798932891655,0.5705962325598388,0,17.213810806024433,0.9040743138855142,0.889495414361072,,0.0983940962309996
interval_shift,Mean consensus,100,38,21295983,1,19,207.9885334763214,0.5494124259677133,0,13.640426346821677,0.9039553275445843,0.882663101955593,,0.09848021019265396
interval_shift,Mean consensus,100,39,21296980,1,13,236.7866525805717,0.5555023904409846,0,20.208186742562255,0.9049747246500203,0.890586217653346,,0.09943218665195105
interval_shift,Mean consensus,100,40,21297977,1,14,215.3428815024388,0.6361131205823636,0,18.246002147207214,0.9078633288392777,0.8935089038082247,,0.0987881623441333
interval_shift,Mean consensus,100,41,21298974,1,15,233.37488030060177,0.5393977893671438,0,16.992806235364625,0.9024864065299916,0.8874210331938457,,0.09871932656855374
interval_shift,Mean consensus,100,42,21299971,1,14,208.10745618930403,0.5565039069751305,0,18.594464844654055,0.9064053234415969,0.892099547239843,,0.10143199207628607
interval_shift,Mean consensus,100,43,21300968,1,13,248.30077490987196,0.5871587882330138,0,18.514288693979594,0.9068595391325686,0.8945044289098187,,0.0981730775840064
interval_shift,Mean consensus,100,44,21301965,1,15,240.93652714722023,0.5458036448160553,0,17.011165717417537,0.9052067854493939,0.890532546033557,,0.10166081481140544
interval_shift,Mean consensus,100,45,21302962,1,16,189.82964714516524,0.5799914339255214,0,15.524498059871371,0.9035735606421101,0.8872700862005491,,0.10016037112325035
interval_shift,Mean consensus,100,46,21303959,1,14,230.46024062880008,0.5577559933284422,0,18.75154340111707,0.9050851670956853,0.8916852264436557,,0.09978798324623579
interval_shift,Mean consensus,100,47,21304956,1,16,241.59538289028663,0.545715318031945,0,17.15429731902276,0.9065924129701775,0.8885722681422139,,0.09896176840888624
interval_shift,Mean consensus,100,48,21305953,1,13,248.2394974287729,0.5095418107313532,0,20.049014914838295,0.9000967953478912,0.8856225639622513,,0.10184184685458664
interval_shift,Mean consensus,100,49,21306950,1,14,223.21871574967054,0.5442638343497976,0,17.742001887175864,0.9035872592814106,0.8915459134643018,,0.10036904117529677
interval_shift,Observable cost-aware,100,0,21258097,1,18,156.42338071482084,0.609894195771852,0,15.97034981883818,0.9040302475768593,0.8860268006771872,,0.09921824715560464
interval_shift,Observable cost-aware,100,1,21259094,1,19,144.88685891710824,0.6201414560656724,0,14.035839413833944,0.9013422706960178,0.8840776671347809,,0.10014681213274351
interval_shift,Observable cost-aware,100,2,21260091,1,17,161.54895522241813,0.6560847544589046,0,17.256424032817478,0.9039569809890277,0.8876038446775675,,0.10138657645268719
interval_shift,Observable cost-aware,100,3,21261088,1,17,178.04617226656842,0.6328039366925233,0,16.582963979553995,0.9003588566927244,0.8841969519110614,,0.10131479995899628
interval_shift,Observable cost-aware,100,4,21262085,1,20,159.55166773949003,0.6615378301606534,0,13.072108310402157,0.9014014891578497,0.8816749012190183,,0.09982167817495237
interval_shift,Observable cost-aware,100,5,21263082,1,19,183.8986377424837,0.5981202778911561,0,15.449871809226057,0.9002435184983674,0.8810726086830495,,0.09917967770016009
interval_shift,Observable cost-aware,100,6,21264079,1,17,155.2990348538942,0.6664726713646874,0,16.320781603816933,0.9047971080661276,0.8880344698300947,,0.101957127168
interval_shift,Observable cost-aware,100,7,21265076,1,20,170.02078411270134,0.6154492942136927,0,13.033876978965182,0.902600386134714,0.8856440364317155,,0.0993653883068049
interval_shift,Observable cost-aware,100,8,21266073,1,17,127.00715888491888,0.6163811400232306,0,15.522812726165572,0.9026908527620067,0.8842774242077688,,0.099169254925481
interval_shift,Observable cost-aware,100,9,21267070,1,11,166.30483408354544,0.6269888487708173,0,23.010750167243543,0.9009788416219865,0.888972518736184,,0.10136479949916886
interval_shift,Observable cost-aware,100,10,21268067,1,19,178.74221234686772,0.615341950128625,0,15.199642210041276,0.9014174274494349,0.8834199783236578,,0.10165947295514689
interval_shift,Observable cost-aware,100,11,21269064,1,17,148.95256068503485,0.6708401324845024,0,14.814167760846741,0.9013821788333732,0.8868373235068285,,0.0988429418585417
interval_shift,Observable cost-aware,100,12,21270061,1,14,172.95324921090904,0.6023850102735562,0,19.691247574308406,0.9011208403159239,0.8858290821753207,,0.09973347958675256
interval_shift,Observable cost-aware,100,13,21271058,1,13,148.03594105851457,0.5622463310227199,0,20.39009334719252,0.9021878938773987,0.8887156687136212,,0.10117394734198056
interval_shift,Observable cost-aware,100,14,21272055,1,19,156.6741348471034,0.6316672749067092,0,14.577047257982093,0.9016739015468858,0.8828534640235889,,0.098538935539471
interval_shift,Observable cost-aware,100,15,21273052,1,17,195.0107479493006,0.6304124635386408,0,17.620806095457596,0.9027325330074324,0.8853029599350052,,0.10031457009889158
interval_shift,Observable cost-aware,100,16,21274049,1,24,132.40021089437204,0.6411088980274444,0,10.284964228249903,0.9025206580574466,0.8772281821266134,,0.1006255298045637
interval_shift,Observable cost-aware,100,17,21275046,1,16,158.42666533868558,0.6273770566245989,0,17.54615098457497,0.9038442136365333,0.8870882516343116,,0.10026591662939596
interval_shift,Observable cost-aware,100,18,21276043,1,21,137.40216708769935,0.6317899894984906,0,11.31272797406342,0.9032938131209577,0.8846702381330241,,0.10196707530575667
interval_shift,Observable cost-aware,100,19,21277040,1,20,188.46361561365384,0.5783968248969282,0,16.323652814714134,0.9018541778318411,0.8798629462329224,,0.09866004502626445
interval_shift,Observable cost-aware,100,20,21278037,1,21,158.71928080409185,0.6034144393679597,0,12.6097548802123,0.9017955806712532,0.8830443239201592,,0.10011572278414135
interval_shift,Observable cost-aware,100,21,21279034,1,23,146.194945570102,0.6358883259754153,0,9.941132373853911,0.903288405294406,0.8834577247375708,,0.10062056451252635
interval_shift,Observable cost-aware,100,22,21280031,1,21,170.98629099970105,0.588210964695177,0,12.631581325494336,0.9000551086832127,0.8817591804926272,,0.10114625120168168
interval_shift,Observable cost-aware,100,23,21281028,1,18,141.47677410127002,0.6122331779656631,0,15.486048173832001,0.9039297023495237,0.8863473166505098,,0.10161256819563608
interval_shift,Observable cost-aware,100,24,21282025,1,13,154.23869625490534,0.601497817415525,0,20.438843850035127,0.9009563333507068,0.8881132735450044,,0.10055829912753939
interval_shift,Observable cost-aware,100,25,21283022,1,19,157.20829270842702,0.651776064271482,0,14.617323022966833,0.9002233779485648,0.8811550605407347,,0.09912925778432884
interval_shift,Observable cost-aware,100,26,21284019,1,16,180.3828496300805,0.6231949302806798,0,17.43921731807001,0.9031329868755488,0.8885676739372383,,0.09940210403818378
interval_shift,Observable cost-aware,100,27,21285016,1,12,189.9010259481726,0.5371752408103965,0,23.17512040271411,0.9060667144062164,0.8915868008876224,,0.09982681105304365
interval_shift,Observable cost-aware,100,28,21286013,1,17,142.93151953122756,0.6049816619206028,0,17.07303337659198,0.9046124123392956,0.8878255232572517,,0.09787620770004431
interval_shift,Observable cost-aware,100,29,21287010,1,14,167.0167014746154,0.6035211933585654,0,19.350372932427675,0.901081921330831,0.8872239072478938,,0.10081997578019167
interval_shift,Observable cost-aware,100,30,21288007,1,19,176.2003389965992,0.5413631246570578,0,16.009825649307572,0.9001982688936748,0.8804481555040085,,0.10034336938268794
interval_shift,Observable cost-aware,100,31,21289004,1,14,182.4488152831393,0.6161625564333795,0,19.628266790020696,0.9001177567379891,0.885835580379777,,0.09977323680541936
interval_shift,Observable cost-aware,100,32,21290001,1,16,158.4212414199049,0.5936563855476122,0,18.160260856120484,0.9006660973187981,0.886085182735084,,0.09914053275306099
interval_shift,Observable cost-aware,100,33,21290998,1,17,178.07724988162346,0.5861975106316215,0,17.515256240699784,0.9044117534318675,0.8872599850408399,,0.10024419756882262
interval_shift,Observable cost-aware,100,34,21291995,1,13,175.55027169949378,0.6290989237834692,0,20.31722460030589,0.9025092709274163,0.88996656765405,,0.1003760322793704
interval_shift,Observable cost-aware,100,35,21292992,1,17,165.12587914422676,0.6873916263703124,0,15.890508609658824,0.9015861712236479,0.8841966208614529,,0.10086105389859452
interval_shift,Observable cost-aware,100,36,21293989,1,21,145.03557734483076,0.6305723274913546,0,13.432856096263944,0.9026479203388725,0.8805964706076997,,0.09992904722357013
interval_shift,Observable cost-aware,100,37,21294986,1,20,162.59512060402486,0.6359865614847813,0,13.711712779010227,0.9016797055019687,0.8830544279170104,,0.0983940962309996
interval_shift,Observable cost-aware,100,38,21295983,1,26,143.53373958018736,0.585178391913385,0,8.154124211952617,0.9014794220299007,0.8760997873789651,,0.09848021019265396
interval_shift,Observable cost-aware,100,39,21296980,1,18,173.39130984551363,0.6112383973650679,0,16.780699304082653,0.9025802289967271,0.8842626626244716,,0.09943218665195105
interval_shift,Observable cost-aware,100,40,21297977,1,20,157.5469155348098,0.6866944043002943,0,13.446750332964793,0.9035734603479455,0.8849790021613825,,0.0987881623441333
interval_shift,Observable cost-aware,100,41,21298974,1,20,162.99581416494323,0.5891307647006123,0,13.660431330318538,0.9035642853842765,0.8848594772842958,,0.09871932656855374
interval_shift,Observable cost-aware,100,42,21299971,1,18,147.3358142829695,0.6113561761379847,0,15.910938414926452,0.9004372707729806,0.8831294092256669,,0.10143199207628607
interval_shift,Observable cost-aware,100,43,21300968,1,17,176.2712307275379,0.6355690377253997,0,15.891808495245094,0.9042421209980166,0.8890570622524083,,0.0981730775840064
interval_shift,Observable cost-aware,100,44,21301965,1,19,168.20122146828373,0.6069601983470647,0,14.486011975855659,0.9008692341254337,0.8829915124134999,,0.10166081481140544
interval_shift,Observable cost-aware,100,45,21302962,1,22,127.3048880215982,0.6170660055030472,0,11.012250176412845,0.9000188460393816,0.8796049774209396,,0.10016037112325035
interval_shift,Observable cost-aware,100,46,21303959,1,19,168.487995208117,0.6226054002601258,0,15.087243831626125,0.9022043327298814,0.8852986587938141,,0.09978798324623579
interval_shift,Observable cost-aware,100,47,21304956,1,22,170.62619029771142,0.5941402447541444,0,12.647592182141457,0.9012754845151477,0.8790391032031473,,0.09896176840888624
interval_shift,Observable cost-aware,100,48,21305953,1,18,174.74304386540769,0.5635921414140959,0,16.623765836824646,0.9005522372583752,0.8817429684985247,,0.10184184685458664
interval_shift,Observable cost-aware,100,49,21306950,1,19,149.70908529559375,0.6109055282032809,0,14.405284742010966,0.9035510111321315,0.8871747613978713,,0.10036904117529677
interval_shift,Random,100,0,21258097,0,120,4267.543793035116,0.5342623112468294,2659,-233.18744844603154,0.0,0.007436681950392806,,0.09921824715560464
interval_shift,Random,100,1,21259094,0,120,4850.255989493612,0.55637093872883,2322,-236.182365119381,0.0,0.003049357556519587,,0.10014681213274351
interval_shift,Random,100,2,21260091,0,120,4318.457567346143,0.5270552434517339,2465,-228.57584923302676,0.0,0.004296400890369465,,0.10138657645268719
interval_shift,Random,100,3,21261088,0,120,5012.137714184368,0.5045742949531495,2569,-239.112412501663,0.0,0.009858582345518013,,0.10131479995899628
interval_shift,Random,100,4,21262085,0,120,4287.444739090872,0.5676798903328455,2380,-230.40113427429372,0.0,0.004657421881971663,,0.09982167817495237
interval_shift,Random,100,5,21263082,0,120,4770.780168100233,0.49078901496769145,2385,-228.86829783481002,0.0,0.0063314894621513225,,0.09917967770016009
interval_shift,Random,100,6,21264079,0,120,4684.325566256605,0.5284491814263812,2353,-233.96411642150622,0.0,0.006528703988528019,,0.101957127168
interval_shift,Random,100,7,21265076,0,120,4869.185367221136,0.49292271129735443,2667,-236.79641727151602,0.0,0.0015441905046868082,,0.0993653883068049
interval_shift,Random,100,8,21266073,0,120,4733.074817206508,0.5313084291804566,2756,-241.41553614155137,0.0,0.010131628185694151,,0.099169254925481
interval_shift,Random,100,9,21267070,0,120,4355.700504493553,0.5225797194932051,2278,-224.25386626124296,0.0,0.0055278280552364615,,0.10136479949916886
interval_shift,Random,100,10,21268067,0,120,4221.439826064115,0.5272431768368788,2432,-225.82396879448424,0.0,0.0031344545652215467,,0.10165947295514689
interval_shift,Random,100,11,21269064,0,120,5159.013806063374,0.5109588086856864,2420,-238.39846396416542,0.0,0.005323728170479825,,0.0988429418585417
interval_shift,Random,100,12,21270061,0,120,4414.593993676666,0.5183270042911341,2503,-229.49610040330842,0.0,0.004898166182503144,,0.09973347958675256
interval_shift,Random,100,13,21271058,0,120,4763.205095008855,0.48751363686368365,2678,-238.84673367464686,0.0,0.007309760032631438,,0.10117394734198056
interval_shift,Random,100,14,21272055,0,120,4550.684938305932,0.5351448469369193,2583,-237.2005341863848,0.0,0.008187287069976821,,0.098538935539471
interval_shift,Random,100,15,21273052,0,120,4544.6053827947,0.521134917933916,2516,-230.79721952558364,0.0,0.004172800285562027,,0.10031457009889158
interval_shift,Random,100,16,21274049,0,120,4130.289018597001,0.5415543904293738,2517,-230.85507036606435,0.0,0.0044913725505440726,,0.1006255298045637
interval_shift,Random,100,17,21275046,0,120,4627.025002899397,0.5270370514877996,2406,-233.34853740914443,0.0,0.00465666264171099,,0.10026591662939596
interval_shift,Random,100,18,21276043,0,120,4455.73431600237,0.5162364231363019,2159,-226.0271158062038,0.0,0.006238656105558074,,0.10196707530575667
interval_shift,Random,100,19,21277040,0,120,4062.2159956196974,0.5511702655072359,2355,-223.97779337738675,0.0,0.002204193436384875,,0.09866004502626445
interval_shift,Random,100,20,21278037,0,120,4733.65193156249,0.5014778003455485,2190,-228.39124454718387,0.0,0.00358547840966509,,0.10011572278414135
interval_shift,Random,100,21,21279034,0,120,4903.679670792209,0.5345631055047126,2387,-235.49411811040636,0.0,0.005941075371249855,,0.10062056451252635
interval_shift,Random,100,22,21280031,0,120,4783.482895120271,0.4950626124234119,2639,-236.5993738455302,0.0,0.00163980804942624,,0.10114625120168168
interval_shift,Random,100,23,21281028,0,120,4390.230083247364,0.5629499240947027,2315,-230.4250723748284,0.0,0.005605279236140115,,0.10161256819563608
interval_shift,Random,100,24,21282025,0,120,5258.461591795843,0.5198406241437952,2797,-244.95114327533392,0.0,0.005715944741793351,,0.10055829912753939
interval_shift,Random,100,25,21283022,0,120,4231.7648990688585,0.5493243380584998,2521,-230.69325490183886,0.0,0.002967197711207915,,0.09912925778432884
interval_shift,Random,100,26,21284019,0,120,5358.946053334406,0.44609907248484504,2476,-237.05990017818556,0.0,0.005039128445092012,,0.09940210403818378
interval_shift,Random,100,27,21285016,0,120,5087.041668512569,0.4478639213261084,2932,-238.54395985586382,0.0,0.0038137501151156664,,0.09982681105304365
interval_shift,Random,100,28,21286013,0,120,3990.0581892934474,0.5083068119820615,2191,-220.99157614390157,0.0,0.006033345592246998,,0.09787620770004431
interval_shift,Random,100,29,21287010,0,120,4457.069876682698,0.4654738158342322,1724,-213.6537035881386,0.0,0.011850910645886238,,0.10081997578019167
interval_shift,Random,100,30,21288007,0,120,4726.3585742569285,0.4893006611063251,2596,-232.85043396070103,0.0,0.011445071652206635,,0.10034336938268794
interval_shift,Random,100,31,21289004,0,120,4431.465503875014,0.47667042137971616,2180,-221.83146970331296,0.0,0.0032016786033259815,,0.09977323680541936
interval_shift,Random,100,32,21290001,0,120,4460.553179310172,0.5221452868422214,2349,-228.55171063166438,0.0,0.004524073839023598,,0.09914053275306099
interval_shift,Random,100,33,21290998,0,120,5185.28456952044,0.5064602845159225,2493,-237.95409385793667,0.0,0.006747873448529659,,0.10024419756882262
interval_shift,Random,100,34,21291995,0,120,5043.001646629875,0.5094294667152659,2301,-234.41399777138102,0.0,0.00581180595364822,,0.1003760322793704
interval_shift,Random,100,35,21292992,0,120,4361.83703445601,0.516355072149123,2556,-228.26408165757397,0.0,0.0032865339850713378,,0.10086105389859452
interval_shift,Random,100,36,21293989,0,120,3817.052755751663,0.5663734451353628,2466,-225.32839155473366,0.0,0.0038817540963748853,,0.09992904722357013
interval_shift,Random,100,37,21294986,0,120,4587.785987238514,0.5192837170267068,2685,-237.10561948040507,0.0,0.003028034339242262,,0.0983940962309996
interval_shift,Random,100,38,21295983,0,120,4122.737541858641,0.5498424721353194,1991,-221.62762289884935,0.0,0.0056770485414465496,,0.09848021019265396
interval_shift,Random,100,39,21296980,0,120,4254.478971117796,0.5298699868174035,2378,-227.4494131701185,0.0,0.0032543815987532876,,0.09943218665195105
interval_shift,Random,100,40,21297977,0,120,4296.3359958303545,0.5983671742453756,2136,-230.0099027994071,0.0,0.007228951577854336,,0.0987881623441333
interval_shift,Random,100,41,21298974,0,120,4558.621336162655,0.4964076011763334,2611,-234.18140843824273,0.0,0.005267141410146703,,0.09871932656855374
interval_shift,Random,100,42,21299971,0,120,4274.793180295572,0.5163382285745086,2482,-230.88174358944252,0.0,0.010260293978143096,,0.10143199207628607
interval_shift,Random,100,43,21300968,0,120,5106.954215596468,0.5143286563471847,2703,-239.90397079067492,0.0,0.002175071750960894,,0.0981730775840064
interval_shift,Random,100,44,21301965,0,120,4591.058780912416,0.5129315417314035,2362,-230.5179968207269,0.0,0.003736034249246001,,0.10166081481140544
interval_shift,Random,100,45,21302962,0,120,4061.214617624076,0.5498241316713248,2001,-221.52040058922134,0.0,0.002861637994315937,,0.10016037112325035
interval_shift,Random,100,46,21303959,0,120,4880.313034665966,0.4738747153465872,2377,-231.9440524572787,0.0,0.002497568752311263,,0.09978798324623579
interval_shift,Random,100,47,21304956,0,120,4464.104739454457,0.5320390236933508,2668,-235.98380313584815,0.0,0.0028097851749516803,,0.09896176840888624
interval_shift,Random,100,48,21305953,0,120,4814.394251527024,0.4662835269838088,2154,-225.88029743893728,0.0,0.004263819007674244,,0.10184184685458664
interval_shift,Random,100,49,21306950,0,120,4671.380820766406,0.48943349569032546,2549,-234.9424915869566,0.0,0.004028146394185238,,0.10036904117529677
