Model,Agents,Case,Episode,Success,Steps,Total Cost,Cost Gini,Boundary Violations,Total Reward,Final Consensus,Final Interval Dispersion,Mean Half Width
cost=25,10,,0,1,24,6.639707888189106,0.5149242748924747,0,10.774998972385056,0.900526891194041,0.0209550504595595,0.0514947767647606
cost=25,10,,1,1,12,15.512092870900736,0.449851302228994,0,28.955937791732232,0.906341365896669,0.0196678520707694,0.0470137972151272
cost=25,10,,2,1,14,10.864880090080293,0.4650057878688516,0,26.62650881266084,0.9062582367692938,0.0196861968011359,0.0504916238271101
cost=25,10,,3,1,13,12.383021980302091,0.5725728459991126,0,26.82470265272351,0.9020776863566672,0.0206109271693968,0.0510718484014883
cost=25,10,,4,1,36,4.278896779186882,0.3894618804303353,0,5.476165096105464,0.9006427429516394,0.0209293223425489,0.0566109539915455
cost=25,10,,5,1,6,9.2816636952165,0.552786444810313,0,27.053058283994982,0.9119124030085568,0.0184422685707121,0.0485148065919579
cost=25,10,,6,1,36,10.613545468247116,0.5860701909871979,0,12.875163307894752,0.9001126325102562,0.021047075250894,0.0448421321330638
cost=25,10,,7,1,7,7.756016133718178,0.6321292703122992,0,25.009898291568383,0.9060992430078476,0.0197212878388872,0.0530681230954682
cost=25,10,,8,1,8,4.597692893341531,0.4774246427553361,0,24.653966475631307,0.9008538546760078,0.0208824475994908,0.0490223592210482
cost=25,10,,9,1,14,18.982161764884847,0.4820122884717017,0,26.10073627796644,0.9047435750219134,0.0200207435897017,0.0560255433218859
cost=25,10,,10,1,30,13.47254461163182,0.4310891152138767,0,15.866516433738916,0.9043437964986684,0.0201091370053092,0.0544255754342466
cost=25,10,,11,1,12,11.05133745020481,0.3880219391708006,0,26.44085394823502,0.9004807473575092,0.0209652989083843,0.0567061312951648
cost=25,10,,12,1,15,6.512815504651898,0.5329671418302475,0,25.145013513862647,0.9011175341177649,0.0208239162720171,0.0560185150881695
cost=25,10,,13,1,12,8.955041896066527,0.6468530880870054,0,23.01016455801724,0.9002242186517878,0.0210222829701377,0.0392729848949411
cost=25,10,,14,1,13,5.161785250615154,0.4929490152773694,0,20.97629862298071,0.9004594923693708,0.0209700197731128,0.0562338636607838
cost=25,10,,15,1,33,14.195584831105252,0.6260871856657975,0,13.61149030445432,0.9021432406542728,0.0205963936282649,0.052786743947462
cost=25,10,,16,1,6,11.567270759983188,0.6659087356064153,0,31.01549044630645,0.9079833130309592,0.0193058556537847,0.0499841898562143
cost=25,10,,17,1,5,7.417417782009652,0.5047722449171252,0,28.05274354736624,0.917800243085514,0.0171551024329402,0.0503714312462606
cost=25,10,,18,1,28,9.292718408927117,0.30099748835214,0,17.059224990147015,0.9003830498660204,0.0209869990484472,0.0544380800876651
cost=25,10,,19,1,22,4.345615582266162,0.5757249928211059,0,16.699812251918374,0.901121571799298,0.0208230201242152,0.0592918088239665
cost=25,10,,20,1,13,7.270434003131594,0.4951786976216232,0,24.923983635168824,0.9033546820400816,0.0203280041602116,0.0386274644160248
cost=25,10,,21,1,27,11.439557972934976,0.4787958741382228,0,17.67164099183539,0.9005153905612497,0.0209576046767277,0.051597857480327
cost=25,10,,22,1,17,9.41740665476126,0.5255093098386419,0,23.52612918651751,0.9004234124501458,0.020978033602137,0.0428092121040076
cost=25,10,,23,1,48,8.17094306965111,0.4811537525646625,0,-0.3630828109570903,0.9002329420145615,0.0210203449372949,0.0535619554530181
cost=25,10,,24,1,21,12.43493493670618,0.5786601543756187,0,23.336283399750457,0.901797924507472,0.0206729628995221,0.0511093425687637
cost=25,10,,25,1,29,12.256216780250332,0.5987966330745369,0,13.486476274875988,0.9012707308618648,0.0207899176608532,0.0494613902561141
cost=25,10,,26,1,21,8.849487335318555,0.6921039414276413,0,16.587063144875163,0.9005939726861865,0.0209401527381413,0.0499093634543332
cost=25,10,,27,1,8,2.463521578077171,0.4859575562378311,0,21.46012655344203,0.907540349197482,0.0194034503811866,0.0436248614067565
cost=25,10,,28,1,21,8.566586054836423,0.5017674764719602,0,15.982451718797698,0.9013063902635212,0.0207820046786583,0.0520780523046322
cost=25,10,,29,1,9,7.101673123914193,0.4002951770893632,0,28.067096758160567,0.9036827141431588,0.0202553920255932,0.0515032643529634
cost=25,10,,30,1,22,6.611555004622228,0.5018873456071955,0,21.18823824943099,0.9001834455164255,0.0210313416152837,0.0562177323582075
cost=25,10,,31,1,21,5.871134005956685,0.505899491490011,0,18.89856836347377,0.9002042210071262,0.0210267258336744,0.0548369625271045
cost=25,10,,32,1,12,9.981372150415172,0.6179556554237475,0,28.677537150609687,0.9069716975557784,0.0195288067625537,0.0516296439339815
cost=25,10,,33,0,120,12.618554588792886,0.613705983882179,0,-72.41517377555542,0.8991135067769667,0.0212691987103463,0.0486038138492007
cost=25,10,,34,1,9,16.213423942464157,0.4248118793385951,0,30.38411989243884,0.9070167385563028,0.0195188748358364,0.0497304425153778
cost=25,10,,35,1,11,11.80108889278742,0.5042696527823265,0,29.47673515870496,0.9000043011253922,0.0210711473282064,0.0521923213503033
cost=25,10,,36,0,120,17.743371791582863,0.4775260279187672,0,-60.08261191724083,0.8963316468981624,0.0218889585730612,0.0509985130901361
cost=25,10,,37,1,14,5.7186268862739285,0.5925227926187444,0,24.497106151504447,0.9035175958801428,0.020291938779721,0.0521648458032233
cost=25,10,,38,1,8,6.997924229736813,0.5866350537171376,0,26.12013480246641,0.9018241705506144,0.0206671421584221,0.0655308766506919
cost=25,10,,39,1,23,8.417290076887909,0.6416169412365691,0,13.477073976953092,0.901770583862036,0.0206790265772391,0.0532978277089925
cost=25,10,,40,1,22,10.28560100386549,0.6087834233848097,0,20.038748432289665,0.9021611081182594,0.0205924325528511,0.0401344610520973
cost=25,10,,41,1,38,10.987976741056402,0.4937313488877939,0,10.585805607033532,0.901222765081192,0.0208005619779155,0.0507099699369837
cost=25,10,,42,1,14,7.255854091470277,0.4388371547947525,0,24.13688839433119,0.9001221572839827,0.0210449589105631,0.0550464056586284
cost=25,10,,43,1,17,7.623118403415092,0.5382743300195878,0,25.09563267568555,0.9020190145656386,0.0206239357383985,0.0417250874110353
cost=25,10,,44,1,9,4.600691591081096,0.5889501048339727,0,23.410203674312832,0.9091035688246684,0.0190592508388302,0.0592249995118537
cost=25,10,,45,1,12,5.842118632862995,0.5009857100325901,0,26.435716837220998,0.9069997395140162,0.0195226232124345,0.0568588874032446
cost=25,10,,46,1,10,6.512116331981605,0.5057284768022741,0,27.24432746177811,0.9048044728717194,0.0200072821400541,0.0493535247130025
cost=25,10,,47,1,33,23.44457336861409,0.4898881287843488,0,17.034226917488645,0.9006354090410797,0.0209309509440065,0.0469795009592129
cost=25,10,,48,1,14,7.115340620658829,0.6123721283935741,0,21.113159543890337,0.9039357093224776,0.0201994078250149,0.0464651644638238
cost=25,10,,49,1,21,8.232127539297572,0.5720447474471495,0,25.258137038922364,0.9019690943652872,0.0206350045919274,0.0494517013955413
cost=25,40,,0,1,29,50.100933416086335,0.5076832280083508,0,16.260527702368318,0.9002991899680013,0.0210056275207505,0.0438899897593966
cost=25,40,,1,1,19,35.66879976631488,0.4851142597043709,0,21.98545566805003,0.902815177098762,0.0204474846076645,0.0525125827477572
cost=25,40,,2,1,17,40.39694836800616,0.5301757045793436,0,24.40048432373461,0.9004401941379013,0.0209743061265648,0.049169714398787
cost=25,40,,3,1,31,42.81898087338215,0.5025658381844356,0,12.42726225588866,0.9026201131243508,0.0204907016592479,0.0497172632615435
cost=25,40,,4,1,32,49.86182757124716,0.4846679495538712,0,14.104149216288151,0.9010345196431352,0.0208423419036424,0.0569827045161239
cost=25,40,,5,1,19,49.67683423641264,0.4789789841454444,0,23.01610805993939,0.9013246074715252,0.0207779623187904,0.0519388369473987
cost=25,40,,6,1,16,40.81850190663894,0.3509886732278218,0,26.433164048764134,0.9011750527624254,0.0208111506100822,0.0548029352289014
cost=25,40,,7,1,41,47.38298602997779,0.5524774254738973,0,9.188951361385394,0.902136728922202,0.0205978372472554,0.0484081865718136
cost=25,40,,8,1,10,32.38610943335455,0.5203938922939937,0,27.158435064617763,0.9024299529068552,0.0205328412589805,0.0535630211578709
cost=25,40,,9,1,36,34.49182306341389,0.5485726212337514,0,9.16615638811878,0.9011105493157342,0.0208254665312978,0.0528209413286863
cost=25,40,,10,1,34,42.6113120724053,0.4814675198196827,0,13.69583997489314,0.9004376527196435,0.0209748706108828,0.0495492963492976
cost=25,40,,11,1,50,36.82866595802069,0.5317632519766262,0,-2.013290012493026,0.9012073321752792,0.0208039868887482,0.0494485141838666
cost=25,40,,12,1,22,45.58101480718502,0.5025291273937476,0,20.37916972533997,0.901568261468619,0.0207239038657841,0.047842009363625
cost=25,40,,13,1,23,47.00233159938912,0.5453525414359275,0,18.839121864659,0.9001964520799453,0.0210284518777261,0.0539533937567157
cost=25,40,,14,1,37,58.78551527804687,0.5107036560213607,0,13.487530568390792,0.9033800172673452,0.0203223950960198,0.0478754017066275
cost=25,40,,15,1,8,40.38504447608061,0.6351103476168378,0,27.39224742899987,0.9047116203081174,0.0200278075311316,0.0500812374273742
cost=25,40,,16,1,52,39.35662874908552,0.4874352122162222,0,0.9087024207931816,0.90191426768476,0.020647162069888,0.0511301938390059
cost=25,40,,17,1,25,46.11245936618098,0.5289940477825563,0,16.46716425250264,0.9021256435606038,0.0206002948413986,0.0461153415839269
cost=25,40,,18,1,46,36.0851121646943,0.5893853128955526,0,1.3754554458601662,0.9029566846625452,0.0204161389948395,0.047572375119174
cost=25,40,,19,1,15,35.63832462312547,0.5817176492149387,0,24.52477000931759,0.9000442009773412,0.021062280933349,0.0553004635080928
cost=25,40,,20,1,17,46.223797852299946,0.4462725276013268,0,24.41595005333726,0.9011849775431178,0.0208089479911768,0.0498136571642387
cost=25,40,,21,1,36,48.59821895990919,0.3881101646733753,0,12.962194055237676,0.900592308317983,0.0209405223541485,0.0497672141793789
cost=25,40,,22,1,42,40.671975731784045,0.4936921479210927,0,7.100852452549896,0.9003441805684637,0.0209956331817919,0.0506458548488631
cost=25,40,,23,1,36,47.78988594792995,0.5302776928266764,0,10.025981956440098,0.9021741341140094,0.0205895448420875,0.0537444391407298
cost=25,40,,24,1,33,42.624974625897295,0.4853862000205442,0,13.398351396593828,0.9000381719888637,0.0210636206472572,0.0509380987556883
cost=25,40,,25,1,23,45.74167899081294,0.4528614671246866,0,20.277995520696727,0.900836905453524,0.0208862105587864,0.0475147821738983
cost=25,40,,26,1,45,41.50121450188418,0.5017542663367474,0,5.95680864111025,0.9011845128472682,0.0208090511211626,0.0509045828746055
cost=25,40,,27,1,24,44.25662370151793,0.5054660507957422,0,18.26393726611871,0.900004596993326,0.0210710815801017,0.048382229225286
cost=25,40,,28,1,36,47.40119795233164,0.4655375214960724,0,13.23286875198232,0.9018486100487731,0.0206617222178601,0.0538891680566078
cost=25,40,,29,1,29,58.834769554939015,0.4389241017051801,0,17.747953247490027,0.9020424914268532,0.0206187304034057,0.0473874063490133
cost=25,40,,30,1,23,36.82529000454534,0.4322468667941714,0,19.63382610231254,0.9002799187495556,0.0210099086363879,0.050193699290879
cost=25,40,,31,1,36,32.00206713228348,0.5228357608055871,0,8.72056424106192,0.9015790091943716,0.0207215196510442,0.0484831551252746
cost=25,40,,32,1,33,44.87244403475648,0.431953522086397,0,15.400808148530556,0.9004958894927771,0.0209619358141701,0.0532107231168115
cost=25,40,,33,1,28,55.314481805060986,0.4666430450791095,0,19.622213055539905,0.9009832487459724,0.0208537226786994,0.0531041188864762
cost=25,40,,34,1,21,41.475993511334735,0.5536190722911283,0,20.595629310890654,0.9010565182402872,0.0208374589989077,0.0458519203466845
cost=25,40,,35,1,55,35.34242769094141,0.5209890206936485,0,-3.892012276450546,0.9019594402758572,0.0206371452730564,0.0474308848347473
cost=25,40,,36,1,17,41.83287078180568,0.5900331469526681,0,19.95373040945354,0.9000696276552959,0.0210566309177662,0.0598385335133019
cost=25,40,,37,1,37,53.36318741525303,0.4335117350822668,0,10.886803402946716,0.9001002937366411,0.0210498168762729,0.0505551006642945
cost=25,40,,38,1,13,35.90371863815575,0.557175876757878,0,24.84069461741124,0.9038496886853064,0.020218441198629,0.0548083515411306
cost=25,40,,39,1,43,49.24013079175913,0.4902165697114622,0,7.215481334074441,0.9028031603089216,0.0204501466962337,0.0511148536862293
cost=25,40,,40,1,28,48.59353180399292,0.4916532012616361,0,16.987266807817914,0.9005248071480528,0.0209555133104572,0.0453485120527733
cost=25,40,,41,1,33,59.33498721841047,0.507574312425968,0,15.465879120690596,0.9009643389942902,0.0208579203039381,0.0487262374026925
cost=25,40,,42,1,53,37.37491165678524,0.4030999557964247,0,-1.1953135735431424,0.901973762284875,0.0206339695437117,0.0566579783593882
cost=25,40,,43,1,15,43.17976786896384,0.5566301334507304,0,26.43079153541423,0.904777840688702,0.0200131690638641,0.0512246175928495
cost=25,40,,44,1,25,54.62392921577708,0.4646187621134592,0,20.69041609239664,0.9010029533064372,0.0208493487139169,0.0524744284464942
cost=25,40,,45,1,45,43.88740020055886,0.5629244866828029,0,4.653863246325637,0.9000093788582886,0.021070018951694,0.0509006591905403
cost=25,40,,46,1,28,52.09107802263821,0.3996617650869161,0,17.686632479079456,0.9012386422924296,0.0207970385268895,0.0492876397673421
cost=25,40,,47,1,16,43.7481682999145,0.5998628936160286,0,22.70747703947612,0.9012202706196788,0.0208011155513631,0.0504367331175615
cost=25,40,,48,1,44,34.519483023225526,0.5237959896807447,0,5.128883467396924,0.9006475740013516,0.0209282495449734,0.0478416833916017
cost=25,40,,49,1,39,42.37392150865013,0.5124251919103482,0,9.367418656201552,0.9023847630553136,0.0205428566586004,0.045304562964891
cost=25,100,,0,1,41,101.3713412052026,0.4512244212638991,0,8.087207330127386,0.90114627035291,0.0208175384631578,0.0555107831171206
cost=25,100,,1,1,39,121.87254993030407,0.428876364597704,0,12.070337198314569,0.9021126803686216,0.0206031687836734,0.0481286453546992
cost=25,100,,2,1,43,114.52798938725812,0.5211078731318464,0,5.905047649966116,0.901504470557028,0.0207380554661016,0.0491962225931205
cost=25,100,,3,1,48,113.77402532944596,0.4828060528988016,0,3.4280428705523605,0.9015122884095204,0.0207363210723522,0.0514402219806987
cost=25,100,,4,1,28,125.06555134694126,0.4789751642656197,0,16.002025029244173,0.900972300837395,0.0208561529070322,0.0504229565364712
cost=25,100,,5,1,40,110.63781916941758,0.4884286804340438,0,10.017250251456026,0.900503494302564,0.0209602467942059,0.0465667988095498
cost=25,100,,6,1,39,127.5538892217036,0.4639602304227623,0,9.243469258256162,0.9008352752731804,0.0208865724848596,0.0487482590172137
cost=25,100,,7,1,25,116.24297749707792,0.5178084083059364,0,18.94840500615193,0.9008646716886336,0.0208800461116962,0.0517393290576296
cost=25,100,,8,1,41,123.22509565454688,0.4806666978808998,0,8.559241816638437,0.9006057287194384,0.020937542026349,0.0505534245132704
cost=25,100,,9,1,35,126.9663026579556,0.4667540153913432,0,13.521090308343387,0.901490534796353,0.020741147157567,0.0486247983899112
cost=25,100,,10,1,40,117.16084541645752,0.4771221400365908,0,10.565293266595722,0.901972114526987,0.0206343349111895,0.0490388161847755
cost=25,100,,11,1,38,126.43026185441404,0.48608671118332,0,9.41863952450566,0.9000359146297917,0.0210641222619604,0.0527725840595382
cost=25,100,,12,1,38,111.59343309483783,0.4652107669308178,0,11.68371890597615,0.902473905705343,0.020523100507796,0.0514657800706217
cost=25,100,,13,1,30,104.5300695567328,0.4924102595472424,0,15.178039808738756,0.9000045059948468,0.0210711018018837,0.0493297420642211
cost=25,100,,14,1,24,104.75439537065468,0.4747040664173187,0,20.17384692292713,0.9010112814094996,0.0208475000929899,0.0520159978301974
cost=25,100,,15,1,30,118.00060732709788,0.5272338010735627,0,15.70171924998575,0.9009418396342568,0.0208629148725348,0.048458415048484
cost=25,100,,16,1,27,121.59203539080194,0.5039184201707338,0,17.878055658714928,0.900572268143003,0.0209449728469559,0.0497982940279659
cost=25,100,,17,1,34,123.80319649502776,0.4957259733702035,0,14.06535626117751,0.900958451433578,0.0208592272546562,0.0486354451080916
cost=25,100,,18,1,41,116.10454770985385,0.4876532233349728,0,8.262071712010517,0.9019277888811372,0.0206441637594033,0.050693943839249
cost=25,100,,19,1,32,115.1811245296246,0.5150227382181551,0,14.53861073776417,0.9003835231522443,0.0209868939185029,0.0528420383843875
cost=25,100,,20,1,30,128.29020395052405,0.5122283559187051,0,14.679282799036107,0.9000814857039257,0.0210539960170532,0.0527209801219491
cost=25,100,,21,1,44,116.99204926279737,0.5442174344622284,0,5.122106126002514,0.9018057746277984,0.0206712219138876,0.0505995335973381
cost=25,100,,22,1,31,114.21445185115908,0.484095707257314,0,15.189391261069764,0.9001459794287766,0.0210396658890827,0.0507288573436818
cost=25,100,,23,1,31,120.12500425962534,0.4434119183574483,0,15.197519620696958,0.9013047110908644,0.0207823772876266,0.0481059226334398
cost=25,100,,24,1,32,104.516843442959,0.5184684113831877,0,14.442431992189483,0.9003724079753838,0.0209893629209187,0.0480218330084854
cost=25,100,,25,1,31,133.10222869455612,0.4942184231799302,0,16.434989586937945,0.9018263451476192,0.0206666598927091,0.0477097453680787
cost=25,100,,26,1,29,121.7503324460464,0.5290745674087598,0,16.72572414126555,0.9012037717399636,0.0208047770381893,0.0508767370153369
cost=25,100,,27,1,38,112.28029477499742,0.508255889378896,0,10.431119948018196,0.9001614596352586,0.0210362264306554,0.0501879954695992
cost=25,100,,28,1,31,118.02561205832734,0.4844556223844813,0,15.957659927104755,0.9010057899950314,0.0208487190413685,0.0469279827385369
cost=25,100,,29,1,47,120.1136688625819,0.5050372118720983,0,3.3087489714210703,0.9000442515049761,0.0210622697055374,0.053070132944302
cost=25,100,,30,1,31,123.21026867824266,0.5154750508475783,0,14.349638550822142,0.9010562815238786,0.0208375115408815,0.0499292911125794
cost=25,100,,31,1,41,112.00873109948324,0.4937953876702681,0,5.124978182425061,0.9014137934131696,0.0207581733262947,0.0482508539967576
cost=25,100,,32,1,40,118.79662937707978,0.4922815082485694,0,8.672745765744786,0.90060024552519,0.0209387596981371,0.0512819437055316
cost=25,100,,33,1,36,132.15059607356898,0.456826120719763,0,12.58701442239907,0.9001112471302313,0.0210473830748353,0.0492081457775776
cost=25,100,,34,1,36,136.67896644103112,0.4570902191989447,0,11.185991210858216,0.9009723358976216,0.0208561451242789,0.0478175559192498
cost=25,100,,35,1,44,131.9102835670161,0.476085413666137,0,7.228325196775734,0.9012557741623526,0.020793236713188,0.0485730176483113
cost=25,100,,36,1,47,95.27130849866884,0.5121333817441132,0,2.995914398045642,0.9011224688521752,0.0208228210273434,0.0519289020329529
cost=25,100,,37,1,45,133.82731490786526,0.502360692441,0,5.541226021773046,0.902587451238402,0.0204979389180756,0.0504027776900741
cost=25,100,,38,1,48,117.95857093594536,0.501232482400157,0,1.6700563826557593,0.9013398686233458,0.0207745759644192,0.0499642161512087
cost=25,100,,39,1,43,114.93060942276549,0.4868203807113098,0,5.7970582724631,0.9008214658063388,0.020889638433334,0.0510093059018105
cost=25,100,,40,1,44,109.89614588359468,0.4396411706667595,0,6.649776003278684,0.9001483391670109,0.021039141588537,0.0487298065445969
cost=25,100,,41,1,39,126.11503618208904,0.4732565439247105,0,9.884102439588313,0.9004883171029192,0.0209636176478764,0.052230798049627
cost=25,100,,42,1,31,95.7604462408856,0.5085836766248788,0,13.237353301376997,0.9003056838553456,0.0210041849194472,0.0470524920700886
cost=25,100,,43,1,38,125.20939012936456,0.4568099619612822,0,10.34367852399405,0.9001439344473535,0.0210401202562171,0.0537372396140668
cost=25,100,,44,1,23,108.96970311166557,0.4742072919627553,0,20.389719241054447,0.9004813747157671,0.0209651595699163,0.0493774124502028
cost=25,100,,45,1,53,120.05691642837382,0.4555542204463343,0,-0.1583477601808258,0.9026345329441244,0.0204875065820758,0.0499388909287585
cost=25,100,,46,1,36,116.57589005659138,0.4657276271731507,0,12.755985370656656,0.9010080368947408,0.0208482202883233,0.0498474548572105
cost=25,100,,47,1,35,102.06969504324952,0.480208897282157,0,12.739656379175637,0.9018354127862748,0.0206646489527719,0.0475039152607714
cost=25,100,,48,1,38,111.96240633697305,0.4732102109091376,0,10.277463625887137,0.9014294680162838,0.0207546955745788,0.0517327325485493
cost=25,100,,49,1,38,115.48821306258436,0.4658528929024614,0,8.814127025981387,0.9000119234085007,0.0210694535027831,0.0478420540499223
cost=50,10,,0,1,6,8.82756758574479,0.5596454267737199,0,22.19541889390236,0.9033766910504722,0.0203231314910988,0.0514947767647606
cost=50,10,,1,1,12,30.94713030805332,0.4512257831849786,0,27.109218177190428,0.9165397126543438,0.0174299763734315,0.0470137972151272
cost=50,10,,2,1,11,20.3896750235819,0.4651915160358555,0,25.852938931889945,0.9086904508649,0.019150156180669,0.0504916238271101
cost=50,10,,3,1,10,25.533426140807315,0.5844685987195355,0,27.759285195378727,0.910790083436579,0.0186885665205232,0.0510718484014883
cost=50,10,,4,1,6,6.10592873790635,0.5403463761636982,0,22.79576419374654,0.9023161633519404,0.0205580613282279,0.0566109539915455
cost=50,10,,5,1,6,18.574314384332187,0.5237366379224531,0,26.07351578543052,0.9177330177406356,0.017169752201777,0.0485148065919579
cost=50,10,,6,1,12,15.632757909527722,0.6685374604084247,0,27.84253527939408,0.9132961496018676,0.018139016242327,0.0448421321330638
cost=50,10,,7,1,5,17.11617571350755,0.628925675007914,0,25.48607211175056,0.9006983645328667,0.0209169711935047,0.0530681230954682
cost=50,10,,8,1,7,10.207823121735194,0.5216923380512801,0,26.22100036483491,0.913912828794308,0.0180040170773391,0.0490223592210482
cost=50,10,,9,1,14,34.33996406256161,0.5228975110952228,0,23.078279448337213,0.9021604761710882,0.0205925726492013,0.0560255433218859
cost=50,10,,10,1,13,21.841270005385457,0.4594272553639553,0,24.140806671253024,0.9148111052884544,0.0178075354652924,0.0544255754342466
cost=50,10,,11,1,10,20.71465659523599,0.3820137575547815,0,27.08278541559473,0.901572342147662,0.0207229986276602,0.0567061312951648
cost=50,10,,12,1,14,11.80280292447525,0.5074614066296812,0,25.180824048589635,0.9150354657133764,0.0177584908230581,0.0560185150881695
cost=50,10,,13,1,6,19.758368956340096,0.611345625946315,0,26.63188939501696,0.9047487817368348,0.0200195926116604,0.0392729848949411
cost=50,10,,14,1,8,8.91500137850204,0.5325325315459237,0,24.112069753952238,0.9146494017767433,0.0178428909182268,0.0562338636607838
cost=50,10,,15,1,13,26.197910581754662,0.6350326684618885,0,24.768913002865773,0.9041699565021166,0.0201475862560929,0.052786743947462
cost=50,10,,16,1,5,23.44791312817816,0.6585905209067922,0,30.7695250911685,0.9127540493932348,0.0182577643960977,0.0499841898562143
cost=50,10,,17,1,4,15.140777636712,0.4842703937962063,0,27.373749713835764,0.9020328171186672,0.0206208753932828,0.0503714312462606
cost=50,10,,18,1,17,16.664615712644835,0.3289913656171745,0,22.951344059673524,0.9108456931770306,0.0186763555744751,0.0544380800876651
cost=50,10,,19,1,12,6.9001319350637225,0.5960094165295866,0,22.45409598389018,0.9085460785933815,0.0191819346023508,0.0592918088239665
cost=50,10,,20,1,10,14.143723626218996,0.5199425966008355,0,25.39864584270453,0.910638482781007,0.0187218592136837,0.0386274644160248
cost=50,10,,21,1,12,17.06382494917874,0.5642235617724634,0,24.56095133360536,0.9002644751923048,0.021013339500365,0.051597857480327
cost=50,10,,22,1,14,17.118157819269967,0.4979152362181702,0,24.138685000115856,0.9064473779253064,0.0196444600392115,0.0428092121040076
cost=50,10,,23,1,16,10.365272029837614,0.5758321359376821,0,18.617914108912892,0.9008003250547044,0.0208943321491278,0.0535619554530181
cost=50,10,,24,1,14,22.560372367517843,0.553717307672446,0,25.87276366098961,0.9083928080931688,0.0192156771793191,0.0511093425687637
cost=50,10,,25,1,12,18.03789926489869,0.6537493983724547,0,21.99724563649876,0.9006562989295236,0.0209263120754985,0.0494613902561141
cost=50,10,,26,1,11,17.063894927697973,0.714498670305391,0,21.650024116139583,0.9084991742873926,0.0191922600041921,0.0499093634543332
cost=50,10,,27,1,8,4.511165235173091,0.5242050915132614,0,20.58814087898915,0.9059491573398154,0.0197544184480578,0.0436248614067565
cost=50,10,,28,1,10,14.283388377187094,0.5235996346217173,0,22.272706362658703,0.9010805376248382,0.0208321276875129,0.0520780523046322
cost=50,10,,29,1,6,14.530394051409036,0.3923334291536726,0,29.809778594024017,0.9040770334149568,0.020168141653173,0.0515032643529634
cost=50,10,,30,1,16,10.941496612700911,0.5039704791908957,0,23.28922006957441,0.9082295272477467,0.0192516298025331,0.0562177323582075
cost=50,10,,31,1,9,11.092444436920252,0.5074946660822588,0,25.10816763962237,0.9068418854958266,0.0195574341940355,0.0548369625271045
cost=50,10,,32,1,10,19.020643877128045,0.6186515506920154,0,27.86865745448417,0.9015568998787364,0.0207264242875777,0.0516296439339815
cost=50,10,,33,0,120,23.61093009190837,0.654106362465108,0,-77.68617908890336,0.8991162965715461,0.0212685781457056,0.0486038138492007
cost=50,10,,34,1,8,31.077962279770396,0.3924749507378029,0,29.78840926086834,0.9092299502075444,0.019031449254191,0.0497304425153778
cost=50,10,,35,1,9,23.38746985591649,0.5294011615114387,0,29.888699997439492,0.9026689927286806,0.0204798713486493,0.0521923213503033
cost=50,10,,36,0,120,31.710376941733465,0.4887400008424403,0,-64.70347785290882,0.8959786197138356,0.0219677456436859,0.0509985130901361
cost=50,10,,37,1,11,11.346056390134883,0.5805058215558125,0,25.02914426439575,0.9095964889672667,0.0189508393055362,0.0521648458032233
cost=50,10,,38,1,8,12.768591663137222,0.5971653189763133,0,25.30438495468311,0.9071912704634484,0.0194803937119926,0.0655308766506919
cost=50,10,,39,1,10,13.93013069473698,0.6703652675357006,0,22.456047230702925,0.9099889742647872,0.0188645591474369,0.0532978277089925
cost=50,10,,40,1,13,18.839970520405817,0.6118222330543919,0,25.284359541120477,0.9026069264629678,0.0204936235435526,0.0401344610520973
cost=50,10,,41,1,15,17.688521158426607,0.4524386434434801,0,22.338890724410188,0.9046901780750736,0.0200325477127903,0.0507099699369837
cost=50,10,,42,1,11,12.338396968084142,0.4816140565364064,0,25.345381760482013,0.90661548756951,0.0196073714974108,0.0550464056586284
cost=50,10,,43,1,8,14.034619696142018,0.5370444306634339,0,29.07747925661192,0.9082585514251932,0.0192452385296611,0.0417250874110353
cost=50,10,,44,1,7,9.953822273715332,0.6308836034988279,0,23.79271340798248,0.9139374711197176,0.0179986244419767,0.0592249995118537
cost=50,10,,45,1,11,10.961884903181492,0.5312495727147237,0,26.654215854599524,0.9141152531877595,0.0179597235796025,0.0568588874032446
cost=50,10,,46,1,8,12.757813611204456,0.4997246903513099,0,28.06533682691901,0.9016302174992692,0.0207101602803947,0.0493535247130025
cost=50,10,,47,1,12,37.23064598154582,0.5098444483566382,0,26.288530837219916,0.9017975317659112,0.0206730500014406,0.0469795009592129
cost=50,10,,48,1,11,13.94335290885532,0.605759711569777,0,23.38304548936935,0.9097830791656376,0.0189098164860447,0.0464651644638238
cost=50,10,,49,1,15,14.312169807262965,0.5699907344090949,0,25.088093960345084,0.901746034531514,0.0206844713467019,0.0494517013955413
cost=50,40,,0,1,24,85.26324842524951,0.5539247738737603,0,13.87717023204819,0.9022959078687818,0.0205625510428835,0.0438899897593966
cost=50,40,,1,1,17,59.65593215433263,0.5302323707038241,0,19.48909854954812,0.902470622748841,0.0205238280551417,0.0525125827477572
cost=50,40,,2,1,12,70.31827040293015,0.5717833813579685,0,24.876640115138,0.910343834803857,0.0187865820782334,0.049169714398787
cost=50,40,,3,1,12,61.24338470642886,0.5483694800246928,0,22.26995947828121,0.9042577479979268,0.0201281679524116,0.0497172632615435
cost=50,40,,4,1,16,78.57294879486355,0.534752013404445,0,20.16664907952587,0.9010077803282198,0.0208482772393263,0.0569827045161239
cost=50,40,,5,1,12,84.05069170077479,0.5135882744492786,0,24.94630621515494,0.906627901238902,0.0196046330521543,0.0519388369473987
cost=50,40,,6,1,12,72.94380510591262,0.3760593428002301,0,25.50087198542463,0.9052345019036976,0.0199122501443763,0.0548029352289014
cost=50,40,,7,1,16,72.13280987505819,0.5899591586409871,0,21.22937077878667,0.9064145808071954,0.019651696578752,0.0484081865718136
cost=50,40,,8,1,8,63.16317180081819,0.5445783583598103,0,26.902409512098565,0.9044201700535645,0.0200922473378117,0.0535630211578709
cost=50,40,,9,1,19,57.136305026674734,0.5908743787008335,0,16.270621037404357,0.9020053505154882,0.0206269654203507,0.0528209413286863
cost=50,40,,10,1,18,63.17397127401174,0.4872923314162836,0,18.40654708367034,0.9021720058836762,0.0205900166429878,0.0495492963492976
cost=50,40,,11,1,22,54.52081158443778,0.5930455035490327,0,14.715030457870755,0.9004163921614261,0.0209795929387758,0.0494485141838666
cost=50,40,,12,1,18,72.84438524593044,0.5611051552622599,0,18.08024221063684,0.9012100213024472,0.0208033901063964,0.047842009363625
cost=50,40,,13,1,15,76.1993796264982,0.5489257635071167,0,21.807267345745466,0.9035359623472614,0.0202878732738514,0.0539533937567157
cost=50,40,,14,1,17,88.85927899195178,0.5655516303133319,0,20.823716071342243,0.9011556010577856,0.020815467621414,0.0478754017066275
cost=50,40,,15,1,7,77.42682385540566,0.6442656146157233,0,26.291886896895065,0.9022441999169274,0.020574012789097,0.0500812374273742
cost=50,40,,16,1,25,61.25892640320842,0.488256216704712,0,14.120716447398149,0.9022567025180565,0.0205712413632446,0.0511301938390059
cost=50,40,,17,1,15,69.34925895770303,0.5536608365893383,0,19.511754677654352,0.9007770466766613,0.0208995005928282,0.0461153415839269
cost=50,40,,18,1,21,56.46048404773544,0.5735348938057339,0,16.327571269313598,0.9050590365735098,0.0199510207253915,0.047572375119174
cost=50,40,,19,1,14,62.25248934704686,0.5901451428751452,0,22.678006880563547,0.9070008839185468,0.0195223708631209,0.0553004635080928
cost=50,40,,20,1,13,74.6434175600211,0.4887983946735603,0,23.984791671670717,0.904194266647722,0.02014220898855,0.0498136571642387
cost=50,40,,21,1,18,72.8239553360125,0.4354698173872453,0,20.26134254674701,0.9002844578047853,0.0210089002736125,0.0497672141793789
cost=50,40,,22,1,17,61.26755468753476,0.5405010888011856,0,18.544972188312844,0.9050276726038105,0.0199579516573836,0.0506458548488631
cost=50,40,,23,1,22,79.52471284178523,0.57782374696982,0,15.601806997730527,0.900104580650865,0.0210488643370848,0.0537444391407298
cost=50,40,,24,1,20,71.3990219659312,0.5192014569789105,0,17.389450881602368,0.900916266428331,0.0208685919468485,0.0509380987556883
cost=50,40,,25,1,12,73.54944835916979,0.4924937830000941,0,24.711489539399807,0.9065848645248868,0.0196141270762062,0.0475147821738983
cost=50,40,,26,1,22,62.98621776373705,0.5441974850049691,0,15.048768163802016,0.9022380490727876,0.0205753762481487,0.0509045828746055
cost=50,40,,27,1,12,65.35003870052412,0.5768918493259028,0,23.170741526580837,0.9072867629476468,0.0194593424823765,0.048382229225286
cost=50,40,,28,1,18,68.56155701551066,0.5401288792210188,0,18.832115761811835,0.9049288768004152,0.0199797855082627,0.0538891680566078
cost=50,40,,29,1,12,88.0619584956224,0.501580333246346,0,24.460320454972894,0.905512828472324,0.019850766895742,0.0473874063490133
cost=50,40,,30,1,14,59.33639016221393,0.5025122121319847,0,21.63595317720271,0.9011448374437654,0.020817856482625,0.050193699290879
cost=50,40,,31,1,21,50.78191530034829,0.5982048789954764,0,14.626488924017124,0.9020026382677752,0.0206275668029898,0.0484831551252746
cost=50,40,,32,1,21,73.01930361900651,0.4578811737364081,0,17.089578602314624,0.9008434267058788,0.0208847627431582,0.0532107231168115
cost=50,40,,33,1,12,85.78720926275663,0.5283179965440388,0,25.60460576669324,0.9008620828178918,0.0208806208649401,0.0531041188864762
cost=50,40,,34,1,13,71.06231871488072,0.5986817819124981,0,23.21297138405432,0.9029873562273578,0.0204093455252477,0.0458519203466845
cost=50,40,,35,1,25,52.63007269499924,0.5962181970870264,0,11.787397785040485,0.9002211835584631,0.0210229572684688,0.0474308848347473
cost=50,40,,36,1,13,69.02302532350535,0.6478527348108167,0,19.577329482856925,0.9045042599245164,0.020073652891384,0.0598385335133019
cost=50,40,,37,1,13,79.5635568072489,0.5065470325529764,0,23.16588206022596,0.9017011421031736,0.0206944283732078,0.0505551006642945
cost=50,40,,38,1,11,63.2652563482856,0.5798059918984022,0,24.05256095557728,0.9106145420969164,0.0187271172824451,0.0548083515411306
cost=50,40,,39,1,19,74.70681801970989,0.5208938453363301,0,17.73356243926219,0.9052323790871128,0.0199127191541344,0.0511148536862293
cost=50,40,,40,1,12,69.90661717756178,0.5259980807511091,0,24.03217050735829,0.9003962714780256,0.02098406218398,0.0453485120527733
cost=50,40,,41,1,16,92.07333487148853,0.5607612470395245,0,22.39162272367548,0.9023623257266216,0.0205478296166027,0.0487262374026925
cost=50,40,,42,1,22,49.76753187582164,0.5307102379371629,0,14.178999026691985,0.9006571789518556,0.0209261166575787,0.0566579783593882
cost=50,40,,43,1,15,77.21316302336103,0.5631345752288444,0,22.91412453568739,0.9010923630557772,0.0208295029824283,0.0512246175928495
cost=50,40,,44,1,16,87.07949271355089,0.5155401098260366,0,22.32407383513941,0.9049181874956508,0.0199821479851758,0.0524744284464942
cost=50,40,,45,1,21,67.83809955525007,0.6176760960980652,0,15.660806634374572,0.902230286823126,0.0205770969211041,0.0509006591905403
cost=50,40,,46,1,15,77.20980101508988,0.4665426489143718,0,20.800728518436056,0.9069829616454146,0.0195263228879808,0.0492876397673421
cost=50,40,,47,1,9,77.21827041198468,0.6475891137329517,0,25.43502900428257,0.9067781039588289,0.0195715014269497,0.0504367331175615
cost=50,40,,48,1,21,48.03456878914157,0.5907805224693501,0,15.706621357593969,0.9015456739506844,0.0207289146457448,0.0478416833916017
cost=50,40,,49,1,17,64.61745950309196,0.5746285216107101,0,19.86781601994558,0.9033155497094556,0.0203366681277569,0.045304562964891
cost=50,100,,0,1,16,157.2350215853235,0.5100660636300243,0,19.984015674439974,0.903416349429128,0.020314351652396,0.0555107831171206
cost=50,100,,1,1,18,188.14437545157253,0.4764254226371884,0,19.713834540134656,0.905367039563717,0.0198829697848448,0.0481286453546992
cost=50,100,,2,1,18,174.92936087675938,0.5774213741197307,0,18.614539993997862,0.9050508611039624,0.0199528273493005,0.0491962225931205
cost=50,100,,3,1,23,169.9632820320561,0.5455801707741141,0,14.74879258439838,0.90096474473438,0.0208578302360007,0.0514402219806987
cost=50,100,,4,1,16,191.4945923752427,0.5242119414599309,0,19.84207029039597,0.90197432879323,0.0206338439284885,0.0504229565364712
cost=50,100,,5,1,20,174.8786433757267,0.5497899577945717,0,17.530090424161443,0.9026961951990342,0.0204738443197607,0.0465667988095498
cost=50,100,,6,1,14,195.65593043015627,0.5316645063891299,0,21.516670533901664,0.9003421800940424,0.020996077562216,0.0487482590172137
cost=50,100,,7,1,17,195.4773002488864,0.5554865242295368,0,19.736938814690184,0.9023887277804084,0.0205419779388908,0.0517393290576296
cost=50,100,,8,1,20,198.49924241179045,0.5307077141688268,0,16.99386530658275,0.9004695568941692,0.0209677843658262,0.0505534245132704
cost=50,100,,9,1,18,194.00583306433475,0.5199347877632612,0,19.35555045134381,0.904557476801294,0.0200618861560177,0.0486247983899112
cost=50,100,,10,1,20,190.13385309886183,0.508598531806771,0,18.200101518485987,0.9043537371591024,0.0201069385923077,0.0490388161847755
cost=50,100,,11,1,21,195.8752828670877,0.5667257771605858,0,15.945291455510514,0.9014437590423136,0.0207515248522417,0.0527725840595382
cost=50,100,,12,1,20,171.35057280450613,0.5122742180669311,0,17.98885865556311,0.9054343936275536,0.0198680914966718,0.0514657800706217
cost=50,100,,13,1,19,166.65132038703695,0.548512991721195,0,16.85329261766428,0.9019442549515886,0.0206405124870177,0.0493297420642211
cost=50,100,,14,1,15,170.31753843094518,0.5231235625969441,0,21.23255945149196,0.9011241889057126,0.0208224392697121,0.0520159978301974
cost=50,100,,15,1,16,187.3464021386033,0.5847349951320762,0,20.272578056609543,0.9035120965661478,0.0202931560954116,0.048458415048484
cost=50,100,,16,1,17,200.24785438175044,0.5439961135321401,0,19.73335289909759,0.9020839412076485,0.020609540408724,0.0497982940279659
cost=50,100,,17,1,18,196.14979600963176,0.5495809615991476,0,19.41565014863856,0.9026235278212184,0.0204899450418496,0.0486354451080916
cost=50,100,,18,1,20,175.2111726478392,0.5497322550326427,0,16.1216321507792,0.9001042899049245,0.0210489289397973,0.050693943839249
cost=50,100,,19,1,19,186.2262115209654,0.5692435033182246,0,18.11202233114549,0.9001098940347787,0.0210476837257768,0.0528420383843875
cost=50,100,,20,1,16,213.855154335441,0.5506703660719827,0,20.792522914389387,0.9048032264011228,0.0200075576628864,0.0527209801219491
cost=50,100,,21,1,21,175.06872597453872,0.579101379670445,0,15.755655813796768,0.902743448545127,0.0204633752140739,0.0505995335973381
cost=50,100,,22,1,19,164.78364713096877,0.5631015626617457,0,17.49433632989018,0.904516023536628,0.0200710517901759,0.0507288573436818
cost=50,100,,23,1,14,176.7593777559147,0.5265521581524273,0,21.663807860785543,0.903809799968774,0.0202272677982822,0.0481059226334398
cost=50,100,,24,1,15,164.3635928223234,0.5632848385710649,0,21.45170558063667,0.9049415350480522,0.0199769879051737,0.0480218330084854
cost=50,100,,25,1,20,206.82085474778836,0.5771751178911706,0,17.936254026674096,0.9031947865698928,0.0203634076680335,0.0477097453680787
cost=50,100,,26,1,15,195.0320725828803,0.5664681577581738,0,21.35231497905829,0.9023235083339473,0.0205564333063858,0.0508767370153369
cost=50,100,,27,1,18,166.5633242736935,0.5666391119050238,0,18.563640926204634,0.9030211955172904,0.0204018507013934,0.0501879954695992
cost=50,100,,28,1,22,179.63539445049312,0.5510048469989302,0,15.74523896817771,0.9008463808585302,0.0208841068805033,0.0469279827385369
cost=50,100,,29,1,24,184.06144737134585,0.5431048319533351,0,14.060910306817092,0.9008276151095096,0.0208882731723104,0.053070132944302
cost=50,100,,30,1,17,181.988910346492,0.5857322664478493,0,17.9913462093344,0.9009550398637898,0.0208599845762046,0.0499292911125794
cost=50,100,,31,1,24,164.3397255317398,0.5333430391970801,0,12.543188980511326,0.902028594308962,0.0206218116828522,0.0482508539967576
cost=50,100,,32,1,18,183.54035685352733,0.5518912229516211,0,18.185306710343788,0.9016355045235814,0.0207089875138417,0.0512819437055316
cost=50,100,,33,1,18,203.06850409143223,0.5196200015238792,0,19.378703451676746,0.9003855722962456,0.0209864387476525,0.0492081457775776
cost=50,100,,34,1,14,198.7235722298344,0.5363164793442847,0,21.120563432177494,0.9016025829496748,0.0207162902819319,0.0478175559192498
cost=50,100,,35,1,21,206.2631068475122,0.5088306066671715,0,17.19106678127678,0.9040278509536508,0.0201790220974975,0.0485730176483113
cost=50,100,,36,1,20,148.20791424235324,0.5601161198715867,0,15.971472585678647,0.901554466380031,0.0207269641319269,0.0519289020329529
cost=50,100,,37,1,23,208.42902900712707,0.5569569770213021,0,14.522096454295593,0.9013955934820658,0.0207622114528402,0.0504027776900741
cost=50,100,,38,1,20,181.6671797478116,0.5571791053759738,0,16.61100638932046,0.901707611136354,0.0206929935275204,0.0499642161512087
cost=50,100,,39,1,21,176.24908998989577,0.5209783302005406,0,16.783861363211187,0.9026924040946376,0.020474684272865,0.0510093059018105
cost=50,100,,40,1,22,172.5587359927478,0.4905462071099522,0,15.860801559872648,0.9039504700829056,0.0201961419644543,0.0487298065445969
cost=50,100,,41,1,18,195.3036352697992,0.5356591563084276,0,18.92544328058848,0.902466951607753,0.0205246416325507,0.052230798049627
cost=50,100,,42,1,18,149.5108987125064,0.567483915643576,0,17.385275749857357,0.9038106638037716,0.0202270766442175,0.0470524920700886
cost=50,100,,43,1,14,173.130360605584,0.54892308156677,0,21.120288981429056,0.9001210863705223,0.0210451968591768,0.0537372396140668
cost=50,100,,44,1,16,177.87884391702667,0.5192103701037218,0,20.7585831398626,0.9008440036490412,0.0208846346536455,0.0493774124502028
cost=50,100,,45,1,24,184.8761646757344,0.501073795133447,0,15.43968215057452,0.902457516880372,0.0205267325183569,0.0499388909287585
cost=50,100,,46,1,21,183.75715769746444,0.5173724921107385,0,16.835173110627434,0.9022705161996586,0.0205681793575382,0.0498474548572105
cost=50,100,,47,1,20,152.77924387264943,0.5510106604062766,0,17.170988388903762,0.9035861979926064,0.0202767537941703,0.0475039152607714
cost=50,100,,48,1,18,171.2571314411943,0.5485152455791746,0,18.79070181610168,0.9017522672273696,0.0206830889897904,0.0517327325485493
cost=50,100,,49,1,17,160.04128453726472,0.523590960694597,0,18.548157097736617,0.9029893144718498,0.0204089117999347,0.0478420540499223
cost=100,10,,0,1,8,13.423381354075522,0.5715198828323567,0,20.244370452227187,0.905883683264872,0.0197688732197132,0.0514947767647606
cost=100,10,,1,1,13,44.7478021113546,0.3947227752810431,0,25.18313417423667,0.9026560138585988,0.0204827470347523,0.0470137972151272
cost=100,10,,2,1,11,33.99772652507319,0.4616747627189863,0,24.55148010760831,0.9042769709691711,0.0201239163400884,0.0504916238271101
cost=100,10,,3,1,11,44.125204676912986,0.6085351897564981,0,24.521239966064883,0.9055530040245322,0.0198418935458076,0.0510718484014883
cost=100,10,,4,1,8,10.042772528961017,0.5745141288599025,0,20.85438802628564,0.9006926734400786,0.0209182349041968,0.0566109539915455
cost=100,10,,5,1,7,27.08573727905696,0.5161870295410647,0,23.952516066636285,0.9017472844294644,0.0206841941296061,0.0485148065919579
cost=100,10,,6,1,13,30.465512067948083,0.6374966115994674,0,25.166481473950736,0.9072666103989334,0.0194637849085978,0.0448421321330638
cost=100,10,,7,1,7,26.641151679935167,0.7208799539010011,0,23.03254247951071,0.9073514805136216,0.0194450768145531,0.0530681230954682
cost=100,10,,8,1,8,16.519400380843987,0.536114574236912,0,23.544228264160523,0.905345586410402,0.0198877089473178,0.0490223592210482
cost=100,10,,9,1,16,53.4543374734449,0.5279827830026906,0,20.299790840423512,0.9001566705439539,0.0210372904851077,0.0560255433218859
cost=100,10,,10,1,12,39.089203200150806,0.4672444305607888,0,23.0072500384887,0.9002229608517103,0.0210225624118435,0.0544255754342466
cost=100,10,,11,1,12,38.15885243324463,0.40541957262556,0,23.361192525618428,0.9032805264837608,0.0203444226504552,0.0567061312951648
cost=100,10,,12,1,15,23.46802608591491,0.5900475835309591,0,22.15872336528197,0.9102902515287656,0.0187983545207048,0.0560185150881695
cost=100,10,,13,1,7,30.8049401133675,0.6725199744006412,0,24.752488184329557,0.9125848990982048,0.0182948315491662,0.0392729848949411
cost=100,10,,14,1,9,14.23496189193056,0.5795721500925166,0,22.03853975267881,0.9066673737979364,0.0195959256872626,0.0562338636607838
cost=100,10,,15,1,13,45.74409460623978,0.6252498354476081,0,23.45282900514449,0.9050256711228548,0.0199583939605814,0.052786743947462
cost=100,10,,16,1,7,34.51625216434976,0.6245151772720108,0,27.80466000552757,0.9083438981832326,0.019226445918626,0.0499841898562143
cost=100,10,,17,1,6,26.69066584184603,0.4857292632172683,0,24.709890636957645,0.9063026779620872,0.0196763894192287,0.0503714312462606
cost=100,10,,18,1,16,28.182864544478043,0.3582848006044581,0,21.859465806300456,0.9082633229805442,0.0192441878282259,0.0544380800876651
cost=100,10,,19,1,12,10.625525330996595,0.6261955992653185,0,21.7186010488224,0.9019815977281216,0.0206322321518847,0.0592918088239665
cost=100,10,,20,1,11,21.583530259147263,0.5853171927971821,0,24.04119369447804,0.9130263684157504,0.0181981035470977,0.0386274644160248
cost=100,10,,21,1,15,31.298964940684943,0.5886778592241475,0,21.187803537280804,0.902087567680526,0.0206087363891815,0.051597857480327
cost=100,10,,22,1,16,25.82101649610883,0.4676283553608067,0,21.245714778407525,0.9039925939914132,0.0201868222221787,0.0428092121040076
cost=100,10,,23,1,20,15.423341662880746,0.5641650352078234,0,14.954844011469426,0.901098484543357,0.0208281443055517,0.0535619554530181
cost=100,10,,24,1,13,41.40549844311752,0.5772342354164437,0,24.61771768052688,0.9043652639968142,0.0201043894207218,0.0511093425687637
cost=100,10,,25,1,13,29.06282621822117,0.6346502714646352,0,21.11704437873126,0.9028467218224976,0.0204404966496736,0.0494613902561141
cost=100,10,,26,1,12,27.247273812877346,0.6813992147809294,0,20.742639375944904,0.9061486023468274,0.0197103932277293,0.0499093634543332
cost=100,10,,27,1,9,6.852939575529724,0.544383064414673,0,19.29989315518972,0.9047296073564582,0.0200238312652951,0.0436248614067565
cost=100,10,,28,1,11,22.28293892713292,0.5096816556713379,0,21.1288509780488,0.9018747077836298,0.0206559346927779,0.0520780523046322
cost=100,10,,29,1,8,25.07050903651877,0.3756165103774616,0,26.989774606595816,0.9091137450724835,0.0190570121080168,0.0515032643529634
cost=100,10,,30,1,18,20.94256664188067,0.5374536686116216,0,20.407201026687268,0.906176071315656,0.019704330524014,0.0562177323582075
cost=100,10,,31,1,10,19.17205439460555,0.5269752106837051,0,23.865126242857222,0.9068674116493888,0.0195518045920691,0.0548369625271045
cost=100,10,,32,1,12,32.50342255331254,0.6042591188295705,0,25.351723728702687,0.90896982343621,0.0190886765791263,0.0516296439339815
cost=100,10,,33,0,120,36.783589594360535,0.6428499452759582,0,-84.3681254567183,0.8987933337576289,0.0213404311047071,0.0486038138492007
cost=100,10,,34,1,10,53.96927422303044,0.3896628592549911,0,25.39973365002449,0.9027811401941576,0.020455024920919,0.0497304425153778
cost=100,10,,35,1,10,39.72407933917204,0.4627394324792,0,27.53304266421294,0.9051183113997838,0.0199379225996501,0.0521923213503033
cost=100,10,,36,0,120,57.29918759088598,0.4703255819938905,0,-71.45350810485074,0.8962461895290306,0.0219080277297717,0.0509985130901361
cost=100,10,,37,1,12,19.21529567071256,0.5606254696177735,0,23.69854614974425,0.9114786861959668,0.0185374136711435,0.0521648458032233
cost=100,10,,38,1,9,22.082002748320665,0.5550577684396634,0,23.932303653897065,0.9112656917638466,0.0185841551529804,0.0655308766506919
cost=100,10,,39,1,11,24.04629259871917,0.6907164668257446,0,20.831810171289845,0.9115348128644528,0.0185250985306285,0.0532978277089925
cost=100,10,,40,1,14,31.99918187924289,0.6324359306254432,0,23.835207918843487,0.906930043937168,0.0195379921815133,0.0401344610520973
cost=100,10,,41,1,14,26.114400548091098,0.4756836932661863,0,22.724475470274605,0.9036264447826686,0.0202678457577575,0.0507099699369837
cost=100,10,,42,1,12,21.215451893954597,0.4722084161775299,0,24.127573756919745,0.901539520058767,0.0207302798373481,0.0550464056586284
cost=100,10,,43,1,9,25.9661739389155,0.5382240598714598,0,26.75934185886653,0.9000043907004702,0.0210711274227296,0.0417250874110353
cost=100,10,,44,1,8,15.358863804977476,0.682799224535036,0,22.00410543490583,0.9090499130802864,0.0190710552865695,0.0592249995118537
cost=100,10,,45,1,12,21.167088754726272,0.4867529842710469,0,24.652401452260257,0.9140054962917056,0.0179837388195624,0.0568588874032446
cost=100,10,,46,1,11,22.33900955510872,0.5387651502635926,0,24.218720686194278,0.9040704593939968,0.0201695959639493,0.0493535247130025
cost=100,10,,47,1,15,62.21252301421983,0.6073790314761494,0,20.44259299867467,0.9001876302281452,0.0210304118710157,0.0469795009592129
cost=100,10,,48,1,12,21.502559467264675,0.599859020280159,0,21.63338230823149,0.9021764182439724,0.0205890384815114,0.0464651644638238
cost=100,10,,49,1,16,24.159425606337862,0.4500007758939659,0,24.33668405242977,0.9003005913033402,0.0210053162166277,0.0494517013955413
cost=100,40,,0,1,30,134.6823270800256,0.5544356331490656,0,5.448610165199302,0.9018603670451107,0.020659114924447,0.0438899897593966
cost=100,40,,1,1,22,96.96703777100518,0.5412002332324206,0,12.77422013823852,0.9009933126785312,0.0208514887023482,0.0525125827477572
cost=100,40,,2,1,12,117.45633639544675,0.537295190460702,0,23.441274364314264,0.9015793708090368,0.0207214394329847,0.049169714398787
cost=100,40,,3,1,12,101.06779350649244,0.531979230201638,0,21.93212316177408,0.9064679791717366,0.0196399145988851,0.0497172632615435
cost=100,40,,4,1,18,121.28099321908434,0.5368072426188413,0,16.779349885043228,0.9000176248780773,0.0210681865303421,0.0569827045161239
cost=100,40,,5,1,12,150.2835017146024,0.5069834201392045,0,23.444671039834702,0.9067243076949676,0.0195833671434839,0.0519388369473987
cost=100,40,,6,1,13,121.81750532654348,0.3728819594850978,0,23.732634973018627,0.9094159819429204,0.0189905327167306,0.0548029352289014
cost=100,40,,7,1,14,130.50156951568573,0.6189966607115587,0,21.65748074427408,0.9025217792419706,0.0205124913884417,0.0484081865718136
cost=100,40,,8,1,9,108.68785164377176,0.5468446463417191,0,25.033298169001057,0.9061045454599916,0.019720117451279,0.0535630211578709
cost=100,40,,9,1,19,95.9458471403523,0.5732396797899466,0,15.821119090090052,0.9007744595039172,0.0209000750249741,0.0528209413286863
cost=100,40,,10,1,18,112.07570602437973,0.5789209423111334,0,16.30876773691425,0.9090426782540688,0.0190726470264516,0.0495492963492976
cost=100,40,,11,1,20,88.54626403282393,0.5862222316989991,0,14.225793662460951,0.900693173445752,0.0209181238773062,0.0494485141838666
cost=100,40,,12,1,23,121.68103014010588,0.5498699063836943,0,11.330146560546195,0.9005042864060507,0.0209600708697052,0.047842009363625
cost=100,40,,13,1,18,127.24755482085722,0.5340031104612788,0,17.52049274485714,0.900532737185782,0.0209537521145966,0.0539533937567157
cost=100,40,,14,1,16,152.6961184759316,0.5486099826125763,0,20.643247823014317,0.9007536108997184,0.0209047041183626,0.0478754017066275
cost=100,40,,15,1,8,126.7815991567672,0.6284837190807175,0,24.267279466933616,0.900952774447421,0.0208604874690498,0.0500812374273742
cost=100,40,,16,1,24,109.32655807311568,0.5223673161840929,0,12.700256752537577,0.9019757337101352,0.0206335324083562,0.0511301938390059
cost=100,40,,17,1,16,120.1940221654081,0.5858382390856836,0,16.85486830308718,0.9000967973917939,0.0210505937567299,0.0461153415839269
cost=100,40,,18,1,18,95.86396539805224,0.6124819792885703,0,17.685329908679705,0.9002783587452937,0.0210102551965145,0.047572375119174
cost=100,40,,19,1,16,97.83889587747473,0.583356248141413,0,19.546751786884123,0.9015730319841198,0.0207228455980781,0.0553004635080928
cost=100,40,,20,1,14,124.74189255186256,0.4486749586442853,0,21.952877615449346,0.9024267457769406,0.0205335520367207,0.0498136571642387
cost=100,40,,21,1,22,116.04361627861252,0.4290747916961186,0,14.620317200973938,0.9024549525481655,0.0205273008189809,0.0497672141793789
cost=100,40,,22,1,16,104.219998206702,0.5949911536459784,0,17.850735401299666,0.9005022708607655,0.020960518518333,0.0506458548488631
cost=100,40,,23,1,27,124.06240678977406,0.5537575348770081,0,8.787736410138484,0.9007477635651936,0.0209060024431061,0.0537444391407298
cost=100,40,,24,1,23,116.7204380438256,0.5256267706758753,0,12.535829294395224,0.9060815282893152,0.0197251979826904,0.0509380987556883
cost=100,40,,25,1,13,116.17748027102112,0.5068385024351605,0,22.70004648678181,0.901875085242716,0.0206558509873576,0.0475147821738983
cost=100,40,,26,1,23,106.9445538997238,0.5338161833420791,0,13.48826717343041,0.9029121872027388,0.0204259951832945,0.0509045828746055
cost=100,40,,27,1,12,116.22538316806948,0.5845702075464392,0,21.786276189685346,0.9010777826409628,0.02083273917294,0.048382229225286
cost=100,40,,28,1,16,118.26226586242085,0.5246764392994125,0,19.699659556133422,0.9044131846434538,0.0200937920705185,0.0538891680566078
cost=100,40,,29,1,13,150.30134399991636,0.5202625587646201,0,21.473015270906124,0.9016268091614148,0.0207109163207825,0.0473874063490133
cost=100,40,,30,1,17,99.48816469120774,0.5114796488554281,0,17.80544887678923,0.9057199972310348,0.0198050149070028,0.050193699290879
cost=100,40,,31,1,23,80.3363448118331,0.5580755473879189,0,12.645707798061428,0.9027949372417582,0.0204519683789602,0.0484831551252746
cost=100,40,,32,1,25,118.49010721971165,0.4953922291752719,0,12.64658818460786,0.9007223745250914,0.0209116398477051,0.0532107231168115
cost=100,40,,33,1,12,146.230249261331,0.5311679572928887,0,24.6104202050616,0.902704447710571,0.0204720159141778,0.0531041188864762
cost=100,40,,34,1,14,118.36069966899358,0.6074423373393807,0,21.484939032320145,0.900141132456291,0.0210407428223015,0.0458519203466845
cost=100,40,,35,1,23,85.69975210629998,0.5916091179126048,0,11.2487572349457,0.9034926078839024,0.0202974701256293,0.0474308848347473
cost=100,40,,36,1,15,117.4341358934709,0.6241693267957833,0,16.358559715535545,0.901670179811124,0.0207012960197488,0.0598385335133019
cost=100,40,,37,1,14,126.691556443146,0.5206218174088566,0,20.784607547453973,0.900294919186102,0.02100657627025,0.0505551006642945
cost=100,40,,38,1,12,98.17082663370932,0.5568922862628018,0,22.35512276382393,0.9097293849493046,0.018921620574757,0.0548083515411306
cost=100,40,,39,1,16,124.14012777911434,0.5054033564459852,0,19.13966262993031,0.9034529494581872,0.0203062492336795,0.0511148536862293
cost=100,40,,40,1,13,120.87357353658284,0.521092197545479,0,21.832195582330616,0.9004695571532795,0.0209677843082761,0.0453485120527733
cost=100,40,,41,1,17,165.22614020035903,0.5370141547283145,0,20.1421184795102,0.9066183612960036,0.0196067375523749,0.0487262374026925
cost=100,40,,42,1,20,90.93774626748656,0.4812247796761271,0,15.744331805025482,0.9001104786314321,0.0210475538313123,0.0566579783593882
cost=100,40,,43,1,19,126.4440885147007,0.5754428668611067,0,17.598121150472892,0.9038544133481224,0.0202173957481461,0.0512246175928495
cost=100,40,,44,1,18,148.0776459777701,0.5162482462845261,0,19.288328890254963,0.9012572750267376,0.0207929036527676,0.0524744284464942
cost=100,40,,45,1,19,113.5043454562772,0.6515126591854701,0,15.21993591657547,0.90161970660622,0.0207124918247711,0.0509006591905403
cost=100,40,,46,1,16,137.1654909053458,0.4679372963450057,0,18.38509684440795,0.9037065427553128,0.0202501184273211,0.0492876397673421
cost=100,40,,47,1,10,124.39223115256964,0.6223042910037555,0,23.389298898969265,0.9057163104422856,0.0198058290209153,0.0504367331175615
cost=100,40,,48,1,18,87.85683610425592,0.5947804224595228,0,16.571802782533624,0.9024627159310336,0.0205255803232478,0.0478416833916017
cost=100,40,,49,1,18,107.26264980621862,0.5604609952903954,0,17.220873891978442,0.9017066729276768,0.0206932016236159,0.045304562964891
cost=100,100,,0,1,15,268.13207871063355,0.5150914591172997,0,20.480065125372903,0.9026841373288222,0.0204765158610409,0.0555107831171206
cost=100,100,,1,1,17,322.0636802500656,0.4703478746508922,0,19.19431100134385,0.9006190668507131,0.0209345800126552,0.0481286453546992
cost=100,100,,2,1,17,290.9833249723843,0.5783528615490985,0,17.76322944134284,0.9048252939864886,0.0200026798473308,0.0491962225931205
cost=100,100,,3,1,23,294.58553465053245,0.5266703521759724,0,13.135227116209563,0.9012195161300484,0.0208012829887745,0.0514402219806987
cost=100,100,,4,1,19,334.42427838657926,0.5410259738148571,0,15.220556137554013,0.9002359484765782,0.0210196770086164,0.0504229565364712
cost=100,100,,5,1,19,295.84012464270006,0.5463649733875748,0,16.951620353578274,0.9024873750585016,0.0205201155455583,0.0465667988095498
cost=100,100,,6,1,14,335.5145732372097,0.5262057456775295,0,20.25098794786881,0.901700197501318,0.0206946378888237,0.0487482590172137
cost=100,100,,7,1,20,309.89700172234825,0.5552235381187394,0,14.98222899183729,0.9036540966744168,0.0202617256472122,0.0517393290576296
cost=100,100,,8,1,20,337.5583464523561,0.5048186079948711,0,16.463058776714583,0.9016310814810082,0.0207099686316881,0.0505534245132704
cost=100,100,,9,1,18,333.3695019174945,0.5130766136272362,0,18.393974591881246,0.9024208123596444,0.0205348670324985,0.0486247983899112
cost=100,100,,10,1,19,321.4140540509154,0.4937047940502248,0,17.514538601361213,0.9046151351416738,0.0200491381539711,0.0490388161847755
cost=100,100,,11,1,24,321.3846375666809,0.5562379131338822,0,11.590790485443698,0.9018151135893148,0.0206691507554579,0.0527725840595382
cost=100,100,,12,1,20,301.126503247125,0.5386297823929223,0,15.68593125372605,0.900657596385474,0.0209260239622599,0.0514657800706217
cost=100,100,,13,1,22,286.22693515325983,0.5377686340482777,0,13.634386247957034,0.9006671150690345,0.0209239102548311,0.0493297420642211
cost=100,100,,14,1,16,282.88428722981826,0.5266341525763316,0,18.97744976263128,0.904859142346536,0.0199951982423898,0.0520159978301974
cost=100,100,,15,1,17,297.15799034585905,0.5780066676799496,0,18.31594046114264,0.9061086601566564,0.0197192092365828,0.048458415048484
cost=100,100,,16,1,20,315.6072359805513,0.5272940946761973,0,15.640086395347987,0.902521686347238,0.0205125119740364,0.0497982940279659
cost=100,100,,17,1,18,335.5606413810733,0.5413354576330347,0,17.725063663857735,0.9024945469117676,0.0205185261992765,0.0486354451080916
cost=100,100,,18,1,19,303.8381602384365,0.5580468085863477,0,15.698183046662027,0.9005518856786396,0.0209494994564782,0.050693943839249
cost=100,100,,19,1,22,305.71550459014253,0.554120046492981,0,13.44768331015623,0.903712149030557,0.0202488777020216,0.0528420383843875
cost=100,100,,20,1,16,334.6506362779359,0.5398636417493665,0,18.97697598128352,0.9012280049422574,0.0207993991475842,0.0527209801219491
cost=100,100,,21,1,19,296.89628543561054,0.5729374758232679,0,15.659013345949546,0.9007949009684076,0.0208955364343564,0.0505995335973381
cost=100,100,,22,1,20,290.1771616943073,0.5634166749542977,0,14.565853551878009,0.9003954356232258,0.0209842478478292,0.0507288573436818
cost=100,100,,23,1,14,305.55370623224985,0.5414047411089371,0,20.925776151034647,0.9026937692650364,0.0204743818067404,0.0481059226334398
cost=100,100,,24,1,15,271.29936078163195,0.5740650806504701,0,20.496024708592454,0.9008929233822108,0.0208737740818389,0.0480218330084854
cost=100,100,,25,1,23,360.55007773143103,0.5513121763803257,0,12.40169774273625,0.9003731393960094,0.0209892004502961,0.0477097453680787
cost=100,100,,26,1,17,320.79936976765265,0.547102205606107,0,18.559678709757517,0.903829104495416,0.0202229960321468,0.0508767370153369
cost=100,100,,27,1,18,298.0299857966026,0.5562591216255075,0,17.662532934326535,0.9047310706590884,0.0200235077871123,0.0501879954695992
cost=100,100,,28,1,27,301.53276138654707,0.527626696893474,0,8.284233302687138,0.9010298314279792,0.0208433825357716,0.0469279827385369
cost=100,100,,29,1,26,299.13122030555945,0.5724748564857485,0,9.70092078885408,0.9027502926721676,0.0204618589247876,0.053070132944302
cost=100,100,,30,1,19,307.20672122638683,0.5780671654417406,0,14.827130836489928,0.9011735853278404,0.0208114762817206,0.0499292911125794
cost=100,100,,31,1,26,285.1957348411264,0.5302571161803067,0,8.44072562108378,0.9015896335049725,0.0207191628419583,0.0482508539967576
cost=100,100,,32,1,19,309.7254736908361,0.5505206541920722,0,15.824296686605663,0.9041423267396538,0.0201536979797639,0.0512819437055316
cost=100,100,,33,1,19,355.8612515267825,0.5149026431581807,0,16.45741474269513,0.9034418317901972,0.0203087103992339,0.0492081457775776
cost=100,100,,34,1,14,333.9027719587508,0.5237230593458098,0,20.65983504752219,0.9059554378123892,0.0197530319572701,0.0478175559192498
cost=100,100,,35,1,20,343.4598791716979,0.4869582238924959,0,16.180622833798477,0.9044883959053276,0.0200771607042296,0.0485730176483113
cost=100,100,,36,1,17,246.95542623875235,0.5861630712621537,0,17.28681702860436,0.9012908329304689,0.02078545688259,0.0519289020329529
cost=100,100,,37,1,23,367.4164939008796,0.5317519887693987,0,13.139960667333934,0.90077232538027,0.0209005488674888,0.0504027776900741
cost=100,100,,38,1,18,296.3716397676853,0.5631473943999477,0,17.31923254264794,0.9001378254571096,0.0210414775971356,0.0499642161512087
cost=100,100,,39,1,20,304.16784008530686,0.5116823295157422,0,16.393932766494192,0.9002406957552358,0.0210186223370831,0.0510093059018105
cost=100,100,,40,1,21,291.6657110976928,0.4951589263371685,0,14.710499837054936,0.9031681400734553,0.0203693082533581,0.0487298065445969
cost=100,100,,41,1,20,330.0254089593719,0.5553745848711851,0,15.249880374526946,0.9027039200399204,0.0204721328230523,0.052230798049627
cost=100,100,,42,1,20,242.88502509600556,0.5474268454225453,0,14.773123735180189,0.9030262362885396,0.0204007342808255,0.0470524920700886
cost=100,100,,43,1,14,294.6067161056143,0.5695386567982765,0,20.001026219993985,0.9027621035423484,0.0204592423002314,0.0537372396140668
cost=100,100,,44,1,21,274.76267396492244,0.519475719889712,0,14.801601625146043,0.9009263396248284,0.0208663557478679,0.0493774124502028
cost=100,100,,45,1,22,335.7976716287755,0.5173208496976711,0,14.775324882596466,0.9000313671907026,0.0210651327662088,0.0499388909287585
cost=100,100,,46,1,23,308.1071508195985,0.5200761244591918,0,12.73198843267066,0.9008939627352658,0.0208735433435506,0.0498474548572105
cost=100,100,,47,1,21,266.74013152855593,0.5319603881190453,0,14.453107863697063,0.9029576685102096,0.0204159210780457,0.0475039152607714
cost=100,100,,48,1,20,284.028151077266,0.5343542900745721,0,16.57528497052887,0.902627948049342,0.0204889656263648,0.0517327325485493
cost=100,100,,49,1,17,265.5593813514059,0.5114113010194714,0,17.43148813780529,0.9007597117113672,0.0209033495212975,0.0478420540499223
boundary=10,10,,0,1,6,12.901591965894198,0.5815971269591023,0,21.16841733096301,0.9004701792652474,0.0209676461333099,0.0514947767647606
boundary=10,10,,1,1,12,45.25897468827603,0.4405071025164697,0,25.951898735928697,0.9195425214717337,0.0167757983766594,0.0470137972151272
boundary=10,10,,2,1,10,30.22422960948585,0.4708449086448469,0,25.514804119832,0.9007173760212733,0.0209127497385725,0.0504916238271101
boundary=10,10,,3,1,10,38.66518548360086,0.5766125387678556,0,26.54308811179676,0.9131385377726172,0.0181735341653014,0.0510718484014883
boundary=10,10,,4,1,7,8.995890077616071,0.5057603549626339,0,21.878018139705,0.901441467084686,0.0207520333610684,0.0566109539915455
boundary=10,10,,5,1,6,27.143825366377023,0.5199988380990579,0,25.47703203040252,0.9176984839571788,0.0171772782322344,0.0485148065919579
boundary=10,10,,6,1,10,24.700439617121283,0.6577503743025679,0,27.8359822906997,0.9021889909945662,0.0205862512964923,0.0448421321330638
boundary=10,10,,7,1,6,24.28577922065121,0.6476465968118268,0,24.496887542263764,0.9135163723952864,0.0180907961230025,0.0530681230954682
boundary=10,10,,8,1,7,13.749276781052505,0.524223636784884,0,25.01534557467094,0.910191183891508,0.0188201218698088,0.0490223592210482
boundary=10,10,,9,1,14,49.51616500331629,0.5415726001579426,0,22.00838155360604,0.9050943288759744,0.0199432219823363,0.0560255433218859
boundary=10,10,,10,1,12,32.3138028324165,0.46160622126,0,23.03358255130879,0.9021939336081972,0.0205851556058684,0.0544255754342466
boundary=10,10,,11,1,10,30.70058351306433,0.394437806509613,0,25.940561309755797,0.9024207971740988,0.0205348703980117,0.0567061312951648
boundary=10,10,,12,1,13,18.09675542466844,0.5421990285071292,0,25.099231565632707,0.9047910767875632,0.0200102432623135,0.0560185150881695
boundary=10,10,,13,1,7,26.667199108920144,0.6292091045353587,0,25.03218544308789,0.9109540164943156,0.0186525717706161,0.0392729848949411
boundary=10,10,,14,1,8,13.16584800000766,0.547200491127313,0,23.67833204643016,0.917293719082706,0.0172655107337932,0.0562338636607838
boundary=10,10,,15,1,13,38.76853592930257,0.6426064749780376,0,23.211001982752816,0.903957012940848,0.0201946943554359,0.052786743947462
boundary=10,10,,16,1,5,34.12315786383341,0.659763731278761,0,29.46582032679768,0.9080306270614116,0.01929543414117,0.0499841898562143
boundary=10,10,,17,1,4,22.447829180324995,0.5013886354916843,0,26.560561976194016,0.9018515869538288,0.0206610620405068,0.0503714312462606
boundary=10,10,,18,1,16,24.52356459496248,0.3248831033724118,0,22.20128138174276,0.902195749594025,0.0205847530352165,0.0544380800876651
boundary=10,10,,19,1,11,10.072812139329766,0.5911022686787426,0,23.075405105107052,0.9046752795291888,0.0200358413637932,0.0592918088239665
boundary=10,10,,20,1,10,21.14764735944704,0.5152609859897441,0,24.85896233941268,0.914789822248959,0.0178121885104841,0.0386274644160248
boundary=10,10,,21,1,12,26.198189105987343,0.553381237639152,0,23.955711825709145,0.9021852494886784,0.0205870807266192,0.051597857480327
boundary=10,10,,22,1,14,26.25917176932581,0.4937774121052298,0,23.91294974456646,0.9083641825576882,0.0192219797361564,0.0428092121040076
boundary=10,10,,23,1,16,15.681289100481692,0.5872672700027834,0,18.773797717323568,0.9016664875989748,0.0207021149932031,0.0535619554530181
boundary=10,10,,24,1,13,34.75836678845518,0.5702900434934821,0,25.114351568999314,0.904463732155999,0.0200826144139099,0.0511093425687637
boundary=10,10,,25,1,12,27.135512209267404,0.6599550029101093,0,21.41024684077174,0.9049588459459964,0.019973162081802,0.0494613902561141
boundary=10,10,,26,1,11,24.765768333108312,0.7104092675631555,0,20.62036548099536,0.906431294342613,0.0196480087781183,0.0499093634543332
boundary=10,10,,27,1,8,7.063258195963928,0.5185590475553818,0,20.4743905135394,0.9094529326299504,0.0189824066364531,0.0436248614067565
boundary=10,10,,28,1,10,20.81991467469731,0.5151527871485917,0,21.539335599107105,0.9001471021600336,0.0210394164338649,0.0520780523046322
boundary=10,10,,29,1,7,21.69647834011288,0.3959911489137702,0,28.20475611102364,0.9139343165620628,0.0179993147655926,0.0515032643529634
boundary=10,10,,30,1,15,16.974599968112695,0.5120484210725602,0,23.770770372684403,0.9069297691760236,0.0195380527729973,0.0562177323582075
boundary=10,10,,31,1,9,16.282445060059693,0.523131219075083,0,24.59250237899993,0.9059973645952673,0.0197437763557268,0.0548369625271045
boundary=10,10,,32,1,10,28.187661076454543,0.6259234347220484,0,27.16798733519136,0.9033425889700312,0.0203306815473411,0.0516296439339815
boundary=10,10,,33,0,120,29.125702653701016,0.6350495288414095,0,-77.96922963069014,0.8996729445891265,0.0211447953205448,0.0486038138492007
boundary=10,10,,34,1,8,45.80194644603266,0.4026002937842114,0,28.37744062671078,0.9088354041153424,0.0191182549561879,0.0497304425153778
boundary=10,10,,35,1,9,34.585366010030995,0.5251952783413207,0,28.71786415686043,0.9047446325385206,0.0200205098182734,0.0521923213503033
boundary=10,10,,36,0,120,43.505003668349424,0.4938878052177669,0,-65.56053081573559,0.8961064986900383,0.0219392025850763,0.0509985130901361
boundary=10,10,,37,1,11,16.96501044306796,0.5714387840455448,0,24.81927896625777,0.9122826355900622,0.018361085894791,0.0521648458032233
boundary=10,10,,38,1,8,18.950669355999157,0.6096661379728856,0,24.58015748664461,0.903483703781342,0.0202994411758314,0.0655308766506919
boundary=10,10,,39,1,10,20.24437047115695,0.6802793126032187,0,21.970927706362893,0.9116453732948764,0.0185008419198123,0.0532978277089925
boundary=10,10,,40,1,13,28.54641792143399,0.6170124958664183,0,24.081825295615644,0.9045185295863332,0.0200704976714719,0.0401344610520973
boundary=10,10,,41,1,15,26.668152954262748,0.4686948331728011,0,22.07163586961422,0.9068840969009008,0.019548124870468,0.0507099699369837
boundary=10,10,,42,1,10,19.01117944869156,0.4604605282183323,0,25.824056397015603,0.9040325294305486,0.0201779870708029,0.0550464056586284
boundary=10,10,,43,1,8,21.042492003444924,0.5501589731467662,0,28.302449309495493,0.9035025897096448,0.0202952605291111,0.0417250874110353
boundary=10,10,,44,1,7,14.416765289516889,0.6836916550747398,0,23.58362645782379,0.9139683810842244,0.0179918604252255,0.0592249995118537
boundary=10,10,,45,1,11,16.42794085650782,0.5378856557048519,0,26.30160501382956,0.9173215504872214,0.0172594426703732,0.0568588874032446
boundary=10,10,,46,1,8,19.0059151852504,0.5072726648251877,0,27.38409226789427,0.9040023863206024,0.0201846557716529,0.0493535247130025
boundary=10,10,,47,1,12,58.48131610319815,0.5233989683635065,0,24.477283808476187,0.905525744343937,0.0198479141963447,0.0469795009592129
boundary=10,10,,48,1,10,20.09836218432423,0.6047478855122688,0,22.94415788284065,0.9037538366808774,0.0202396520456259,0.0464651644638238
boundary=10,10,,49,1,15,21.830136702099225,0.5709495360614443,0,25.19811471161485,0.9036396925612878,0.0202649136431462,0.0494517013955413
boundary=10,40,,0,1,22,124.51078773913792,0.5545706662911101,0,15.814750349784267,0.9010364166417144,0.020841920832853,0.0438899897593966
boundary=10,40,,1,1,16,88.12820506854065,0.5261066368502796,0,20.56117016514743,0.9029693085578664,0.0204133428901555,0.0525125827477572
boundary=10,40,,2,1,11,104.51307446112108,0.5711465621043235,0,24.783326757353507,0.902087659369683,0.020608716060966,0.049169714398787
boundary=10,40,,3,1,12,92.60132698408168,0.5486879960392326,0,21.80969144572971,0.9028718736259658,0.020434925060937,0.0497172632615435
boundary=10,40,,4,1,16,116.36652865903729,0.536383741698673,0,20.047681247789637,0.9023415946337322,0.0205524245183274,0.0569827045161239
boundary=10,40,,5,1,12,128.2778120977639,0.5120342514107143,0,24.242329120384124,0.9067663950044283,0.0195740839837951,0.0519388369473987
boundary=10,40,,6,1,12,109.43522543858316,0.3794597475582646,0,25.11402615680048,0.9067419842044024,0.0195794681993427,0.0548029352289014
boundary=10,40,,7,1,16,110.39315140904328,0.5883643582137008,0,19.96831749132153,0.9008578263845428,0.0208815658360928,0.0484081865718136
boundary=10,40,,8,1,8,94.28532600395256,0.5437305615253589,0,26.255770064751918,0.9048541615505628,0.0199962991451598,0.0535630211578709
boundary=10,40,,9,1,21,84.85303420729493,0.5973769826752855,0,14.452466236197186,0.9029455043127448,0.0204186153969102,0.0528209413286863
boundary=10,40,,10,1,18,93.975426093766,0.5069313241693374,0,17.504708955680464,0.900873248486858,0.0208781419949812,0.0495492963492976
boundary=10,40,,11,1,27,80.39492541437468,0.5850121137376856,0,10.18668797952214,0.9007340220057224,0.0209090536112237,0.0494485141838666
boundary=10,40,,12,1,17,110.69025817335432,0.563953976830236,0,19.37796709590436,0.9025742947925928,0.0205008542126942,0.047842009363625
boundary=10,40,,13,1,14,111.13042452645848,0.5565483931277333,0,22.72368922411676,0.9028193184824372,0.0204465671720073,0.0539533937567157
boundary=10,40,,14,1,19,134.47193538667833,0.5718056977680412,0,19.081331893637724,0.9005195483288182,0.0209566812593128,0.0478754017066275
boundary=10,40,,15,1,7,114.48227608869688,0.6475785839433372,0,25.731102491657783,0.9048129207165424,0.0200054148182981,0.0500812374273742
boundary=10,40,,16,1,29,92.80708372128257,0.4977881957571171,0,10.096111005961063,0.9000521292885563,0.0210605191806956,0.0511301938390059
boundary=10,40,,17,1,16,105.96862101030987,0.5614150611505657,0,18.75680471306348,0.9054615996094928,0.0198620820997671,0.0461153415839269
boundary=10,40,,18,1,24,82.32358599075909,0.5841654540252241,0,12.497260725977576,0.9001455569957583,0.021039759747885,0.047572375119174
boundary=10,40,,19,1,13,92.2869082476125,0.5923630428877544,0,23.36336526861301,0.9023463776749078,0.0205513643813399,0.0553004635080928
boundary=10,40,,20,1,13,114.042994988237,0.5008923032549504,0,23.932899381392936,0.9067944810010076,0.0195678893206982,0.0498136571642387
boundary=10,40,,21,1,16,109.54737547681788,0.4312244359331514,0,22.28414435427225,0.9004572482338749,0.0209705182160325,0.0497672141793789
boundary=10,40,,22,1,18,92.7199028744706,0.5510304772723584,0,17.528737709675173,0.9029852681054972,0.0204098080177202,0.0506458548488631
boundary=10,40,,23,1,21,116.53210549763372,0.5814734227530025,0,16.100947043642336,0.9005324338324062,0.0209538194865897,0.0537444391407298
boundary=10,40,,24,1,21,104.31408207785132,0.5210693262106165,0,15.869388108918804,0.9028614582040532,0.0204372322503163,0.0509380987556883
boundary=10,40,,25,1,11,107.87513863601784,0.5003837862016813,0,24.61238205735896,0.9005281071778909,0.0209547803992114,0.0475147821738983
boundary=10,40,,26,1,22,94.98062991848768,0.5457578954214639,0,15.031717560887312,0.9028152511921808,0.0204474681938032,0.0509045828746055
boundary=10,40,,27,1,12,98.82411007051412,0.5850551736174618,0,22.862706083966387,0.9084920651953406,0.0191938250292506,0.048382229225286
boundary=10,40,,28,1,19,103.38447951090376,0.5362068764219885,0,17.66123208050856,0.9000492748747246,0.021061153459148,0.0538891680566078
boundary=10,40,,29,1,12,136.06095498302358,0.4947432742041329,0,24.08544151110493,0.907117538655366,0.0194966493367798,0.0473874063490133
boundary=10,40,,30,1,14,89.92631253432924,0.5024389713019868,0,21.60171819340184,0.9062163312308932,0.0196954450497233,0.050193699290879
boundary=10,40,,31,1,22,73.49361572419514,0.6057883860268238,0,13.12509313735056,0.9000999112323198,0.02104990186778,0.0484831551252746
boundary=10,40,,32,1,20,110.23109459411552,0.4613340964113692,0,18.465344701072784,0.904071685892351,0.0201693246360878,0.0532107231168115
boundary=10,40,,33,1,14,131.0150808455199,0.5353571373259485,0,23.90174468551521,0.9045667090985452,0.0200598448816104,0.0531041188864762
boundary=10,40,,34,1,12,106.82989332350137,0.6010750076999081,0,23.60166901508822,0.9007408624009215,0.0209075347679118,0.0458519203466845
boundary=10,40,,35,1,31,77.2134443482918,0.59767637930103,0,6.358694976831435,0.9017770260655008,0.0206775977924531,0.0474308848347473
boundary=10,40,,36,1,12,105.34382812140574,0.6461551094461901,0,20.50820165263268,0.9035650833981128,0.020281427358517,0.0598385335133019
boundary=10,40,,37,1,13,118.53972413132774,0.5015277217273211,0,22.94074105040307,0.9031818741669088,0.020366266961616,0.0505551006642945
boundary=10,40,,38,1,10,92.93555269349304,0.5854839655653548,0,24.19903906718907,0.9014479743830168,0.0207505896123434,0.0548083515411306
boundary=10,40,,39,1,22,113.2140869031377,0.5125084132471458,0,14.55288037651158,0.901963832479204,0.0206361713506256,0.0511148536862293
boundary=10,40,,40,1,12,105.97425083894842,0.5238254570199441,0,23.78249936490725,0.9070282907972698,0.0195163275471462,0.0453485120527733
boundary=10,40,,41,1,16,141.57132838041886,0.5518923159369664,0,21.40903032771032,0.9035973543113576,0.0202742844669706,0.0487262374026925
boundary=10,40,,42,1,27,77.12748774255276,0.5162801779948749,0,10.233327371264563,0.9020235901918824,0.0206229212110849,0.0566579783593882
boundary=10,40,,43,1,14,115.70889754203974,0.56672592064294,0,23.85264916180621,0.90156534462592,0.0207245509265874,0.0512246175928495
boundary=10,40,,44,1,15,132.27420252222174,0.5236152934945553,0,22.91229007262741,0.9019886875792084,0.0206306600969247,0.0524744284464942
boundary=10,40,,45,1,22,103.81468799724452,0.6184483907972314,0,13.437989790330388,0.9010967541805044,0.0208285283622434,0.0509006591905403
boundary=10,40,,46,1,14,117.73187967582174,0.4645287369650446,0,21.251216363853903,0.9007809672468984,0.020898630108457,0.0492876397673421
boundary=10,40,,47,1,9,114.03876755662333,0.6464570091868358,0,24.78374855057057,0.9064818818823196,0.0196368471758125,0.0504367331175615
boundary=10,40,,48,1,24,73.42679099412035,0.6014402805120891,0,11.989510782459917,0.900545991267622,0.0209508085271496,0.0478416833916017
boundary=10,40,,49,1,18,97.39566215179848,0.5920708968340287,0,19.50295074454754,0.9006912400228415,0.0209185531966444,0.045304562964891
boundary=10,100,,0,1,17,233.210228806548,0.5158668330881937,0,18.06734797958979,0.9012446344191002,0.0207957087777045,0.0555107831171206
boundary=10,100,,1,1,19,281.7001986537616,0.4807855427416392,0,18.544941314030684,0.903061306417473,0.0203929671869037,0.0481286453546992
boundary=10,100,,2,1,18,261.1317633198769,0.583670424963405,0,17.567787477729052,0.9010811593175158,0.0208319896993005,0.0491962225931205
boundary=10,100,,3,1,25,255.04441352657332,0.545456875141872,0,12.604662419056028,0.9015655221834622,0.0207245115378674,0.0514402219806987
boundary=10,100,,4,1,16,290.7805242439033,0.5315024318485964,0,19.94379142496411,0.9049726810791616,0.0199701044781394,0.0504229565364712
boundary=10,100,,5,1,22,263.4769826219479,0.5523244252791637,0,15.129849195508804,0.9006273454191126,0.0209327416037972,0.0465667988095498
boundary=10,100,,6,1,16,295.6152035187109,0.5281819847337743,0,20.060475037012036,0.9014194637382534,0.0207569152343305,0.0487482590172137
boundary=10,100,,7,1,17,290.0310667735154,0.5559728588821047,0,19.82014817963298,0.9058989199634188,0.0197655093065109,0.0517393290576296
boundary=10,100,,8,1,23,298.4274653049315,0.5295556545639861,0,14.062439860437902,0.9011157548972536,0.0208243111644036,0.0505534245132704
boundary=10,100,,9,1,18,293.55753080220563,0.518341069905363,0,18.990759049420227,0.9012471916186212,0.0207951412967353,0.0486247983899112
boundary=10,100,,10,1,22,284.2791314257032,0.5111037353033476,0,15.477125391154852,0.902987862213622,0.0204092334558773,0.0490388161847755
boundary=10,100,,11,1,21,294.37046648595503,0.5605618170716369,0,16.419352724142342,0.9003865597845873,0.0209862193998907,0.0527725840595382
boundary=10,100,,12,1,20,254.58909978989945,0.5215789304967382,0,17.490151900929565,0.9009601628434248,0.0208588473463,0.0514657800706217
boundary=10,100,,13,1,19,251.8002041996643,0.5511437330328741,0,16.950807784240375,0.9034429179391266,0.0203084699524805,0.0493297420642211
boundary=10,100,,14,1,15,253.1890724021014,0.5291458628734125,0,21.24054549354913,0.9005767948791744,0.0209439675473359,0.0520159978301974
boundary=10,100,,15,1,16,278.1508830676768,0.5893881866618189,0,19.860740271002303,0.900613074378956,0.0209359107621172,0.048458415048484
boundary=10,100,,16,1,17,295.13097665927114,0.5496399251899726,0,19.621522836326303,0.902851163573058,0.0204395127086508,0.0497982940279659
boundary=10,100,,17,1,19,294.69239270303376,0.5504558903418828,0,18.31002402551366,0.900792512832995,0.0208960666635075,0.0486354451080916
boundary=10,100,,18,1,24,265.33721049986355,0.5445041597133067,0,13.048422969162598,0.90166805158345,0.0207017680837548,0.050693943839249
boundary=10,100,,19,1,19,277.042657040417,0.5657379794709636,0,18.50184131241491,0.9015870521724167,0.0207197354608428,0.0528420383843875
boundary=10,100,,20,1,16,313.2888773545211,0.550377818437819,0,20.367224053576816,0.9024405729447172,0.0205304876191576,0.0527209801219491
boundary=10,100,,21,1,24,266.10174791706936,0.5759644457634163,0,12.871729891895123,0.9017591395105636,0.0206815647891297,0.0505995335973381
boundary=10,100,,22,1,19,251.0156145062597,0.5684423726406114,0,17.722203254239673,0.9051563041862526,0.0199295276774328,0.0507288573436818
boundary=10,100,,23,1,14,267.1744013196722,0.529577528669787,0,21.34668179913941,0.9013207972331828,0.0207788077958504,0.0481059226334398
boundary=10,100,,24,1,15,247.77352816907543,0.5658458930478192,0,21.258979836710168,0.9038261745909786,0.0202236443647069,0.0480218330084854
boundary=10,100,,25,1,19,310.3081069709352,0.5670922019709619,0,19.17262386538409,0.903067605791518,0.0203915720762884,0.0477097453680787
boundary=10,100,,26,1,15,293.7639388196028,0.5720117574322667,0,21.258249170804035,0.9035756949887818,0.0202790785452323,0.0508767370153369
boundary=10,100,,27,1,19,255.10668951813864,0.563151492193529,0,17.31203037628451,0.9036750334783816,0.0202570918915522,0.0501879954695992
boundary=10,100,,28,1,20,269.7036438486152,0.5518849222270781,0,17.91271995566504,0.9002997201066295,0.0210055097513516,0.0469279827385369
boundary=10,100,,29,1,25,271.52688851792664,0.5448343850512651,0,12.593560260668442,0.9006606455942608,0.0209253468561904,0.053070132944302
boundary=10,100,,30,1,17,273.53260668378675,0.5811260121614819,0,18.352506274770207,0.902000403982519,0.0206280622090848,0.0499292911125794
boundary=10,100,,31,1,25,247.75240543346467,0.5393109711190254,0,12.134013041105224,0.90136306383198,0.0207694292021395,0.0482508539967576
boundary=10,100,,32,1,19,274.51137066637887,0.5540043079464516,0,17.091409004093464,0.903050769490819,0.0203953008021416,0.0512819437055316
boundary=10,100,,33,1,19,306.97179357731426,0.5123726992204385,0,18.49426438652289,0.9019514601545864,0.0206389147886724,0.0492081457775776
boundary=10,100,,34,1,15,298.6785194777103,0.5377285665601295,0,20.341059729849903,0.900057784853927,0.0210592624651304,0.0478175559192498
boundary=10,100,,35,1,24,309.6888583423434,0.5057438091396729,0,14.133343187110192,0.900505499811724,0.0209598013751843,0.0485730176483113
boundary=10,100,,36,1,25,221.57648450264264,0.5679045752065888,0,12.241134950653048,0.9010950571126924,0.0208289050297659,0.0519289020329529
boundary=10,100,,37,1,25,311.56875767736494,0.5617366531483894,0,12.58851704112962,0.9011349451316796,0.0208200519934844,0.0504027776900741
boundary=10,100,,38,1,23,270.86601693479724,0.5601599025123947,0,13.134585132373992,0.9005532416536497,0.0209491983135878,0.0499642161512087
boundary=10,100,,39,1,24,265.1293982245501,0.522383996083525,0,13.5791242402091,0.901480437932071,0.0207433872078917,0.0510093059018105
boundary=10,100,,40,1,24,257.0451896032488,0.4891852780351498,0,12.92647186195348,0.9027887170284492,0.0204533463740023,0.0487298065445969
boundary=10,100,,41,1,18,291.96404964858334,0.5384589019925927,0,18.764559793942496,0.9024825868477316,0.0205211766625566,0.052230798049627
boundary=10,100,,42,1,17,223.3542983683973,0.5706383059856204,0,17.854295451280304,0.9013174521978268,0.0207795500491243,0.0470524920700886
boundary=10,100,,43,1,16,260.3871039372312,0.5472914428764046,0,19.08549269741507,0.902289040990649,0.0205640731387288,0.0537372396140668
boundary=10,100,,44,1,16,267.010286280252,0.5143443146500606,0,21.363661971520838,0.904485721848796,0.0200777519910822,0.0493774124502028
boundary=10,100,,45,1,27,279.8605392570984,0.4959294943215746,0,11.4570982526754,0.9009228823479872,0.0208671232431275,0.0499388909287585
boundary=10,100,,46,1,20,274.84218463229894,0.5185781456484226,0,17.770984467891555,0.9003016990271122,0.0210050701381287,0.0498474548572105
boundary=10,100,,47,1,20,230.76206040161065,0.5447021638880942,0,17.16569993062823,0.9022402589873882,0.020574886374795,0.0475039152607714
boundary=10,100,,48,1,18,257.5997620541848,0.5509332886438771,0,18.576752867377063,0.9009232883833131,0.0208670331055047,0.0517327325485493
boundary=10,100,,49,1,17,244.3061360967776,0.5240299431017144,0,18.643791010880577,0.9003887405226101,0.020985735000083,0.0478420540499223
boundary=40,10,,0,1,6,13.121526610379767,0.5150041498796125,0,22.790485787539527,0.916809234957855,0.0173711720076169,0.0514947767647606
boundary=40,10,,1,1,12,43.620093244268695,0.4422552853034494,0,26.146515342328165,0.9146947025119349,0.017832985567977,0.0470137972151272
boundary=40,10,,2,1,10,29.36526413019247,0.4596711362985564,0,26.091518760787714,0.9104298102407824,0.0187676944065619,0.0504916238271101
boundary=40,10,,3,1,9,37.558054844733945,0.5882267603182445,0,27.602658285640675,0.9055305643093324,0.0198468496318974,0.0510718484014883
boundary=40,10,,4,1,6,8.818207629562984,0.5643339405064056,0,22.46864953360564,0.9032488114390764,0.0203514449653486,0.0566109539915455
boundary=40,10,,5,1,7,23.2706933668732,0.5125092394952739,0,24.27147869594439,0.910501911304222,0.0187518561271527,0.0485148065919579
boundary=40,10,,6,1,9,27.47515397262454,0.6366752501764148,0,28.757804946700016,0.9096579631232672,0.0189373229651577,0.0448421321330638
boundary=40,10,,7,1,6,25.19790250550675,0.605280028741209,0,24.6933044806723,0.9174716349297928,0.0172267230278328,0.0530681230954682
boundary=40,10,,8,1,6,16.0619490603322,0.5325389392928477,0,26.33942323237228,0.9112387633084594,0.018590065361938,0.0490223592210482
boundary=40,10,,9,1,14,48.2128939658264,0.53586990805587,0,22.37656413398731,0.905635268223252,0.0198237255397451,0.0560255433218859
boundary=40,10,,10,1,9,38.29053835764364,0.4103674044836587,0,25.011773015508357,0.9023400838074156,0.0205527593865393,0.0544255754342466
boundary=40,10,,11,1,10,35.53231218199633,0.3529571025558451,0,26.88039346828819,0.90714436132874,0.0194907355988843,0.0567061312951648
boundary=40,10,,12,1,14,19.106998136540582,0.5670624984194148,0,24.646290661761928,0.9127003328189108,0.0182695349612486,0.0560185150881695
boundary=40,10,,13,1,6,29.959798337839253,0.5796140232005056,0,26.835722409111547,0.927574370045986,0.0150364608754137,0.0392729848949411
boundary=40,10,,14,1,8,14.300416976771354,0.489494622090479,0,23.5006084676008,0.9089447524807942,0.0190941930001396,0.0562338636607838
boundary=40,10,,15,1,10,39.69211721374219,0.6229728212091932,0,26.131879560054017,0.9027540278016032,0.0204610314264774,0.052786743947462
boundary=40,10,,16,1,6,30.112028166665294,0.6425156073910196,0,28.626726285517822,0.904067853466939,0.0201701724523826,0.0499841898562143
boundary=40,10,,17,1,5,21.907269649526004,0.4791889973594174,0,25.899522984051647,0.9025970640371004,0.0204958088757188,0.0503714312462606
boundary=40,10,,18,1,15,23.09436516708272,0.3326239614614421,0,23.20051739317352,0.9025899817116112,0.020497378203508,0.0544380800876651
boundary=40,10,,19,1,11,9.363234409131913,0.6183529606060552,0,22.88135688482638,0.9084339036229472,0.0192066294193934,0.0592918088239665
boundary=40,10,,20,1,10,18.357749230657745,0.5697399693207428,0,25.17487350667872,0.916661969715071,0.0174033001899905,0.0386274644160248
boundary=40,10,,21,1,11,27.076210291440333,0.5642858361155692,0,24.863173901364423,0.9009404996442506,0.0208632123370199,0.051597857480327
boundary=40,10,,22,1,14,23.67601584762115,0.4837347387501061,0,24.01275080567283,0.9025310420663532,0.0205104387450458,0.0428092121040076
boundary=40,10,,23,1,18,13.83497982092818,0.562536519275638,0,16.949301293626824,0.9002738969932321,0.021011246392865,0.0535619554530181
boundary=40,10,,24,1,12,35.244183749711574,0.5691426360613512,0,26.900410666087907,0.9092266803508148,0.0190321685139577,0.0511093425687637
boundary=40,10,,25,1,10,26.926872010873502,0.6384058894495872,0,24.14144946619711,0.9053924226102498,0.0198773626245201,0.0494613902561141
boundary=40,10,,26,1,9,25.12096695532572,0.6793315102999535,0,22.836244652556168,0.907241545530362,0.0194693103439046,0.0499093634543332
boundary=40,10,,27,1,8,5.929851877622447,0.5321915388807157,0,20.50241426056684,0.9038609380320038,0.0202159520067127,0.0436248614067565
boundary=40,10,,28,1,10,19.51057313922608,0.4951407896055282,0,22.46454376158831,0.9059892993285928,0.0197455567808999,0.0520780523046322
boundary=40,10,,29,1,6,20.32810635839836,0.406943864154357,0,30.004719227804628,0.9159253966404056,0.0175640724681044,0.0515032643529634
boundary=40,10,,30,1,16,16.568708754718806,0.5185606800621263,0,23.048160067179424,0.9062723849343938,0.0196830745002091,0.0562177323582075
boundary=40,10,,31,1,8,16.730895623967733,0.4964776814462819,0,25.5880435125281,0.9035681182998044,0.0202807555980317,0.0548369625271045
boundary=40,10,,32,1,11,27.23267583453308,0.6168964482598807,0,26.711367212410583,0.9047012569220636,0.0200300985253395,0.0516296439339815
boundary=40,10,,33,0,120,27.04352877666421,0.5941234811122469,0,-85.60278049725278,0.8989086590038915,0.0213147705120426,0.0486038138492007
boundary=40,10,,34,1,9,44.15429533345762,0.3830244563300442,0,27.960969245209697,0.9077432387577076,0.0193587434136545,0.0497304425153778
boundary=40,10,,35,1,8,34.76540494055439,0.4730281408509802,0,30.178063369613703,0.9000210021858244,0.0210674360336147,0.0521923213503033
boundary=40,10,,36,0,120,41.439320474598645,0.4873155184456978,0,-71.39912119349695,0.8957400752247591,0.0220210005416026,0.0509985130901361
boundary=40,10,,37,1,10,16.010453787515686,0.5625149186043576,0,25.06650101594457,0.905247917683664,0.0199092861211256,0.0521648458032233
boundary=40,10,,38,1,9,18.85447498356671,0.5651406980483775,0,24.609110200535795,0.9180751096076252,0.0170952145927855,0.0655308766506919
boundary=40,10,,39,1,10,22.00045238583385,0.6362667451717943,0,22.29474411388007,0.9081490806426412,0.0192693456256128,0.0532978277089925
boundary=40,10,,40,1,12,26.976658249594312,0.6250702391555263,0,25.40541594448314,0.9068417707885376,0.0195574594922265,0.0401344610520973
boundary=40,10,,41,1,13,23.610191481696987,0.4690219201723178,0,23.81737408030688,0.9088650470144364,0.0191117317913665,0.0507099699369837
boundary=40,10,,42,1,10,19.51768709732905,0.3899380723565202,0,26.6650703667134,0.9075750120206468,0.0193958116770228,0.0550464056586284
boundary=40,10,,43,1,8,20.65732498713133,0.5286902652744636,0,27.95547218975211,0.9023609006370356,0.020548145474362,0.0417250874110353
boundary=40,10,,44,1,7,14.175760570627151,0.6340782709419583,0,24.039952928918566,0.9239266835264768,0.0158245114642793,0.0592249995118537
boundary=40,10,,45,1,11,17.072894210131015,0.4997272642275248,0,26.150179771108643,0.914204271282358,0.0179402481884627,0.0568588874032446
boundary=40,10,,46,1,8,19.874570662625334,0.4918481389954152,0,28.10244909825493,0.9050677577870055,0.0199490935203972,0.0493535247130025
boundary=40,10,,47,1,13,54.07316907355976,0.5618194235350702,0,23.95582728002081,0.9015773417959854,0.0207218895354162,0.0469795009592129
boundary=40,10,,48,1,10,19.84969515778021,0.6180395467667132,0,22.969277376149577,0.9043987133626356,0.0200969922442534,0.0464651644638238
boundary=40,10,,49,1,14,21.236447444937813,0.463078597305548,0,25.96886472254934,0.9041729730727772,0.0201469189997641,0.0494517013955413
boundary=40,40,,0,1,23,118.4280588913197,0.5577630869652075,0,15.359744513413098,0.9047472549171786,0.0200199301243436,0.0438899897593966
boundary=40,40,,1,1,17,82.87471150186792,0.5320890054789962,0,20.102383491389915,0.9046185416888683,0.0200483850069922,0.0525125827477572
boundary=40,40,,2,1,12,99.68010549858016,0.5531485316525677,0,24.545214876904147,0.9096232354175924,0.0189449584435449,0.049169714398787
boundary=40,40,,3,1,10,89.10868332678578,0.5207293665618835,0,23.737001107784863,0.9020743955109868,0.0206116567854227,0.0497172632615435
boundary=40,40,,4,1,16,109.63098374135424,0.5192592779745697,0,20.2337999986541,0.9013847514594376,0.0207646170753907,0.0569827045161239
boundary=40,40,,5,1,11,124.81315531915818,0.5073352307374372,0,25.19298672083062,0.9081268548671626,0.0192742404271229,0.0519388369473987
boundary=40,40,,6,1,12,102.52974236277228,0.3708859280332104,0,25.22411239675301,0.9086895070280122,0.0191503639164005,0.0548029352289014
boundary=40,40,,7,1,13,109.37954760916116,0.5894799209912986,0,23.26278904956716,0.9048870974385405,0.0199890194552444,0.0484081865718136
boundary=40,40,,8,1,8,89.83385354397916,0.5392468813028166,0,26.329330849518016,0.9022418874833807,0.0205745253856889,0.0535630211578709
boundary=40,40,,9,1,19,81.14544421780496,0.5829128715736969,0,15.400587534280886,0.904360441309396,0.0201054559588716,0.0528209413286863
boundary=40,40,,10,1,17,90.55492865249312,0.5282386288640208,0,18.4556510959342,0.903673717575262,0.0202573831254646,0.0495492963492976
boundary=40,40,,11,1,22,74.10385052911118,0.6066230459083832,0,12.88037174870681,0.9016124116842584,0.0207141100128873,0.0494485141838666
boundary=40,40,,12,1,18,108.33950660574,0.5435638651087722,0,18.87196462572529,0.9028618360086114,0.0204371485598507,0.047842009363625
boundary=40,40,,13,1,15,107.8133598765982,0.5522797726100033,0,22.01367433948435,0.9031899856267824,0.020364470773344,0.0539533937567157
boundary=40,40,,14,1,16,134.2936912858447,0.5328683310911395,0,20.746538751961957,0.902993574500832,0.0204079682629814,0.0478754017066275
boundary=40,40,,15,1,8,105.81564518394974,0.6251422862697285,0,25.022043928955405,0.9003217822143972,0.0210006087529485,0.0500812374273742
boundary=40,40,,16,1,24,88.9509016570122,0.5183795437190826,0,13.300625398678314,0.9009464378716012,0.0208618941128346,0.0511301938390059
boundary=40,40,,17,1,15,103.53696728540542,0.541822449816568,0,19.276973535732587,0.9032107504891164,0.0203598727100417,0.0461153415839269
boundary=40,40,,18,1,19,78.48279606918939,0.6090068526201349,0,16.527195299434396,0.9017233356945156,0.0206895058290999,0.047572375119174
boundary=40,40,,19,1,14,89.80974748088015,0.5837849888943136,0,23.192122574172792,0.9056331096427328,0.0198242022400609,0.0553004635080928
boundary=40,40,,20,1,13,109.72480565030118,0.4583018564565095,0,24.167546372070923,0.9050211223555386,0.0199593991870392,0.0498136571642387
boundary=40,40,,21,1,17,104.83938930087116,0.4166841621611599,0,21.64046718947008,0.9008963264780157,0.0208730185893073,0.0497672141793789
boundary=40,40,,22,1,16,87.24603656792388,0.553411670779983,0,19.28666671266353,0.9036551048918527,0.0202615025049994,0.0506458548488631
boundary=40,40,,23,1,22,111.51356398662352,0.5745763509519168,0,15.639127890761062,0.9042087898104748,0.020138996615578,0.0537444391407298
boundary=40,40,,24,1,20,97.69622333482936,0.5237545811312896,0,16.662996177478895,0.903780785029224,0.0202336884866379,0.0509380987556883
boundary=40,40,,25,1,12,102.93184539023338,0.5055168106365235,0,24.451465645904413,0.905658434382436,0.0198186096031851,0.0475147821738983
boundary=40,40,,26,1,22,91.62326171190854,0.5466591157189966,0,14.510646716523151,0.90380680822412,0.020227929829078,0.0509045828746055
boundary=40,40,,27,1,12,98.32281882988596,0.5664111739027544,0,23.034176354583657,0.907325869197256,0.0194507221853672,0.048382229225286
boundary=40,40,,28,1,15,103.19119848197025,0.501595391202222,0,20.148566045765502,0.900813963734032,0.0208913040471832,0.0538891680566078
boundary=40,40,,29,1,13,129.80086232946672,0.5024609776037137,0,23.219018072871748,0.9055941911332018,0.0198327971877012,0.0473874063490133
boundary=40,40,,30,1,15,85.54287695910521,0.4976045175888175,0,21.57384574737167,0.9069741513412288,0.0195282656691243,0.050193699290879
boundary=40,40,,31,1,20,69.77116943550881,0.5878446330946865,0,14.271461409710572,0.9004230277947317,0.0209781190409408,0.0484831551252746
boundary=40,40,,32,1,20,103.61498959432092,0.4691317066922564,0,18.22824449884181,0.9017026603191348,0.0206940916286675,0.0532107231168115
boundary=40,40,,33,1,11,120.94336133632233,0.5382231875085957,0,26.04983292553719,0.9020098163192054,0.0206259752282948,0.0531041188864762
boundary=40,40,,34,1,13,100.4718135836326,0.5995082906456801,0,23.10229423594084,0.9032364057189586,0.0203541918951326,0.0458519203466845
boundary=40,40,,35,1,24,73.11476241221405,0.5940466820035064,0,11.117363769962516,0.9019315440019912,0.0206433310734426,0.0474308848347473
boundary=40,40,,36,1,13,102.32778870413956,0.6120102858359746,0,19.86477830365864,0.9042038623588228,0.0201400865109945,0.0598385335133019
boundary=40,40,,37,1,13,110.7677853556706,0.5125103482177586,0,22.97244100766753,0.9012047300539217,0.0208045643641019,0.0505551006642945
boundary=40,40,,38,1,11,86.35833309963228,0.5674385392659516,0,23.9768109603827,0.9097991405178176,0.0189062857080438,0.0548083515411306
boundary=40,40,,39,1,16,106.46548828778384,0.4966011111747395,0,19.077344815348727,0.9028523620887612,0.0204392472130839,0.0511148536862293
boundary=40,40,,40,1,12,101.55908262222512,0.5167454966789964,0,23.789731082462367,0.9016690694215403,0.0207015423160758,0.0453485120527733
boundary=40,40,,41,1,16,136.51785825628818,0.5350017981923585,0,21.81530282029824,0.9076414196897372,0.0193811781230377,0.0487262374026925
boundary=40,40,,42,1,21,80.14916028912475,0.4786883242852435,0,15.209365747169738,0.9015914023429696,0.0207187704602813,0.0566579783593882
boundary=40,40,,43,1,15,111.95363446633316,0.5610946032742081,0,23.03689407343624,0.9023938398296344,0.0205408449383138,0.0512246175928495
boundary=40,40,,44,1,16,131.68427261096673,0.5028781142648726,0,22.773603020075782,0.9044991263351791,0.0200747880112795,0.0524744284464942
boundary=40,40,,45,1,19,98.0580379844788,0.6273498494461813,0,15.722846864614056,0.9005477679039158,0.0209504139588414,0.0509006591905403
boundary=40,40,,46,1,15,118.2063744256608,0.4474477871618045,0,21.04637119251239,0.9078508963823464,0.0193350249795219,0.0492876397673421
boundary=40,40,,47,1,9,105.99056931086892,0.6274929659223887,0,24.74278918346192,0.906160608778248,0.0197077432535755,0.0504367331175615
boundary=40,40,,48,1,19,73.04020764899835,0.5943820218419125,0,16.55370754200293,0.904071435281818,0.0201693800765073,0.0478416833916017
boundary=40,40,,49,1,17,90.91385174426776,0.5800667116598457,0,20.13037558449155,0.904880240266026,0.0199905350473035,0.045304562964891
boundary=40,100,,0,1,14,230.654661719848,0.5064905222910512,0,21.158107931065903,0.9017436784908688,0.0206849938982037,0.0555107831171206
boundary=40,100,,1,1,17,271.75078554349074,0.4742175901855865,0,19.62385502878476,0.9046355174801592,0.0200446319041695,0.0481286453546992
boundary=40,100,,2,1,16,246.5325252224102,0.588059242145367,0,19.07985540818418,0.9005147839188593,0.0209577394090379,0.0491962225931205
boundary=40,100,,3,1,23,245.73555551113424,0.5272229267859354,0,13.645597686987369,0.9032378510401168,0.0203538718637448,0.0514402219806987
boundary=40,100,,4,1,16,279.0683008350898,0.5232457662409971,0,19.78199543880521,0.9018991578515608,0.0206505127120299,0.0504229565364712
boundary=40,100,,5,1,19,251.2666157687809,0.5542575168512074,0,17.075098464147743,0.9025940647867876,0.020496473459156,0.0465667988095498
boundary=40,100,,6,1,14,281.5455237429752,0.5224464964213773,0,20.93749196282728,0.9043506009378368,0.0201076321763723,0.0487482590172137
boundary=40,100,,7,1,17,271.936915839612,0.5576324664673264,0,19.916613160618432,0.9049817900612666,0.0199680913927828,0.0517393290576296
boundary=40,100,,8,1,20,281.3785050464971,0.5228165573293722,0,15.504729701338327,0.9034013395208742,0.0203176746015449,0.0505534245132704
boundary=40,100,,9,1,17,285.6997076062956,0.511356348204896,0,19.555023257705507,0.9014473277570696,0.0207507330762366,0.0486247983899112
boundary=40,100,,10,1,19,271.2143214280688,0.5044695217739179,0,17.878522132705427,0.9050222752746696,0.0199591444043897,0.0490388161847755
boundary=40,100,,11,1,20,279.00490674421167,0.54187544246124,0,16.46346716192111,0.9001854993868121,0.0210308852931743,0.0527725840595382
boundary=40,100,,12,1,19,242.89386286896655,0.526925429688516,0,17.869567440863577,0.9035849799622044,0.0202770233935125,0.0514657800706217
boundary=40,100,,13,1,19,240.7480337836707,0.5564533674787873,0,16.210757660138626,0.9038379887404768,0.0202210301292227,0.0493297420642211
boundary=40,100,,14,1,15,237.9540234742696,0.5383437725398952,0,20.86947970707532,0.904690323598552,0.0200325155418946,0.0520159978301974
boundary=40,100,,15,1,15,257.13251171984354,0.5843051924392997,0,20.442448381403597,0.9000044230189117,0.0210711202408889,0.048458415048484
boundary=40,100,,16,1,17,276.4452432636649,0.5468290704516356,0,19.58057490043283,0.9040678756991932,0.0201701675341115,0.0497982940279659
boundary=40,100,,17,1,17,278.29946576046285,0.5452732347411153,0,19.350409609915943,0.900491736573952,0.020962858178936,0.0486354451080916
boundary=40,100,,18,1,20,254.92963062388213,0.5447942617419184,0,15.090968863429373,0.9034892357345072,0.0202982165967479,0.050693943839249
boundary=40,100,,19,1,19,264.4465600263767,0.5594438238016985,0,18.05615545131854,0.9026061298678908,0.020493800053483,0.0528420383843875
boundary=40,100,,20,1,15,292.9056407969916,0.5436702450406692,0,20.99935589307246,0.9011535735034611,0.0208159176117604,0.0527209801219491
boundary=40,100,,21,1,20,253.6517108116168,0.5734556475880976,0,15.505712282351,0.9038845540018632,0.020210726499037,0.0505995335973381
boundary=40,100,,22,1,18,243.835815026492,0.553393732056551,0,18.004130852209645,0.9012094486453704,0.0208035171927015,0.0507288573436818
boundary=40,100,,23,1,13,258.9992463232085,0.5242289086666039,0,21.936219547987022,0.9012200118937927,0.0208011729681638,0.0481059226334398
boundary=40,100,,24,1,14,232.25866772529804,0.5596967615301089,0,21.77850719826079,0.9020100982454176,0.0206259127176297,0.0480218330084854
boundary=40,100,,25,1,19,303.7856695694391,0.5558127496654179,0,19.04044032772655,0.9018249925688612,0.020666959857282,0.0477097453680787
boundary=40,100,,26,1,15,278.99359447526894,0.5533866486646961,0,21.29440274981376,0.9030133257762042,0.0204035936893582,0.0508767370153369
boundary=40,100,,27,1,17,250.0937540712329,0.5534363012041679,0,18.66321421530049,0.902667118485282,0.0204802866161193,0.0501879954695992
boundary=40,100,,28,1,21,263.1545145945969,0.5417250150437185,0,17.467619329553898,0.9022786591492612,0.02056637437495,0.0469279827385369
boundary=40,100,,29,1,24,257.44529160951413,0.5513716070195571,0,13.09349908638232,0.9025398343570668,0.0205084903914762,0.053070132944302
boundary=40,100,,30,1,17,259.91876976835545,0.5771452241555928,0,17.732781435756785,0.9017955774195284,0.020673483435428,0.0499292911125794
boundary=40,100,,31,1,23,232.13879010424463,0.5304636248247498,0,11.937547695087222,0.9010780722421108,0.0208326748941159,0.0482508539967576
boundary=40,100,,32,1,18,262.1811950421859,0.548369684814968,0,17.74485509543681,0.9046455034189332,0.0200424241899098,0.0512819437055316
boundary=40,100,,33,1,18,291.01826673554484,0.5111740505473732,0,18.90080527349968,0.9030640622180932,0.0203923568636851,0.0492081457775776
boundary=40,100,,34,1,13,285.7629386930944,0.5277379495630758,0,21.55063035421407,0.9033461336866132,0.0203298967488226,0.0478175559192498
boundary=40,100,,35,1,20,286.44504970088303,0.5052032168876546,0,16.511934418886742,0.9037231610583752,0.020246440651521,0.0485730176483113
boundary=40,100,,36,1,18,206.74799511599176,0.5706709074066842,0,16.054248136833554,0.9011962230393348,0.0208064522935489,0.0519289020329529
boundary=40,100,,37,1,22,305.1507122951799,0.560293598203703,0,14.215547992958498,0.900363381376556,0.0209913680121444,0.0504027776900741
boundary=40,100,,38,1,19,256.05417036749793,0.5571957526931788,0,16.439353966965395,0.904049003739645,0.020174342476509,0.0499642161512087
boundary=40,100,,39,1,20,252.91372167042223,0.5139029183128596,0,16.600057181585264,0.902587777029204,0.0204978667276762,0.0510093059018105
boundary=40,100,,40,1,21,243.9137988316875,0.4883773251155119,0,15.272452703563378,0.9036980000047962,0.0202520090390385,0.0487298065445969
boundary=40,100,,41,1,18,281.19425275196,0.5420912965109066,0,18.871851557565257,0.903852089986992,0.0202179098495506,0.052230798049627
boundary=40,100,,42,1,17,209.9766930229996,0.5554743951798475,0,17.95874460003831,0.9005935150617694,0.0209402543654112,0.0470524920700886
boundary=40,100,,43,1,12,251.05884189030272,0.5528601094573544,0,22.29094128820134,0.9005356830445546,0.0209530978676531,0.0537372396140668
boundary=40,100,,44,1,16,251.91847517982487,0.503785400056296,0,21.380942493037388,0.9014242258121176,0.0207558586648915,0.0493774124502028
boundary=40,100,,45,1,23,276.57042064142183,0.4984527013628035,0,14.993138434653895,0.9040411156017248,0.0201760875527827,0.0499388909287585
boundary=40,100,,46,1,20,260.3848606720577,0.5260422811648866,0,17.090475309208685,0.9015771968194464,0.0207219216960626,0.0498474548572105
boundary=40,100,,47,1,19,222.628515359983,0.5330258166085808,0,17.335902518108277,0.9010408367243472,0.0208409397244961,0.0475039152607714
boundary=40,100,,48,1,18,243.8432718968684,0.5298203726309592,0,18.28974791165663,0.9030800156401848,0.0203888237187301,0.0517327325485493
boundary=40,100,,49,1,16,229.05570411232537,0.5084006475090168,0,19.25257364900459,0.9006336360515391,0.0209313446640997,0.0478420540499223
cost=75,10,,0,1,5,14.589599589120706,0.5189919638697844,0,22.88035184764978,0.9096645365219076,0.0189358777241646,0.0514947767647606
cost=75,10,,1,1,11,43.89310856864026,0.4473625934582068,0,26.01225039705037,0.9001586376451609,0.0210368534280659,0.0470137972151272
cost=75,10,,2,1,10,31.67909950760022,0.4362592489048211,0,26.215884834945378,0.9113375113299984,0.0185683931777865,0.0504916238271101
cost=75,10,,3,1,9,39.32138905908265,0.5844458668111026,0,27.458758609964125,0.9098745091727494,0.018889718197713,0.0510718484014883
cost=75,10,,4,1,5,9.656427687265657,0.5657236871739033,0,23.1688794647114,0.9033725716077784,0.0203240435031371,0.0566109539915455
cost=75,10,,5,1,6,27.81648118174587,0.5320013638861487,0,25.08313166971338,0.9165771464426036,0.017421808036955,0.0485148065919579
cost=75,10,,6,1,9,26.729698236277763,0.6537017088531882,0,28.52187419249196,0.9030538018397816,0.0203946292244244,0.0448421321330638
cost=75,10,,7,1,5,24.564425648632916,0.6410570558029864,0,25.297275667341687,0.9123704040302224,0.0183418453184574,0.0530681230954682
cost=75,10,,8,1,6,16.785991695844736,0.5758957654910422,0,26.39067341758457,0.9153623330966046,0.017687059927126,0.0490223592210482
cost=75,10,,9,1,14,53.08952634375872,0.4981934881091772,0,22.857560348725475,0.908725867353502,0.019142361271324,0.0560255433218859
cost=75,10,,10,1,10,38.40163388481081,0.41726117364978,0,24.956575877191703,0.916441413487405,0.0174514275854775,0.0544255754342466
cost=75,10,,11,1,9,34.821896527589395,0.3826093864020643,0,26.666022148620268,0.9012394342603371,0.020796862775979,0.0567061312951648
cost=75,10,,12,1,14,19.1755482583122,0.5805284459416971,0,25.029880471517394,0.917492771772644,0.0172221154522799,0.0560185150881695
cost=75,10,,13,1,5,30.318771839550557,0.6192789446733078,0,26.625167074531703,0.9148350436285204,0.0178023020292902,0.0392729848949411
cost=75,10,,14,1,8,13.894722800226846,0.5605674228528725,0,23.702917765222004,0.9149966941551408,0.0177669653316687,0.0562338636607838
cost=75,10,,15,1,11,40.69309304333787,0.6350299741563783,0,25.213873353521763,0.9069328835537888,0.0195373659783801,0.052786743947462
cost=75,10,,16,1,6,33.35597224070379,0.6495488176022968,0,29.221552793892144,0.9201810481992492,0.0166369673558078,0.0499841898562143
cost=75,10,,17,1,5,24.7240265768937,0.4808021917511009,0,26.29179120133032,0.9163970052337722,0.0174611192753042,0.0503714312462606
cost=75,10,,18,1,16,24.473654723250657,0.3328004492072833,0,22.800180161868965,0.9090906760387718,0.0190620872323417,0.0544380800876651
cost=75,10,,19,1,11,10.441418877222258,0.6535366639314577,0,23.17667225625502,0.9090258248727308,0.0190763550014392,0.0592918088239665
cost=75,10,,20,1,10,21.0589688832679,0.5548874436230427,0,25.26805547115918,0.9206493221228425,0.0165352145943924,0.0386274644160248
cost=75,10,,21,1,15,28.445223590755788,0.5660553793967158,0,22.50568309003944,0.901671287591542,0.020701050302465,0.051597857480327
cost=75,10,,22,1,14,25.2743247654863,0.4952071907231692,0,23.81836680409528,0.9067008270561374,0.0195885464339617,0.0428092121040076
cost=75,10,,23,1,64,21.03595161990564,0.5353899631755719,0,-13.057757349770002,0.9000362171190052,0.0210640550448288,0.0535619554530181
cost=75,10,,24,1,12,35.85089132732937,0.5698517168219919,0,25.972137806319232,0.9032712608854324,0.0203464742048902,0.0511093425687637
cost=75,10,,25,1,10,28.02350366317613,0.6625491380839557,0,23.56091255483176,0.901190710285963,0.0208076757274898,0.0494613902561141
cost=75,10,,26,1,9,27.4625550045882,0.6985321810264087,0,22.3385041696738,0.9058796150810264,0.0197697713908704,0.0499093634543332
cost=75,10,,27,1,8,7.618470226736051,0.4885843499264704,0,21.17161282570845,0.910076986545434,0.0188452164900584,0.0436248614067565
cost=75,10,,28,1,10,21.94908531670175,0.5061120237390369,0,22.2186373475496,0.902585063533248,0.0204984679988443,0.0520780523046322
cost=75,10,,29,1,5,22.216818984044416,0.4205947934611076,0,29.948443425875773,0.9092210210419704,0.0190334133798595,0.0515032643529634
cost=75,10,,30,1,15,17.770722594265408,0.5252397325797298,0,23.48084356662732,0.9036146511699852,0.020270456059772,0.0562177323582075
cost=75,10,,31,1,8,17.80823918203287,0.495591091690015,0,25.44926531433216,0.9055613325743648,0.0198400541147647,0.0548369625271045
cost=75,10,,32,1,11,29.61074517532861,0.6207220638441007,0,27.357888017672884,0.9132796069145828,0.0181426389088879,0.0516296439339815
cost=75,10,,33,0,120,47.21350026035236,0.6477836383561579,14,-70.96645160732503,0.8986987503333569,0.0213614789691614,0.0486038138492007
cost=75,10,,34,1,8,46.813524034583686,0.4052523496432307,0,28.263152788874567,0.9067482163935824,0.0195780935706454,0.0497304425153778
cost=75,10,,35,1,8,36.83020665472989,0.4917216535952413,0,29.758602421714635,0.901390905456092,0.0207632516261445,0.0521923213503033
cost=75,10,,36,0,120,52.630937547916055,0.4636599428184507,187,-63.8077633366806,0.8940061452379574,0.0224085259928573,0.0509985130901361
cost=75,10,,37,1,10,17.04563670887124,0.5642139155221695,0,25.277931448431467,0.9078408624005656,0.0193372354828702,0.0521648458032233
cost=75,10,,38,1,9,21.043367829259186,0.6029198880395679,0,25.619970041945265,0.929152553945506,0.0146964681152095,0.0655308766506919
cost=75,10,,39,1,10,22.16706174626339,0.6653085910429521,0,21.826560839545465,0.9070225909371312,0.0195175843719014,0.0532978277089925
cost=75,10,,40,1,12,28.404748349629592,0.619929654615363,0,25.046825733010127,0.903869368808851,0.0202140865123267,0.0401344610520973
cost=75,10,,41,1,15,27.35379937733823,0.4721486690867686,0,22.054273685188853,0.9074341113376508,0.0194268640131165,0.0507099699369837
cost=75,10,,42,1,10,19.605999568952317,0.4298087729533095,0,26.371391478932757,0.9088055992038292,0.0191248139876933,0.0550464056586284
cost=75,10,,43,1,8,23.260313863273133,0.524859346120002,0,28.42935063305057,0.9103978530741051,0.0187747147670989,0.0417250874110353
cost=75,10,,44,1,6,14.86492735983824,0.6639805662089262,0,23.686738218675103,0.9039465566171304,0.0201970078247809,0.0592249995118537
cost=75,10,,45,1,11,17.856081958844204,0.4803939858134649,0,26.405873295511327,0.9164133834435206,0.0174575448281382,0.0568588874032446
cost=75,10,,46,1,7,20.44586004278073,0.5048351316254078,0,28.343167444783248,0.9004396860387186,0.0209744189823279,0.0493535247130025
cost=75,10,,47,1,12,56.6633433788988,0.5529323049450667,0,24.74692137098984,0.902979826669957,0.0204110132316097,0.0469795009592129
cost=75,10,,48,1,10,21.11644483816881,0.618948791432965,0,22.794549496565445,0.902722839524695,0.0204679411304954,0.0464651644638238
cost=75,10,,49,1,14,21.555719924208557,0.504701578058619,0,26.309448426373777,0.9014333795397684,0.0207538277274234,0.0494517013955413
cost=75,40,,0,1,24,130.3664201868716,0.5317403122381694,0,16.98207052912608,0.9046174948744242,0.020048616444886,0.0438899897593966
cost=75,40,,1,1,17,95.36955763195166,0.514962888323327,0,20.92385251670394,0.903447901331287,0.0203073667552962,0.0525125827477572
cost=75,40,,2,1,12,108.89561406293925,0.5554994003045182,0,25.09712858523634,0.9067836458275476,0.0195702791098779,0.049169714398787
cost=75,40,,3,1,10,94.49193533701984,0.5394228072991014,0,23.423551632959903,0.9013593164656056,0.0207702606926487,0.0497172632615435
cost=75,40,,4,1,17,117.98366920565525,0.5350126661113681,0,20.63575120373756,0.9001575521573842,0.0210370946052065,0.0569827045161239
cost=75,40,,5,1,11,134.39751260758095,0.5085561462747261,0,25.21634677696104,0.907197448626303,0.0194790316746762,0.0519388369473987
cost=75,40,,6,1,12,112.92207976633723,0.3650295993505073,0,25.609291376461737,0.906599935058972,0.0196108024213583,0.0548029352289014
cost=75,40,,7,1,14,113.39706575853116,0.5930375442942233,0,22.49480577091421,0.9041057249310356,0.0201617946142027,0.0484081865718136
cost=75,40,,8,1,8,97.37056805064664,0.5359293081168781,0,26.343097480779324,0.9038309879210368,0.0202225792667098,0.0535630211578709
cost=75,40,,9,1,20,86.28522269804465,0.5818965949881689,0,15.97600205460448,0.9008821149605484,0.0208761735870896,0.0528209413286863
cost=75,40,,10,1,17,98.57125161417522,0.5561958367607747,0,19.1156569714663,0.9001467216368022,0.0210395009807819,0.0495492963492976
cost=75,40,,11,1,35,89.21771788717999,0.5818526128299994,0,6.633644845911537,0.9002238039989316,0.0210223750922875,0.0494485141838666
cost=75,40,,12,1,19,125.47858675895336,0.5341208432333755,0,19.622012127185464,0.9056212677777,0.0198268174144242,0.047842009363625
cost=75,40,,13,1,16,121.20867762438296,0.5540659926666947,0,22.177694083088745,0.9019553704838088,0.0206380477085869,0.0539533937567157
cost=75,40,,14,1,17,143.3631084628527,0.5536747641784798,0,21.286931715545297,0.9030026237456292,0.0204059639963486,0.0478754017066275
cost=75,40,,15,1,8,115.66076115921082,0.64209394142863,0,25.384204500325332,0.907397899832653,0.0194348452487966,0.0500812374273742
cost=75,40,,16,1,28,102.49260887360808,0.490393655238093,0,13.151851661195035,0.9013943776933752,0.0207624812099855,0.0511301938390059
cost=75,40,,17,1,16,115.67158049523236,0.5678044431846838,0,19.75190943040604,0.9035285942751082,0.0202895042221484,0.0461153415839269
cost=75,40,,18,1,20,85.5131020849801,0.6071635006139366,0,16.622349755044176,0.900882404179978,0.0208761093790477,0.047572375119174
cost=75,40,,19,1,14,98.42771696835412,0.5780849071642011,0,23.762304277128614,0.9067968637798997,0.0195673637824839,0.0553004635080928
cost=75,40,,20,1,13,120.38314021336348,0.4594439656491376,0,24.510993306520035,0.9039348668372356,0.0201995942288987,0.0498136571642387
cost=75,40,,21,1,19,120.32881167337813,0.4112381748193894,0,21.529469346339148,0.9001796452670239,0.021032185944835,0.0497672141793789
cost=75,40,,22,1,17,95.63640393497931,0.568004548279172,0,18.94975968301909,0.9007506742525272,0.0209053561617055,0.0506458548488631
cost=75,40,,23,1,23,123.99403288483082,0.554854209976035,0,17.00319868110532,0.9016740518568098,0.0207004371608315,0.0537444391407298
cost=75,40,,24,1,21,107.14489802797488,0.5230185696147542,0,18.167474794258624,0.901993823415584,0.0206295213195043,0.0509380987556883
cost=75,40,,25,1,12,109.70411990406006,0.5089460169230213,0,24.668450808523943,0.9059936125760966,0.0197446046201537,0.0475147821738983
cost=75,40,,26,1,23,97.44023321441954,0.5368059101512948,0,15.783641831041471,0.902789105462421,0.020453260321999,0.0509045828746055
cost=75,40,,27,1,12,108.44227402953956,0.5664048049746429,0,23.392391962679906,0.9060265303849012,0.0197373380764707,0.048382229225286
cost=75,40,,28,1,16,111.21187746342125,0.5087801321439773,0,20.85018887784147,0.9005830800987457,0.0209425717313045,0.0538891680566078
cost=75,40,,29,1,13,144.3738069579925,0.4967071929847346,0,23.99935400979332,0.9045972000263656,0.0200531034409549,0.0473874063490133
cost=75,40,,30,1,14,97.40549199197456,0.487896756872719,0,22.45503104585457,0.9009537147285775,0.0208602787387605,0.050193699290879
cost=75,40,,31,1,24,78.51369436733248,0.5564716835455035,0,14.615631131595295,0.9002475409046959,0.0210171016052459,0.0484831551252746
cost=75,40,,32,1,21,114.24278504511312,0.4718388959695987,0,19.260917889728347,0.9025018213155568,0.0205169141397916,0.0532107231168115
cost=75,40,,33,1,11,127.43908251199916,0.5390616878475103,0,25.988879445304587,0.9013271158780892,0.0207774057150867,0.0531041188864762
cost=75,40,,34,1,14,113.32374347306867,0.5948583972718917,0,22.98038686189965,0.9023614662547302,0.0205480201104379,0.0458519203466845
cost=75,40,,35,1,27,79.32229050397221,0.5886951912572254,0,10.643005713054109,0.9015725148134388,0.0207229603244088,0.0474308848347473
cost=75,40,,36,1,13,117.62228872372222,0.5998571658481922,0,20.62053955593169,0.9028323409746009,0.0204436823426782,0.0598385335133019
cost=75,40,,37,1,14,122.1663026941002,0.5063430031919798,0,23.20756169858204,0.9013035757701794,0.0207826292160557,0.0505551006642945
cost=75,40,,38,1,11,94.23055015774943,0.5802018035079044,0,24.483448823123503,0.908761985578275,0.0191344122278749,0.0548083515411306
cost=75,40,,39,1,17,117.42606268073948,0.5050271449437529,0,19.398416373789267,0.902399326575842,0.0205396288995322,0.0511148536862293
cost=75,40,,40,1,12,109.12268362099756,0.5202810156279265,0,24.068753990481703,0.9004840790889025,0.0209645589202748,0.0453485120527733
cost=75,40,,41,1,16,144.53838796614838,0.5374984339853937,0,22.49147710012773,0.902134374280038,0.0205983592624138,0.0487262374026925
cost=75,40,,42,1,22,87.96905582899639,0.4834023412005332,0,14.85746623510917,0.9006369895694141,0.0209305999635917,0.0566579783593882
cost=75,40,,43,1,15,121.72809820504932,0.5782222957035035,0,23.92563185781227,0.902838112610778,0.020442403784641,0.0512246175928495
cost=75,40,,44,1,16,141.79246356745378,0.4958856580789197,0,23.56544936440135,0.9059153786103706,0.0197618756787235,0.0524744284464942
cost=75,40,,45,1,23,103.3503517897,0.6288673998474168,0,14.22602474754808,0.9008748820345236,0.0208777793365967,0.0509006591905403
cost=75,40,,46,1,15,135.1175892744086,0.4511024498927536,0,22.22516269674696,0.905248517752765,0.0199091535455315,0.0492876397673421
cost=75,40,,47,1,9,114.011482322099,0.6324329907749657,0,25.020312584409027,0.9087723428519512,0.0191321328159234,0.0504367331175615
cost=75,40,,48,1,20,75.50853490128435,0.6125285717379587,0,15.651959120002196,0.9018263206213228,0.0206666653319595,0.0478416833916017
cost=75,40,,49,1,18,102.87165017938608,0.5618785409947529,0,20.51031829811307,0.9009649570914208,0.0208577830960838,0.045304562964891
cost=75,100,,0,1,16,251.5128708682366,0.5136755923624241,0,20.452849750094224,0.9013614336282584,0.0207697909221304,0.0555107831171206
cost=75,100,,1,1,18,299.1359806808242,0.4793739949021174,0,20.455165058346445,0.9032078961605032,0.0203605047514831,0.0481286453546992
cost=75,100,,2,1,18,265.4923173960087,0.5811415694981645,0,18.76282175196023,0.9010270791119148,0.0208439934634394,0.0491962225931205
cost=75,100,,3,1,24,268.2806886595133,0.5333000559861749,0,14.727165547757624,0.9018253553797708,0.020666879395809,0.0514402219806987
cost=75,100,,4,1,17,327.809258522323,0.5286827748068241,0,20.25737819281131,0.9019382029036488,0.0206418544919612,0.0504229565364712
cost=75,100,,5,1,20,276.875945018046,0.5406612772608155,0,18.166811046858136,0.9020080752295538,0.0206263612753867,0.0465667988095498
cost=75,100,,6,1,15,311.5676404675194,0.5190296393538898,0,21.11707957167457,0.901416843973374,0.0207574964884063,0.0487482590172137
cost=75,100,,7,1,17,296.1613414324532,0.5571403838733224,0,20.972473660715178,0.9006749363251436,0.0209221734928201,0.0517393290576296
cost=75,100,,8,1,21,305.27640858136976,0.5152181563852387,0,16.586749665869064,0.9033042324773476,0.0203391738530278,0.0505534245132704
cost=75,100,,9,1,18,317.4855115641581,0.5024772043318133,0,20.467305243405804,0.9021408561849882,0.0205969222521748,0.0486247983899112
cost=75,100,,10,1,19,288.52440654543307,0.5074247423816709,0,18.96840650342521,0.9007701925729348,0.0209010224188624,0.0490388161847755
cost=75,100,,11,1,22,311.8644643675696,0.5338060421623874,0,16.901682461546983,0.9007530366128242,0.020904831630941,0.0527725840595382
cost=75,100,,12,1,20,271.5245664331942,0.526757359603258,0,19.029911467600517,0.9039000798102372,0.0202072911764695,0.0514657800706217
cost=75,100,,13,1,19,275.48297677889525,0.5199686577691318,0,18.782184211871325,0.9003781378280556,0.0209880901510316,0.0493297420642211
cost=75,100,,14,1,15,258.5735248451181,0.5224379606201779,0,21.68230735228451,0.9012780548635172,0.020788292406278,0.0520159978301974
cost=75,100,,15,1,16,277.9860492730856,0.5797255148211755,0,21.41917385938165,0.9028008966640982,0.0204506481671546,0.048458415048484
cost=75,100,,16,1,18,298.2321787074308,0.5386964350456518,0,20.427320069511158,0.9026306722588432,0.0204883620099144,0.0497982940279659
cost=75,100,,17,1,19,307.00131222326706,0.5506100250207144,0,19.45870224152438,0.9007533823272734,0.0209047548697492,0.0486354451080916
cost=75,100,,18,1,20,293.54293769429506,0.5293464247689352,0,16.684804225286253,0.9001627502301413,0.0210359396834406,0.050693943839249
cost=75,100,,19,1,20,283.8816209699052,0.5537728909232875,0,18.79006332029885,0.9024818297696487,0.0205213444394005,0.0528420383843875
cost=75,100,,20,1,16,313.4913726347544,0.5539827465948406,0,20.771727645340228,0.9035949105839622,0.0202748253562701,0.0527209801219491
cost=75,100,,21,1,20,277.6535124470332,0.5682558352167808,0,16.64252317902963,0.9000069748265028,0.0210705531761261,0.0505995335973381
cost=75,100,,22,1,19,289.9937474829205,0.5361201947855028,0,19.3751726104521,0.9014059486208976,0.0207599138868375,0.0507288573436818
cost=75,100,,23,1,14,295.77987842179374,0.5104545387237509,0,22.18846225452704,0.901510702262182,0.020736672958567,0.0481059226334398
cost=75,100,,24,1,15,248.7022976086502,0.5748025365841134,0,21.944769072580836,0.9019080181238202,0.0206485479183697,0.0480218330084854
cost=75,100,,25,1,20,340.5976149523111,0.5347814237449955,0,20.188714478444965,0.9014363639807798,0.0207531655739823,0.0477097453680787
cost=75,100,,26,1,16,303.0026077643471,0.5489356970167358,0,21.92525617659301,0.904816560072723,0.0200046103760143,0.0508767370153369
cost=75,100,,27,1,18,273.5225208049679,0.5519062143085574,0,19.419422120054183,0.9021468400970518,0.0205955956539663,0.0501879954695992
cost=75,100,,28,1,22,304.47192848846555,0.4989787837166073,0,18.975362037919396,0.9012421706769153,0.0207962555206105,0.0469279827385369
cost=75,100,,29,1,25,282.24056230068504,0.5512421299171995,0,14.961402612679002,0.9012304349687827,0.0207988598782237,0.053070132944302
cost=75,100,,30,1,18,295.0700730999479,0.5681177519591403,0,18.972862435967716,0.9025604530705263,0.0205039214013532,0.0499292911125794
cost=75,100,,31,1,25,273.3389164908751,0.5325838033253281,0,13.060570335880072,0.9018214466891922,0.0206677462374931,0.0482508539967576
cost=75,100,,32,1,19,286.9673199353156,0.5519887296001027,0,18.64830306951319,0.9007166727131994,0.0209129059048389,0.0512819437055316
cost=75,100,,33,1,19,330.5204268780768,0.5049464195580959,0,19.696318217169985,0.9011296694525516,0.0208212228934922,0.0492081457775776
cost=75,100,,34,1,14,319.15836628978684,0.5254897958361815,0,21.67429350346868,0.9021676417558858,0.0205909841166663,0.0478175559192498
cost=75,100,,35,1,20,312.8549084021269,0.4952710489674978,0,17.911508411785192,0.9017738618619155,0.0206782995644089,0.0485730176483113
cost=75,100,,36,1,19,227.90907494568967,0.5809946225935652,0,15.910837430742312,0.9003402786296781,0.0209964999497069,0.0519289020329529
cost=75,100,,37,1,24,351.4172629249204,0.5265541431748246,0,14.858248827140416,0.9026726451482816,0.0204790621013525,0.0504027776900741
cost=75,100,,38,1,19,276.0663502298395,0.5658940196489017,0,17.165370456078534,0.9011724201799898,0.0208117348664423,0.0499642161512087
cost=75,100,,39,1,21,279.6504620833832,0.51928659417554,0,17.306422427399582,0.9015766935089968,0.0207220333471984,0.0510093059018105
cost=75,100,,40,1,23,271.80232632847105,0.4900718601707283,0,15.998911751368311,0.901666276002796,0.0207021619276753,0.0487298065445969
cost=75,100,,41,1,19,318.9338492085071,0.5333406376116294,0,19.894036607687102,0.9021702822628932,0.020590398748045,0.052230798049627
cost=75,100,,42,1,18,235.234178489771,0.5379893389387227,0,18.824874787568064,0.9000883427178132,0.0210524723799431,0.0470524920700886
cost=75,100,,43,1,15,279.2951344571477,0.5470128184592074,0,20.67380419395105,0.900816364561266,0.0208907710128096,0.0537372396140668
cost=75,100,,44,1,17,273.73276887621125,0.509277520676495,0,21.869845670525716,0.9001859081545106,0.0210307944746472,0.0493774124502028
cost=75,100,,45,1,24,299.2840307155673,0.5109923196985071,0,15.301246665094162,0.9024034567617888,0.0205387135228529,0.0499388909287585
cost=75,100,,46,1,24,295.6569647997976,0.5024530307293567,0,17.032727878837964,0.9000717728219377,0.0210561542515129,0.0498474548572105
cost=75,100,,47,1,20,247.40958877873683,0.5299620610502476,0,18.317348670968904,0.9025296779170732,0.0205107410394262,0.0475039152607714
cost=75,100,,48,1,19,267.9969602005867,0.5306859515704103,0,19.52403332799096,0.9005074732619893,0.0209593630773387,0.0517327325485493
cost=75,100,,49,1,17,254.74496407317667,0.5128346794230119,0,19.784457716038496,0.9024944457586404,0.0205185486156187,0.0478420540499223
boundary=20,10,,0,1,5,14.589599589120706,0.5189919638697844,0,22.88035184764978,0.9096645365219076,0.0189358777241646,0.0514947767647606
boundary=20,10,,1,1,11,43.89310856864026,0.4473625934582068,0,26.01225039705037,0.9001586376451609,0.0210368534280659,0.0470137972151272
boundary=20,10,,2,1,10,31.67909950760022,0.4362592489048211,0,26.215884834945378,0.9113375113299984,0.0185683931777865,0.0504916238271101
boundary=20,10,,3,1,9,39.32138905908265,0.5844458668111026,0,27.458758609964125,0.9098745091727494,0.018889718197713,0.0510718484014883
boundary=20,10,,4,1,5,9.656427687265657,0.5657236871739033,0,23.1688794647114,0.9033725716077784,0.0203240435031371,0.0566109539915455
boundary=20,10,,5,1,6,27.81648118174587,0.5320013638861487,0,25.08313166971338,0.9165771464426036,0.017421808036955,0.0485148065919579
boundary=20,10,,6,1,9,26.729698236277763,0.6537017088531882,0,28.52187419249196,0.9030538018397816,0.0203946292244244,0.0448421321330638
boundary=20,10,,7,1,5,24.564425648632916,0.6410570558029864,0,25.297275667341687,0.9123704040302224,0.0183418453184574,0.0530681230954682
boundary=20,10,,8,1,6,16.785991695844736,0.5758957654910422,0,26.39067341758457,0.9153623330966046,0.017687059927126,0.0490223592210482
boundary=20,10,,9,1,14,53.08952634375872,0.4981934881091772,0,22.857560348725475,0.908725867353502,0.019142361271324,0.0560255433218859
boundary=20,10,,10,1,10,38.40163388481081,0.41726117364978,0,24.956575877191703,0.916441413487405,0.0174514275854775,0.0544255754342466
boundary=20,10,,11,1,9,34.821896527589395,0.3826093864020643,0,26.666022148620268,0.9012394342603371,0.020796862775979,0.0567061312951648
boundary=20,10,,12,1,14,19.1755482583122,0.5805284459416971,0,25.029880471517394,0.917492771772644,0.0172221154522799,0.0560185150881695
boundary=20,10,,13,1,5,30.318771839550557,0.6192789446733078,0,26.625167074531703,0.9148350436285204,0.0178023020292902,0.0392729848949411
boundary=20,10,,14,1,8,13.894722800226846,0.5605674228528725,0,23.702917765222004,0.9149966941551408,0.0177669653316687,0.0562338636607838
boundary=20,10,,15,1,11,40.69309304333787,0.6350299741563783,0,25.213873353521763,0.9069328835537888,0.0195373659783801,0.052786743947462
boundary=20,10,,16,1,6,33.35597224070379,0.6495488176022968,0,29.221552793892144,0.9201810481992492,0.0166369673558078,0.0499841898562143
boundary=20,10,,17,1,5,24.7240265768937,0.4808021917511009,0,26.29179120133032,0.9163970052337722,0.0174611192753042,0.0503714312462606
boundary=20,10,,18,1,16,24.473654723250657,0.3328004492072833,0,22.800180161868965,0.9090906760387718,0.0190620872323417,0.0544380800876651
boundary=20,10,,19,1,11,10.441418877222258,0.6535366639314577,0,23.17667225625502,0.9090258248727308,0.0190763550014392,0.0592918088239665
boundary=20,10,,20,1,10,21.0589688832679,0.5548874436230427,0,25.26805547115918,0.9206493221228425,0.0165352145943924,0.0386274644160248
boundary=20,10,,21,1,15,28.445223590755788,0.5660553793967158,0,22.50568309003944,0.901671287591542,0.020701050302465,0.051597857480327
boundary=20,10,,22,1,14,25.2743247654863,0.4952071907231692,0,23.81836680409528,0.9067008270561374,0.0195885464339617,0.0428092121040076
boundary=20,10,,23,1,64,21.03595161990564,0.5353899631755719,0,-13.057757349770002,0.9000362171190052,0.0210640550448288,0.0535619554530181
boundary=20,10,,24,1,12,35.85089132732937,0.5698517168219919,0,25.972137806319232,0.9032712608854324,0.0203464742048902,0.0511093425687637
boundary=20,10,,25,1,10,28.02350366317613,0.6625491380839557,0,23.56091255483176,0.901190710285963,0.0208076757274898,0.0494613902561141
boundary=20,10,,26,1,9,27.4625550045882,0.6985321810264087,0,22.3385041696738,0.9058796150810264,0.0197697713908704,0.0499093634543332
boundary=20,10,,27,1,8,7.618470226736051,0.4885843499264704,0,21.17161282570845,0.910076986545434,0.0188452164900584,0.0436248614067565
boundary=20,10,,28,1,10,21.94908531670175,0.5061120237390369,0,22.2186373475496,0.902585063533248,0.0204984679988443,0.0520780523046322
boundary=20,10,,29,1,5,22.216818984044416,0.4205947934611076,0,29.948443425875773,0.9092210210419704,0.0190334133798595,0.0515032643529634
boundary=20,10,,30,1,15,17.770722594265408,0.5252397325797298,0,23.48084356662732,0.9036146511699852,0.020270456059772,0.0562177323582075
boundary=20,10,,31,1,8,17.80823918203287,0.495591091690015,0,25.44926531433216,0.9055613325743648,0.0198400541147647,0.0548369625271045
boundary=20,10,,32,1,11,29.61074517532861,0.6207220638441007,0,27.357888017672884,0.9132796069145828,0.0181426389088879,0.0516296439339815
boundary=20,10,,33,0,120,47.21350026035236,0.6477836383561579,14,-70.96645160732503,0.8986987503333569,0.0213614789691614,0.0486038138492007
boundary=20,10,,34,1,8,46.813524034583686,0.4052523496432307,0,28.263152788874567,0.9067482163935824,0.0195780935706454,0.0497304425153778
boundary=20,10,,35,1,8,36.83020665472989,0.4917216535952413,0,29.758602421714635,0.901390905456092,0.0207632516261445,0.0521923213503033
boundary=20,10,,36,0,120,52.630937547916055,0.4636599428184507,187,-63.8077633366806,0.8940061452379574,0.0224085259928573,0.0509985130901361
boundary=20,10,,37,1,10,17.04563670887124,0.5642139155221695,0,25.277931448431467,0.9078408624005656,0.0193372354828702,0.0521648458032233
boundary=20,10,,38,1,9,21.043367829259186,0.6029198880395679,0,25.619970041945265,0.929152553945506,0.0146964681152095,0.0655308766506919
boundary=20,10,,39,1,10,22.16706174626339,0.6653085910429521,0,21.826560839545465,0.9070225909371312,0.0195175843719014,0.0532978277089925
boundary=20,10,,40,1,12,28.404748349629592,0.619929654615363,0,25.046825733010127,0.903869368808851,0.0202140865123267,0.0401344610520973
boundary=20,10,,41,1,15,27.35379937733823,0.4721486690867686,0,22.054273685188853,0.9074341113376508,0.0194268640131165,0.0507099699369837
boundary=20,10,,42,1,10,19.605999568952317,0.4298087729533095,0,26.371391478932757,0.9088055992038292,0.0191248139876933,0.0550464056586284
boundary=20,10,,43,1,8,23.260313863273133,0.524859346120002,0,28.42935063305057,0.9103978530741051,0.0187747147670989,0.0417250874110353
boundary=20,10,,44,1,6,14.86492735983824,0.6639805662089262,0,23.686738218675103,0.9039465566171304,0.0201970078247809,0.0592249995118537
boundary=20,10,,45,1,11,17.856081958844204,0.4803939858134649,0,26.405873295511327,0.9164133834435206,0.0174575448281382,0.0568588874032446
boundary=20,10,,46,1,7,20.44586004278073,0.5048351316254078,0,28.343167444783248,0.9004396860387186,0.0209744189823279,0.0493535247130025
boundary=20,10,,47,1,12,56.6633433788988,0.5529323049450667,0,24.74692137098984,0.902979826669957,0.0204110132316097,0.0469795009592129
boundary=20,10,,48,1,10,21.11644483816881,0.618948791432965,0,22.794549496565445,0.902722839524695,0.0204679411304954,0.0464651644638238
boundary=20,10,,49,1,14,21.555719924208557,0.504701578058619,0,26.309448426373777,0.9014333795397684,0.0207538277274234,0.0494517013955413
boundary=20,40,,0,1,24,130.3664201868716,0.5317403122381694,0,16.98207052912608,0.9046174948744242,0.020048616444886,0.0438899897593966
boundary=20,40,,1,1,17,95.36955763195166,0.514962888323327,0,20.92385251670394,0.903447901331287,0.0203073667552962,0.0525125827477572
boundary=20,40,,2,1,12,108.89561406293925,0.5554994003045182,0,25.09712858523634,0.9067836458275476,0.0195702791098779,0.049169714398787
boundary=20,40,,3,1,10,94.49193533701984,0.5394228072991014,0,23.423551632959903,0.9013593164656056,0.0207702606926487,0.0497172632615435
boundary=20,40,,4,1,17,117.98366920565525,0.5350126661113681,0,20.63575120373756,0.9001575521573842,0.0210370946052065,0.0569827045161239
boundary=20,40,,5,1,11,134.39751260758095,0.5085561462747261,0,25.21634677696104,0.907197448626303,0.0194790316746762,0.0519388369473987
boundary=20,40,,6,1,12,112.92207976633723,0.3650295993505073,0,25.609291376461737,0.906599935058972,0.0196108024213583,0.0548029352289014
boundary=20,40,,7,1,14,113.39706575853116,0.5930375442942233,0,22.49480577091421,0.9041057249310356,0.0201617946142027,0.0484081865718136
boundary=20,40,,8,1,8,97.37056805064664,0.5359293081168781,0,26.343097480779324,0.9038309879210368,0.0202225792667098,0.0535630211578709
boundary=20,40,,9,1,20,86.28522269804465,0.5818965949881689,0,15.97600205460448,0.9008821149605484,0.0208761735870896,0.0528209413286863
boundary=20,40,,10,1,17,98.57125161417522,0.5561958367607747,0,19.1156569714663,0.9001467216368022,0.0210395009807819,0.0495492963492976
boundary=20,40,,11,1,35,89.21771788717999,0.5818526128299994,0,6.633644845911537,0.9002238039989316,0.0210223750922875,0.0494485141838666
boundary=20,40,,12,1,19,125.47858675895336,0.5341208432333755,0,19.622012127185464,0.9056212677777,0.0198268174144242,0.047842009363625
boundary=20,40,,13,1,16,121.20867762438296,0.5540659926666947,0,22.177694083088745,0.9019553704838088,0.0206380477085869,0.0539533937567157
boundary=20,40,,14,1,17,143.3631084628527,0.5536747641784798,0,21.286931715545297,0.9030026237456292,0.0204059639963486,0.0478754017066275
boundary=20,40,,15,1,8,115.66076115921082,0.64209394142863,0,25.384204500325332,0.907397899832653,0.0194348452487966,0.0500812374273742
boundary=20,40,,16,1,28,102.49260887360808,0.490393655238093,0,13.151851661195035,0.9013943776933752,0.0207624812099855,0.0511301938390059
boundary=20,40,,17,1,16,115.67158049523236,0.5678044431846838,0,19.75190943040604,0.9035285942751082,0.0202895042221484,0.0461153415839269
boundary=20,40,,18,1,20,85.5131020849801,0.6071635006139366,0,16.622349755044176,0.900882404179978,0.0208761093790477,0.047572375119174
boundary=20,40,,19,1,14,98.42771696835412,0.5780849071642011,0,23.762304277128614,0.9067968637798997,0.0195673637824839,0.0553004635080928
boundary=20,40,,20,1,13,120.38314021336348,0.4594439656491376,0,24.510993306520035,0.9039348668372356,0.0201995942288987,0.0498136571642387
boundary=20,40,,21,1,19,120.32881167337813,0.4112381748193894,0,21.529469346339148,0.9001796452670239,0.021032185944835,0.0497672141793789
boundary=20,40,,22,1,17,95.63640393497931,0.568004548279172,0,18.94975968301909,0.9007506742525272,0.0209053561617055,0.0506458548488631
boundary=20,40,,23,1,23,123.99403288483082,0.554854209976035,0,17.00319868110532,0.9016740518568098,0.0207004371608315,0.0537444391407298
boundary=20,40,,24,1,21,107.14489802797488,0.5230185696147542,0,18.167474794258624,0.901993823415584,0.0206295213195043,0.0509380987556883
boundary=20,40,,25,1,12,109.70411990406006,0.5089460169230213,0,24.668450808523943,0.9059936125760966,0.0197446046201537,0.0475147821738983
boundary=20,40,,26,1,23,97.44023321441954,0.5368059101512948,0,15.783641831041471,0.902789105462421,0.020453260321999,0.0509045828746055
boundary=20,40,,27,1,12,108.44227402953956,0.5664048049746429,0,23.392391962679906,0.9060265303849012,0.0197373380764707,0.048382229225286
boundary=20,40,,28,1,16,111.21187746342125,0.5087801321439773,0,20.85018887784147,0.9005830800987457,0.0209425717313045,0.0538891680566078
boundary=20,40,,29,1,13,144.3738069579925,0.4967071929847346,0,23.99935400979332,0.9045972000263656,0.0200531034409549,0.0473874063490133
boundary=20,40,,30,1,14,97.40549199197456,0.487896756872719,0,22.45503104585457,0.9009537147285775,0.0208602787387605,0.050193699290879
boundary=20,40,,31,1,24,78.51369436733248,0.5564716835455035,0,14.615631131595295,0.9002475409046959,0.0210171016052459,0.0484831551252746
boundary=20,40,,32,1,21,114.24278504511312,0.4718388959695987,0,19.260917889728347,0.9025018213155568,0.0205169141397916,0.0532107231168115
boundary=20,40,,33,1,11,127.43908251199916,0.5390616878475103,0,25.988879445304587,0.9013271158780892,0.0207774057150867,0.0531041188864762
boundary=20,40,,34,1,14,113.32374347306867,0.5948583972718917,0,22.98038686189965,0.9023614662547302,0.0205480201104379,0.0458519203466845
boundary=20,40,,35,1,27,79.32229050397221,0.5886951912572254,0,10.643005713054109,0.9015725148134388,0.0207229603244088,0.0474308848347473
boundary=20,40,,36,1,13,117.62228872372222,0.5998571658481922,0,20.62053955593169,0.9028323409746009,0.0204436823426782,0.0598385335133019
boundary=20,40,,37,1,14,122.1663026941002,0.5063430031919798,0,23.20756169858204,0.9013035757701794,0.0207826292160557,0.0505551006642945
boundary=20,40,,38,1,11,94.23055015774943,0.5802018035079044,0,24.483448823123503,0.908761985578275,0.0191344122278749,0.0548083515411306
boundary=20,40,,39,1,17,117.42606268073948,0.5050271449437529,0,19.398416373789267,0.902399326575842,0.0205396288995322,0.0511148536862293
boundary=20,40,,40,1,12,109.12268362099756,0.5202810156279265,0,24.068753990481703,0.9004840790889025,0.0209645589202748,0.0453485120527733
boundary=20,40,,41,1,16,144.53838796614838,0.5374984339853937,0,22.49147710012773,0.902134374280038,0.0205983592624138,0.0487262374026925
boundary=20,40,,42,1,22,87.96905582899639,0.4834023412005332,0,14.85746623510917,0.9006369895694141,0.0209305999635917,0.0566579783593882
boundary=20,40,,43,1,15,121.72809820504932,0.5782222957035035,0,23.92563185781227,0.902838112610778,0.020442403784641,0.0512246175928495
boundary=20,40,,44,1,16,141.79246356745378,0.4958856580789197,0,23.56544936440135,0.9059153786103706,0.0197618756787235,0.0524744284464942
boundary=20,40,,45,1,23,103.3503517897,0.6288673998474168,0,14.22602474754808,0.9008748820345236,0.0208777793365967,0.0509006591905403
boundary=20,40,,46,1,15,135.1175892744086,0.4511024498927536,0,22.22516269674696,0.905248517752765,0.0199091535455315,0.0492876397673421
boundary=20,40,,47,1,9,114.011482322099,0.6324329907749657,0,25.020312584409027,0.9087723428519512,0.0191321328159234,0.0504367331175615
boundary=20,40,,48,1,20,75.50853490128435,0.6125285717379587,0,15.651959120002196,0.9018263206213228,0.0206666653319595,0.0478416833916017
boundary=20,40,,49,1,18,102.87165017938608,0.5618785409947529,0,20.51031829811307,0.9009649570914208,0.0208577830960838,0.045304562964891
boundary=20,100,,0,1,16,251.5128708682366,0.5136755923624241,0,20.452849750094224,0.9013614336282584,0.0207697909221304,0.0555107831171206
boundary=20,100,,1,1,18,299.1359806808242,0.4793739949021174,0,20.455165058346445,0.9032078961605032,0.0203605047514831,0.0481286453546992
boundary=20,100,,2,1,18,265.4923173960087,0.5811415694981645,0,18.76282175196023,0.9010270791119148,0.0208439934634394,0.0491962225931205
boundary=20,100,,3,1,24,268.2806886595133,0.5333000559861749,0,14.727165547757624,0.9018253553797708,0.020666879395809,0.0514402219806987
boundary=20,100,,4,1,17,327.809258522323,0.5286827748068241,0,20.25737819281131,0.9019382029036488,0.0206418544919612,0.0504229565364712
boundary=20,100,,5,1,20,276.875945018046,0.5406612772608155,0,18.166811046858136,0.9020080752295538,0.0206263612753867,0.0465667988095498
boundary=20,100,,6,1,15,311.5676404675194,0.5190296393538898,0,21.11707957167457,0.901416843973374,0.0207574964884063,0.0487482590172137
boundary=20,100,,7,1,17,296.1613414324532,0.5571403838733224,0,20.972473660715178,0.9006749363251436,0.0209221734928201,0.0517393290576296
boundary=20,100,,8,1,21,305.27640858136976,0.5152181563852387,0,16.586749665869064,0.9033042324773476,0.0203391738530278,0.0505534245132704
boundary=20,100,,9,1,18,317.4855115641581,0.5024772043318133,0,20.467305243405804,0.9021408561849882,0.0205969222521748,0.0486247983899112
boundary=20,100,,10,1,19,288.52440654543307,0.5074247423816709,0,18.96840650342521,0.9007701925729348,0.0209010224188624,0.0490388161847755
boundary=20,100,,11,1,22,311.8644643675696,0.5338060421623874,0,16.901682461546983,0.9007530366128242,0.020904831630941,0.0527725840595382
boundary=20,100,,12,1,20,271.5245664331942,0.526757359603258,0,19.029911467600517,0.9039000798102372,0.0202072911764695,0.0514657800706217
boundary=20,100,,13,1,19,275.48297677889525,0.5199686577691318,0,18.782184211871325,0.9003781378280556,0.0209880901510316,0.0493297420642211
boundary=20,100,,14,1,15,258.5735248451181,0.5224379606201779,0,21.68230735228451,0.9012780548635172,0.020788292406278,0.0520159978301974
boundary=20,100,,15,1,16,277.9860492730856,0.5797255148211755,0,21.41917385938165,0.9028008966640982,0.0204506481671546,0.048458415048484
boundary=20,100,,16,1,18,298.2321787074308,0.5386964350456518,0,20.427320069511158,0.9026306722588432,0.0204883620099144,0.0497982940279659
boundary=20,100,,17,1,19,307.00131222326706,0.5506100250207144,0,19.45870224152438,0.9007533823272734,0.0209047548697492,0.0486354451080916
boundary=20,100,,18,1,20,293.54293769429506,0.5293464247689352,0,16.684804225286253,0.9001627502301413,0.0210359396834406,0.050693943839249
boundary=20,100,,19,1,20,283.8816209699052,0.5537728909232875,0,18.79006332029885,0.9024818297696487,0.0205213444394005,0.0528420383843875
boundary=20,100,,20,1,16,313.4913726347544,0.5539827465948406,0,20.771727645340228,0.9035949105839622,0.0202748253562701,0.0527209801219491
boundary=20,100,,21,1,20,277.6535124470332,0.5682558352167808,0,16.64252317902963,0.9000069748265028,0.0210705531761261,0.0505995335973381
boundary=20,100,,22,1,19,289.9937474829205,0.5361201947855028,0,19.3751726104521,0.9014059486208976,0.0207599138868375,0.0507288573436818
boundary=20,100,,23,1,14,295.77987842179374,0.5104545387237509,0,22.18846225452704,0.901510702262182,0.020736672958567,0.0481059226334398
boundary=20,100,,24,1,15,248.7022976086502,0.5748025365841134,0,21.944769072580836,0.9019080181238202,0.0206485479183697,0.0480218330084854
boundary=20,100,,25,1,20,340.5976149523111,0.5347814237449955,0,20.188714478444965,0.9014363639807798,0.0207531655739823,0.0477097453680787
boundary=20,100,,26,1,16,303.0026077643471,0.5489356970167358,0,21.92525617659301,0.904816560072723,0.0200046103760143,0.0508767370153369
boundary=20,100,,27,1,18,273.5225208049679,0.5519062143085574,0,19.419422120054183,0.9021468400970518,0.0205955956539663,0.0501879954695992
boundary=20,100,,28,1,22,304.47192848846555,0.4989787837166073,0,18.975362037919396,0.9012421706769153,0.0207962555206105,0.0469279827385369
boundary=20,100,,29,1,25,282.24056230068504,0.5512421299171995,0,14.961402612679002,0.9012304349687827,0.0207988598782237,0.053070132944302
boundary=20,100,,30,1,18,295.0700730999479,0.5681177519591403,0,18.972862435967716,0.9025604530705263,0.0205039214013532,0.0499292911125794
boundary=20,100,,31,1,25,273.3389164908751,0.5325838033253281,0,13.060570335880072,0.9018214466891922,0.0206677462374931,0.0482508539967576
boundary=20,100,,32,1,19,286.9673199353156,0.5519887296001027,0,18.64830306951319,0.9007166727131994,0.0209129059048389,0.0512819437055316
boundary=20,100,,33,1,19,330.5204268780768,0.5049464195580959,0,19.696318217169985,0.9011296694525516,0.0208212228934922,0.0492081457775776
boundary=20,100,,34,1,14,319.15836628978684,0.5254897958361815,0,21.67429350346868,0.9021676417558858,0.0205909841166663,0.0478175559192498
boundary=20,100,,35,1,20,312.8549084021269,0.4952710489674978,0,17.911508411785192,0.9017738618619155,0.0206782995644089,0.0485730176483113
boundary=20,100,,36,1,19,227.90907494568967,0.5809946225935652,0,15.910837430742312,0.9003402786296781,0.0209964999497069,0.0519289020329529
boundary=20,100,,37,1,24,351.4172629249204,0.5265541431748246,0,14.858248827140416,0.9026726451482816,0.0204790621013525,0.0504027776900741
boundary=20,100,,38,1,19,276.0663502298395,0.5658940196489017,0,17.165370456078534,0.9011724201799898,0.0208117348664423,0.0499642161512087
boundary=20,100,,39,1,21,279.6504620833832,0.51928659417554,0,17.306422427399582,0.9015766935089968,0.0207220333471984,0.0510093059018105
boundary=20,100,,40,1,23,271.80232632847105,0.4900718601707283,0,15.998911751368311,0.901666276002796,0.0207021619276753,0.0487298065445969
boundary=20,100,,41,1,19,318.9338492085071,0.5333406376116294,0,19.894036607687102,0.9021702822628932,0.020590398748045,0.052230798049627
boundary=20,100,,42,1,18,235.234178489771,0.5379893389387227,0,18.824874787568064,0.9000883427178132,0.0210524723799431,0.0470524920700886
boundary=20,100,,43,1,15,279.2951344571477,0.5470128184592074,0,20.67380419395105,0.900816364561266,0.0208907710128096,0.0537372396140668
boundary=20,100,,44,1,17,273.73276887621125,0.509277520676495,0,21.869845670525716,0.9001859081545106,0.0210307944746472,0.0493774124502028
boundary=20,100,,45,1,24,299.2840307155673,0.5109923196985071,0,15.301246665094162,0.9024034567617888,0.0205387135228529,0.0499388909287585
boundary=20,100,,46,1,24,295.6569647997976,0.5024530307293567,0,17.032727878837964,0.9000717728219377,0.0210561542515129,0.0498474548572105
boundary=20,100,,47,1,20,247.40958877873683,0.5299620610502476,0,18.317348670968904,0.9025296779170732,0.0205107410394262,0.0475039152607714
boundary=20,100,,48,1,19,267.9969602005867,0.5306859515704103,0,19.52403332799096,0.9005074732619893,0.0209593630773387,0.0517327325485493
boundary=20,100,,49,1,17,254.74496407317667,0.5128346794230119,0,19.784457716038496,0.9024944457586404,0.0205185486156187,0.0478420540499223
