Model,Agents,Case,Episode,Success,Steps,Total Cost,Cost Gini,Boundary Violations,Total Reward,Final Consensus,Final Interval Dispersion,Mean Half Width
Random,10,,0,0,120,427.92020407347405,0.4763515976873695,174,-214.2660798340072,0.0010808105794091,0.1996018963642144,0.0514947767647606
Random,10,,1,0,120,501.9988932812398,0.4878389300568166,260,-224.30901926416809,0.0525937899333338,0.2238473716296057,0.0470137972151272
Random,10,,2,0,120,403.6409337317018,0.4156922590157423,148,-187.82813719712465,0.3562292885775931,0.2064361372830742,0.0504916238271101
Random,10,,3,0,120,418.4039408221559,0.5659810240141887,381,-248.65665651790644,0.0,0.2399516536757833,0.0510718484014883
Random,10,,4,0,120,225.76310491033965,0.4130594364044251,61,-168.9461069269028,0.0,0.2348198933050719,0.0566109539915455
Random,10,,5,0,120,554.4247844081999,0.5995083924161473,161,-225.6813148324814,0.0,0.194805285380848,0.0485148065919579
Random,10,,6,0,120,359.2946028326464,0.5866992357914176,252,-222.35012757230865,0.0003799510186293,0.1797511803775072,0.0448421321330638
Random,10,,7,0,120,530.0961125425202,0.4985122696711672,148,-206.01445094436028,0.1820082742982331,0.2525225989054976,0.0530681230954682
Random,10,,8,0,120,452.4758739603393,0.527970235811533,42,-174.22365539057822,0.2945909069093911,0.1601041671706257,0.0490223592210482
Random,10,,9,0,120,653.6534309327985,0.4544029964464151,115,-208.4684590496142,0.3889971812127746,0.1888366363259197,0.0560255433218859
Random,10,,10,0,120,591.8769080450799,0.4242005507489164,149,-219.4306508715065,0.0032814538286067,0.2477812544175261,0.0544255754342466
Random,10,,11,0,120,513.466077444121,0.4423250191607186,383,-252.4465132115056,0.0,0.2906772796126574,0.0567061312951648
Random,10,,12,0,120,188.99131855351723,0.4246598115166902,156,-166.91760559961216,0.2119750590322025,0.2224571235792874,0.0560185150881695
Random,10,,13,0,120,651.692720052421,0.4294476250506998,279,-249.8624433136586,0.0,0.273589503001338,0.0392729848949411
Random,10,,14,0,120,344.24378232607785,0.5202744421903984,195,-208.96809759458145,0.0269876042129626,0.2358375300739399,0.0562338636607838
Random,10,,15,0,120,413.4155868649054,0.5591461774492696,162,-198.328697621542,0.3010405224527211,0.189288461608079,0.052786743947462
Random,10,,16,0,120,492.5445446075054,0.6351957952952552,225,-232.25154900871289,0.0483770169674593,0.2579959502217663,0.0499841898562143
Random,10,,17,0,120,420.5119906771665,0.4057865347218203,219,-219.1191776407196,0.0136290370749781,0.3115010801855556,0.0503714312462606
Random,10,,18,0,120,394.6142499103357,0.5828523394025273,230,-229.86767019406935,0.0,0.3066495242806774,0.0544380800876651
Random,10,,19,0,120,334.7973528580316,0.70274362497351,216,-215.50546446224055,0.1937287857836102,0.1831437950837361,0.0592918088239665
Random,10,,20,0,120,341.68373010410727,0.4771750297326098,34,-175.141317428467,0.1017949822510822,0.1993136299242724,0.0386274644160248
Random,10,,21,0,120,294.11311980538807,0.5823913049480143,145,-182.32297640137853,0.2498818897457924,0.2251564516335307,0.051597857480327
Random,10,,22,0,120,332.59035046844497,0.6511708736234332,202,-216.32528782310743,0.0,0.2624009448093543,0.0428092121040076
Random,10,,23,0,120,354.1566614793703,0.59261727602801,98,-198.74139964281403,0.0,0.1976449900571954,0.0535619554530181
Random,10,,24,0,120,444.4249095820999,0.4846338689750804,271,-228.64606416309385,0.0,0.2939050244676119,0.0511093425687637
Random,10,,25,0,120,467.8465486659838,0.5570079324088688,344,-252.3973468863624,0.0,0.3051326036009042,0.0494613902561141
Random,10,,26,0,120,434.2431539003729,0.5539517045770861,96,-181.89356467731244,0.4053715771644315,0.1648771357114137,0.0499093634543332
Random,10,,27,0,120,314.4983662682968,0.5654050577565284,134,-193.51793157640824,0.1389414392677542,0.2017755527633752,0.0436248614067565
Random,10,,28,0,120,376.5887697637307,0.5612231332083599,224,-223.2755633081954,0.064920153139013,0.3039493734349417,0.0520780523046322
Random,10,,29,0,120,569.4459409339702,0.3727556099227829,301,-229.3289136462755,0.0137051595849493,0.2684882369768835,0.0515032643529634
Random,10,,30,0,120,228.72139952957144,0.6132513846075944,168,-201.2550356737372,0.0685376732310799,0.2523277720891694,0.0562177323582075
Random,10,,31,0,120,241.94396882347047,0.4573198250196568,136,-189.7762479877953,0.0,0.2567327319274567,0.0548369625271045
Random,10,,32,0,120,383.0684163622612,0.5957145266500625,234,-206.86082558828448,0.3005328475144117,0.1945743399566954,0.0516296439339815
Random,10,,33,0,120,530.1127763609477,0.5660943023771692,145,-191.7599689138355,0.4145675150728585,0.1761038869006959,0.0486038138492007
Random,10,,34,0,120,786.8705551999084,0.5095377906402652,354,-272.55247507897286,0.1432462377665134,0.2192099011298751,0.0497304425153778
Random,10,,35,0,120,458.3368031830568,0.4320291590866258,323,-240.63251622851809,0.0143459914290886,0.2909807539596352,0.0521923213503033
Random,10,,36,0,120,464.5099384297967,0.4986426190099469,192,-185.3080562897952,0.5194295582549372,0.1310048145822296,0.0509985130901361
Random,10,,37,0,120,272.692493150966,0.5320063092069429,151,-193.35076709182604,0.215713042575768,0.2570526621624236,0.0521648458032233
Random,10,,38,0,120,472.81970541836137,0.4395191846946746,121,-194.6591048048616,0.3009019871785889,0.2401941382503327,0.0655308766506919
Random,10,,39,0,120,556.7477436121245,0.5809539162149711,214,-227.7305759106996,0.1645138464327433,0.2334408058999503,0.0532978277089925
Random,10,,40,0,120,317.9836850442539,0.6989748440550907,115,-193.12641541960204,0.3399100362816223,0.2158148591112332,0.0401344610520973
Random,10,,41,0,120,436.8876209268392,0.404160073032646,144,-210.4472421496004,0.0,0.2675271884659564,0.0507099699369837
Random,10,,42,0,120,368.900945675663,0.5866781008059578,116,-200.47779275265975,0.0504915838316387,0.2434691817312833,0.0550464056586284
Random,10,,43,0,120,335.1896589582539,0.4889082516780967,119,-175.65791568283072,0.268986381189091,0.2144293458908317,0.0417250874110353
Random,10,,44,0,120,274.1003132327641,0.4557422845081604,92,-182.74208313694663,0.0465716857825363,0.2565186313920745,0.0592249995118537
Random,10,,45,0,120,216.51972599222395,0.4496661638852253,267,-186.9351003512552,0.2893983532613486,0.2103992759253023,0.0568588874032446
Random,10,,46,0,120,296.2785497317542,0.4081445834976482,65,-151.45592404598582,0.3950213321305172,0.1857631020291078,0.0493535247130025
Random,10,,47,0,120,751.8807147230247,0.4127415303878361,86,-209.19789335145825,0.2458105733053962,0.2024274706119443,0.0469795009592129
Random,10,,48,0,120,227.81303875143627,0.6423702350336444,147,-185.82534987421195,0.0,0.1666680917348833,0.0464651644638238
Random,10,,49,0,120,212.3049391318065,0.5243211330854294,204,-193.8511671751968,0.0663031436219865,0.2582828155090931,0.0494517013955413
Mean consensus,10,,0,1,7,12.292044302632444,0.6080992913717786,0,21.319844607303885,0.908368825213319,0.0192209575373829,0.0514947767647606
Mean consensus,10,,1,1,13,39.132491425794605,0.4305953063811569,0,25.36737690803821,0.9083005131061788,0.0192359987131723,0.0470137972151272
Mean consensus,10,,2,1,10,31.35220685644714,0.4473116505036665,0,25.075017739842583,0.9017045599435196,0.0206936702874722,0.0504916238271101
Mean consensus,10,,3,1,10,38.940383435657736,0.5971849353432637,0,26.17834123726966,0.9090120628303854,0.0190793828904483,0.0510718484014883
Mean consensus,10,,4,1,7,8.596295285475222,0.5603728605478859,0,21.574358102486727,0.9009201284973176,0.0208677345839941,0.0566109539915455
Mean consensus,10,,5,1,7,26.325744198581926,0.5486129104503648,0,24.18338727661676,0.9102478662301592,0.018807667217473,0.0485148065919579
Mean consensus,10,,6,1,12,24.29306124062734,0.6412459005864892,0,27.496070739401084,0.9110802638808144,0.0186248560710685,0.0448421321330638
Mean consensus,10,,7,1,5,23.25926470066522,0.7129151514544319,0,24.834479004681025,0.9042163829966012,0.0201373171021006,0.0530681230954682
Mean consensus,10,,8,1,7,13.5408213132373,0.5021841219658403,0,24.927121101622472,0.907183684769278,0.019482066066243,0.0490223592210482
Mean consensus,10,,9,1,16,49.07399153404505,0.5325278145727117,0,21.36335949745099,0.90156346936148,0.0207249669289108,0.0560255433218859
Mean consensus,10,,10,1,14,28.126113085735952,0.493787338234801,0,24.280931460866174,0.9117371677083514,0.0184807047491443,0.0544255754342466
Mean consensus,10,,11,1,12,27.794265319100656,0.4218982298457567,0,24.081999201743983,0.9059279698679734,0.0197590959113416,0.0567061312951648
Mean consensus,10,,12,1,14,18.869855613608063,0.5392098270395151,0,23.336428926705786,0.904325077377398,0.0201132768722669,0.0560185150881695
Mean consensus,10,,13,1,6,26.876837863517284,0.6702883836294309,0,26.00706098018245,0.9077662478473486,0.019353673962944,0.0392729848949411
Mean consensus,10,,14,1,8,12.192812582425386,0.5808898849302424,0,22.93348079144804,0.9046986237400224,0.0200306806370262,0.0562338636607838
Mean consensus,10,,15,1,14,38.494658390648695,0.6456291114362016,0,23.38262859973568,0.9079371951643208,0.019316014218863,0.052786743947462
Mean consensus,10,,16,1,5,34.935684013258374,0.6518143968366452,0,28.982066821098076,0.9002402138665945,0.021018729394845,0.0499841898562143
Mean consensus,10,,17,1,5,23.48341522320714,0.5040481628090323,0,26.257228927400917,0.9134945182925314,0.0180955807913079,0.0503714312462606
Mean consensus,10,,18,1,16,24.52627838673633,0.3312787617781951,0,21.686658926311736,0.9062523208136208,0.0196875023837486,0.0544380800876651
Mean consensus,10,,19,1,12,9.184966683760042,0.5408822907784712,0,21.880933353117012,0.9083993713503776,0.0192142321583017,0.0592918088239665
Mean consensus,10,,20,1,10,20.39636296141575,0.5567752582174978,0,24.35848512958727,0.9065622467014608,0.0196191168143885,0.0386274644160248
Mean consensus,10,,21,1,13,25.536079840563467,0.5675038070351075,0,22.83831066142499,0.9003380032069557,0.0209970054087321,0.051597857480327
Mean consensus,10,,22,1,16,23.63162015280608,0.4790568591193154,0,20.95311549512397,0.9020491168662956,0.0206172614226927,0.0428092121040076
Mean consensus,10,,23,1,24,13.9479029081022,0.5891781102541904,0,10.362770072800185,0.9001392832832162,0.0210411536856445,0.0535619554530181
Mean consensus,10,,24,1,13,34.834952682838455,0.5674826460271265,0,25.227494150046788,0.9022063112835302,0.0205824117190022,0.0511093425687637
Mean consensus,10,,25,1,12,26.86956148233633,0.6697298303792563,0,21.59056822096908,0.9025700903534696,0.0205017858698309,0.0494613902561141
Mean consensus,10,,26,1,12,24.24099336408049,0.726337016500348,0,19.56430639823328,0.9053017973746424,0.019897382622305,0.0499093634543332
Mean consensus,10,,27,1,8,4.540415247775028,0.668654075958913,0,19.61305593204524,0.9004242389557815,0.0209778500206697,0.0436248614067565
Mean consensus,10,,28,1,11,20.47255312090661,0.5122311985055683,0,20.58513502121681,0.9007711874469684,0.0209008015249003,0.0520780523046322
Mean consensus,10,,29,1,6,23.040555838944204,0.3930968296945827,0,29.021100302787342,0.9100414628904256,0.0188530233786758,0.0515032643529634
Mean consensus,10,,30,1,17,18.58439873939371,0.5417956577952214,0,20.77845767734547,0.9007712565450272,0.0209007861829228,0.0562177323582075
Mean consensus,10,,31,1,9,16.029841039963916,0.5485944347848035,0,24.63566859667361,0.9007892892894702,0.0208967823775586,0.0548369625271045
Mean consensus,10,,32,1,11,29.28768557421114,0.610527024035969,0,25.6648128249486,0.90489052892356,0.0199882610228338,0.0516296439339815
Mean consensus,10,,33,1,26,18.70195228382844,0.6169842506552461,0,2.7999192642027024,0.9000021422343525,0.0210716270800534,0.0486038138492007
Mean consensus,10,,34,1,8,48.52166825868314,0.3927544095140647,0,27.25325162130406,0.9017616874098194,0.0206809996946284,0.0497304425153778
Mean consensus,10,,35,1,9,36.20219426994759,0.5278032401448771,0,28.32860140071039,0.9037641591812968,0.0202373676975988,0.0521923213503033
Mean consensus,10,,36,0,120,40.07015019074701,0.482745567456659,0,-27.05338728246841,0.8967945260919143,0.0217857022130781,0.0509985130901361
Mean consensus,10,,37,1,11,16.792074329968774,0.5774796695564481,0,24.12346893123263,0.9058356071745752,0.0197794876875421,0.0521648458032233
Mean consensus,10,,38,1,9,18.17715605887625,0.5980480800458814,0,24.207840146510637,0.9187805114857296,0.0169416038452274,0.0655308766506919
Mean consensus,10,,39,1,10,19.984283207561436,0.666040533585839,0,21.082612664666165,0.9000582797943061,0.021059152485471,0.0532978277089925
Mean consensus,10,,40,1,13,28.20175381931167,0.6125931292593312,0,24.045643203672523,0.9008704634338632,0.0208787602966801,0.0401344610520973
Mean consensus,10,,41,1,15,25.30759892472315,0.5005545434241612,0,20.811170585416747,0.9059626293763134,0.0197514443437781,0.0507099699369837
Mean consensus,10,,42,1,11,18.29071221676771,0.4950161444498584,0,24.751599084453066,0.9039592590991816,0.0201941973947373,0.0550464056586284
Mean consensus,10,,43,1,9,21.425502070973764,0.5395941629972076,0,27.181431241544857,0.9069387548068922,0.0195360712333763,0.0417250874110353
Mean consensus,10,,44,1,7,13.647088765113525,0.6263137028612227,0,23.25457732310447,0.9119286239380836,0.0184387110392634,0.0592249995118537
Mean consensus,10,,45,1,11,16.579306237315077,0.5337519029045512,0,25.508277543297478,0.907772534016751,0.0193522889923854,0.0568588874032446
Mean consensus,10,,46,1,9,18.95189600371261,0.5185292367550036,0,26.08893858965738,0.9033448683921536,0.020330176884044,0.0493535247130025
Mean consensus,10,,47,1,17,53.54883700359617,0.5659929318844141,0,20.168166309909783,0.9019315955150654,0.0206433196506083,0.0469795009592129
Mean consensus,10,,48,1,12,20.199472503477047,0.6417914243652245,0,20.98189732689505,0.902039424210539,0.0206194104648347,0.0464651644638238
Mean consensus,10,,49,1,16,21.748779023462617,0.5269901628908091,0,23.636565129402577,0.902372814617975,0.0205455048674206,0.0494517013955413
Bounded confidence,10,,0,1,7,12.292044302632451,0.6080992913717784,0,21.319844607303885,0.908368825213319,0.0192209575373829,0.0514947767647606
Bounded confidence,10,,1,1,15,28.54011975715233,0.4051054889514682,0,24.859580720670223,0.9064285783059184,0.0196486080603321,0.0470137972151272
Bounded confidence,10,,2,1,10,30.80773355736861,0.460993434507212,0,25.109878446402792,0.9013638404205948,0.0207692568879387,0.0504916238271101
Bounded confidence,10,,3,1,10,38.735466318348855,0.6029574379184583,0,26.208934591098878,0.9095595552293554,0.0189589603764106,0.0510718484014883
Bounded confidence,10,,4,1,7,8.596295285475222,0.5603728605478859,0,21.57435810248673,0.9009201284973176,0.0208677345839941,0.0566109539915455
Bounded confidence,10,,5,1,7,26.259090548519943,0.5488229913699154,0,24.192467807517676,0.9102304293216774,0.0188114984981919,0.0485148065919579
Bounded confidence,10,,6,1,12,24.161078290482624,0.6285037536863636,0,27.62632292717835,0.9107671946406816,0.0186935927244584,0.0448421321330638
Bounded confidence,10,,7,1,5,22.97655818957867,0.7125111873608241,0,24.833839392429816,0.903654498710295,0.0202616366671942,0.0530681230954682
Bounded confidence,10,,8,1,7,13.166865115148653,0.5166962092062948,0,24.96081849039349,0.90708542721805,0.0195037293466626,0.0490223592210482
Bounded confidence,10,,9,1,16,46.57357708832489,0.5627471938614175,0,21.644244708857578,0.9009986231815944,0.0208503098950612,0.0560255433218859
Bounded confidence,10,,10,1,14,26.63133432491631,0.5157366207471055,0,24.178795366118308,0.9089250523105749,0.0190985277814684,0.0544255754342466
Bounded confidence,10,,11,1,13,24.22561930942225,0.4529008174287983,0,23.2634443065107,0.9062082003000396,0.0196972395367682,0.0567061312951648
Bounded confidence,10,,12,1,14,17.394587991303737,0.5344399351581499,0,23.89441570414587,0.9051736299258152,0.0199256994825305,0.0560185150881695
Bounded confidence,10,,13,1,6,25.720831814870195,0.6886211255051127,0,26.256045246069228,0.9105498210225252,0.0187413326000142,0.0392729848949411
Bounded confidence,10,,14,1,8,12.183462286631842,0.5813657452441834,0,22.92242523994261,0.9044836473293406,0.020078210709619,0.0562338636607838
Bounded confidence,10,,15,1,13,38.862743568303145,0.6387795114489456,0,23.82612516118119,0.9003981791864153,0.0209836384358084,0.052786743947462
Bounded confidence,10,,16,1,6,34.25324006176167,0.6579640440813279,0,28.955825804867548,0.9135424639414992,0.0180850838721004,0.0499841898562143
Bounded confidence,10,,17,1,5,23.196914454228324,0.5097584212119335,0,26.276307469832428,0.9133086611885998,0.01813627638603,0.0503714312462606
Bounded confidence,10,,18,1,16,23.10112552346926,0.3383202147425881,0,22.041614169220107,0.9061869837705486,0.0197019220761345,0.0544380800876651
Bounded confidence,10,,19,1,12,8.183270496892966,0.5043254836011162,0,22.05255747024101,0.9083838684261768,0.0192176454271742,0.0592918088239665
Bounded confidence,10,,20,1,10,20.37370880260473,0.5581128242478457,0,24.364492074444907,0.9065632740295606,0.0196188901719221,0.0386274644160248
Bounded confidence,10,,21,1,13,25.306783802069376,0.5683971787016644,0,22.84557669316835,0.9001595158234339,0.0210366583118258,0.051597857480327
Bounded confidence,10,,22,1,16,20.86504459946297,0.4836636876284956,0,21.463523013940492,0.9010431517859177,0.0208404258613055,0.0428092121040076
Bounded confidence,10,,23,1,24,13.9479029081022,0.5891781102541902,0,10.362770072800148,0.9001392832832162,0.0210411536856445,0.0535619554530181
Bounded confidence,10,,24,1,13,34.44137848670556,0.5637319953541082,0,25.30819535762462,0.902108921202259,0.0206040021993379,0.0511093425687637
Bounded confidence,10,,25,1,12,26.59212428893848,0.6782755852696516,0,21.625343775823143,0.902489434348686,0.0205196591872996,0.0494613902561141
Bounded confidence,10,,26,1,12,24.24099336408049,0.7263370165003478,0,19.56430639823328,0.9053017973746424,0.019897382622305,0.0499093634543332
Bounded confidence,10,,27,1,9,4.466348945964154,0.6812701485000541,0,19.295888282830436,0.9100517485547582,0.0188507629088783,0.0436248614067565
Bounded confidence,10,,28,1,11,20.47255312090661,0.5122311985055681,0,20.58513502121681,0.9007711874469684,0.0209008015249003,0.0520780523046322
Bounded confidence,10,,29,1,6,22.668360012837496,0.4033580280969648,0,29.029564917833437,0.910464229027916,0.0187601335520816,0.0515032643529634
Bounded confidence,10,,30,1,17,17.581248606877043,0.5354297331205453,0,21.02257438829679,0.9004121320864282,0.0209805391865591,0.0562177323582075
Bounded confidence,10,,31,1,10,15.269154430693268,0.5444224443558601,0,24.454459008380503,0.908940568288612,0.019095113672557,0.0548369625271045
Bounded confidence,10,,32,1,11,28.81305577785452,0.6317785487545426,0,25.741254576851816,0.9057878920700267,0.0197900230122559,0.0516296439339815
Bounded confidence,10,,33,1,26,18.59189866131195,0.6178325662101218,0,2.8160711636867424,0.9000025039396421,0.0210715467013077,0.0486038138492007
Bounded confidence,10,,34,1,8,43.905055777133775,0.4459765307956462,0,27.81632388581616,0.9016676860244438,0.0207018491688236,0.0497304425153778
Bounded confidence,10,,35,1,9,36.14712697249094,0.5260959532367582,0,28.35543023943719,0.9025350778137248,0.0205095444293579,0.0521923213503033
Bounded confidence,10,,36,0,120,37.484121841157126,0.5065417939249826,0,-27.718297405278214,0.8967945260919143,0.0217857022130781,0.0509985130901361
Bounded confidence,10,,37,1,11,16.74486429592224,0.5797098806971941,0,24.13751329466882,0.9057404961922488,0.019800488402276,0.0521648458032233
Bounded confidence,10,,38,1,9,17.78052811272161,0.6184748567247205,0,24.298743684597696,0.9201791763105132,0.0166373742084905,0.0655308766506919
Bounded confidence,10,,39,1,11,19.63353530803485,0.6678034434203743,0,20.69812183610386,0.9072589418508004,0.0194654753886517,0.0532978277089925
Bounded confidence,10,,40,1,13,28.047755158265623,0.6154694767335445,0,24.054910604615948,0.9006117339543864,0.0209362084316948,0.0401344610520973
Bounded confidence,10,,41,1,14,24.52230743849165,0.5182663656441002,0,21.389430488003317,0.9000650197236572,0.0210576548259822,0.0507099699369837
Bounded confidence,10,,42,1,11,17.188540989124846,0.5120464153372004,0,25.097593925579865,0.9029680935903834,0.020413611995271,0.0550464056586284
Bounded confidence,10,,43,1,9,20.6768319640956,0.5273348698319895,0,27.26628378484636,0.9031483398726524,0.0203736929115336,0.0417250874110353
Bounded confidence,10,,44,1,7,13.56523895793712,0.6297785563992875,0,23.26833730397964,0.9121490252825384,0.0183903794683741,0.0592249995118537
Bounded confidence,10,,45,1,11,16.049871282116403,0.5543393669229533,0,25.41959710703668,0.9072233371503132,0.0194733243934954,0.0568588874032446
Bounded confidence,10,,46,1,9,18.60572511577052,0.5274489242642177,0,26.11388442941663,0.9032449241083272,0.0203523057113724,0.0493535247130025
Bounded confidence,10,,47,1,17,51.86543685430403,0.5815194507058252,0,20.220272011130483,0.9012701327393364,0.0207900503896119,0.0469795009592129
Bounded confidence,10,,48,1,12,20.10590572220163,0.6471194678098506,0,20.992459256676163,0.90176999368039,0.0206791574712492,0.0464651644638238
Bounded confidence,10,,49,1,16,21.380610032669107,0.5473327296250363,0,23.766370389833973,0.901933474118551,0.0206429030776579,0.0494517013955413
Cluster consensus,10,,0,1,13,7.251430321790044,0.6248996254551151,0,17.179432718899335,0.904864540201234,0.0199940051641867,0.0514947767647606
Cluster consensus,10,,1,1,21,25.08826325596168,0.3898050059332536,0,21.397302012133977,0.9069105389409368,0.0195422935509757,0.0470137972151272
Cluster consensus,10,,2,1,16,17.00634064674864,0.5174452764427728,0,23.459891784932616,0.9039134301892872,0.0202043372480966,0.0504916238271101
Cluster consensus,10,,3,1,17,26.82544079077628,0.6248068014574597,0,22.841182256649248,0.9042670079157132,0.0201261198924652,0.0510718484014883
Cluster consensus,10,,4,1,16,4.864533509849448,0.6151085030599501,0,14.264738121887444,0.9001084425647373,0.0210480062355551,0.0566109539915455
Cluster consensus,10,,5,1,14,13.970692458267262,0.6075199815956853,0,21.147854096993942,0.9055935589937923,0.0198329367954054,0.0485148065919579
Cluster consensus,10,,6,1,17,16.13093211638967,0.5914025722467651,0,24.590154259389728,0.904700719535907,0.0200302173239622,0.0448421321330638
Cluster consensus,10,,7,1,11,16.92807004009084,0.780096791448547,0,20.61640994019193,0.903829607072125,0.0202228848216166,0.0530681230954682
Cluster consensus,10,,8,1,12,7.14228494835488,0.6228531406312277,0,21.82502328420153,0.9028264037634958,0.0204449975881247,0.0490223592210482
Cluster consensus,10,,9,1,26,28.97219123573665,0.572771160567219,0,17.40195056500985,0.9013696815863734,0.020767960819339,0.0560255433218859
Cluster consensus,10,,10,1,18,15.56567960076573,0.573982756243514,0,20.37802520460771,0.9043484007173028,0.0201081187627046,0.0544255754342466
Cluster consensus,10,,11,1,17,16.192663223854517,0.5140797061426068,0,22.032416302861197,0.9009357340795936,0.0208642702486718,0.0567061312951648
Cluster consensus,10,,12,1,22,11.019908973671797,0.5937119864154661,0,18.60112440436013,0.9019281752398988,0.0206440780854317,0.0560185150881695
Cluster consensus,10,,13,1,9,16.920647335517074,0.7653175691885945,0,23.754652851959108,0.9127627920358388,0.0182558487429728,0.0392729848949411
Cluster consensus,10,,14,1,15,7.45764733647317,0.6684510915436002,0,18.06756365790203,0.903238410595862,0.0203537479638061,0.0562338636607838
Cluster consensus,10,,15,1,18,28.46896131484756,0.6401856877983412,0,21.12954573059092,0.9048417852021896,0.0199990347093071,0.052786743947462
Cluster consensus,10,,16,1,12,23.98027222746388,0.6879651147693353,0,25.14687809296085,0.90430430298845,0.0201178713766302,0.0499841898562143
Cluster consensus,10,,17,1,11,13.66167459307404,0.5747528397442179,0,22.97842060619848,0.9047700994565858,0.0200148802607756,0.0503714312462606
Cluster consensus,10,,18,1,23,17.40934436332131,0.4105890872337392,0,17.19261538683712,0.9035139537225994,0.0202927449986372,0.0544380800876651
Cluster consensus,10,,19,1,23,6.8211346622443205,0.6385509848875475,0,13.806868115432916,0.9033108793225344,0.0203377021847918,0.0592918088239665
Cluster consensus,10,,20,1,18,13.42571590806847,0.5992775277231155,0,20.59524525073272,0.901343438242481,0.0207737838964788,0.0386274644160248
Cluster consensus,10,,21,1,24,17.10645085743604,0.5287172464861942,0,17.154760815406135,0.900294557848902,0.0210066565411178,0.051597857480327
Cluster consensus,10,,22,1,27,12.542580355197757,0.5296154719781991,0,16.000495010592104,0.9008106435253426,0.0208920412060067,0.0428092121040076
Cluster consensus,10,,23,1,39,6.131728412150299,0.5566617585123614,0,-1.1602578351370134,0.9001273283594198,0.0210438099419389,0.0535619554530181
Cluster consensus,10,,24,1,18,22.970956532939464,0.5315178832850698,0,23.32609760249004,0.9049599303551794,0.0199729224226091,0.0511093425687637
Cluster consensus,10,,25,1,19,18.365961667669605,0.6770850511352129,0,18.530657577091997,0.9022533442507584,0.0205719857796703,0.0494613902561141
Cluster consensus,10,,26,1,18,19.173424289042156,0.6867411788899167,0,16.124371997868604,0.9026923410173564,0.020474698248231,0.0499093634543332
Cluster consensus,10,,27,1,16,3.5310533928607857,0.6836342957886763,0,13.988142597505677,0.90305676490562,0.0203939729930965,0.0436248614067565
Cluster consensus,10,,28,1,19,10.475343317481856,0.6294523796328313,0,16.74814275914239,0.90192730362716,0.0206442713631635,0.0520780523046322
Cluster consensus,10,,29,1,11,12.449243257995914,0.3738962906991308,0,26.23645842925131,0.9074324250938453,0.0194272356644245,0.0515032643529634
Cluster consensus,10,,30,1,33,11.637949747393366,0.5515162754333949,0,10.985726444687971,0.9018164578023636,0.020668852642901,0.0562177323582075
Cluster consensus,10,,31,1,19,8.013042154210058,0.5519433857949174,0,18.921984800300454,0.9057363710443852,0.019801399293922,0.0548369625271045
Cluster consensus,10,,32,1,18,19.176051221526613,0.6716785050787879,0,22.72311186592944,0.903630699006907,0.0202669041708332,0.0516296439339815
Cluster consensus,10,,33,1,42,9.434791875347443,0.6668172489063193,0,-7.280786276080665,0.9000062787478201,0.0210707078591388,0.0486038138492007
Cluster consensus,10,,34,1,17,29.740798692770035,0.5043504611993286,0,23.402969743222396,0.9012076670468856,0.0208039125725432,0.0497304425153778
Cluster consensus,10,,35,1,15,26.16721654492592,0.5633745900456588,0,24.942356591343,0.9026822370621568,0.0204769368873085,0.0521923213503033
Cluster consensus,10,,36,0,120,27.61914186103882,0.522682970928682,0,-36.36857603901582,0.8967945260825398,0.0217857022151688,0.0509985130901361
Cluster consensus,10,,37,1,19,10.254084136794951,0.6012623393307521,0,20.272359913156155,0.9046387110045382,0.0200439258698207,0.0521648458032233
Cluster consensus,10,,38,1,13,13.60725339982047,0.6090407970591176,0,21.7816490152092,0.908791264262682,0.0191279686896926,0.0655308766506919
Cluster consensus,10,,39,1,19,12.725541372242532,0.6930137419566433,0,15.966572581998523,0.9034081374336884,0.0203161696475581,0.0532978277089925
Cluster consensus,10,,40,1,24,19.971615603501583,0.607282296249058,0,18.405032299387408,0.9034979283339674,0.0202962923773327,0.0401344610520973
Cluster consensus,10,,41,1,20,12.557288271139717,0.5216275502880436,0,18.909750821945067,0.9031222998143535,0.0203794595021493,0.0507099699369837
Cluster consensus,10,,42,1,19,12.01218938406114,0.5365644414108437,0,20.226069505293893,0.9021673276394068,0.0205910537526229,0.0550464056586284
Cluster consensus,10,,43,1,19,14.03561992112034,0.5966980494787717,0,21.00303419439868,0.9018250501223478,0.0206669470935007,0.0417250874110353
Cluster consensus,10,,44,1,13,7.407272719939069,0.7143762852272111,0,18.548495909068915,0.9030145916453596,0.020403313324001,0.0592249995118537
Cluster consensus,10,,45,1,21,11.735019562445896,0.5956937650237795,0,17.666948801295703,0.9031455151342525,0.0203743184439501,0.0568588874032446
Cluster consensus,10,,46,1,16,13.044642555805911,0.5732942793159688,0,22.50206606360408,0.9009754283615812,0.0208554586528903,0.0493535247130025
Cluster consensus,10,,47,1,28,36.91066959389669,0.576348494166381,0,14.178574987291077,0.9009721477433288,0.0208561868912244,0.0469795009592129
Cluster consensus,10,,48,1,23,13.21144970767858,0.7062890135344218,0,15.140228197327415,0.9010324615131966,0.020842798741254,0.0464651644638238
Cluster consensus,10,,49,1,24,13.798815612256227,0.6165077768109628,0,22.483050530225988,0.90053972269023,0.020952200704622,0.0494517013955413
Cost-aware heuristic,10,,0,1,10,9.598143862498754,0.6146211017118679,0,18.47001879101939,0.9041475571832726,0.0201525409874773,0.0514947767647606
Cost-aware heuristic,10,,1,1,15,32.6304364132298,0.4341988881537164,0,24.861188091402877,0.9088727192827638,0.0191100434800006,0.0470137972151272
Cost-aware heuristic,10,,2,1,12,27.950333077652143,0.4163078624494205,0,23.74162780381873,0.9002282941163009,0.0210213775389788,0.0504916238271101
Cost-aware heuristic,10,,3,1,11,36.2093665071465,0.6093701677624375,0,25.207804469667728,0.9021206774452672,0.0206013958252895,0.0510718484014883
Cost-aware heuristic,10,,4,1,11,7.838896381410805,0.579073743101647,0,17.95296680940698,0.9014970809128148,0.0207396948754981,0.0566109539915455
Cost-aware heuristic,10,,5,1,10,20.137775965085535,0.5489689601959054,0,21.963399729997136,0.9062541440927672,0.0196871000063377,0.0485148065919579
Cost-aware heuristic,10,,6,1,15,19.80835017078314,0.6087636083262482,0,24.48268629359881,0.900822894299897,0.0208893212800512,0.0448421321330638
Cost-aware heuristic,10,,7,1,7,20.410944244216196,0.7376393978080147,0,23.123615013121487,0.9041945915929236,0.0201421371134774,0.0530681230954682
Cost-aware heuristic,10,,8,1,9,11.634527021160215,0.4739209896771514,0,22.779430373367973,0.9017290124774208,0.0206882467366907,0.0490223592210482
Cost-aware heuristic,10,,9,1,15,49.24016656954475,0.5569989636520554,0,20.98924272124321,0.9015159884688732,0.0207355002179263,0.0560255433218859
Cost-aware heuristic,10,,10,1,13,27.752527553082945,0.4745872628403655,0,23.934088766233018,0.906909609206536,0.0195424985844023,0.0544255754342466
Cost-aware heuristic,10,,11,1,14,21.49206432533536,0.4890650020267757,0,21.86642106949133,0.9038230245023154,0.0202243414222255,0.0567061312951648
Cost-aware heuristic,10,,12,1,17,17.66412492739985,0.5689043489929477,0,20.7914808741698,0.9031726245531656,0.020368315200486,0.0560185150881695
Cost-aware heuristic,10,,13,1,6,24.214869513981697,0.7081996121294731,0,26.432397272206885,0.9206537372012528,0.0165342554739722,0.0392729848949411
Cost-aware heuristic,10,,14,1,10,11.903068295588392,0.5647806937931839,0,21.52922783168473,0.9064290642729104,0.0196485008336022,0.0562338636607838
Cost-aware heuristic,10,,15,1,19,33.736436084938006,0.6567812755785547,0,18.270132344357428,0.9006350357610562,0.0209310338366171,0.052786743947462
Cost-aware heuristic,10,,16,1,6,33.660270843684,0.6565566156128628,0,28.72547958379973,0.9074438636179356,0.019424714605736,0.0499841898562143
Cost-aware heuristic,10,,17,1,6,20.46738120152044,0.51667072456778,0,25.56606334407193,0.9093413980440472,0.0190069359818908,0.0503714312462606
Cost-aware heuristic,10,,18,1,18,21.141296296360853,0.4221083981936169,0,19.82915424864588,0.9013208258909716,0.0207788014367852,0.0544380800876651
Cost-aware heuristic,10,,19,1,14,7.3424851206838015,0.5991556508327167,0,20.222753763037865,0.9049263697096278,0.0199803396057889,0.0592918088239665
Cost-aware heuristic,10,,20,1,11,16.855480440004413,0.5795412308911525,0,24.432461977581163,0.907474946362064,0.01941786410775,0.0386274644160248
Cost-aware heuristic,10,,21,1,17,24.054346898821017,0.5649394931872478,0,19.715177076550752,0.9003136552046,0.0210024141177943,0.051597857480327
Cost-aware heuristic,10,,22,1,20,16.187748713564396,0.4954981044749871,0,18.179317008199767,0.9013591133165156,0.0207703057688151,0.0428092121040076
Cost-aware heuristic,10,,23,1,32,11.208486348864843,0.5580470539800804,0,1.257909873515243,0.9001279214891773,0.0210436781540143,0.0535619554530181
Cost-aware heuristic,10,,24,1,14,30.830245035658542,0.56557477285867,0,25.368759079759744,0.9021894963381116,0.0205861392704293,0.0511093425687637
Cost-aware heuristic,10,,25,1,13,24.020603548893227,0.6747395051178509,0,21.352107792937584,0.9018524601626632,0.0206608683925886,0.0494613902561141
Cost-aware heuristic,10,,26,1,11,23.06091607322444,0.6963058594384677,0,21.15355538920217,0.9013219760587852,0.0207785462186549,0.0499093634543332
Cost-aware heuristic,10,,27,1,11,4.117211435732896,0.6767416069647971,0,18.134608795609893,0.9055951557354328,0.0198325841559201,0.0436248614067565
Cost-aware heuristic,10,,28,1,17,18.037748486812973,0.5244537498835711,0,14.741040499965486,0.9006820512196992,0.0209205935961966,0.0520780523046322
Cost-aware heuristic,10,,29,1,7,21.060080404587055,0.4310730747981763,0,28.07008490302932,0.9006082098062638,0.0209369910453084,0.0515032643529634
Cost-aware heuristic,10,,30,1,20,18.229201539009917,0.5613921585098305,0,18.449264977435423,0.903029466782614,0.0204000188003297,0.0562177323582075
Cost-aware heuristic,10,,31,1,10,17.582820039815932,0.4984078785387802,0,23.853306374878198,0.9084262066509848,0.0192083239850716,0.0548369625271045
Cost-aware heuristic,10,,32,1,14,27.283912576628595,0.6157810341465397,0,23.191732442333898,0.903150586190529,0.02037319547053,0.0516296439339815
Cost-aware heuristic,10,,33,1,34,16.821996069328495,0.6122429419563078,0,-4.981237467976701,0.9000067095988032,0.0210706121151668,0.0486038138492007
Cost-aware heuristic,10,,34,1,10,40.59645928695221,0.4480432763524287,0,26.29181290855508,0.9023800395166164,0.0205439035625938,0.0497304425153778
Cost-aware heuristic,10,,35,1,12,33.53702462146471,0.6041508363401298,0,25.23633739025847,0.9065144127279816,0.0196296699199599,0.0521923213503033
Cost-aware heuristic,10,,36,0,120,36.39228719582463,0.4943276050657739,0,-33.555250090397045,0.8967945260919141,0.0217857022130781,0.0509985130901361
Cost-aware heuristic,10,,37,1,13,15.86337047578698,0.5620214118627789,0,21.72930042154901,0.9011852112662012,0.020808896121015,0.0521648458032233
Cost-aware heuristic,10,,38,1,9,16.243660686458238,0.6207646636606481,0,23.868613632502985,0.9098242240352556,0.0189007717059864,0.0655308766506919
Cost-aware heuristic,10,,39,1,15,15.982679989011364,0.6348106849703481,0,17.48899408050532,0.9039855854438714,0.020188372804508,0.0532978277089925
Cost-aware heuristic,10,,40,1,18,25.496583920152336,0.5865762535641683,0,19.985679889939757,0.9021005776313242,0.0206058520002486,0.0401344610520973
Cost-aware heuristic,10,,41,1,20,27.59445889896597,0.4892912228032735,0,15.358144152306792,0.9014558939261512,0.0207488325484703,0.0507099699369837
Cost-aware heuristic,10,,42,1,15,15.171081230797329,0.5598351775954775,0,20.53281976832225,0.9012993387554322,0.0207835694153004,0.0550464056586284
Cost-aware heuristic,10,,43,1,12,19.294069385164065,0.5560318367253112,0,24.522553416132197,0.9003828003889591,0.0209870544642163,0.0417250874110353
Cost-aware heuristic,10,,44,1,7,11.621266127276884,0.6833032560462795,0,22.666627002348896,0.9027278744015564,0.0204668256468496,0.0592249995118537
Cost-aware heuristic,10,,45,1,13,15.571296987285224,0.5281266287010933,0,23.46772171600072,0.9019387681832688,0.0206417291442509,0.0568588874032446
Cost-aware heuristic,10,,46,1,12,17.585852629678804,0.5061938065152212,0,23.11784712252813,0.9042662413139736,0.0201262894446125,0.0493535247130025
Cost-aware heuristic,10,,47,1,21,49.605604647684096,0.5823501350078903,0,17.063775833404762,0.9014827341323506,0.0207428777797869,0.0469795009592129
Cost-aware heuristic,10,,48,1,18,18.58302409371391,0.713277273845174,0,15.230073214038054,0.9028400331101532,0.0204419783490495,0.0464651644638238
Cost-aware heuristic,10,,49,1,18,19.75675683099113,0.4035668455276022,0,22.696724979213457,0.900618061128227,0.0209348033530407,0.0494517013955413
Minimum Cost Consensus (MCCM),10,,0,1,7,11.94243303066965,0.6096027254403051,0,20.62513717391942,0.9051087373242284,0.0199400381520748,0.0514947767647606
Minimum Cost Consensus (MCCM),10,,1,1,13,37.551134275069984,0.4271514198139845,0,25.663387545496214,0.906369987099777,0.0196615364037851,0.0470137972151272
Minimum Cost Consensus (MCCM),10,,2,1,11,32.20479420147669,0.377837830343966,0,24.658053423318133,0.9075733863953296,0.0193961699122654,0.0504916238271101
Minimum Cost Consensus (MCCM),10,,3,1,9,38.74773544120137,0.6041148958126574,0,26.586065184583063,0.9004559228662995,0.0209708125928179,0.0510718484014883
Minimum Cost Consensus (MCCM),10,,4,1,8,8.552891882991975,0.5552364736690936,0,20.74013867444843,0.90208644048542,0.0206089862974722,0.0566109539915455
Minimum Cost Consensus (MCCM),10,,5,1,7,25.122700642351703,0.5590340777021439,0,23.489487455259336,0.9024544543134309,0.0205274112366524,0.0485148065919579
Minimum Cost Consensus (MCCM),10,,6,1,14,21.187364197343715,0.6085709655668246,0,24.936198505223487,0.9083018245209992,0.01923570995106,0.0448421321330638
Minimum Cost Consensus (MCCM),10,,7,1,5,23.083211160852592,0.7246610774923254,0,24.836426517712432,0.9049178698143346,0.0199822181973511,0.0530681230954682
Minimum Cost Consensus (MCCM),10,,8,1,8,13.588264227759112,0.4264239995465773,0,23.41900383861102,0.9001511850278674,0.0210385092802309,0.0490223592210482
Minimum Cost Consensus (MCCM),10,,9,1,14,53.43088827395515,0.5417289665062865,0,21.44169718354423,0.903192699908762,0.0203638697308293,0.0560255433218859
Minimum Cost Consensus (MCCM),10,,10,1,11,35.771237672938376,0.4446034023695659,0,24.96357189011298,0.911517845443074,0.0185288213899331,0.0544255754342466
Minimum Cost Consensus (MCCM),10,,11,1,12,25.31210657183908,0.4558788862364691,0,23.479106055724465,0.9009275499417974,0.020866087065268,0.0567061312951648
Minimum Cost Consensus (MCCM),10,,12,1,15,20.047067629045664,0.5557194043970888,0,22.34134789427083,0.906961925920166,0.0195309615570811,0.0560185150881695
Minimum Cost Consensus (MCCM),10,,13,1,5,27.172166326261987,0.6900465981920456,0,26.319141304298192,0.9072524490221918,0.0194669067003847,0.0392729848949411
Minimum Cost Consensus (MCCM),10,,14,1,8,13.280699358708674,0.5243072686789303,0,22.681878596080544,0.9007624546353702,0.0209027404976498,0.0562338636607838
Minimum Cost Consensus (MCCM),10,,15,1,16,38.152849960876,0.6535438769608051,0,20.297476958606904,0.9050543364589824,0.0199520593596777,0.052786743947462
Minimum Cost Consensus (MCCM),10,,16,1,5,37.617641799235216,0.6607761081875196,0,28.96590174815797,0.9054337543792697,0.0198682326992844,0.0499841898562143
Minimum Cost Consensus (MCCM),10,,17,1,5,23.675904793098663,0.5065671901440438,0,26.224044833265864,0.9136926783805858,0.0180522004328658,0.0503714312462606
Minimum Cost Consensus (MCCM),10,,18,1,16,23.44739258750191,0.4238566791928999,0,21.70620492422395,0.9097381558688832,0.0189196923359988,0.0544380800876651
Minimum Cost Consensus (MCCM),10,,19,1,12,8.926820797043947,0.6084262639372224,0,21.83349792278615,0.9085164001379232,0.0191884678846806,0.0592918088239665
Minimum Cost Consensus (MCCM),10,,20,1,10,19.26145647250752,0.6063065680588253,0,24.01411990094161,0.9010660335987464,0.0208353469653062,0.0386274644160248
Minimum Cost Consensus (MCCM),10,,21,1,13,27.022274046080025,0.5693575404090059,0,22.680174320192407,0.900966844875476,0.0208573640382587,0.051597857480327
Minimum Cost Consensus (MCCM),10,,22,1,18,19.64297222334072,0.482126459258555,0,18.814610723931693,0.9028772346051168,0.0204337375251654,0.0428092121040076
Minimum Cost Consensus (MCCM),10,,23,1,26,14.049507377733098,0.5866801634691057,0,6.188418319872724,0.9007495804005246,0.0209055990374975,0.0535619554530181
Minimum Cost Consensus (MCCM),10,,24,1,14,34.00839691099898,0.5654709719634705,0,25.115478991961403,0.9084877029081156,0.0191947853673461,0.0511093425687637
Minimum Cost Consensus (MCCM),10,,25,1,12,27.01161404289376,0.6729115163489243,0,21.617256414339582,0.9009060947142008,0.0208708500416196,0.0494613902561141
Minimum Cost Consensus (MCCM),10,,26,1,10,26.381466474992116,0.6993623321492262,0,21.36136705509236,0.9000007060646242,0.0210719462283769,0.0499093634543332
Minimum Cost Consensus (MCCM),10,,27,1,9,5.121334828428996,0.6012657165927722,0,19.614306045996912,0.9052047527646232,0.0199188229446512,0.0436248614067565
Minimum Cost Consensus (MCCM),10,,28,1,13,22.399009439769173,0.5294870968557108,0,17.558637713689663,0.9003758226409,0.0209886044216553,0.0520780523046322
Minimum Cost Consensus (MCCM),10,,29,1,7,23.052479923053767,0.4335321226376463,0,28.057082639671723,0.9087564790127968,0.0191356241144303,0.0515032643529634
Minimum Cost Consensus (MCCM),10,,30,1,19,21.006902724687524,0.5839440133682128,0,17.779283224567806,0.9032289166523771,0.020355850175862,0.0562177323582075
Minimum Cost Consensus (MCCM),10,,31,1,9,19.508055643332582,0.486917474920195,0,24.441211474061426,0.9121314550610136,0.0183942319947185,0.0548369625271045
Minimum Cost Consensus (MCCM),10,,32,1,13,29.66041850143551,0.6031432218435446,0,23.64968261294256,0.9064905634849816,0.0196349317351925,0.0516296439339815
Minimum Cost Consensus (MCCM),10,,33,1,27,18.416425720635623,0.6135234786765031,0,1.0378906783197834,0.9000080817140023,0.0210703072031837,0.0486038138492007
Minimum Cost Consensus (MCCM),10,,34,1,8,48.37551087541418,0.4082030090692132,0,27.166741191416985,0.9017254703987048,0.0206890323575643,0.0497304425153778
Minimum Cost Consensus (MCCM),10,,35,1,11,36.49657557470931,0.594896393736696,0,25.94123428805824,0.9099435673772872,0.0188745390530588,0.0521923213503033
Minimum Cost Consensus (MCCM),10,,36,0,120,39.54494462967982,0.4902822674739575,0,-26.39270137425263,0.8967945260919143,0.0217857022130781,0.0509985130901361
Minimum Cost Consensus (MCCM),10,,37,1,11,17.68331761561522,0.5589286892231822,0,23.31621081573672,0.90331379619101,0.020337056368643,0.0521648458032233
Minimum Cost Consensus (MCCM),10,,38,1,8,19.061794369669727,0.6039142939027868,0,24.185076656105863,0.9070976195238216,0.0195010411271263,0.0655308766506919
Minimum Cost Consensus (MCCM),10,,39,1,13,20.121256545624863,0.6247866933450521,0,18.21685063255752,0.9028048086537476,0.0204497815350571,0.0532978277089925
Minimum Cost Consensus (MCCM),10,,40,1,16,28.69768679080357,0.5860628308112881,0,20.30768895355019,0.9030243067286868,0.0204011616353888,0.0401344610520973
Minimum Cost Consensus (MCCM),10,,41,1,18,31.508999642344257,0.488057580440854,0,16.529507176555036,0.9026081942277698,0.0204933426319233,0.0507099699369837
Minimum Cost Consensus (MCCM),10,,42,1,13,18.330958397890097,0.5599879734481978,0,21.914088429754703,0.9053686414242188,0.019882615926351,0.0550464056586284
Minimum Cost Consensus (MCCM),10,,43,1,9,20.856823163627077,0.5300620608228912,0,27.32795613555875,0.905722436173788,0.0198044763433238,0.0417250874110353
Minimum Cost Consensus (MCCM),10,,44,1,6,13.392821944055662,0.6667882240988132,0,23.254958743070127,0.900803520761306,0.0208936226243099,0.0592249995118537
Minimum Cost Consensus (MCCM),10,,45,1,11,17.528866074499106,0.4917776533385936,0,25.311002714553084,0.9055559632339992,0.019841239977299,0.0568588874032446
Minimum Cost Consensus (MCCM),10,,46,1,10,19.067597658405,0.4930073127511112,0,24.91753662223537,0.9040511967357042,0.0201738573272769,0.0493535247130025
Minimum Cost Consensus (MCCM),10,,47,1,18,52.294448929181584,0.5632534184764559,0,18.87141571662461,0.9020905275308132,0.0206080801678705,0.0469795009592129
Minimum Cost Consensus (MCCM),10,,48,1,14,21.87967463899378,0.6912952588365728,0,17.860468438942537,0.902146734790571,0.0205956189997194,0.0464651644638238
Minimum Cost Consensus (MCCM),10,,49,1,16,21.568264072066444,0.3884713394753349,0,23.870166440071426,0.9022424528186006,0.0205744000678445,0.0494517013955413
Random,40,,0,0,120,1991.0059312656088,0.602102542748864,778,-238.1646326207172,0.0,0.2723206061625775,0.0438899897593966
Random,40,,1,0,120,1640.2567335737924,0.5593660170321919,775,-221.4301284263808,0.0,0.2598027172763651,0.0525125827477572
Random,40,,2,0,120,1727.5601475090266,0.4952100120907989,657,-216.96539631464125,0.0,0.2339584044166345,0.049169714398787
Random,40,,3,0,120,1995.295610670218,0.5709876364304738,640,-227.36321911296852,0.0,0.2880873174853202,0.0497172632615435
Random,40,,4,0,120,1904.8917943220167,0.5414580562951756,593,-223.39520810029936,0.0,0.2591160042480632,0.0569827045161239
Random,40,,5,0,120,1961.6760541035112,0.523312094429218,842,-232.83659121635355,0.0,0.2430238160036984,0.0519388369473987
Random,40,,6,0,120,1669.2373240291722,0.4170409834130562,816,-215.5685736345504,0.0,0.2384939234840524,0.0548029352289014
Random,40,,7,0,120,1341.8055526132032,0.5117645893611291,468,-196.30450503210443,0.0,0.1971793828569399,0.0484081865718136
Random,40,,8,0,120,1494.4720598025986,0.4742780414498626,601,-206.41188921683775,0.0,0.256240005410952,0.0535630211578709
Random,40,,9,0,120,1335.5108077333268,0.546186078842271,767,-218.5493214372889,0.0,0.2669921444801083,0.0528209413286863
Random,40,,10,0,120,1661.2278818891823,0.5109629448931154,913,-227.55222932048392,0.0,0.2651853439488745,0.0495492963492976
Random,40,,11,0,120,1450.0598664793458,0.6008789481488308,1046,-233.44815686010148,0.0,0.2706305062520704,0.0494485141838666
Random,40,,12,0,120,1925.437476456392,0.4799110107493947,767,-223.9516349331428,0.0,0.2509039524124077,0.047842009363625
Random,40,,13,0,120,1855.7091692134195,0.5383650492480931,1250,-246.9053840474976,0.0,0.2578245203873373,0.0539533937567157
Random,40,,14,0,120,2210.943263158865,0.4685185701577301,931,-238.7462609795875,0.0,0.2831057701787193,0.0478754017066275
Random,40,,15,0,120,2385.9965792201856,0.5000115498980413,1007,-251.4613550136538,0.0,0.2973890343945163,0.0500812374273742
Random,40,,16,0,120,1379.1101681524904,0.4189334619109985,916,-216.7275316910126,0.0,0.2552900712192217,0.0511301938390059
Random,40,,17,0,120,2172.471591692617,0.5392646233883092,1017,-241.49407446851265,0.0535990122868771,0.2594025096420072,0.0461153415839269
Random,40,,18,0,120,1574.6140235854143,0.5403681671166587,662,-216.6854468237012,0.0,0.2621153520108381,0.047572375119174
Random,40,,19,0,120,1491.3703727194725,0.5560696091194097,859,-221.1954609364749,0.0,0.2571234108072575,0.0553004635080928
Random,40,,20,0,120,2196.065672356205,0.4436130321168481,1034,-245.08985500339116,0.0,0.27566169294721,0.0498136571642387
Random,40,,21,0,120,1709.077137842834,0.5392672662072613,749,-223.32271229213396,0.0,0.2783518859325521,0.0497672141793789
Random,40,,22,0,120,1666.9832477676175,0.5317823470615528,671,-221.93660740834088,0.0,0.2463622618378997,0.0506458548488631
Random,40,,23,0,120,1741.5475527689257,0.5395700120835893,841,-229.7293053988622,0.0,0.2546279273185837,0.0537444391407298
Random,40,,24,0,120,1587.0098057073774,0.5385428168331734,724,-219.81581401569207,0.0,0.2423125951673827,0.0509380987556883
Random,40,,25,0,120,1722.5540472843236,0.5307113109047643,705,-221.00099136593695,0.0,0.2613451926697577,0.0475147821738983
Random,40,,26,0,120,1392.557135300163,0.6365272385315077,813,-223.60001033552896,0.0,0.237617688358459,0.0509045828746055
Random,40,,27,0,120,1814.8603380954175,0.5034436354647924,647,-222.4702554480969,0.0,0.2744413652187291,0.048382229225286
Random,40,,28,0,120,1857.053678337657,0.5009669241919021,757,-225.99303255414068,0.0,0.2542542812248132,0.0538891680566078
Random,40,,29,0,120,1938.8788436709704,0.4252846093460309,694,-211.57298252872263,0.1619908761628041,0.2254525375116312,0.0473874063490133
Random,40,,30,0,120,1431.5501145269373,0.4618352741157738,580,-201.35499360387664,0.0523675332330927,0.2240764432362303,0.050193699290879
Random,40,,31,0,120,1328.8087004192885,0.5615162434377057,609,-206.7075389966558,0.0,0.2386056647170465,0.0484831551252746
Random,40,,32,0,120,1375.8590846624677,0.5031129776818302,1010,-228.05914569368505,0.0,0.2634442932773457,0.0532107231168115
Random,40,,33,0,120,1939.6087270918936,0.4310883537207972,824,-226.75997695361428,0.0,0.2380672435207778,0.0531041188864762
Random,40,,34,0,120,1505.0830761110833,0.5561146811538205,340,-204.23000678360768,0.0,0.2279559800267713,0.0458519203466845
Random,40,,35,0,120,1417.4832066153606,0.5650765651209588,970,-229.63856073382,0.0,0.2857623470048066,0.0474308848347473
Random,40,,36,0,120,1990.383345076466,0.5185490518851665,1065,-240.37688875536543,0.0,0.2444186404094696,0.0598385335133019
Random,40,,37,0,120,2003.879271468828,0.5234318429396827,641,-225.78797357163813,0.008559892433931,0.2292654994587379,0.0505551006642945
Random,40,,38,0,120,2019.5199614275352,0.5602126719115281,828,-233.01009670285168,0.0,0.2427480917914742,0.0548083515411306
Random,40,,39,0,120,1910.4920107515488,0.5042960013535045,919,-234.13838288943884,0.0,0.2708549016610821,0.0511148536862293
Random,40,,40,0,120,2078.103638755364,0.5789289895231591,606,-222.1679913793418,0.0799013565079969,0.2196138370538403,0.0453485120527733
Random,40,,41,0,120,2165.9824565282943,0.5374470958549937,892,-241.6927846553149,0.0,0.2732750829860792,0.0487262374026925
Random,40,,42,0,120,1817.03934807607,0.5107318309930065,835,-228.95578660780265,0.0197842882898922,0.2686223376696318,0.0566579783593882
Random,40,,43,0,120,1817.5420227978316,0.6135391115761546,995,-239.46163763816912,0.0,0.2464752927045528,0.0512246175928495
Random,40,,44,0,120,1779.5719572356293,0.4588245373378576,690,-211.70229101341693,0.0432949770172795,0.2426975131165376,0.0524744284464942
Random,40,,45,0,120,1358.120582491085,0.6340847576184923,696,-215.05787196649857,0.0,0.231512099656281,0.0509006591905403
Random,40,,46,0,120,2145.1103949891776,0.4350622149036789,952,-238.73317728143596,0.0,0.2539962751016626,0.0492876397673421
Random,40,,47,0,120,1930.4217209500296,0.5447276302769641,780,-225.3533632373988,0.0550168280341919,0.2456281784370656,0.0504367331175615
Random,40,,48,0,120,1476.2434259282863,0.5702057504934219,846,-226.96179185789464,0.0,0.2613347321511529,0.0478416833916017
Random,40,,49,0,120,1894.106664079776,0.4898425801095194,631,-220.45369824555428,0.0,0.2507100012421406,0.045304562964891
Mean consensus,40,,0,1,26,122.09801749145944,0.5568723924838743,0,9.300517763155865,0.9032631695620872,0.0203482657729243,0.0438899897593966
Mean consensus,40,,1,1,19,83.77016063088067,0.5502290592607921,0,15.573917011833736,0.9004826569767983,0.0209648747755486,0.0525125827477572
Mean consensus,40,,2,1,12,105.62709400649656,0.5665917020794877,0,23.189799976556912,0.904513704359271,0.0200715645904514,0.049169714398787
Mean consensus,40,,3,1,11,92.5055756952666,0.562457224287684,0,22.18787112604467,0.90283428358094,0.0204432520071306,0.0497172632615435
Mean consensus,40,,4,1,18,111.99040160220304,0.5560117818684125,0,16.602631037308683,0.9003717452501929,0.0209895101323234,0.0569827045161239
Mean consensus,40,,5,1,11,132.68114418856095,0.5146805534108336,0,23.96389964924356,0.901205427955272,0.020804409482296,0.0519388369473987
Mean consensus,40,,6,1,12,109.52318225585712,0.37576835921924,0,23.92485130011724,0.9078145176681472,0.0193430393887677,0.0548029352289014
Mean consensus,40,,7,1,15,109.34120403721136,0.6045478118068854,0,20.82158638744901,0.9055363806176556,0.0198455650171371,0.0484081865718136
Mean consensus,40,,8,1,8,95.44992804396348,0.5470539688264777,0,26.011434313838507,0.9063787569721118,0.0196596012492606,0.0535630211578709
Mean consensus,40,,9,1,19,83.10818092291558,0.6074260229186117,0,13.76065180862586,0.90098670761903,0.020852954880536,0.0528209413286863
Mean consensus,40,,10,1,17,93.36725787390024,0.5364489093051594,0,17.134222664444266,0.9040294470034144,0.0201786690003329,0.0495492963492976
Mean consensus,40,,11,1,23,78.88677257895662,0.6003760109862237,0,9.985220925153312,0.900991649423698,0.02085185790739,0.0494485141838666
Mean consensus,40,,12,1,20,106.5629116620302,0.5823970596705828,0,13.349362486344766,0.9023283236207617,0.0205553660009412,0.047842009363625
Mean consensus,40,,13,1,17,108.36101281723536,0.5551058697940265,0,18.660107459869916,0.9007348763940226,0.0209088639019701,0.0539533937567157
Mean consensus,40,,14,1,17,132.9750904428253,0.5552638548649538,0,18.334750750244275,0.9045584439789546,0.0200616723106473,0.0478754017066275
Mean consensus,40,,15,1,8,115.2977690764867,0.6576696867770924,0,24.62319526217798,0.9064198922311448,0.0196505246187019,0.0500812374273742
Mean consensus,40,,16,1,24,91.4853086866146,0.5051950356388191,0,10.551606454307104,0.900595771036502,0.0209397533687086,0.0511301938390059
Mean consensus,40,,17,1,15,101.87367747337356,0.5758648654149847,0,17.414819173016582,0.9027771411411748,0.0204559108636269,0.0461153415839269
Mean consensus,40,,18,1,20,81.18326605411724,0.5880173179129111,0,14.466313109364798,0.9038922652597846,0.0202090202579039,0.047572375119174
Mean consensus,40,,19,1,15,90.93523199902867,0.6038594562147483,0,20.10280456967705,0.9030276240123128,0.0204004269314593,0.0553004635080928
Mean consensus,40,,20,1,14,112.82410558585424,0.4818490745070221,0,21.60180061560168,0.9057099226345436,0.0198072395796508,0.0498136571642387
Mean consensus,40,,21,1,20,107.4114159753205,0.4407753084076113,0,16.174017002826428,0.9004399680191387,0.0209743563506202,0.0497672141793789
Mean consensus,40,,22,1,16,90.65709324682862,0.5826293320823677,0,17.062524444292045,0.9022102265509324,0.0205815437891601,0.0506458548488631
Mean consensus,40,,23,1,24,114.95022519458637,0.5820845040639986,0,9.999553373022966,0.9009189722959188,0.0208679912553914,0.0537444391407298
Mean consensus,40,,24,1,20,104.13486846553155,0.5275874405199008,0,14.612294492227926,0.9005601789275784,0.0209476576501627,0.0509380987556883
Mean consensus,40,,25,1,13,104.87397108117656,0.5232657659228128,0,22.619974469840606,0.9028285713669948,0.0204445174070206,0.0475147821738983
Mean consensus,40,,26,1,22,94.8376736901204,0.5450300800944554,0,12.564145360794434,0.9014689167886112,0.0207459432738022,0.0509045828746055
Mean consensus,40,,27,1,12,97.86453616236072,0.5897649362069415,0,21.75893065789524,0.9045696983603916,0.0200591839559147,0.048382229225286
Mean consensus,40,,28,1,17,101.1256997685448,0.5480798116242482,0,16.97006783354084,0.9039551779675222,0.0201951003427034,0.0538891680566078
Mean consensus,40,,29,1,12,132.25920635543085,0.5087750755760787,0,22.43515218177585,0.9021612127534324,0.0205924093562921,0.0473874063490133
Mean consensus,40,,30,1,16,88.17653947790313,0.4983353666437211,0,18.221363135665083,0.9044342373964008,0.0200891365638812,0.050193699290879
Mean consensus,40,,31,1,21,72.48758919489289,0.6191578872748384,0,11.522244572790408,0.901677898402264,0.0206995839617755,0.0484831551252746
Mean consensus,40,,32,1,22,105.61065412524668,0.481046771323431,0,13.647374357233616,0.9007282769454192,0.020910329254973,0.0532107231168115
Mean consensus,40,,33,1,11,129.7693381018155,0.5326099789290579,0,25.03900881747171,0.9012335374587904,0.0207981713784689,0.0531041188864762
Mean consensus,40,,34,1,14,104.05235949119012,0.6099723762206717,0,21.57602770631611,0.9008840643911544,0.0208757408049387,0.0458519203466845
Mean consensus,40,,35,1,24,74.41265750560254,0.6225694106761264,0,8.87661947432549,0.9012701242914576,0.0207900522642727,0.0474308848347473
Mean consensus,40,,36,1,13,99.0140171392841,0.6610905206286686,0,17.81940906081875,0.900751225658613,0.0209052337291762,0.0598385335133019
Mean consensus,40,,37,1,14,117.4680752813794,0.5261856360434487,0,19.92623218551519,0.9010439419608572,0.0208402504702398,0.0505551006642945
Mean consensus,40,,38,1,11,91.126453591418,0.611673888716904,0,22.533696004579337,0.9041175284002112,0.0201591835496334,0.0548083515411306
Mean consensus,40,,39,1,18,111.72050554808024,0.5251708455193911,0,15.81575019560858,0.9039105045680308,0.0202049845724738,0.0511148536862293
Mean consensus,40,,40,1,13,108.32821090515748,0.5314639300388233,0,21.774393817536165,0.90822173693607,0.0192533453039243,0.0453485120527733
Mean consensus,40,,41,1,16,141.9186620873698,0.5566579905895186,0,20.401405482083074,0.9062780029382242,0.0196818346993477,0.0487262374026925
Mean consensus,40,,42,1,22,73.30850306277503,0.5501051411043716,0,11.703447361572657,0.9008446993082904,0.0208844802075977,0.0566579783593882
Mean consensus,40,,43,1,17,113.95278923735285,0.5720659831652981,0,19.26109557318014,0.9037661113554468,0.0202369356884243,0.0512246175928495
Mean consensus,40,,44,1,16,131.5862589769698,0.5141890042796979,0,19.86708528366566,0.900945418074088,0.0208621204965679,0.0524744284464942
Mean consensus,40,,45,1,20,96.53524622881082,0.6380751050564686,0,13.77761920147569,0.9005055563098487,0.0209597888270937,0.0509006591905403
Mean consensus,40,,46,1,15,116.70110080588904,0.4713993092901956,0,18.645504019761283,0.906072699434756,0.0197271467913346,0.0492876397673421
Mean consensus,40,,47,1,9,114.90340535298108,0.6502945433714757,0,24.107639204575477,0.9051758335057112,0.0199252125975526,0.0504367331175615
Mean consensus,40,,48,1,21,68.99675004727948,0.6189967041859468,0,13.004789854797975,0.9022817834337284,0.0205656818440947,0.0478416833916017
Mean consensus,40,,49,1,17,95.3552150492432,0.5795675803615681,0,17.550923791883985,0.9027099229945896,0.0204708028333234,0.045304562964891
Bounded confidence,40,,0,1,26,113.69489157045564,0.5854043283133665,0,9.712562548199038,0.9022600357235108,0.0205705025049378,0.0438899897593966
Bounded confidence,40,,1,1,20,79.57273548990378,0.55814979399328,0,15.004581509637749,0.9046237772292666,0.0200472274969465,0.0525125827477572
Bounded confidence,40,,2,1,12,101.7636794079702,0.5857137048602552,0,23.303145494127136,0.9043187672511384,0.0201146724209325,0.049169714398787
Bounded confidence,40,,3,1,11,90.85187477047094,0.5733082452604747,0,22.239560343819328,0.9029651839752844,0.0204142564521034,0.0497172632615435
Bounded confidence,40,,4,1,18,107.82087108637654,0.5653286570630387,0,16.81577012871958,0.9000501004726223,0.0210609700030768,0.0569827045161239
Bounded confidence,40,,5,1,11,126.59920210078096,0.524094307588018,0,24.203173535705705,0.9011614903922494,0.0208141605629631,0.0519388369473987
Bounded confidence,40,,6,1,12,105.67870669017996,0.3935588173094739,0,24.09414679390407,0.9077021432727308,0.0193677980479367,0.0548029352289014
Bounded confidence,40,,7,1,14,107.47985545555018,0.6167211825883263,0,21.46537799463128,0.900370872160363,0.0209897040722727,0.0484081865718136
Bounded confidence,40,,8,1,8,94.10887247855558,0.5557405224391938,0,26.059481868193306,0.9063157257307332,0.0196735100997603,0.0535630211578709
Bounded confidence,40,,9,1,19,80.8561677886137,0.6268960146894174,0,13.825915252222815,0.9005368889718562,0.0209528300433976,0.0528209413286863
Bounded confidence,40,,10,1,17,90.33921344375388,0.5652706692461025,0,17.22832612247245,0.9040603522495664,0.0201718318960767,0.0495492963492976
Bounded confidence,40,,11,1,23,74.6861474332079,0.6204769625315796,0,10.14455074452058,0.9011223576558808,0.0208228457068525,0.0494485141838666
Bounded confidence,40,,12,1,20,103.01515891627255,0.5951514000193423,0,13.487883522598324,0.9024380466857644,0.0205310474925862,0.047842009363625
Bounded confidence,40,,13,1,17,102.09064728979608,0.5755162851951627,0,18.83428291748496,0.9010483843572504,0.0208392644172328,0.0539533937567157
Bounded confidence,40,,14,1,17,128.459549721413,0.580910515125274,0,18.57158959186959,0.9041311990406532,0.0201561594876811,0.0478754017066275
Bounded confidence,40,,15,1,8,112.60993203357955,0.6711321710661449,0,24.68628399495838,0.906438410441415,0.0196464386489946,0.0500812374273742
Bounded confidence,40,,16,1,24,85.35894652862825,0.5424725624115709,0,10.75654198090706,0.9005737554879155,0.0209446425361664,0.0511301938390059
Bounded confidence,40,,17,1,15,96.0950079291106,0.5912587444479918,0,17.62101827168961,0.902948945932107,0.0204178530889333,0.0461153415839269
Bounded confidence,40,,18,1,19,75.61394095502008,0.6154708151987711,0,15.413695157971382,0.9003767720822173,0.0209883935228744,0.047572375119174
Bounded confidence,40,,19,1,15,88.44986569244605,0.6178935857872918,0,20.18338238000705,0.9029492389119598,0.020417788194942,0.0553004635080928
Bounded confidence,40,,20,1,14,107.038573452645,0.5007829476996415,0,21.81411819826969,0.9058150085142274,0.0197840357301217,0.0498136571642387
Bounded confidence,40,,21,1,20,102.0791246072898,0.451384244944248,0,16.394857523568483,0.9004443421236143,0.0209733848047078,0.0497672141793789
Bounded confidence,40,,22,1,16,87.80335544096246,0.6019622808569267,0,17.144213677995975,0.9021981259088612,0.0205842262511549,0.0506458548488631
Bounded confidence,40,,23,1,24,110.16837659621048,0.586385559664951,0,10.247333616003507,0.9003127620645314,0.0210026125243178,0.0537444391407298
Bounded confidence,40,,24,1,20,98.8350646164416,0.5373788598259577,0,14.839892774095633,0.900504014248816,0.0209601313152311,0.0509380987556883
Bounded confidence,40,,25,1,13,99.87679085789372,0.5362979396409415,0,22.848143959160744,0.902468237236087,0.0205243567185345,0.0475147821738983
Bounded confidence,40,,26,1,22,91.61330032790848,0.5532084875665615,0,12.720506955169528,0.901496118159252,0.0207399084655579,0.0509045828746055
Bounded confidence,40,,27,1,12,93.8428493221824,0.6030974788806194,0,21.92265108890509,0.9045938879463622,0.0200538357196015,0.048382229225286
Bounded confidence,40,,28,1,17,96.3383589714027,0.5679561151931853,0,17.205531880176657,0.9033731962413812,0.0203239052139291,0.0538891680566078
Bounded confidence,40,,29,1,12,128.2884883924112,0.5284319725018569,0,22.523675876212813,0.902073459126765,0.0206118643924034,0.0473874063490133
Bounded confidence,40,,30,1,16,86.59425004467036,0.5092058228189014,0,18.2611278671584,0.9042494939432804,0.0201299935585148,0.050193699290879
Bounded confidence,40,,31,1,21,71.1931852427963,0.6307017686639393,0,11.527895198140904,0.9016489717977824,0.0207060002371523,0.0484831551252746
Bounded confidence,40,,32,1,22,100.94079576062256,0.5033708123697298,0,13.857191308612858,0.9002874573375618,0.0210082339224935,0.0532107231168115
Bounded confidence,40,,33,1,11,125.88276764361916,0.5511902442733279,0,25.16147743113409,0.9011695841097662,0.0208123642853244,0.0531041188864762
Bounded confidence,40,,34,1,14,101.69757460081206,0.6164917241497916,0,21.65148174131714,0.900992623963176,0.0208516415815336,0.0458519203466845
Bounded confidence,40,,35,1,24,70.4722378403644,0.6373274101528823,0,9.073505930370718,0.901481872763994,0.0207430688802341,0.0474308848347473
Bounded confidence,40,,36,1,13,95.04332169251984,0.6780835137889836,0,17.92577812150275,0.9016229715670347,0.0207117675826368,0.0598385335133019
Bounded confidence,40,,37,1,14,111.91610923830942,0.5524636407370542,0,20.095025552796592,0.9004122410842856,0.0209805149759011,0.0505551006642945
Bounded confidence,40,,38,1,11,86.92599575240197,0.61744276401664,0,22.674552746581163,0.9034839386723078,0.0202993891791137,0.0548083515411306
Bounded confidence,40,,39,1,18,108.73731324390984,0.537833581976455,0,15.937414040937814,0.9036330378584756,0.0202663865149934,0.0511148536862293
Bounded confidence,40,,40,1,13,102.39946452583284,0.5565166635219057,0,21.955926416901995,0.9079129891334112,0.0193213463836242,0.0453485120527733
Bounded confidence,40,,41,1,16,136.8266220193288,0.5789264541322854,0,20.577841668003924,0.9060348833154812,0.0197354942249286,0.0487262374026925
Bounded confidence,40,,42,1,22,69.19470172537787,0.5649640593157044,0,11.910328884132026,0.9004559248553762,0.0209708121510247,0.0566579783593882
Bounded confidence,40,,43,1,17,108.9386355829182,0.5837888672831661,0,19.48834521583069,0.903545847651714,0.0202856851483558,0.0512246175928495
Bounded confidence,40,,44,1,16,127.0999981662579,0.5374132546526729,0,20.02372315965032,0.9015706184608216,0.0207233810015214,0.0524744284464942
Bounded confidence,40,,45,1,20,90.70425568800148,0.6605878245481009,0,13.947530295554014,0.9007465625955862,0.0209062691038643,0.0509006591905403
Bounded confidence,40,,46,1,15,112.7498742905726,0.4807495097499161,0,18.835030454413804,0.9062632130244408,0.0196850986061,0.0492876397673421
Bounded confidence,40,,47,1,9,112.16290022288295,0.6666723804235188,0,24.15962179977492,0.9049556653257314,0.0199738650145086,0.0504367331175615
Bounded confidence,40,,48,1,21,66.68043862092821,0.6317779171423279,0,13.09003331258826,0.9021463228204806,0.0205957103308008,0.0478416833916017
Bounded confidence,40,,49,1,17,90.04848541981788,0.6056989458450561,0,17.72556993707666,0.902693098124381,0.020474530504101,0.045304562964891
Cluster consensus,40,,0,1,36,70.28779518587383,0.6137628022087607,0,3.1219778057302934,0.9011412894976,0.0208186439150116,0.0438899897593966
Cluster consensus,40,,1,1,25,45.514552252529846,0.5879063382201761,0,12.384698104979226,0.9030283496796108,0.0204002662127864,0.0525125827477572
Cluster consensus,40,,2,1,19,65.01172250250187,0.6024929630755971,0,19.19018308138389,0.9005103982174778,0.0209587134545815,0.049169714398787
Cluster consensus,40,,3,1,20,51.47296070911395,0.5967348126088841,0,16.325493347075152,0.903231284290849,0.02035532591555,0.0497172632615435
Cluster consensus,40,,4,1,32,63.95247790446045,0.5766824997093241,0,7.888594774390464,0.9004745108363883,0.0209666840668646,0.0569827045161239
Cluster consensus,40,,5,1,19,78.09832616670487,0.5355711771855054,0,19.82881352509432,0.9023421195525524,0.02055230817244,0.0519388369473987
Cluster consensus,40,,6,1,18,64.01324071611178,0.4380393406824272,0,21.92908934642267,0.9045670738967646,0.020059764224619,0.0548029352289014
Cluster consensus,40,,7,1,22,70.3852056926371,0.6437619792449067,0,16.346918642550357,0.901152439878966,0.0208161692059929,0.0484081865718136
Cluster consensus,40,,8,1,15,58.12167355680101,0.608679200156542,0,22.03884865469736,0.905443681469629,0.0198660399301521,0.0535630211578709
Cluster consensus,40,,9,1,28,50.21339288421346,0.6802372294107588,0,8.4184097695413,0.9007339642398288,0.0209090664376284,0.0528209413286863
Cluster consensus,40,,10,1,24,56.731354816747725,0.5875875310344434,0,12.457549414667549,0.9006076122920138,0.0209371237366256,0.0495492963492976
Cluster consensus,40,,11,1,36,43.009731324391694,0.661023773507359,0,1.725773954737596,0.9003501392921585,0.0209943095315468,0.0494485141838666
Cluster consensus,40,,12,1,24,62.05791168054381,0.6130585622504456,0,12.069577533330705,0.9011714490625192,0.0208119503896812,0.047842009363625
Cluster consensus,40,,13,1,28,64.70500832057655,0.5984150054061379,0,11.406258869587392,0.9020263180397844,0.0206223163834934,0.0539533937567157
Cluster consensus,40,,14,1,23,80.6805875069234,0.567593414613212,0,15.872678969854809,0.9004449376195055,0.0209732525376334,0.0478754017066275
Cluster consensus,40,,15,1,14,70.06587668120756,0.7232472015238847,0,21.065351236917827,0.901141127893376,0.0208186797815822,0.0500812374273742
Cluster consensus,40,,16,1,33,51.86375129915588,0.5538710403767919,0,5.739801176056208,0.900842444363742,0.0208849808371451,0.0511301938390059
Cluster consensus,40,,17,1,21,52.49621239995885,0.6199960289263706,0,13.757317882163566,0.9022092480224598,0.0205817607073404,0.0461153415839269
Cluster consensus,40,,18,1,25,45.02556771238208,0.6318765664455095,0,11.899633869854402,0.9013905173116324,0.0207633377473913,0.047572375119174
Cluster consensus,40,,19,1,23,54.66549060811174,0.6094188692201965,0,14.959532037529105,0.9024544680838076,0.0205274081848913,0.0553004635080928
Cluster consensus,40,,20,1,23,66.89920832054287,0.5175834118455451,0,15.983359429426676,0.9032031308730172,0.0203615599459908,0.0498136571642387
Cluster consensus,40,,21,1,31,62.41315065751745,0.4683263432563038,0,8.87522788014179,0.9004959351476944,0.0209619256742202,0.0497672141793789
Cluster consensus,40,,22,1,25,50.72726307389796,0.6356433359308078,0,11.79141315892767,0.9004515616330592,0.0209717812673951,0.0506458548488631
Cluster consensus,40,,23,1,33,68.46841741748722,0.6015164565212299,0,4.634769150639279,0.9014265062156704,0.0207553527098477,0.0537444391407298
Cluster consensus,40,,24,1,29,59.67749001608948,0.5547978731144159,0,9.42544368757127,0.9025341828621852,0.020509742748959,0.0509380987556883
Cluster consensus,40,,25,1,24,62.68352963379812,0.5398827422374621,0,15.835152877886696,0.9011704021076816,0.0208121827440122,0.0475147821738983
Cluster consensus,40,,26,1,34,55.76985236474151,0.5743791962503506,0,5.666932207434693,0.9003225328704393,0.0210004420001843,0.0509045828746055
Cluster consensus,40,,27,1,20,58.5004108350297,0.6439567581647028,0,16.747910269978817,0.902484583812624,0.0205207341138112,0.048382229225286
Cluster consensus,40,,28,1,22,55.49295878106162,0.6061995221439578,0,16.566941543381965,0.9030031299233646,0.0204058518864654,0.0538891680566078
Cluster consensus,40,,29,1,18,82.08462100561664,0.5523253870155915,0,19.653833112052336,0.9027830168777004,0.0204546091653147,0.0473874063490133
Cluster consensus,40,,30,1,26,51.10702024052883,0.5432582652489291,0,11.734088449048883,0.9031434191219848,0.0203747826027517,0.050193699290879
Cluster consensus,40,,31,1,28,41.52355398921964,0.6540827348561085,0,7.291164480179713,0.9001910658095452,0.0210296485690709,0.0484831551252746
Cluster consensus,40,,32,1,31,64.53886528664452,0.517798231809,0,9.77722267846186,0.9001930238648135,0.0210292135385062,0.0532107231168115
Cluster consensus,40,,33,1,19,83.65923060944363,0.5570100839827519,0,20.207639764581703,0.9003319809377929,0.0209983431928271,0.0531041188864762
Cluster consensus,40,,34,1,28,65.7946809623537,0.6599837422552022,0,11.53200701437875,0.900853599998557,0.0208825041408455,0.0458519203466845
Cluster consensus,40,,35,1,31,42.046988124411016,0.6623700432261803,0,5.052503235755441,0.9017737275481748,0.0206783293531967,0.0474308848347473
Cluster consensus,40,,36,1,23,56.56334887636446,0.72084744260774,0,10.527306661936516,0.9019695203917664,0.020634910126079,0.0598385335133019
Cluster consensus,40,,37,1,26,71.89442235684989,0.5819314049360116,0,12.460539746713769,0.9013964156014164,0.0207620290425907,0.0505551006642945
Cluster consensus,40,,38,1,17,45.51521791580189,0.624808013284947,0,19.934299977802148,0.90355966088683,0.0202826276101986,0.0548083515411306
Cluster consensus,40,,39,1,22,60.10014041242708,0.5553734047651182,0,15.956580848104512,0.902405919603486,0.0205381676831139,0.0511148536862293
Cluster consensus,40,,40,1,22,65.10397287457455,0.5963352457497368,0,16.01788547620934,0.9022928553709024,0.0205632276508601,0.0453485120527733
Cluster consensus,40,,41,1,24,93.5970447588215,0.5633391519809416,0,16.283901581437373,0.9024409992370366,0.0205303931437469,0.0487262374026925
Cluster consensus,40,,42,1,29,37.53452691552376,0.5975451618913239,0,7.635275998757017,0.9000426110727823,0.0210626342284341,0.0566579783593882
Cluster consensus,40,,43,1,23,68.4862685576079,0.5975206311900387,0,16.585843285570718,0.900238417277338,0.0210191285307693,0.0512246175928495
Cluster consensus,40,,44,1,21,81.17597406267245,0.5397630382935441,0,18.89217796549606,0.9002374036652208,0.0210193537183792,0.0524744284464942
Cluster consensus,40,,45,1,33,59.480254923780166,0.6932821067256689,0,4.903800563195425,0.9000498643082949,0.021061022481124,0.0509006591905403
Cluster consensus,40,,46,1,22,65.2620028941509,0.5300017940249051,0,15.027823498163317,0.9020642501588396,0.0206139061363075,0.0492876397673421
Cluster consensus,40,,47,1,16,72.95043906120877,0.6881672133531864,0,19.80360020114335,0.9004009776490112,0.020983016831209,0.0504367331175615
Cluster consensus,40,,48,1,27,38.61170795179656,0.6563148328919015,0,9.805761930570071,0.9027479265716382,0.020462383123705,0.0478416833916017
Cluster consensus,40,,49,1,25,56.15709655880943,0.6314303165616648,0,12.205732593308896,0.9017729770069908,0.0206784958121372,0.045304562964891
Cost-aware heuristic,40,,0,1,28,107.62065514980492,0.5729762695433174,0,7.950054404110355,0.9022434878961826,0.0205741706224254,0.0438899897593966
Cost-aware heuristic,40,,1,1,23,72.97505444387707,0.5705321740646243,0,11.58065348779466,0.9005496508898224,0.0209499957724875,0.0525125827477572
Cost-aware heuristic,40,,2,1,13,96.46632744398354,0.592067853253091,0,22.57451604501346,0.9028247915242512,0.0204453547422083,0.049169714398787
Cost-aware heuristic,40,,3,1,13,79.4974590225071,0.56181159421941,0,20.95232242997338,0.9054624946868072,0.0198618843935645,0.0497172632615435
Cost-aware heuristic,40,,4,1,21,100.75684323427684,0.5531195001344078,0,13.709169229969296,0.9012527134536112,0.0207939159241348,0.0569827045161239
Cost-aware heuristic,40,,5,1,13,117.68466071626275,0.5177973720893394,0,23.230960566189754,0.9060982535105698,0.0197215062471522,0.0519388369473987
Cost-aware heuristic,40,,6,1,13,96.47514099368108,0.3995916560063486,0,23.806992107157008,0.9042824889619056,0.0201226959228764,0.0548029352289014
Cost-aware heuristic,40,,7,1,16,99.29037292132706,0.62422044563478,0,20.57090552906673,0.903258443924337,0.020349312123594,0.0484081865718136
Cost-aware heuristic,40,,8,1,9,84.95851457087421,0.5702771008313332,0,25.462396175387997,0.9007655126628284,0.0209020615123631,0.0535630211578709
Cost-aware heuristic,40,,9,1,22,72.14851951293755,0.6267970076623572,0,12.153443195177946,0.9021987843366368,0.0205840802904138,0.0528209413286863
Cost-aware heuristic,40,,10,1,20,89.24410477013527,0.5929128980011296,0,13.9796598389981,0.904050010950332,0.020174119654489,0.0495492963492976
Cost-aware heuristic,40,,11,1,26,67.47095291217724,0.6180375882178655,0,8.002539529091633,0.9009573855779568,0.0208594638596295,0.0494485141838666
Cost-aware heuristic,40,,12,1,23,95.27475892378088,0.592557566270236,0,10.38332572855569,0.9020998981143564,0.0206060026524576,0.047842009363625
Cost-aware heuristic,40,,13,1,23,92.64301070515262,0.5717668174161354,0,12.9598013900384,0.9011885236971264,0.0208081609946955,0.0539533937567157
Cost-aware heuristic,40,,14,1,20,115.02628728315948,0.5464506293840292,0,16.53626913419817,0.9035990079669454,0.0202739184512742,0.0478754017066275
Cost-aware heuristic,40,,15,1,8,100.49251153716318,0.6793864505187144,0,24.79367592948804,0.9026487808346272,0.0204843496503312,0.0500812374273742
Cost-aware heuristic,40,,16,1,29,80.05588450986247,0.5007439002039049,0,6.05347925193521,0.9017930387420602,0.0206740464634812,0.0511301938390059
Cost-aware heuristic,40,,17,1,18,88.02251891671628,0.6073520276412738,0,14.794924384357444,0.9027396470502176,0.020464217425207,0.0461153415839269
Cost-aware heuristic,40,,18,1,23,71.42720333971204,0.5905912219923461,0,11.3386489283174,0.9015376274456716,0.0207306997002693,0.047572375119174
Cost-aware heuristic,40,,19,1,16,81.63731371531097,0.5931534771339848,0,19.33245729844107,0.9003014210551872,0.021005131888977,0.0553004635080928
Cost-aware heuristic,40,,20,1,15,99.1989737241212,0.501084099839243,0,21.192697785109388,0.9042041569350292,0.0201400213539716,0.0498136571642387
Cost-aware heuristic,40,,21,1,27,93.10534862888542,0.4427401547759662,0,9.079382222293823,0.9007619549730028,0.0209028514397752,0.0497672141793789
Cost-aware heuristic,40,,22,1,19,78.3678150493972,0.5727462423932623,0,15.36104696086126,0.9032493734684398,0.0203513205191979,0.0506458548488631
Cost-aware heuristic,40,,23,1,30,100.45091181052048,0.5792991405565608,0,3.90484413691511,0.90108109956678,0.0208320029613107,0.0537444391407298
Cost-aware heuristic,40,,24,1,23,89.49244478187543,0.5351743783772747,0,12.491785150032037,0.9001023848307723,0.0210493522410058,0.0509380987556883
Cost-aware heuristic,40,,25,1,15,91.50450392639812,0.5283197746998491,0,21.73902965483489,0.9018829379725868,0.0206541095719859,0.0475147821738983
Cost-aware heuristic,40,,26,1,26,79.52715779174606,0.5520157975571565,0,9.985450834112577,0.9018238568538982,0.0206672117278084,0.0509045828746055
Cost-aware heuristic,40,,27,1,14,84.00614267092593,0.6013004807542224,0,20.08553760616909,0.901726974502036,0.0206886987522429,0.048382229225286
Cost-aware heuristic,40,,28,1,17,88.52365562176341,0.5679886823636933,0,18.136414172802983,0.9020041107163592,0.0206272403189376,0.0538891680566078
Cost-aware heuristic,40,,29,1,14,116.97019490867793,0.5061519377622545,0,21.293998655466755,0.9033053054412932,0.0203389362889227,0.0473874063490133
Cost-aware heuristic,40,,30,1,18,76.8917487009605,0.5218742173612998,0,16.98536317328584,0.9033384115851606,0.0203316064222624,0.050193699290879
Cost-aware heuristic,40,,31,1,25,68.3451438541281,0.6322891800578161,0,7.426382731623444,0.9014047531508244,0.0207601791326721,0.0484831551252746
Cost-aware heuristic,40,,32,1,22,98.64151303764638,0.4613243174472539,0,14.525747566235582,0.9013899059609848,0.0207634733935609,0.0532107231168115
Cost-aware heuristic,40,,33,1,14,119.82267266350624,0.5442652688618488,0,22.63072208111141,0.9020188918653058,0.0206239629441091,0.0531041188864762
Cost-aware heuristic,40,,34,1,17,91.98677057956104,0.6271754285829159,0,19.05457325280045,0.9011257974284536,0.0208220822664655,0.0458519203466845
Cost-aware heuristic,40,,35,1,27,64.14424499823807,0.636048263087972,0,6.340229178358197,0.9008589051222884,0.020881326345006,0.0474308848347473
Cost-aware heuristic,40,,36,1,18,81.28206248962636,0.6851786922111216,0,13.57644532271654,0.902674360733234,0.0204786819893968,0.0598385335133019
Cost-aware heuristic,40,,37,1,18,105.61961293974122,0.5339552266214638,0,16.818467361396415,0.9014256544756468,0.0207555416859694,0.0505551006642945
Cost-aware heuristic,40,,38,1,12,77.08988461614389,0.614052594085355,0,22.57766052354918,0.9045204358014196,0.0200700761846774,0.0548083515411306
Cost-aware heuristic,40,,39,1,17,96.0522901296054,0.5265966830739208,0,17.967431528154783,0.901444044966659,0.0207514614152725,0.0511148536862293
Cost-aware heuristic,40,,40,1,14,89.49703457802102,0.5401216920893426,0,21.591024935624752,0.9011421046742906,0.0208184629941435,0.0453485120527733
Cost-aware heuristic,40,,41,1,18,127.16535130841204,0.5531123706132837,0,19.14413336959879,0.903482534294706,0.0202997000598351,0.0487262374026925
Cost-aware heuristic,40,,42,1,26,59.5427458430486,0.5863574025588956,0,7.929715177539975,0.9018466497821404,0.0206621569402162,0.0566579783593882
Cost-aware heuristic,40,,43,1,20,96.74805549421902,0.609296611130645,0,17.04029301168559,0.9024587279235056,0.0205264641306936,0.0512246175928495
Cost-aware heuristic,40,,44,1,17,114.77301931238976,0.5222874053173738,0,19.68951203577453,0.9041036716401224,0.0201622488294982,0.0524744284464942
Cost-aware heuristic,40,,45,1,25,82.2835809164598,0.6649297022188345,0,9.346611395504146,0.9008945529055982,0.0208734123247707,0.0509006591905403
Cost-aware heuristic,40,,46,1,17,101.3511419745105,0.48694148332681,0,17.581572384605956,0.904424194724596,0.02009135733951,0.0492876397673421
Cost-aware heuristic,40,,47,1,11,102.95881236659274,0.6684982210135637,0,23.036589130202263,0.9053110680092128,0.0198953345567582,0.0504367331175615
Cost-aware heuristic,40,,48,1,23,60.496550966460845,0.6180469305008811,0,11.275558403812449,0.9022110161262472,0.0205813687578989,0.0478416833916017
Cost-aware heuristic,40,,49,1,19,84.01394896157717,0.5940567815694546,0,15.911521233603157,0.9007371372517532,0.0209083618996712,0.045304562964891
Minimum Cost Consensus (MCCM),40,,0,1,24,124.53951564220372,0.556349631851272,0,11.1104677997463,0.9006951688593032,0.0209176807938234,0.0438899897593966
Minimum Cost Consensus (MCCM),40,,1,1,21,84.17779830457579,0.5388026456741954,0,13.27744065524847,0.9022184651469036,0.0205797174834692,0.0525125827477572
Minimum Cost Consensus (MCCM),40,,2,1,12,106.60047323168736,0.5791065360519168,0,23.154766891125973,0.9061579035170444,0.0197083403365243,0.049169714398787
Minimum Cost Consensus (MCCM),40,,3,1,10,97.35811769924726,0.5665946879612966,0,22.78411819149129,0.9000223166915882,0.0210671439282526,0.0497172632615435
Minimum Cost Consensus (MCCM),40,,4,1,17,118.06978052742224,0.5447534679123514,0,16.86853446903898,0.9005795682992545,0.0209433516274442,0.0569827045161239
Minimum Cost Consensus (MCCM),40,,5,1,11,135.73115459186127,0.513450680753285,0,24.119070012523288,0.9035885479188822,0.0202762336615642,0.0519388369473987
Minimum Cost Consensus (MCCM),40,,6,1,12,110.38417176192073,0.3758840753021,0,24.0266837076214,0.9084212895754183,0.0192094065361556,0.0548029352289014
Minimum Cost Consensus (MCCM),40,,7,1,14,111.26745160090265,0.6122848245384005,0,22.089184149644552,0.9050511941768712,0.0199527537461778,0.0484081865718136
Minimum Cost Consensus (MCCM),40,,8,1,8,96.0471346253348,0.5491132914177039,0,25.981149780418896,0.9060760870178352,0.0197263990418994,0.0535630211578709
Minimum Cost Consensus (MCCM),40,,9,1,19,83.22045730897446,0.5993911575062827,0,14.321099937667562,0.9023746390377724,0.0205451005072884,0.0528209413286863
Minimum Cost Consensus (MCCM),40,,10,1,17,99.42284577418164,0.5812428540670427,0,16.46392128147252,0.9009357028458604,0.0208642771822926,0.0495492963492976
Minimum Cost Consensus (MCCM),40,,11,1,23,80.2023783240789,0.6017328765914103,0,10.056800593275833,0.9007667976290016,0.0209017762072002,0.0494485141838666
Minimum Cost Consensus (MCCM),40,,12,1,20,106.33289997990302,0.5821561699400521,0,12.982107170396612,0.9009685082706472,0.0208569947918996,0.047842009363625
Minimum Cost Consensus (MCCM),40,,13,1,18,107.61105235646164,0.5532435356915255,0,16.892961353909556,0.9011399940971264,0.0208189314174087,0.0539533937567157
Minimum Cost Consensus (MCCM),40,,14,1,18,135.98497416937852,0.5125467332877842,0,17.982428527904517,0.9022707436437774,0.0205681289415962,0.0478754017066275
Minimum Cost Consensus (MCCM),40,,15,1,7,117.84723698876677,0.6619799389983343,0,24.96771627368146,0.9016701995816307,0.020701291634441,0.0500812374273742
Minimum Cost Consensus (MCCM),40,,16,1,25,90.81146649081842,0.4932942404460017,0,9.461691466079287,0.9004591360351702,0.0209700989180991,0.0511301938390059
Minimum Cost Consensus (MCCM),40,,17,1,15,103.5251147264599,0.5905556526643101,0,17.241602071448774,0.9011572364348844,0.0208151046706399,0.0461153415839269
Minimum Cost Consensus (MCCM),40,,18,1,22,81.08209286664882,0.5800875670512082,0,11.590761146291303,0.9028726318497872,0.0204347571027748,0.047572375119174
Minimum Cost Consensus (MCCM),40,,19,1,15,91.42950992239236,0.5976547080123005,0,19.960262068162955,0.9028551932599734,0.0204386200525664,0.0553004635080928
Minimum Cost Consensus (MCCM),40,,20,1,13,113.15889786179493,0.4882570340520658,0,22.26808470088088,0.9001782206163242,0.0210325024709494,0.0498136571642387
Minimum Cost Consensus (MCCM),40,,21,1,21,107.09417717150644,0.4466913236239556,0,14.245373791149476,0.9006087519221296,0.0209368706565097,0.0497672141793789
Minimum Cost Consensus (MCCM),40,,22,1,17,90.63103491184464,0.560030622312466,0,16.466833387187464,0.9024315757911758,0.0205324815894335,0.0506458548488631
Minimum Cost Consensus (MCCM),40,,23,1,27,114.92387014911318,0.5803309957241656,0,6.285502748064612,0.9002070357112752,0.0210261004867403,0.0537444391407298
Minimum Cost Consensus (MCCM),40,,24,1,20,104.824762967037,0.5255990098412024,0,14.800678214018085,0.9009802016045956,0.0208543990834014,0.0509380987556883
Minimum Cost Consensus (MCCM),40,,25,1,12,108.13007431888298,0.5130022356149522,0,23.506674086828525,0.9000374096856194,0.0210637900408653,0.0475147821738983
Minimum Cost Consensus (MCCM),40,,26,1,22,95.5408180925474,0.5441238980177299,0,12.740500143265006,0.9008842917861634,0.0208756903223097,0.0509045828746055
Minimum Cost Consensus (MCCM),40,,27,1,12,97.67417528096657,0.589311775858717,0,21.57701453475228,0.903282992771626,0.0203438765776847,0.048382229225286
Minimum Cost Consensus (MCCM),40,,28,1,16,102.0679712811966,0.5419924770823117,0,18.55738244970752,0.9018919902256376,0.0206521021700847,0.0538891680566078
Minimum Cost Consensus (MCCM),40,,29,1,12,133.267116073355,0.5020619033387916,0,22.447292159800828,0.9032747007684804,0.020345712556281,0.0473874063490133
Minimum Cost Consensus (MCCM),40,,30,1,15,88.01451822437329,0.4983289751745146,0,19.17902780627512,0.901652859312538,0.020705137926764,0.050193699290879
Minimum Cost Consensus (MCCM),40,,31,1,21,76.61549741374202,0.6235175447762968,0,11.132706406355643,0.9003222340191198,0.0210005083878084,0.0484831551252746
Minimum Cost Consensus (MCCM),40,,32,1,20,111.78908296519036,0.4570648844933183,0,15.878097904904092,0.9010848193953032,0.0208311773262271,0.0532107231168115
Minimum Cost Consensus (MCCM),40,,33,1,12,133.3383312078991,0.5366615591662094,0,23.950951867777448,0.902958959850456,0.020415635053713,0.0531041188864762
Minimum Cost Consensus (MCCM),40,,34,1,14,105.93966210397944,0.6076147311185138,0,21.564810890971327,0.9026724135370569,0.0204791134181295,0.0458519203466845
Minimum Cost Consensus (MCCM),40,,35,1,24,74.801931975382,0.620580109306166,0,8.96239183234366,0.9009090234213264,0.0208701998734429,0.0474308848347473
Minimum Cost Consensus (MCCM),40,,36,1,14,98.580913763707,0.6602058700873357,0,16.592864753308227,0.903639872797362,0.0202648737520131,0.0598385335133019
Minimum Cost Consensus (MCCM),40,,37,1,14,120.71709447048003,0.5129975273608987,0,19.99121799411538,0.9019151651803842,0.0206469630498237,0.0505551006642945
Minimum Cost Consensus (MCCM),40,,38,1,11,90.93370022727812,0.6066029991843984,0,23.03142931023581,0.9042258480462196,0.020135223576644,0.0548083515411306
Minimum Cost Consensus (MCCM),40,,39,1,16,112.6138752487976,0.5208544390035372,0,18.2762822901351,0.90339139733547,0.0203198756698138,0.0511148536862293
Minimum Cost Consensus (MCCM),40,,40,1,12,106.95430279092594,0.5287335944131168,0,22.55651628987096,0.9011722923414912,0.0208117632380402,0.0453485120527733
Minimum Cost Consensus (MCCM),40,,41,1,16,141.34395090717294,0.5527948878630271,0,20.309865476505287,0.9057374997088492,0.019801150068254,0.0487262374026925
Minimum Cost Consensus (MCCM),40,,42,1,24,70.17955454886268,0.5724681786861561,0,9.60030188035662,0.9019484868613568,0.02063957409203,0.0566579783593882
Minimum Cost Consensus (MCCM),40,,43,1,19,111.53487973087276,0.5974324835031601,0,17.252698805475305,0.9036185695247826,0.0202695887993094,0.0512246175928495
Minimum Cost Consensus (MCCM),40,,44,1,15,132.0917932202062,0.5185164219542973,0,20.70181476370412,0.9024130925769296,0.020536577945108,0.0524744284464942
Minimum Cost Consensus (MCCM),40,,45,1,20,94.9045303784064,0.6470432792564411,0,13.38504667222812,0.9008262980887266,0.0208885655749241,0.0509006591905403
Minimum Cost Consensus (MCCM),40,,46,1,15,117.93944213628686,0.4703389280981234,0,18.686390428344748,0.9040885221891052,0.0201656001217047,0.0492876397673421
Minimum Cost Consensus (MCCM),40,,47,1,9,119.17483895460154,0.6644236648932882,0,24.004988666372224,0.9037906441349882,0.0202315067513869,0.0504367331175615
Minimum Cost Consensus (MCCM),40,,48,1,21,68.8845944788417,0.6175522252141838,0,12.78882611612998,0.9002272002400358,0.0210216205610959,0.0478416833916017
Minimum Cost Consensus (MCCM),40,,49,1,18,97.53336349586117,0.578891060667057,0,16.431283696204947,0.9029925217543848,0.0204082014312099,0.045304562964891
Random,100,,0,0,120,4254.102435723024,0.5016162070003503,2516,-236.0173899427364,0.0,0.2684412460381991,0.0555107831171206
Random,100,,1,0,120,4628.365634647791,0.4674427752192067,2194,-232.99401183390452,0.0,0.2739392574062804,0.0481286453546992
Random,100,,2,0,120,4280.778570848913,0.5454999317641831,1760,-223.1569857560004,0.0,0.2604121093881383,0.0491962225931205
Random,100,,3,0,120,4423.609243092497,0.4987331059643376,2448,-233.3699792203084,0.0,0.2709755180971959,0.0514402219806987
Random,100,,4,0,120,4774.761457072575,0.4988675835397547,2057,-231.23976100757392,0.0,0.233773779495395,0.0504229565364712
Random,100,,5,0,120,4015.162780554884,0.5278896977242109,1947,-222.29557615840875,0.0,0.2350969852516611,0.0465667988095498
Random,100,,6,0,120,5002.965905599424,0.5185489800738332,1653,-227.00295251801992,0.0,0.2467692222834226,0.0487482590172137
Random,100,,7,0,120,4431.834371719056,0.574837661276727,2201,-232.20355094222427,0.0,0.2577462733114827,0.0517393290576296
Random,100,,8,0,120,4655.451588811516,0.4960331211587911,2684,-239.12199175500675,0.0,0.2687580730465196,0.0505534245132704
Random,100,,9,0,120,4333.450075661923,0.5005227488785067,1508,-216.2726359655644,0.0,0.2353700512039167,0.0486247983899112
Random,100,,10,0,120,3979.102362510744,0.5278725037693999,2043,-224.8510917509352,0.0,0.2518300413428055,0.0490388161847755
Random,100,,11,0,120,5011.639337023319,0.5301098910852797,2046,-233.83380647828244,0.0,0.2401142524071617,0.0527725840595382
Random,100,,12,0,120,3837.637210651814,0.5167100554635367,2518,-228.3506166618672,0.0,0.2573622539487691,0.0514657800706217
Random,100,,13,0,120,3924.418090782671,0.5262489565196473,2045,-222.16678710303975,0.0,0.2685058960722942,0.0493297420642211
Random,100,,14,0,120,4117.750006667263,0.5279911298361728,2394,-229.4180606282557,0.0,0.2690556529425211,0.0520159978301974
Random,100,,15,0,120,4453.619156664825,0.5312815290626707,2204,-230.3261344405641,0.0,0.2582290867169315,0.048458415048484
Random,100,,16,0,120,4489.823266279624,0.512205808650763,2043,-227.51965561953435,0.0,0.2316641755195545,0.0497982940279659
Random,100,,17,0,120,4561.561876544167,0.5232688746733294,2111,-230.0359599967442,0.0,0.2698789004770923,0.0486354451080916
Random,100,,18,0,120,4399.009097527487,0.5168579114729399,2068,-229.59392102373664,0.0,0.2661908150002066,0.050693943839249
Random,100,,19,0,120,4030.7295718141,0.5647899690316189,1838,-222.64660282392563,0.0,0.2583255955438568,0.0528420383843875
Random,100,,20,0,120,5038.061654408394,0.5342387866400768,2237,-238.3931079990045,0.0,0.257832901369103,0.0527209801219491
Random,100,,21,0,120,4274.648387958912,0.532703246757966,1751,-220.90982838075288,0.0,0.2288613109304116,0.0505995335973381
Random,100,,22,0,120,4897.753148088284,0.5037316758901174,2085,-233.79863014484724,0.0,0.2674643782460167,0.0507288573436818
Random,100,,23,0,120,4815.3419155622005,0.5046728627762942,1883,-231.0578870535425,0.0,0.2643859650204106,0.0481059226334398
Random,100,,24,0,120,3960.976188169665,0.5424666970471888,1805,-223.09261747919584,0.0,0.2455026219443444,0.0480218330084854
Random,100,,25,0,120,4898.992112068161,0.5378443674408957,2424,-240.4718408994844,0.0,0.277160916536621,0.0477097453680787
Random,100,,26,0,120,4575.942385715147,0.5254480712196079,1770,-224.71375702872052,0.0,0.2282873822405852,0.0508767370153369
Random,100,,27,0,120,4271.422053921142,0.5111844899270606,2015,-227.7822274270453,0.0,0.2560238529999725,0.0501879954695992
Random,100,,28,0,120,4171.02380311799,0.5134664020370685,2081,-227.0626770481541,0.0,0.2420416051199276,0.0469279827385369
Random,100,,29,0,120,4328.215686583892,0.5358003678713263,2524,-236.46723661817623,0.0,0.261351775480677,0.053070132944302
Random,100,,30,0,120,4800.70308367625,0.4982659412092649,1843,-226.67117731674972,0.0,0.238682156165845,0.0499292911125794
Random,100,,31,0,120,4929.188134705014,0.5448826670473368,2125,-237.96624665287973,0.0,0.2647445189598831,0.0482508539967576
Random,100,,32,0,120,4543.422173928098,0.4934819595195672,1786,-225.46278934180265,0.0,0.2530615431874615,0.0512819437055316
Random,100,,33,0,120,5244.109796110942,0.5080203473198834,2423,-242.94997993593827,0.0,0.2678477789452209,0.0492081457775776
Random,100,,34,0,120,5433.557518822118,0.4624128068954982,2018,-236.02602767129943,0.0,0.2667211294314643,0.0478175559192498
Random,100,,35,0,120,5034.532676912621,0.5058877493464036,2495,-243.4649263988704,0.0,0.2579210905148447,0.0485730176483113
Random,100,,36,0,120,3617.481838729848,0.5433152173324889,2058,-224.04497162785688,0.0,0.2642338516747818,0.0519289020329529
Random,100,,37,0,120,4937.93665798662,0.516176768662794,2215,-237.1250870157234,0.0,0.2605515814041703,0.0504027776900741
Random,100,,38,0,120,4833.274877287134,0.5250980276691377,2013,-234.770072121231,0.0,0.2504132880764453,0.0499642161512087
Random,100,,39,0,120,4493.600147516334,0.509843494916346,2433,-236.53583567771335,0.0,0.2569625686814818,0.0510093059018105
Random,100,,40,0,120,4287.870109973716,0.507559917133936,2172,-229.38601498035837,0.0,0.2538531845360799,0.0487298065445969
Random,100,,41,0,120,4922.572883069834,0.4651926199828848,2337,-234.1589376645832,0.0,0.2441220584282503,0.052230798049627
Random,100,,42,0,120,3649.841348484376,0.5464839032902151,1784,-216.45507111855605,0.0149427191055307,0.2375414818486425,0.0470524920700886
Random,100,,43,0,120,4810.8303419653785,0.5095113601394325,1924,-231.2455446658114,0.0,0.2678432881352119,0.0537372396140668
Random,100,,44,0,120,4368.57873452772,0.5098824087275027,2106,-228.644475171339,0.0,0.2528623991094808,0.0493774124502028
Random,100,,45,0,120,4484.587884918115,0.5179261732982421,2608,-239.1555597655736,0.0,0.2907945741714504,0.0499388909287585
Random,100,,46,0,120,4118.565763897824,0.5328267375649309,2290,-230.84618422453968,0.0,0.2636609976187517,0.0498474548572105
Random,100,,47,0,120,3873.408315342109,0.5406856547323957,2288,-228.04372943977293,0.0,0.2584604764994441,0.0475039152607714
Random,100,,48,0,120,4410.302874429741,0.4968050989793378,1844,-221.6353785970405,0.0,0.2661199998432703,0.0517327325485493
Random,100,,49,0,120,4880.650571955471,0.4951836455823188,2129,-233.6926903006429,0.0,0.2429406164308374,0.0478420540499223
Mean consensus,100,,0,1,16,232.57046447708632,0.529107013696597,0,18.53931389437068,0.9027489596921936,0.0204621542403292,0.0555107831171206
Mean consensus,100,,1,1,17,285.09895319758874,0.4891519657229695,0,17.929596932843303,0.901842051506106,0.0206631766895845,0.0481286453546992
Mean consensus,100,,2,1,16,259.08050588603635,0.5920715764702014,0,17.913350487354407,0.9000531651356527,0.0210602890059165,0.0491962225931205
Mean consensus,100,,3,1,22,255.5613417221165,0.5504755187722605,0,11.896666753999773,0.9012129410113208,0.0208027421544041,0.0514402219806987
Mean consensus,100,,4,1,17,284.3648424372092,0.5326719257609438,0,16.422902294129997,0.902246723489498,0.0205734533908672,0.0504229565364712
Mean consensus,100,,5,1,20,261.8677377259954,0.5672575135294389,0,14.450205319729593,0.902369884239638,0.0205461543513252,0.0465667988095498
Mean consensus,100,,6,1,14,293.17731366732374,0.5384139322784682,0,19.301073012867548,0.9026789992593452,0.0204776542623681,0.0487482590172137
Mean consensus,100,,7,1,18,281.1190085354465,0.5723520677915583,0,16.819601419598513,0.9012124409718366,0.0208028531247642,0.0517393290576296
Mean consensus,100,,8,1,20,300.70934193987193,0.5366605932194204,0,13.374778799324597,0.9027335789561252,0.0204655618027375,0.0505534245132704
Mean consensus,100,,9,1,17,295.5966750294186,0.5302829022595204,0,17.848667989045207,0.901395398335017,0.0207622547517139,0.0486247983899112
Mean consensus,100,,10,1,19,286.5918050143914,0.5193549754757594,0,15.975561738273363,0.901088374682532,0.020830388215116,0.0490388161847755
Mean consensus,100,,11,1,21,285.5402083453406,0.5766735877603772,0,12.477752776399427,0.9020858150694612,0.0206091249573938,0.0527725840595382
Mean consensus,100,,12,1,19,260.5967115553589,0.5254353808728895,0,16.09783419360427,0.9033337837523406,0.0203326310315594,0.0514657800706217
Mean consensus,100,,13,1,19,249.37137161865104,0.5563461716439306,0,14.076561280700808,0.9024176009214584,0.020535578772267,0.0493297420642211
Mean consensus,100,,14,1,15,254.0193150828454,0.5353841772900083,0,19.46487202191757,0.9027509343289764,0.0204617167688479,0.0520159978301974
Mean consensus,100,,15,1,16,274.4860666221607,0.605183712280742,0,18.27357828311353,0.9042445579820724,0.0201310852870063,0.048458415048484
Mean consensus,100,,16,1,18,287.1676608644737,0.5490226802487415,0,17.07057398287972,0.9038338993051546,0.0202219350357711,0.0497982940279659
Mean consensus,100,,17,1,18,294.8786536446252,0.556436339401617,0,16.41830394071505,0.9026286349238049,0.020488813432052,0.0486354451080916
Mean consensus,100,,18,1,20,257.8119003064425,0.553498685992377,0,13.024709877324677,0.9012353173652644,0.0207977763854638,0.050693943839249
Mean consensus,100,,19,1,20,273.8119309464984,0.5786280333157456,0,14.853695090645338,0.9025831191745946,0.0204988988415041,0.0528420383843875
Mean consensus,100,,20,1,15,307.71587302566775,0.5697341571548351,0,19.12617417728744,0.9005584841824068,0.0209480340262908,0.0527209801219491
Mean consensus,100,,21,1,20,263.5003191553857,0.5915852916773665,0,13.527804411332944,0.9020516041468152,0.0206167099500414,0.0505995335973381
Mean consensus,100,,22,1,19,247.85735417552283,0.5835551867181932,0,14.297821208039544,0.9032661065492712,0.0203476154680059,0.0507288573436818
Mean consensus,100,,23,1,13,271.96108600437685,0.5367828977981672,0,20.774286982385085,0.9000652272038594,0.0210576087226066,0.0481059226334398
Mean consensus,100,,24,1,15,241.7413232581423,0.5876107464817126,0,19.60427820536916,0.9042718940887609,0.0201250392028451,0.0480218330084854
Mean consensus,100,,25,1,21,310.2280988265728,0.5775835296405933,0,14.073777849187444,0.9016729574105854,0.0207006799197057,0.0477097453680787
Mean consensus,100,,26,1,16,292.8520468128768,0.5687141731805974,0,18.354646443620283,0.9040769379132796,0.0201681627800634,0.0508767370153369
Mean consensus,100,,27,1,17,252.6835792699012,0.5789790838411366,0,17.63981869308516,0.9011824331401276,0.0208095126713802,0.0501879954695992
Mean consensus,100,,28,1,23,263.8504057401907,0.5533460330614821,0,11.933811482807997,0.9000396992743869,0.0210632812651565,0.0469279827385369
Mean consensus,100,,29,1,24,264.6578339394476,0.5741136780902907,0,9.796536934942548,0.9019452629743612,0.0206402889649533,0.053070132944302
Mean consensus,100,,30,1,17,268.1431853200925,0.5961512869187982,0,15.337197781837416,0.901254406663026,0.0207935401787309,0.0499292911125794
Mean consensus,100,,31,1,23,241.3884650237933,0.5493562935836229,0,8.970120938855237,0.9024066041241176,0.0205380159730337,0.0482508539967576
Mean consensus,100,,32,1,18,270.9513794973397,0.56754931769293,0,15.56726982730198,0.9018771622775824,0.0206553903842189,0.0512819437055316
Mean consensus,100,,33,1,17,311.5198895864261,0.526466765080601,0,17.140238453441235,0.9000785201580347,0.0210546549686756,0.0492081457775776
Mean consensus,100,,34,1,13,299.3289569314358,0.5479718690982927,0,20.13181421020357,0.9015589179625816,0.0207259765994535,0.0478175559192498
Mean consensus,100,,35,1,20,305.80636159914104,0.5117849118660405,0,14.544498473919711,0.902177636131096,0.0205887684930088,0.0485730176483113
Mean consensus,100,,36,1,20,213.71322580290257,0.5965964006055688,0,13.153257243865774,0.902010542207663,0.0206258142792337,0.0519289020329529
Mean consensus,100,,37,1,22,319.43422832320454,0.5598269004700156,0,12.681524478632513,0.9013732752202308,0.0207671634491218,0.0504027776900741
Mean consensus,100,,38,1,20,266.72554242868574,0.5790880190125609,0,14.396373663234126,0.9024231654568292,0.02053434552544,0.0499642161512087
Mean consensus,100,,39,1,21,264.250835312485,0.5293582165406996,0,13.293243790574564,0.90279408486217,0.0204521572103228,0.0510093059018105
Mean consensus,100,,40,1,21,258.3408390752591,0.5058311337387211,0,13.212710441761402,0.900646586568133,0.0209284688169258,0.0487298065445969
Mean consensus,100,,41,1,18,289.0967736089328,0.5551734250943781,0,15.356325629833588,0.9014302096002084,0.0207545310395496,0.052230798049627
Mean consensus,100,,42,1,18,219.81690943775016,0.572753444771692,0,15.337664188542316,0.90135284775641,0.0207716960208888,0.0470524920700886
Mean consensus,100,,43,1,14,259.3716321521538,0.5647198637235331,0,19.557528741366248,0.9029174001972148,0.0204248404797694,0.0537372396140668
Mean consensus,100,,44,1,18,249.2523427720681,0.5493947568316258,0,17.2912622563124,0.9005583265452525,0.0209480690350483,0.0493774124502028
Mean consensus,100,,45,1,24,284.6744944993958,0.5072985699504824,0,12.264031637187028,0.9033919147290648,0.0203197611251219,0.0499388909287585
Mean consensus,100,,46,1,21,274.78456907890586,0.5262845670519707,0,13.821204385888311,0.9007665771877316,0.0209018251524538,0.0498474548572105
Mean consensus,100,,47,1,19,228.73013388668255,0.5607901228679488,0,15.11926682792135,0.9011150506950922,0.0208244674600699,0.0475039152607714
Mean consensus,100,,48,1,17,251.71468371784505,0.5629368133575765,0,16.868945985877776,0.900317252626919,0.0210016149707169,0.0517327325485493
Mean consensus,100,,49,1,16,240.3897658462929,0.5325741876390757,0,17.002686988177054,0.9024073169563752,0.0205378579883796,0.0478420540499223
Bounded confidence,100,,0,1,16,227.52455550258608,0.5358943863086172,0,18.61655427927471,0.9026149367479784,0.0204918486293055,0.0555107831171206
Bounded confidence,100,,1,1,17,276.75422922086307,0.5043774824187808,0,18.057570367917897,0.9017005675401506,0.0206945558130389,0.0481286453546992
Bounded confidence,100,,2,1,16,247.51076726694407,0.6080153026781829,0,18.057709508242404,0.9000826345901984,0.021053740732269,0.0491962225931205
Bounded confidence,100,,3,1,22,242.5057937539328,0.5711873268093977,0,12.092482252673957,0.9011400050170276,0.0208189289938338,0.0514402219806987
Bounded confidence,100,,4,1,17,270.8456027933424,0.5472952938942284,0,16.632562670234627,0.9025759527856456,0.0205004868209926,0.0504229565364712
Bounded confidence,100,,5,1,20,253.49928340492085,0.5796842724612832,0,14.587679816068768,0.9022782244419112,0.020566470732644,0.0465667988095498
Bounded confidence,100,,6,1,14,283.7343724185184,0.5487746257861654,0,19.438121279134567,0.9025243005006888,0.0205119326750113,0.0487482590172137
Bounded confidence,100,,7,1,18,268.0119605903676,0.5860669562324987,0,17.07023840876691,0.9003398830345792,0.0209965878265231,0.0517393290576296
Bounded confidence,100,,8,1,20,288.6520612080629,0.5530605101799009,0,13.539863856876796,0.9026260121522374,0.0204893945736813,0.0505534245132704
Bounded confidence,100,,9,1,17,284.3922156011779,0.5482641344038406,0,18.01900363953477,0.9013201857122928,0.0207789434902889,0.0486247983899112
Bounded confidence,100,,10,1,19,276.65975396044007,0.5342568222750068,0,16.11366030487838,0.9007972539082232,0.0208950140209325,0.0490388161847755
Bounded confidence,100,,11,1,21,274.5172101834363,0.5904917402557508,0,12.61428060282114,0.9021125199123492,0.0206032043571201,0.0527725840595382
Bounded confidence,100,,12,1,19,245.0404319957597,0.5503138225430255,0,16.330016050582252,0.9032216483839006,0.0203574595791011,0.0514657800706217
Bounded confidence,100,,13,1,19,239.9956670830789,0.5742575954313238,0,14.175604253977824,0.9025068739675604,0.0205157944439105,0.0493297420642211
Bounded confidence,100,,14,1,15,241.5769506041375,0.55211183796204,0,19.66279549321293,0.9026000724953582,0.0204951422541744,0.0520159978301974
Bounded confidence,100,,15,1,16,264.90382476994114,0.6170820330254987,0,18.421937039941213,0.9041489835155884,0.0201522254789789,0.048458415048484
Bounded confidence,100,,16,1,18,273.68185323396364,0.5675088955682384,0,17.308762678440477,0.9035057777772608,0.0202945548173561,0.0497982940279659
Bounded confidence,100,,17,1,18,285.05724676738055,0.5713206033119538,0,16.55841895220552,0.9025290454048962,0.0205108812037696,0.0486354451080916
Bounded confidence,100,,18,1,20,250.4573857678704,0.5658369023144789,0,13.157323352373568,0.9010919645677208,0.0208295914279997,0.050693943839249
Bounded confidence,100,,19,1,20,266.50649725487443,0.5891932331448249,0,14.934256120672927,0.9025472034951658,0.0205068574202244,0.0528420383843875
Bounded confidence,100,,20,1,15,298.05473841712035,0.5804863181843438,0,19.272574383418608,0.9004177628570462,0.0209792884808408,0.0527209801219491
Bounded confidence,100,,21,1,20,253.8351826341388,0.6078013124634056,0,13.664531531814864,0.9021230964224232,0.0206008595391864,0.0505995335973381
Bounded confidence,100,,22,1,19,235.09481432737687,0.6060964260330228,0,14.48527650991111,0.9034187470173112,0.020313820870547,0.0507288573436818
Bounded confidence,100,,23,1,14,262.1151963175874,0.5495719568541786,0,20.108291522382693,0.9043055941904632,0.0201175858087993,0.0481059226334398
Bounded confidence,100,,24,1,15,237.38793205662316,0.596548512535201,0,19.66469665145176,0.9041529481942588,0.0201513484841361,0.0480218330084854
Bounded confidence,100,,25,1,21,297.6147498519952,0.5979710883697935,0,14.223439189451868,0.9017437211683856,0.0206849844326501,0.0477097453680787
Bounded confidence,100,,26,1,16,283.92309756430024,0.5836042407374098,0,18.454231650392597,0.9041149886380716,0.0201597453716591,0.0508767370153369
Bounded confidence,100,,27,1,17,242.8473938943125,0.5927721183654848,0,17.817517507543137,0.901078341700224,0.0208326150861855,0.0501879954695992
Bounded confidence,100,,28,1,23,249.43712370917552,0.5764414340718893,0,12.077101130537905,0.9004080058676371,0.0209814557064722,0.0469279827385369
Bounded confidence,100,,29,1,24,253.97142219810453,0.5868602441296931,0,10.028243035040168,0.901635334277906,0.0207090252775923,0.053070132944302
Bounded confidence,100,,30,1,17,260.7479866280861,0.6082142810289559,0,15.43102538958031,0.9013163413526658,0.0207797965429302,0.0499292911125794
Bounded confidence,100,,31,1,23,229.97066462542548,0.5657737325313796,0,9.14138557100937,0.9024071127641784,0.0205379032433806,0.0482508539967576
Bounded confidence,100,,32,1,18,263.32539847807806,0.5814637579591975,0,15.665501126183546,0.9018544981294162,0.0206604164418449,0.0512819437055316
Bounded confidence,100,,33,1,18,296.5966008038853,0.5459211569876363,0,16.467643472580807,0.9043242578684426,0.0201134581144656,0.0492081457775776
Bounded confidence,100,,34,1,13,291.50051507957585,0.5616401368916022,0,20.22696806963367,0.9014569246855312,0.0207486038609,0.0478175559192498
Bounded confidence,100,,35,1,20,289.4638896503721,0.5339770923233582,0,14.808633650604662,0.9022536514426742,0.0205719176853007,0.0485730176483113
Bounded confidence,100,,36,1,20,208.68048055987816,0.6058961467043402,0,13.230617965452538,0.9020199137608292,0.0206237363646097,0.0519289020329529
Bounded confidence,100,,37,1,22,302.4669521466169,0.5857078822255688,0,12.997569197191932,0.9011939414528164,0.0208069586404129,0.0504027776900741
Bounded confidence,100,,38,1,20,253.902534507995,0.5919369979612836,0,14.559944535265846,0.9025803227749584,0.020499518486146,0.0499642161512087
Bounded confidence,100,,39,1,21,251.7868000748762,0.5489284319421066,0,13.475038124236768,0.9024742226618596,0.0205230302661062,0.0510093059018105
Bounded confidence,100,,40,1,21,246.21456215829596,0.5178043108256964,0,13.39357380384767,0.900752504673858,0.0209049497408116,0.0487298065445969
Bounded confidence,100,,41,1,18,280.3533025783856,0.5688547006686302,0,15.471516409242271,0.9012855128188664,0.0207866374398773,0.052230798049627
Bounded confidence,100,,42,1,18,211.02146618046947,0.5886721697278827,0,15.4497123884322,0.9014655758665964,0.0207466844925272,0.0470524920700886
Bounded confidence,100,,43,1,13,248.40719528529775,0.5845081379780697,0,20.569008889474635,0.9002002668322652,0.0210276043417847,0.0537372396140668
Bounded confidence,100,,44,1,18,239.53337323241595,0.5629606436561296,0,17.460887398181693,0.9001898671108418,0.0210299148901992,0.0493774124502028
Bounded confidence,100,,45,1,24,263.68033015384293,0.5255361288925389,0,12.61786857524579,0.9030330533604544,0.0203992244584284,0.0499388909287585
Bounded confidence,100,,46,1,21,260.6457269278624,0.54156615471132,0,14.07707460918964,0.9006144026298408,0.0209356157964004,0.0498474548572105
Bounded confidence,100,,47,1,19,221.25921978755352,0.5729408992617715,0,15.242287130056251,0.9011684730215396,0.0208126108735207,0.0475039152607714
Bounded confidence,100,,48,1,17,246.2627808967259,0.5740722489267904,0,16.9370479674591,0.9003116006535474,0.0210028705261549,0.0517327325485493
Bounded confidence,100,,49,1,16,228.6319511415389,0.5531675788329613,0,17.16753576965392,0.9024025138899038,0.0205389224919942,0.0478420540499223
Cluster consensus,100,,0,1,27,134.77289635830726,0.572264761848563,0,10.848261861014702,0.9014982497758972,0.0207394355596669,0.0555107831171206
Cluster consensus,100,,1,1,28,171.15132727187927,0.5248095658523273,0,11.055309758829734,0.9011728610168144,0.0208116370301777,0.0481286453546992
Cluster consensus,100,,2,1,28,156.08805745945563,0.6469951052096758,0,9.551993886916271,0.9002735903868917,0.0210113145068898,0.0491962225931205
Cluster consensus,100,,3,1,32,151.47119693774252,0.5876196049263083,0,5.069088909973751,0.9005220155669446,0.0209561333012477,0.0514402219806987
Cluster consensus,100,,4,1,27,164.0576980084574,0.5908059018156031,0,9.35605602972012,0.9006747634669224,0.0209222118769764,0.0504229565364712
Cluster consensus,100,,5,1,29,155.12319442895517,0.5962408157354919,0,9.392327449564684,0.9002175537430022,0.0210237636975654,0.0465667988095498
Cluster consensus,100,,6,1,24,168.6437805657565,0.5887159100382557,0,13.019177890832967,0.9011082488470368,0.0208259771171822,0.0487482590172137
Cluster consensus,100,,7,1,30,169.1867087193034,0.6173928170021581,0,8.253895554197758,0.9008782432603716,0.0208770331242992,0.0517393290576296
Cluster consensus,100,,8,1,27,176.62994196448244,0.5733296034218975,0,10.074123147618934,0.901775770442233,0.0206778762701933,0.0505534245132704
Cluster consensus,100,,9,1,27,183.98242999140425,0.5755805390073612,0,10.975577203575485,0.9013112586295254,0.0207809243905545,0.0486247983899112
Cluster consensus,100,,10,1,29,175.3369331713349,0.5591875043426608,0,9.74368737441549,0.9006308033453787,0.0209319737124723,0.0490388161847755
Cluster consensus,100,,11,1,29,164.61533132402576,0.6152372455129254,0,8.190882892384673,0.900593505835409,0.0209402564143623,0.0527725840595382
Cluster consensus,100,,12,1,28,159.69089359083657,0.5811057452179726,0,9.850531025805124,0.9013222311980325,0.0207784896042113,0.0514657800706217
Cluster consensus,100,,13,1,28,145.4764002084177,0.6145050844913953,0,8.136085758342752,0.9004142380634538,0.0209800714064198,0.0493297420642211
Cluster consensus,100,,14,1,25,148.95328561903324,0.5830093762099826,0,12.88511032572422,0.9010626193302887,0.0208361047954315,0.0520159978301974
Cluster consensus,100,,15,1,25,164.4992428697283,0.6432693351311176,0,12.720245016336008,0.9005418688433457,0.0209517240681108,0.048458415048484
Cluster consensus,100,,16,1,27,174.61519457135682,0.6038493252702251,0,11.63368333579042,0.9024724863322048,0.0205234150596618,0.0497982940279659
Cluster consensus,100,,17,1,29,182.562330576582,0.5996828389608886,0,9.16346334843668,0.9005173856361419,0.0209571615809842,0.0486354451080916
Cluster consensus,100,,18,1,28,152.38818845453474,0.6145519991706339,0,8.583191132694756,0.9020761284452224,0.0206112725748566,0.050693943839249
Cluster consensus,100,,19,1,33,170.22277622508724,0.620554582432753,0,5.556484562862964,0.9004640290679814,0.0209690121348524,0.0528420383843875
Cluster consensus,100,,20,1,24,188.30270171679305,0.6063575667879906,0,13.459578974459548,0.9016715419807276,0.0207009938763254,0.0527209801219491
Cluster consensus,100,,21,1,28,160.1227850861229,0.636496261415705,0,8.52549913084122,0.9015325899727024,0.0207318172325584,0.0505995335973381
Cluster consensus,100,,22,1,26,144.31841167036384,0.6349861344419845,0,10.189413640011397,0.9011135462193516,0.0208248013745896,0.0507288573436818
Cluster consensus,100,,23,1,24,157.3595687036038,0.5834781988541553,0,13.694533437079444,0.9017300769800296,0.0206880106342772,0.0481059226334398
Cluster consensus,100,,24,1,26,152.02434224468627,0.6233464153865766,0,11.82599088429806,0.901669380815839,0.0207014732454477,0.0480218330084854
Cluster consensus,100,,25,1,30,196.19720555138775,0.6261141371409507,0,7.810964171509302,0.9008591082925356,0.0208812812391135,0.0477097453680787
Cluster consensus,100,,26,1,27,184.0828415900498,0.6146579506721057,0,10.54537027225122,0.9007454918210304,0.0209065068566877,0.0508767370153369
Cluster consensus,100,,27,1,27,147.3499523544139,0.6127156217963579,0,11.452155035723251,0.9014172479294684,0.0207574068615024,0.0501879954695992
Cluster consensus,100,,28,1,34,161.20305802483568,0.6169112718164054,0,3.5244430036196395,0.90118484245825,0.0208089779705665,0.0469279827385369
Cluster consensus,100,,29,1,31,155.4349140686405,0.6011902484522693,0,6.223174303138109,0.9001689395768008,0.0210345645264748,0.053070132944302
Cluster consensus,100,,30,1,25,155.52737025915314,0.6385605523753084,0,10.680558168633418,0.9009402659515842,0.0208632642145184,0.0499292911125794
Cluster consensus,100,,31,1,30,132.93645354512387,0.5972108047916886,0,5.702969769188017,0.9016931143154716,0.0206962089683658,0.0482508539967576
Cluster consensus,100,,32,1,30,162.69038970205386,0.6147471594586651,0,7.060078286260327,0.9000493542294504,0.0210611358257307,0.0512819437055316
Cluster consensus,100,,33,1,25,189.15510035405575,0.5812785647610699,0,12.492998924801418,0.902583218594183,0.0204988768114925,0.0492081457775776
Cluster consensus,100,,34,1,21,174.52422256886248,0.5942516856446332,0,15.725161319947102,0.9023427400765778,0.0205521706361778,0.0478175559192498
Cluster consensus,100,,35,1,26,182.56002700715368,0.5594894736030964,0,11.888485539757056,0.9005854271322397,0.0209420505066696,0.0485730176483113
Cluster consensus,100,,36,1,28,122.43347342735132,0.641071802836165,0,8.305018532634508,0.900735141500358,0.0209088050375243,0.0519289020329529
Cluster consensus,100,,37,1,30,189.2039450985492,0.6136969540409847,0,7.959556100691795,0.9007436771807368,0.0209069097767441,0.0504027776900741
Cluster consensus,100,,38,1,28,152.54636261174355,0.6114023461888762,0,9.332390398684607,0.9004163046908616,0.020979612367691,0.0499642161512087
Cluster consensus,100,,39,1,29,155.85446643873254,0.5772442964403108,0,8.801196626078626,0.9009682059860687,0.0208570618940516,0.0510093059018105
Cluster consensus,100,,40,1,34,146.7806302245151,0.5443512647146631,0,3.970628472310187,0.901463370182984,0.0207471738481654,0.0487298065445969
Cluster consensus,100,,41,1,25,177.84522435763452,0.6208098883003188,0,11.46415188519525,0.9026709005850924,0.0204794486345845,0.052230798049627
Cluster consensus,100,,42,1,31,128.84307617557036,0.6256507226963619,0,5.2238669557015225,0.90174713913308,0.0206842263551306,0.0470524920700886
Cluster consensus,100,,43,1,24,153.2133613940134,0.6330273967198694,0,13.057488560714,0.9005106741110098,0.0209586521796667,0.0537372396140668
Cluster consensus,100,,44,1,28,145.9156330066078,0.5931019244060871,0,10.90421909074634,0.9018959394163792,0.0206512264150856,0.0493774124502028
Cluster consensus,100,,45,1,34,169.09947066543694,0.5377953599244771,0,5.1166947457328105,0.9013071239291662,0.0207818418782267,0.0499388909287585
Cluster consensus,100,,46,1,34,165.3083152588461,0.5624955063675039,0,5.044695034566768,0.9012906152402054,0.0207855051889261,0.0498474548572105
Cluster consensus,100,,47,1,28,135.96384027418384,0.599396933690582,0,9.58658850879601,0.9029080003177404,0.020426922603428,0.0475039152607714
Cluster consensus,100,,48,1,26,154.16337531677613,0.6058430348447277,0,11.084283191412164,0.9009075289367712,0.020870531646298,0.0517327325485493
Cluster consensus,100,,49,1,23,137.79840638755195,0.5941123887129427,0,12.810568088360167,0.9018496451865996,0.0206614926588808,0.0478420540499223
Cost-aware heuristic,100,,0,1,17,202.4805940703868,0.5417761921278088,0,18.05447879662593,0.9005206492709374,0.0209564367468092,0.0555107831171206
Cost-aware heuristic,100,,1,1,19,253.46115668241143,0.4991202917899215,0,17.07387987184947,0.9009118140559588,0.0208695803590995,0.0481286453546992
Cost-aware heuristic,100,,2,1,19,224.39708495885336,0.6014949380592551,0,15.822734883604856,0.9011622741837396,0.0208139866116442,0.0491962225931205
Cost-aware heuristic,100,,3,1,25,225.4607767719061,0.5598249567867966,0,9.546958984798948,0.9015364993664384,0.0207309499571425,0.0514402219806987
Cost-aware heuristic,100,,4,1,20,247.2709666843848,0.5435784820562528,0,14.113270344024656,0.901732612926507,0.0206874481726324,0.0504229565364712
Cost-aware heuristic,100,,5,1,21,228.31488360993436,0.5733524946430768,0,14.68666381540158,0.9020542974948867,0.0206161127904026,0.0465667988095498
Cost-aware heuristic,100,,6,1,16,254.3520741893599,0.5481001903004374,0,18.43255035810983,0.9009912097398995,0.0208519555073858,0.0487482590172137
Cost-aware heuristic,100,,7,1,22,237.56009454273297,0.5894975248281593,0,13.739485739973682,0.9016772710736872,0.0206997231087582,0.0517393290576296
Cost-aware heuristic,100,,8,1,22,260.6844298723252,0.5546837632771247,0,12.236276798818167,0.901884543340073,0.0206537535687865,0.0505534245132704
Cost-aware heuristic,100,,9,1,20,257.4732080518707,0.5408683515488808,0,15.36417530187021,0.9012494174028882,0.0207946473630977,0.0486247983899112
Cost-aware heuristic,100,,10,1,22,250.7892953590351,0.5275338483620147,0,13.974252890792414,0.9025758034657088,0.0205005199085014,0.0490388161847755
Cost-aware heuristic,100,,11,1,23,242.8338153855572,0.5903445644945793,0,13.3086120021147,0.9021871090851288,0.0205866684843363,0.0527725840595382
Cost-aware heuristic,100,,12,1,21,228.91526138536827,0.5363169924760924,0,14.830629702374804,0.9010879663056668,0.0208304788559386,0.0514657800706217
Cost-aware heuristic,100,,13,1,22,219.6710385702128,0.5724160235228817,0,11.49516539607093,0.9005006705605318,0.0209608739425684,0.0493297420642211
Cost-aware heuristic,100,,14,1,17,217.56754642336884,0.549679111362247,0,18.394410924595284,0.9021273303195476,0.0205999208896372,0.0520159978301974
Cost-aware heuristic,100,,15,1,18,234.6889647703356,0.61496375331043,0,17.16043510742096,0.9033648730791252,0.0203257479076538,0.048458415048484
Cost-aware heuristic,100,,16,1,20,252.02263350800845,0.5663930164603401,0,15.723188227350136,0.903182578930536,0.020366110899283,0.0497982940279659
Cost-aware heuristic,100,,17,1,20,260.4628112526403,0.5638497654421875,0,15.459854250244913,0.9006644145749568,0.0209245099210298,0.0486354451080916
Cost-aware heuristic,100,,18,1,22,221.28681349310693,0.5638143978888541,0,11.870437772538804,0.9012292254157952,0.0207991283009827,0.050693943839249
Cost-aware heuristic,100,,19,1,22,238.0307256084848,0.5903804433747806,0,13.996046966962156,0.9007199790270382,0.020912171754385,0.0528420383843875
Cost-aware heuristic,100,,20,1,17,267.7419671759744,0.576153869814604,0,18.004434230139495,0.9003865561891833,0.0209862201985263,0.0527209801219491
Cost-aware heuristic,100,,21,1,22,230.91652825895255,0.5958844594007784,0,12.078983298578954,0.9012910036518048,0.0207854189988539,0.0505995335973381
Cost-aware heuristic,100,,22,1,21,223.29950965832836,0.5943311783300929,0,12.719136071780056,0.900830942252468,0.0208875344878477,0.0507288573436818
Cost-aware heuristic,100,,23,1,14,234.18162370705016,0.5427491081410132,0,20.4858549967218,0.9004619840663743,0.0209694663459842,0.0481059226334398
Cost-aware heuristic,100,,24,1,17,212.0890430261069,0.5969220273866995,0,18.39452948321516,0.9008729548481568,0.0208782071847845,0.0480218330084854
Cost-aware heuristic,100,,25,1,24,275.5286308018961,0.5880401521558627,0,11.64656470552488,0.9017871282764672,0.0206753572930637,0.0477097453680787
Cost-aware heuristic,100,,26,1,19,254.8629336160656,0.5801979229216061,0,16.057551364410216,0.9023918270549492,0.0205412910355368,0.0508767370153369
Cost-aware heuristic,100,,27,1,19,224.8167359668525,0.582649561041978,0,17.196088058928375,0.9029085763168312,0.0204267950159204,0.0501879954695992
Cost-aware heuristic,100,,28,1,26,231.60969530511528,0.5764732847281002,0,9.178649478288245,0.9003755431205064,0.0209886665113805,0.0469279827385369
Cost-aware heuristic,100,,29,1,25,231.10662990658383,0.5630293084506077,0,10.293223074047296,0.9015751392512722,0.0207223781340757,0.053070132944302
Cost-aware heuristic,100,,30,1,19,226.54661042767597,0.6091081670684488,0,14.293189218135277,0.901354674046206,0.0207712907882543,0.0499292911125794
Cost-aware heuristic,100,,31,1,25,212.2153270651456,0.5586987925495908,0,7.606883328712441,0.9008922153863782,0.0208739312583673,0.0482508539967576
Cost-aware heuristic,100,,32,1,21,237.8769363187348,0.5846952078056342,0,13.35088349525907,0.9001984813516285,0.0210280010273831,0.0512819437055316
Cost-aware heuristic,100,,33,1,19,273.07545249672944,0.5357160389760163,0,15.940005382816762,0.9014289576471092,0.0207548088101313,0.0492081457775776
Cost-aware heuristic,100,,34,1,15,258.07118678350986,0.5664956996970258,0,18.93043321825888,0.901311515917718,0.0207808672985892,0.0478175559192498
Cost-aware heuristic,100,,35,1,22,261.5552076901158,0.5222355844179525,0,13.47874052443224,0.9023126667777815,0.0205588363516789,0.0485730176483113
Cost-aware heuristic,100,,36,1,19,185.8823004427573,0.6276844590536295,0,14.222581335625057,0.9011877413051428,0.0208083346303562,0.0519289020329529
Cost-aware heuristic,100,,37,1,23,278.45491025117326,0.5664914429799455,0,12.817560072814306,0.9019186979572702,0.020646179656861,0.0504027776900741
Cost-aware heuristic,100,,38,1,21,230.3735519142502,0.5854717460748247,0,15.506372243069478,0.9010925595943589,0.0208294593601387,0.0499642161512087
Cost-aware heuristic,100,,39,1,22,234.68072856712936,0.5349498548465292,0,13.513806767896728,0.901076944775432,0.0208329251426612,0.0510093059018105
Cost-aware heuristic,100,,40,1,24,221.15534499218495,0.514816092858261,0,11.35809624538616,0.901170286634534,0.0208122083713862,0.0487298065445969
Cost-aware heuristic,100,,41,1,20,252.54217317812652,0.566614604396622,0,14.811398693647194,0.9018698362702156,0.0206570150039406,0.052230798049627
Cost-aware heuristic,100,,42,1,21,190.0438768011005,0.6042643900849498,0,12.670541329130348,0.9017445883502736,0.0206847920982982,0.0470524920700886
Cost-aware heuristic,100,,43,1,17,219.66593483739905,0.5823443820902929,0,17.326357681304827,0.9017549916602712,0.0206824847376282,0.0537372396140668
Cost-aware heuristic,100,,44,1,20,217.58909726549763,0.556560822650386,0,15.972229290515576,0.9005194732557718,0.0209566979325876,0.0493774124502028
Cost-aware heuristic,100,,45,1,27,244.53055902350465,0.5066907089472144,0,10.121119364892436,0.9020106015509416,0.020625801121233,0.0499388909287585
Cost-aware heuristic,100,,46,1,24,238.73040031741343,0.5339000426393627,0,11.787447296394276,0.9014519855245468,0.020749699681317,0.0498474548572105
Cost-aware heuristic,100,,47,1,21,206.01635478420303,0.5556899753087632,0,14.0908022543091,0.9001216611610907,0.0210450691451629,0.0475039152607714
Cost-aware heuristic,100,,48,1,20,223.08017578775448,0.5700564480183683,0,14.73463934911596,0.9011232120497452,0.0208226560781185,0.0517327325485493
Cost-aware heuristic,100,,49,1,17,205.69018486664345,0.5562512736151448,0,16.59833630131512,0.9005370532749809,0.0209527935533633,0.0478420540499223
Minimum Cost Consensus (MCCM),100,,0,1,15,234.04323520731276,0.5303908620832085,0,19.35194668092721,0.900750129184858,0.0209054771869459,0.0555107831171206
Minimum Cost Consensus (MCCM),100,,1,1,17,288.6976210008174,0.4862754882006765,0,18.446999854237497,0.9023718005561308,0.0205457296220669,0.0481286453546992
Minimum Cost Consensus (MCCM),100,,2,1,17,259.78883183975955,0.5906454816315052,0,16.949580433579676,0.903510350352938,0.0202935426347627,0.0491962225931205
Minimum Cost Consensus (MCCM),100,,3,1,22,255.82938711777427,0.5508344563777465,0,11.83288742421665,0.9005734685117309,0.0209447062680326,0.0514402219806987
Minimum Cost Consensus (MCCM),100,,4,1,17,287.3515579110337,0.5341239323195568,0,16.41678760460432,0.9013821724685672,0.0207651893048533,0.0504229565364712
Minimum Cost Consensus (MCCM),100,,5,1,19,261.48760036558457,0.5658098432002403,0,16.15348925276287,0.9014495114909824,0.0207502485817574,0.0465667988095498
Minimum Cost Consensus (MCCM),100,,6,1,14,298.12555893900446,0.5350533748623356,0,19.481902955649502,0.9030792521556787,0.0203889928033772,0.0487482590172137
Minimum Cost Consensus (MCCM),100,,7,1,19,275.9947878807352,0.5789771906541332,0,15.884594876992107,0.9018585849234813,0.0206595101349376,0.0517393290576296
Minimum Cost Consensus (MCCM),100,,8,1,20,301.7080557519494,0.5426679645340742,0,13.402761388252497,0.9011587635165472,0.0208147657552305,0.0505534245132704
Minimum Cost Consensus (MCCM),100,,9,1,18,294.96096089976777,0.5325406007432263,0,16.674365992287555,0.9035970580863694,0.0202743500326864,0.0486247983899112
Minimum Cost Consensus (MCCM),100,,10,1,19,286.33295054170344,0.5193434898383869,0,16.05754874306777,0.90134276177827,0.0207739339978577,0.0490388161847755
Minimum Cost Consensus (MCCM),100,,11,1,20,287.89832034503064,0.5783577022244324,0,15.629147668943668,0.901016155652777,0.0208464181464719,0.0527725840595382
Minimum Cost Consensus (MCCM),100,,12,1,19,261.5951134654461,0.5295882855479235,0,16.26500104880852,0.9031859071824232,0.0203653738953078,0.0514657800706217
Minimum Cost Consensus (MCCM),100,,13,1,19,252.78475586262243,0.5573204564594856,0,14.134368843420052,0.9028474415124672,0.0204403372229038,0.0493297420642211
Minimum Cost Consensus (MCCM),100,,14,1,16,255.52836593588128,0.5381730201701049,0,18.43017503950936,0.9043937556868707,0.0200980885946307,0.0520159978301974
Minimum Cost Consensus (MCCM),100,,15,1,16,271.9798926848669,0.6070440785320714,0,18.310617815789517,0.9039484109574104,0.0201965975486724,0.048458415048484
Minimum Cost Consensus (MCCM),100,,16,1,17,291.5674097940285,0.5527921191817045,0,17.61565226839101,0.901439492578776,0.0207524714390013,0.0497982940279659
Minimum Cost Consensus (MCCM),100,,17,1,18,300.78758135805145,0.5565315847978298,0,16.727152588911885,0.9001859083533608,0.0210307944304674,0.0486354451080916
Minimum Cost Consensus (MCCM),100,,18,1,21,256.8364568418022,0.5508221642422422,0,11.983588308536463,0.9027945920010088,0.0204520448616256,0.050693943839249
Minimum Cost Consensus (MCCM),100,,19,1,19,275.0345237713399,0.5812213045131629,0,15.886000103147213,0.9000964938683195,0.0210506611991487,0.0528420383843875
Minimum Cost Consensus (MCCM),100,,20,1,15,305.18697770312843,0.5706067915433477,0,19.186111168174158,0.9001459582991369,0.0210396705837968,0.0527209801219491
Minimum Cost Consensus (MCCM),100,,21,1,21,264.0125458853085,0.589759212811263,0,12.430532918087463,0.90367148970333,0.0202578761960574,0.0505995335973381
Minimum Cost Consensus (MCCM),100,,22,1,20,259.8435409793106,0.576791246495086,0,13.037760537074249,0.9017696209440992,0.0206792401389738,0.0507288573436818
Minimum Cost Consensus (MCCM),100,,23,1,13,275.1744707360701,0.535206392753228,0,20.604964461876712,0.9007359152536047,0.0209086332327665,0.0481059226334398
Minimum Cost Consensus (MCCM),100,,24,1,15,240.4404616066176,0.5903734756109615,0,19.63242045214586,0.9039052306159304,0.0202061514949643,0.0480218330084854
Minimum Cost Consensus (MCCM),100,,25,1,22,314.9392013111641,0.5725820630140954,0,12.94152458755584,0.9015197613889742,0.0207346632028862,0.0477097453680787
Minimum Cost Consensus (MCCM),100,,26,1,16,295.1767926714209,0.5727695425147667,0,18.258613112700665,0.9039385241420096,0.0201987850340088,0.0508767370153369
Minimum Cost Consensus (MCCM),100,,27,1,17,255.18269312526027,0.5772717020221867,0,18.360472188196397,0.9024056417977344,0.0205382292531431,0.0501879954695992
Minimum Cost Consensus (MCCM),100,,28,1,23,262.82231781157384,0.5556782754985516,0,11.795250573198992,0.9006918423801573,0.0209184194422372,0.0469279827385369
Minimum Cost Consensus (MCCM),100,,29,1,23,268.7888349526179,0.5621571176450915,0,11.584946424292491,0.9005929911375053,0.0209403707163304,0.053070132944302
Minimum Cost Consensus (MCCM),100,,30,1,17,266.6203019409307,0.5957377100240397,0,15.349882344069195,0.9010514313417378,0.0208385880985381,0.0499292911125794
Minimum Cost Consensus (MCCM),100,,31,1,25,250.53953930351847,0.5475034712348514,0,6.744817140208618,0.9022512790627272,0.0205724435647055,0.0482508539967576
Minimum Cost Consensus (MCCM),100,,32,1,18,272.22208889662886,0.5710289266226114,0,15.642389491738914,0.9000713643476008,0.0210562450163701,0.0512819437055316
Minimum Cost Consensus (MCCM),100,,33,1,18,311.8491493904606,0.5251182737851172,0,16.27160601851476,0.9043226997912792,0.0201138026984999,0.0492081457775776
Minimum Cost Consensus (MCCM),100,,34,1,14,297.7727724979594,0.5528099557730171,0,19.100807031005417,0.903190853710545,0.0203642785472655,0.0478175559192498
Minimum Cost Consensus (MCCM),100,,35,1,20,305.2280314864984,0.5119901432140819,0,14.564478146191831,0.902408113771306,0.0205376813908357,0.0485730176483113
Minimum Cost Consensus (MCCM),100,,36,1,18,213.51458531733456,0.6171046828015121,0,14.788178437746073,0.9027447339488416,0.0204630904370863,0.0519289020329529
Minimum Cost Consensus (MCCM),100,,37,1,22,327.5347698446358,0.5523698366728964,0,13.27142485502562,0.900900212710429,0.0208721558431916,0.0504027776900741
Minimum Cost Consensus (MCCM),100,,38,1,20,272.01587699583354,0.5772288929292599,0,16.127198621828875,0.902011111008079,0.0206256881609213,0.0499642161512087
Minimum Cost Consensus (MCCM),100,,39,1,20,266.2319645812799,0.5318361802999361,0,14.740673453915516,0.9005446820382943,0.0209510992908179,0.0510093059018105
Minimum Cost Consensus (MCCM),100,,40,1,21,258.34427679651463,0.5041283306394626,0,13.66801972147937,0.9016114713079656,0.0207143186117866,0.0487298065445969
Minimum Cost Consensus (MCCM),100,,41,1,19,289.968867884248,0.5552652358095673,0,15.033970477992488,0.902917033132674,0.0204249217861248,0.052230798049627
Minimum Cost Consensus (MCCM),100,,42,1,18,221.27707398287072,0.597435607769957,0,15.0773777635898,0.9023645963896004,0.0205473263464512,0.0470524920700886
Minimum Cost Consensus (MCCM),100,,43,1,14,259.2651338971166,0.5625627458111224,0,19.471944557682,0.9025242586139144,0.0205119419571493,0.0537372396140668
Minimum Cost Consensus (MCCM),100,,44,1,19,251.78830241576503,0.5447367359383353,0,16.2758641465741,0.903113677367814,0.0203813689861035,0.0493774124502028
Minimum Cost Consensus (MCCM),100,,45,1,24,283.2819753172155,0.5054838013753358,0,12.334278065506815,0.9010494821316296,0.0208390207513587,0.0499388909287585
Minimum Cost Consensus (MCCM),100,,46,1,21,275.33799222529376,0.5269731008050997,0,13.773447582653803,0.9004319470234785,0.0209761379311076,0.0498474548572105
Minimum Cost Consensus (MCCM),100,,47,1,20,237.89902100046837,0.5431947959134564,0,14.309169041211778,0.9027306181597596,0.0204662177662,0.0475039152607714
Minimum Cost Consensus (MCCM),100,,48,1,17,252.89428453198795,0.5638512733154106,0,17.00303350596836,0.9003203796343046,0.0210009203262577,0.0517327325485493
Minimum Cost Consensus (MCCM),100,,49,1,16,239.89002024114583,0.5426072555007975,0,16.915782832033948,0.9014467979030854,0.0207508506325538,0.0478420540499223
