Model,Agents,Case,Episode,Success,Steps,Total Cost,Cost Gini,Boundary Violations,Total Reward,Final Consensus,Final Interval Dispersion,Mean Half Width
context_window=5,10,,0,1,6,14.667505663692603,0.5498765690516889,0,21.37847862128531,0.9051933026132803,0.0199213528084696,0.0514947767647606
context_window=5,10,,1,1,12,45.36551717723064,0.4501196251846155,0,25.47148398426722,0.905714489660984,0.0198062310856923,0.0470137972151272
context_window=5,10,,2,1,11,31.759590694325126,0.4575498261248769,0,24.976842488347792,0.9006757500580281,0.0209219927988796,0.0504916238271101
context_window=5,10,,3,1,10,39.21802839745303,0.5860898898592322,0,26.057456828009634,0.9055233846327988,0.0198484353773773,0.0510718484014883
context_window=5,10,,4,1,9,10.148507913782655,0.510552726097043,0,20.24506158775022,0.9000033011983635,0.0210713695332743,0.0566109539915455
context_window=5,10,,5,1,6,31.598323286462897,0.5163436638576822,0,25.2585737542435,0.919128782394384,0.01686580665241,0.0485148065919579
context_window=5,10,,6,1,11,25.558729440493448,0.6519497561525776,0,27.767272164503545,0.9159100655481602,0.0175674201688258,0.0448421321330638
context_window=5,10,,7,1,7,28.228906432003907,0.6041896712549464,0,23.33669502744848,0.9118870972135138,0.0184478186972566,0.0530681230954682
context_window=5,10,,8,1,8,15.5517258257137,0.5527922041524684,0,24.20748354946165,0.9097200141386084,0.0189236807168419,0.0490223592210482
context_window=5,10,,9,1,14,51.83754002785602,0.5143307764245824,0,22.606899747688367,0.9096998253974872,0.0189281192176615,0.0560255433218859
context_window=5,10,,10,1,15,30.101415259260293,0.4864120544246739,0,21.31090868789189,0.9014673764024604,0.0207462850243469,0.0544255754342466
context_window=5,10,,11,1,13,29.858317888744683,0.3590099377598195,0,23.14778201275993,0.9023896866511144,0.0205417654206783,0.0567061312951648
context_window=5,10,,12,1,14,18.263914137523702,0.5534001143641496,0,24.516261667253424,0.914724625695804,0.0178264429053058,0.0560185150881695
context_window=5,10,,13,1,9,31.028325819696093,0.6342444346120535,0,22.759395563725604,0.9037760322261472,0.0202347402495549,0.0392729848949411
context_window=5,10,,14,1,8,14.79991149361067,0.5043497732788258,0,23.027242207760203,0.90321902368501,0.0203580407659469,0.0562338636607838
context_window=5,10,,15,1,17,38.428363473310455,0.6454755336272564,0,19.295405040952733,0.9048158652785472,0.0200047639528769,0.052786743947462
context_window=5,10,,16,1,5,34.83699115395273,0.6504415378402073,0,29.905719755200057,0.9173719876938048,0.0172484463474351,0.0499841898562143
context_window=5,10,,17,1,4,24.2733499582175,0.4821399485705573,0,27.00343450279311,0.9125525724392136,0.0183019163106154,0.0503714312462606
context_window=5,10,,18,1,18,24.142571598276596,0.3133676752456324,0,20.384111504894047,0.9018157435282336,0.0206690110508357,0.0544380800876651
context_window=5,10,,19,1,13,11.358103486135205,0.5410626987446354,0,20.88725666116468,0.907193271942693,0.0194799524650137,0.0592918088239665
context_window=5,10,,20,1,11,23.94608718682176,0.4781271861024967,0,23.529155318543467,0.9047253832134672,0.0200247650587331,0.0386274644160248
context_window=5,10,,21,1,13,26.413936759878787,0.5626786046128076,0,22.852637301957085,0.9011528525380856,0.0208160776212605,0.051597857480327
context_window=5,10,,22,1,14,24.560759618037828,0.4948313213798414,0,23.96564306783233,0.9074050614433686,0.0194332667610228,0.0428092121040076
context_window=5,10,,23,1,16,16.859226812351565,0.5896298387549044,0,18.58755950401532,0.9008856090461558,0.0208753978854138,0.0535619554530181
context_window=5,10,,24,1,15,34.799677539381584,0.5672246856481455,0,22.81365695216865,0.901252318343848,0.0207940036042813,0.0511093425687637
context_window=5,10,,25,1,13,27.304473275409464,0.6537038400876618,0,20.47962063770424,0.9046388495935288,0.0200438952301901,0.0494613902561141
context_window=5,10,,26,1,13,24.918296429144288,0.7191281634894275,0,18.658208843261036,0.9053769236517394,0.0198807863534545,0.0499093634543332
context_window=5,10,,27,1,8,7.0502204555085175,0.4897078044268941,0,20.92964618306994,0.9105876100513244,0.0187330325062026,0.0436248614067565
context_window=5,10,,28,1,13,23.259445133083048,0.5258791731423875,0,18.56542786264372,0.9047138863605442,0.0200273065870654,0.0520780523046322
context_window=5,10,,29,1,7,23.15552427082196,0.3931430563897793,0,27.837181200511257,0.9089041579661652,0.0191031254288805,0.0515032643529634
context_window=5,10,,30,1,15,16.83346680930815,0.5209601984953613,0,23.573428650150248,0.9005370289917218,0.020952798946425,0.0562177323582075
context_window=5,10,,31,1,11,17.058558810200214,0.5269785784962262,0,23.18151778720257,0.9017680449050026,0.020679589682901,0.0548369625271045
context_window=5,10,,32,1,11,30.17103969505496,0.6149727586296609,0,26.799553862450026,0.9104089125305892,0.0187722851942979,0.0516296439339815
context_window=5,10,,33,0,120,38.469902167965344,0.6172693063698991,84,-95.4663181654093,0.4701565626783306,0.0215398006769967,0.0486038138492007
context_window=5,10,,34,1,9,47.87506992604808,0.4027664892502258,0,27.443287153129585,0.9076553129411544,0.0193781167499481,0.0497304425153778
context_window=5,10,,35,1,10,35.48420696023277,0.5220637723097299,0,27.469276712426637,0.9012705916146968,0.020789948561042,0.0521923213503033
context_window=5,10,,36,0,120,53.53625946836793,0.4745203606741339,101,-83.79820078095548,0.4947905491661916,0.022160490467413,0.0509985130901361
context_window=5,10,,37,1,12,17.98635215082998,0.5913655994968905,0,23.48354421809809,0.9001143462333153,0.0210466944715635,0.0521648458032233
context_window=5,10,,38,1,8,21.248266376010104,0.5893709518092638,0,25.30919828453063,0.9177437316969146,0.0171674173410859,0.0655308766506919
context_window=5,10,,39,1,12,21.58570191516881,0.6733998306828286,0,19.92158401540587,0.9062847583469144,0.019680343902155,0.0532978277089925
context_window=5,10,,40,1,16,29.026919718534444,0.5988755243877493,0,20.83447252785148,0.9090472470625324,0.0190716418377863,0.0401344610520973
context_window=5,10,,41,1,17,28.79800167100331,0.4611541280605806,0,19.23586149163679,0.903212500678282,0.0203594851620704,0.0507099699369837
context_window=5,10,,42,1,12,19.02980551049426,0.4727943691558987,0,23.802705305371653,0.9049789369095323,0.0199687219372342,0.0550464056586284
context_window=5,10,,43,1,10,23.137972713202476,0.5252723472748992,0,26.9985325947697,0.903947242063471,0.0201968561684522,0.0417250874110353
context_window=5,10,,44,1,9,16.49878142401372,0.6578874847259477,0,22.158782806388263,0.9147182783825928,0.0178278307186554,0.0592249995118537
context_window=5,10,,45,1,11,16.568621796517505,0.5290936325846696,0,25.4165561369936,0.9008646586325612,0.0208800490102608,0.0568588874032446
context_window=5,10,,46,1,9,19.959351165332357,0.4967678550778338,0,26.59315157349211,0.9078208363134476,0.0193416473371563,0.0493535247130025
context_window=5,10,,47,1,11,60.09371132985711,0.5384876615463634,0,24.613807689941943,0.9002900575598951,0.0210076562806398,0.0469795009592129
context_window=5,10,,48,1,13,20.86298237472236,0.6238247263025449,0,19.68864695513483,0.9080588304182674,0.0192892222540315,0.0464651644638238
context_window=5,10,,49,1,16,20.933361281680853,0.5646272242805546,0,23.99445504090317,0.9038892434089976,0.0202096888897652,0.0494517013955413
context_window=5,40,,0,1,23,123.14502063615228,0.5397540425897316,0,14.4662782435441,0.9022652241554175,0.020569352411443,0.0438899897593966
context_window=5,40,,1,1,16,93.32734183565064,0.5228991458914585,0,19.937353935008144,0.9024102859062928,0.0205371999828476,0.0525125827477572
context_window=5,40,,2,1,12,111.1433832975597,0.5561870395413664,0,24.189968506753623,0.9036832271438292,0.0202552784900531,0.049169714398787
context_window=5,40,,3,1,14,94.84134376676973,0.5429394445367495,0,19.956126126302102,0.9034535482891846,0.0203061166687685,0.0497172632615435
context_window=5,40,,4,1,17,121.64728784194044,0.5272495229941867,0,19.254354708808584,0.903218027741221,0.020358261298135,0.0569827045161239
context_window=5,40,,5,1,13,130.74606423662252,0.5094871414586675,0,22.92244802203705,0.903975977845426,0.0201904984245744,0.0519388369473987
context_window=5,40,,6,1,13,118.2553099902532,0.3807599485321782,0,24.314433772822035,0.9047255513946102,0.0200247278803516,0.0548029352289014
context_window=5,40,,7,1,18,112.0083235206606,0.5841380729745023,0,17.62610649679838,0.902611186999266,0.0204926794944615,0.0484081865718136
context_window=5,40,,8,1,8,101.30212334207434,0.5377013893351841,0,26.11665299860583,0.9000943877242036,0.0210511291815471,0.0535630211578709
context_window=5,40,,9,1,21,87.09852873857616,0.588580370697467,0,13.802008721204013,0.9014110961590002,0.0207587717769118,0.0528209413286863
context_window=5,40,,10,1,19,97.30667671737046,0.51722481826013,0,16.725677151397836,0.9003340679287455,0.020997879588606,0.0495492963492976
context_window=5,40,,11,1,25,81.9984235238858,0.581423901244791,0,9.976182847446086,0.9004428524744754,0.0209737156747686,0.0494485141838666
context_window=5,40,,12,1,17,113.2643312217504,0.5544299041529837,0,18.65730860262072,0.9003535785949063,0.0209935455407328,0.047842009363625
context_window=5,40,,13,1,14,121.190699372823,0.5457391402946539,0,22.42879334200142,0.9058738805312316,0.0197710374681395,0.0539533937567157
context_window=5,40,,14,1,20,135.91229826201118,0.5708821567305742,0,16.93026311272436,0.9035378168394502,0.0202874627776757,0.0478754017066275
context_window=5,40,,15,1,7,124.23218755929038,0.6359392389790899,0,25.55024045460644,0.901043874672545,0.0208402654058742,0.0500812374273742
context_window=5,40,,16,1,27,93.0337238294267,0.4962990929374173,0,10.290429350933184,0.9028713981183976,0.0204350303932011,0.0511301938390059
context_window=5,40,,17,1,16,107.87356128170974,0.5657656882363951,0,18.20722032340996,0.9018240300793076,0.0206671733111284,0.0461153415839269
context_window=5,40,,18,1,24,84.67075102425729,0.5609897241034512,0,11.760412447468005,0.9019397063421573,0.0206415211127451,0.047572375119174
context_window=5,40,,19,1,13,93.75301673177464,0.5854688136925859,0,23.31957570504087,0.9000381964428654,0.0210636152132651,0.0553004635080928
context_window=5,40,,20,1,14,117.5912462180044,0.4946083858372152,0,23.277274597049256,0.9080392139404636,0.0192935428308562,0.0498136571642387
context_window=5,40,,21,1,16,112.87074604489366,0.4249547463529237,0,22.071087308352727,0.9032236963621012,0.0203570060966404,0.0497672141793789
context_window=5,40,,22,1,19,97.51721783878487,0.5364958408947511,0,16.117872994916194,0.9013236227006026,0.0207781808352832,0.0506458548488631
context_window=5,40,,23,1,22,119.89216009442691,0.5706983520533888,0,14.7175380595146,0.904155891790575,0.0201506973572377,0.0537444391407298
context_window=5,40,,24,1,22,108.3469289874445,0.5174152092065332,0,15.10999876250519,0.9060112603071924,0.0197407088842514,0.0509380987556883
context_window=5,40,,25,1,12,116.80340461170096,0.5000598356734085,0,24.186123805636377,0.9046635134380292,0.0200384425551689,0.0475147821738983
context_window=5,40,,26,1,22,92.672188571415,0.5433552183638313,0,14.167318452783968,0.9001607211681432,0.0210363905050913,0.0509045828746055
context_window=5,40,,27,1,13,104.55577133089216,0.5807387742729802,0,21.73425598664132,0.9059677756934096,0.0197503082478041,0.048382229225286
context_window=5,40,,28,1,19,104.79624499698102,0.5390986611314725,0,16.621046310300866,0.9000244085296779,0.0210666790874103,0.0538891680566078
context_window=5,40,,29,1,12,138.52351553621548,0.4988808311581922,0,23.754037294565748,0.9075989453857412,0.0193905376116918,0.0473874063490133
context_window=5,40,,30,1,14,93.11913636064644,0.5097002339218148,0,21.125818548987624,0.9009211510363652,0.0208675075852991,0.050193699290879
context_window=5,40,,31,1,22,79.44547433183934,0.5891725917002617,0,12.540635683975324,0.900892899216666,0.0208737794466375,0.0484831551252746
context_window=5,40,,32,1,20,111.91151871548884,0.4576645806813597,0,17.130753641541798,0.9033272883762008,0.0203340691266709,0.0532107231168115
context_window=5,40,,33,1,15,139.77532330802836,0.5279472029776502,0,22.151541484170245,0.9033128154843032,0.0203372735040933,0.0531041188864762
context_window=5,40,,34,1,13,115.74283620052324,0.589060402534826,0,22.355777995407053,0.9048106433995896,0.0200059181974534,0.0458519203466845
context_window=5,40,,35,1,27,75.95349908784564,0.5855193004628199,0,8.087301081229,0.9006301017560434,0.0209321295120754,0.0474308848347473
context_window=5,40,,36,1,12,109.86735684300484,0.6444958267801861,0,20.18852382225344,0.9043539789874212,0.0201068851114017,0.0598385335133019
context_window=5,40,,37,1,14,123.91535957066634,0.4902287996689625,0,21.70898737458599,0.9008772092569766,0.0208772626789579,0.0505551006642945
context_window=5,40,,38,1,11,102.99568607032096,0.5761074299086721,0,23.785348800081856,0.906716751282129,0.0195850339002393,0.0548083515411306
context_window=5,40,,39,1,21,115.88674156661438,0.5118337746871988,0,13.812919518129648,0.9031758689881918,0.020367596748861,0.0511148536862293
context_window=5,40,,40,1,13,108.80128568040476,0.5302643108840512,0,23.10857326391639,0.9114727513587558,0.0185387159191548,0.0453485120527733
context_window=5,40,,41,1,17,144.13128015778182,0.5595572068073176,0,20.24562042939042,0.901775910593212,0.0206778451868636,0.0487262374026925
context_window=5,40,,42,1,24,77.07428784948618,0.5139783352748084,0,11.417063131091547,0.9021634217529788,0.0205919196440742,0.0566579783593882
context_window=5,40,,43,1,14,121.56224224496717,0.5578070797746968,0,23.79152414344444,0.9065592027957088,0.0196197883426533,0.0512246175928495
context_window=5,40,,44,1,16,134.2669364514868,0.5232997027219148,0,21.837289897351585,0.9072542453718836,0.0194665107030158,0.0524744284464942
context_window=5,40,,45,1,22,101.13337067112715,0.6193422675908156,0,12.659407213447675,0.901148898931766,0.0208169550783936,0.0509006591905403
context_window=5,40,,46,1,15,122.1123605501707,0.4623061756707354,0,20.24261699255168,0.9035014439709336,0.0202955141508385,0.0492876397673421
context_window=5,40,,47,1,10,119.62605598451812,0.6462236518396487,0,23.814609546726864,0.905128995127506,0.0199355618774032,0.0504367331175615
context_window=5,40,,48,1,24,73.07767068296906,0.5840386696248006,0,11.309345892012711,0.9043503594530948,0.020107685581495,0.0478416833916017
context_window=5,40,,49,1,19,101.38502622608716,0.5821038718298566,0,18.05949417934211,0.901363200206496,0.0207693989425225,0.045304562964891
context_window=5,100,,0,1,19,242.5336607265737,0.5025099117839231,0,16.011646644893382,0.9033375967071924,0.0203317868371159,0.0555107831171206
context_window=5,100,,1,1,20,290.0512789101277,0.4785852212094728,0,16.764842223397714,0.9040685435475316,0.020170019791202,0.0481286453546992
context_window=5,100,,2,1,19,266.5703580044973,0.5811416611802951,0,16.260047409878556,0.9003775747948882,0.0209882152170056,0.0491962225931205
context_window=5,100,,3,1,24,255.8165058773043,0.5438025629198935,0,12.428671788245088,0.9012373755476176,0.0207973196390484,0.0514402219806987
context_window=5,100,,4,1,16,302.20113430769214,0.5292125630225664,0,19.361120505962443,0.903192523859926,0.0203639087145042,0.0504229565364712
context_window=5,100,,5,1,22,264.3124020471621,0.5441192926744745,0,13.962599103068008,0.9021898754490648,0.0205860552280247,0.0465667988095498
context_window=5,100,,6,1,17,311.7204785968341,0.5290862819939577,0,17.79061212473833,0.903104573512531,0.02038338510022,0.0487482590172137
context_window=5,100,,7,1,17,300.1219825930647,0.5658092327109046,0,19.46636527356721,0.9008819440892346,0.0208762115213159,0.0517393290576296
context_window=5,100,,8,1,22,303.38311374638954,0.5257495844176161,0,13.540122426034712,0.901643504375528,0.0207072130015434,0.0505534245132704
context_window=5,100,,9,1,19,296.68650930594686,0.5186790824186671,0,17.118735130481536,0.9024752543747594,0.0205228016252687,0.0486247983899112
context_window=5,100,,10,1,22,287.9730505378769,0.5040071132946846,0,15.06793934053002,0.90360881022305,0.0202717488599286,0.0490388161847755
context_window=5,100,,11,1,21,306.21241221828296,0.5691090821130136,0,14.547340496790184,0.9013650418529964,0.0207689903071093,0.0527725840595382
context_window=5,100,,12,1,21,259.5572993985166,0.5229948365083725,0,16.221734273267824,0.9043968962158366,0.020097394091049,0.0514657800706217
context_window=5,100,,13,1,19,260.1998961717402,0.5481345207601735,0,16.10355654348011,0.902397959897149,0.0205399317986341,0.0493297420642211
context_window=5,100,,14,1,16,256.69858995864985,0.518408130880057,0,20.359746918520344,0.9004371400624857,0.020974984479356,0.0520159978301974
context_window=5,100,,15,1,18,290.4708348027725,0.5763448532021356,0,18.168787538927905,0.9054277297041962,0.0198695634857916,0.048458415048484
context_window=5,100,,16,1,17,309.08879602274726,0.5415982947767661,0,18.9306630896832,0.9000547161298449,0.0210599443611964,0.0497982940279659
context_window=5,100,,17,1,19,303.1863681542969,0.5508347588102724,0,17.40783969773363,0.9002428131167989,0.0210181519386479,0.0486354451080916
context_window=5,100,,18,1,22,274.07872754039494,0.5572477559062963,0,12.808340655164324,0.901040360133764,0.0208410455112019,0.050693943839249
context_window=5,100,,19,1,20,284.7356812966015,0.5648173205526763,0,16.850057665291565,0.9037483106396716,0.0202408749578562,0.0528420383843875
context_window=5,100,,20,1,17,334.510583492054,0.5397787791467787,0,19.20320005657563,0.9020263842247186,0.0206223017087704,0.0527209801219491
context_window=5,100,,21,1,23,262.5723072439621,0.5756741661303153,0,12.478446645397977,0.9033974262753486,0.0203185409394237,0.0505995335973381
context_window=5,100,,22,1,19,256.0262205858854,0.5657138245010522,0,16.76574619429585,0.9036460404909614,0.0202635086788824,0.0507288573436818
context_window=5,100,,23,1,15,276.94042018282545,0.5257557472484415,0,19.95602225045131,0.9014611699541222,0.0207476619947989,0.0481059226334398
context_window=5,100,,24,1,16,259.0440668124148,0.564914495849002,0,19.617249316733822,0.9040224296419904,0.0201802214693774,0.0480218330084854
context_window=5,100,,25,1,19,318.0289648458712,0.5601633479185533,0,18.274621293244003,0.9015073998268828,0.0207374056046331,0.0477097453680787
context_window=5,100,,26,1,16,301.6767047048583,0.5686959632300528,0,20.12844026714182,0.9047438180780696,0.0200206898604175,0.0508767370153369
context_window=5,100,,27,1,20,255.45287211840085,0.5683013840931759,0,15.769547171070842,0.9046225345221474,0.0200475022427589,0.0501879954695992
context_window=5,100,,28,1,21,272.14071973619843,0.5417251929469702,0,16.258073445487067,0.9021879745267491,0.020586476630297,0.0469279827385369
context_window=5,100,,29,1,25,274.8807502199323,0.5504954019301831,0,11.81643843262553,0.903157054410994,0.0203717631075549,0.053070132944302
context_window=5,100,,30,1,17,284.5908007678211,0.5855365469261478,0,17.042647879808662,0.9005309714728056,0.0209541442635179,0.0499292911125794
context_window=5,100,,31,1,24,250.8253525389668,0.5383241539029398,0,10.614864199138596,0.901480052354048,0.0207434727512023,0.0482508539967576
context_window=5,100,,32,1,20,281.4704678974068,0.5521616788400596,0,15.620969561583523,0.9031743687828976,0.0203679289558191,0.0512819437055316
context_window=5,100,,33,1,19,319.0719975883852,0.5139745099462081,0,17.329083585667767,0.9012731669399454,0.0207893770741671,0.0492081457775776
context_window=5,100,,34,1,17,313.67560434524205,0.5255219435776666,0,17.51726841130558,0.9026810964632608,0.0204771896007373,0.0478175559192498
context_window=5,100,,35,1,22,311.29799485189085,0.5102252085586734,0,14.330186357631376,0.900096074401688,0.0210507544039844,0.0485730176483113
context_window=5,100,,36,1,23,230.99886509090197,0.5602296938529894,0,11.298335087051628,0.9007895342027658,0.0208967280000776,0.0519289020329529
context_window=5,100,,37,1,24,318.10221275667897,0.5479652460549833,0,12.39817768935935,0.9011817967439688,0.0208096539072411,0.0504027776900741
context_window=5,100,,38,1,23,272.8500113403375,0.5552279984100585,0,12.282717703656282,0.9031193355508448,0.0203801159510874,0.0499642161512087
context_window=5,100,,39,1,23,271.7281081722616,0.5164125810866314,0,13.617779862805143,0.9026614998779972,0.0204815315102018,0.0510093059018105
context_window=5,100,,40,1,24,263.48906205692174,0.4930626299476923,0,12.369562274359597,0.9037539472667312,0.0202396275730666,0.0487298065445969
context_window=5,100,,41,1,18,302.8699449043496,0.5354360960088147,0,17.616061558611477,0.9013126107902298,0.0207806243477719,0.052230798049627
context_window=5,100,,42,1,18,226.60512379358684,0.5673194219256836,0,16.83053572509246,0.9032959351773872,0.020341010961229,0.0470524920700886
context_window=5,100,,43,1,17,268.2619057458476,0.5381333090152169,0,17.440681912125434,0.9033060659920668,0.0203387678961436,0.0537372396140668
context_window=5,100,,44,1,16,278.32791693850163,0.5064376850253556,0,20.812556655454888,0.9053331326673404,0.019890460124085,0.0493774124502028
context_window=5,100,,45,1,25,278.723583067564,0.4997833333821069,0,12.601582368280615,0.9003653241873019,0.0209909364511348,0.0499388909287585
context_window=5,100,,46,1,21,279.3801317767716,0.5167461488716951,0,16.21192987458937,0.9032389481881262,0.0203536289272156,0.0498474548572105
context_window=5,100,,47,1,20,234.57001859248285,0.5485895456652989,0,16.27754441733188,0.9002039957208438,0.0210267758859415,0.0475039152607714
context_window=5,100,,48,1,19,269.356369876465,0.5478261177656387,0,16.732992853100605,0.9030947490673304,0.0203855608169481,0.0517327325485493
context_window=5,100,,49,1,18,248.78625219646776,0.5144482666275896,0,16.964053157570426,0.9031833454116248,0.0203659411704194,0.0478420540499223
context_window=20,10,,0,1,10,15.090104650612114,0.5660898570780413,0,18.263975370654435,0.9012248752550746,0.0208000936871679,0.0514947767647606
context_window=20,10,,1,1,12,41.51392392734497,0.4280252988661908,0,26.53589408719374,0.9059811763371912,0.0197473499649525,0.0470137972151272
context_window=20,10,,2,1,12,31.803904069167743,0.4562195120666392,0,25.081134582192504,0.905801611970942,0.0197869936502763,0.0504916238271101
context_window=20,10,,3,1,12,38.712191445182114,0.573431527820476,0,24.75571550301737,0.9021993356688642,0.0205839580707725,0.0510718484014883
context_window=20,10,,4,1,9,10.141746331178428,0.5129045807101302,0,20.323537062978424,0.900079980696858,0.02105433043307,0.0566109539915455
context_window=20,10,,5,1,6,27.57855960952044,0.5396927082695455,0,25.12737798863607,0.9126230533848833,0.0182864699185625,0.0485148065919579
context_window=20,10,,6,1,16,26.44145827324298,0.6033532331161287,0,23.14030432413544,0.9002636307214976,0.0210135271055025,0.0448421321330638
context_window=20,10,,7,1,5,25.555953068427502,0.5913121660548648,0,24.761690307889147,0.9012048770810908,0.0208045317350771,0.0530681230954682
context_window=20,10,,8,1,7,16.54913474710919,0.5824425386526013,0,24.899664206677297,0.9115515014855966,0.0185214369110962,0.0490223592210482
context_window=20,10,,9,1,15,48.258185807882185,0.5188145857667181,0,21.320587412062885,0.9006041596238198,0.0209378904800475,0.0560255433218859
context_window=20,10,,10,1,13,34.66199331628912,0.4375223422059551,0,21.94034668355134,0.9037332090031034,0.0202442169862874,0.0544255754342466
context_window=20,10,,11,1,11,34.0033211420825,0.3599326858004652,0,25.245199021229222,0.9053090557015372,0.0198957791133274,0.0567061312951648
context_window=20,10,,12,1,14,18.950869872501283,0.5457787065766428,0,24.891497031367905,0.9146198341108064,0.0178493563778452,0.0560185150881695
context_window=20,10,,13,1,7,30.47078167026151,0.5951190892994167,0,25.016208476342296,0.9152816910189084,0.0177046804096854,0.0392729848949411
context_window=20,10,,14,1,8,14.898995577412649,0.5184192136554038,0,23.648020966440768,0.9137160318115232,0.018047088619442,0.0562338636607838
context_window=20,10,,15,1,14,39.58761960846922,0.6179545585300315,0,22.20175838049957,0.9059774948138102,0.0197481626818074,0.052786743947462
context_window=20,10,,16,1,8,34.55525564544221,0.6490598596987709,0,26.95800549092676,0.9036080645705656,0.0202719138987782,0.0499841898562143
context_window=20,10,,17,1,5,25.56903300163402,0.484131065494529,0,26.117237923812176,0.910552171382581,0.018740816349949,0.0503714312462606
context_window=20,10,,18,1,18,24.952801804937376,0.3257035133540875,0,21.18138577267794,0.9050744961078916,0.0199476045057363,0.0544380800876651
context_window=20,10,,19,1,15,11.10535332707417,0.6098970214909369,0,20.20893707600009,0.905051326984754,0.0199527243980318,0.0592918088239665
context_window=20,10,,20,1,10,21.704275456055885,0.5427292646928426,0,24.39230111118809,0.9008122009821996,0.0208916954162401,0.0386274644160248
context_window=20,10,,21,1,25,30.86873874365479,0.521788485220847,0,15.158362497808602,0.9007516197311336,0.0209051462305588,0.051597857480327
context_window=20,10,,22,1,14,25.03655912676004,0.4918641843098608,0,23.778283929989364,0.9022619187702272,0.0205700850987186,0.0428092121040076
context_window=20,10,,23,1,36,19.660454581846928,0.5660944307969009,0,4.702146450656082,0.901198722832508,0.0208058975220924,0.0535619554530181
context_window=20,10,,24,1,15,35.179445935341725,0.5658521635686578,0,23.397342176088912,0.904799359688176,0.0200084123727496,0.0511093425687637
context_window=20,10,,25,1,18,29.47542081858364,0.6276905296172774,0,17.931709549790398,0.9036351858369908,0.0202659111060891,0.0494613902561141
context_window=20,10,,26,1,11,26.25915333740572,0.6981886943620588,0,20.729916482802626,0.9003146383506034,0.0210021957171379,0.0499093634543332
context_window=20,10,,27,1,9,7.844550243608592,0.4596427053416525,0,20.090559584254684,0.9061977906810282,0.0196995369511583,0.0436248614067565
context_window=20,10,,28,1,13,22.29784413065598,0.5134688746311937,0,19.178665105039222,0.9008179023439432,0.0208904295933095,0.0520780523046322
context_window=20,10,,29,1,8,24.29896682470828,0.3995604011839127,0,27.628627548523934,0.9010497361741294,0.0208389643632315,0.0515032643529634
context_window=20,10,,30,1,16,17.624127924879357,0.5210748448919629,0,22.868195818926598,0.9011414493983354,0.0208186084265209,0.0562177323582075
context_window=20,10,,31,1,10,18.48590740040075,0.497405396223646,0,23.838789807660703,0.9044552847416428,0.0200844823614027,0.0548369625271045
context_window=20,10,,32,1,11,29.868189329646476,0.6133647936906563,0,26.774086746840474,0.9052778933257236,0.0199026635937073,0.0516296439339815
context_window=20,10,,33,0,120,34.79444575561989,0.6668342865824846,0,-85.62172958188737,0.8989836770183879,0.0212980802991668,0.0486038138492007
context_window=20,10,,34,1,8,48.86979605407162,0.3801919587486555,0,28.15626432370791,0.905253683423643,0.0199080122774625,0.0497304425153778
context_window=20,10,,35,1,10,36.67975048763967,0.4580177870554924,0,28.084927986845138,0.9072220612164756,0.0194736056769859,0.0521923213503033
context_window=20,10,,36,0,120,49.56569083631771,0.474557773389852,0,-72.4291049020059,0.895588722939051,0.0220547971927195,0.0509985130901361
context_window=20,10,,37,1,12,17.62742406279339,0.5618392599748789,0,24.147612945678546,0.9076541354215713,0.0193783762141588,0.0521648458032233
context_window=20,10,,38,1,9,20.830009931893485,0.5601646692311597,0,24.487902750988333,0.9095367270176468,0.0189639800583115,0.0655308766506919
context_window=20,10,,39,1,10,24.254771258498625,0.6452366539639538,0,21.86636207856455,0.9090738963692884,0.0190657787946433,0.0532978277089925
context_window=20,10,,40,1,15,29.379888517254777,0.6303473170807836,0,22.14457558938741,0.9002212512629281,0.0210229422267294,0.0401344610520973
context_window=20,10,,41,1,21,27.64202841152137,0.4538204453780494,0,17.449523304251194,0.9043529998656302,0.0201071016465956,0.0507099699369837
context_window=20,10,,42,1,13,21.45171323794656,0.4218286693861952,0,23.45683941315146,0.9012758148957236,0.0207887894716543,0.0550464056586284
context_window=20,10,,43,1,8,23.446539730581524,0.5028073674951894,0,28.307328876980524,0.9030103933678524,0.0204042431621909,0.0417250874110353
context_window=20,10,,44,1,7,14.97855807381598,0.648242107582953,0,23.05376703117256,0.9086767396811454,0.0191531739932115,0.0592249995118537
context_window=20,10,,45,1,11,17.37864982345269,0.4821131156854334,0,26.157816607937622,0.9079847296023924,0.0193055436281544,0.0568588874032446
context_window=20,10,,46,1,9,21.133031162825176,0.4796477222325679,0,26.630599164964817,0.904507533774348,0.0200729289934319,0.0493535247130025
context_window=20,10,,47,1,13,60.19730247354755,0.5244210786590615,0,23.59428651115829,0.90099459506806,0.0208512040412751,0.0469795009592129
context_window=20,10,,48,1,11,20.014794608585877,0.5855623592216623,0,22.454902327620005,0.906433760646447,0.0196474645999783,0.0464651644638238
context_window=20,10,,49,1,23,23.15159680167922,0.528756073787833,0,20.70287137048292,0.90156510059458,0.0207246050616259,0.0494517013955413
context_window=20,40,,0,1,24,128.33519767034193,0.5314554438203747,0,14.649520423976057,0.9040222975305404,0.0201802506968514,0.0438899897593966
context_window=20,40,,1,1,18,95.83641389875548,0.5070706139120409,0,19.80296120106629,0.906431366585116,0.0196479928381346,0.0525125827477572
context_window=20,40,,2,1,13,112.26108666827903,0.5220704252897299,0,24.05760717625285,0.9056216118047976,0.019826741438507,0.049169714398787
context_window=20,40,,3,1,15,99.49419855369314,0.5097621365249445,0,19.886332464665145,0.9000065571694836,0.0210706459880993,0.0497172632615435
context_window=20,40,,4,1,18,120.21629480785752,0.5103715478263455,0,18.82167571128003,0.9003463858910244,0.0209951432980547,0.0569827045161239
context_window=20,40,,5,1,13,134.74294458058435,0.4942672248613668,0,23.50663757593541,0.9003930012864374,0.0209847885747104,0.0519388369473987
context_window=20,40,,6,1,13,114.42568834828538,0.356752689019411,0,24.917511296384266,0.906146369090198,0.0197108861401227,0.0548029352289014
context_window=20,40,,7,1,22,117.00146918633854,0.5779722317456255,0,16.563438071241446,0.9042157592708264,0.020137455061554,0.0484081865718136
context_window=20,40,,8,1,9,102.6729878408985,0.5174341646214444,0,25.59231624500338,0.9014748932654796,0.0207446173363359,0.0535630211578709
context_window=20,40,,9,1,23,90.4022672928683,0.5622934688793892,0,13.040805956061948,0.9034203402236948,0.020313468164787,0.0528209413286863
context_window=20,40,,10,1,21,102.67750074815848,0.5055272104502,0,15.826252529423677,0.9010575841896687,0.0208372223991541,0.0495492963492976
context_window=20,40,,11,1,34,92.03233335917255,0.5704843969828648,0,4.206362460122815,0.9000808321515272,0.021054141237824,0.0494485141838666
context_window=20,40,,12,1,19,123.14125638113126,0.5167273058027928,0,18.43387713127162,0.9049464598041436,0.0199758994939338,0.047842009363625
context_window=20,40,,13,1,16,119.19041438859298,0.5418985803783762,0,20.75180872264907,0.9014412581659093,0.0207520797132296,0.0539533937567157
context_window=20,40,,14,1,22,149.69799192932533,0.5193600051670457,0,16.598896638618097,0.9007018564151511,0.020916195822825,0.0478754017066275
context_window=20,40,,15,1,9,126.67477922975912,0.6085962178816124,0,24.12994436366046,0.9025051948257382,0.0205161665504135,0.0500812374273742
context_window=20,40,,16,1,36,101.49873519632996,0.4810424871940366,0,6.1081670011047065,0.9006189936935924,0.020934596258619,0.0511301938390059
context_window=20,40,,17,1,17,117.99438382625496,0.5368292711473486,0,18.11744944059384,0.9025630407829084,0.0205033479863174,0.0461153415839269
context_window=20,40,,18,1,26,90.7792013944702,0.602460566224696,0,11.443279713555258,0.9013166003945484,0.0207797390621472,0.047572375119174
context_window=20,40,,19,1,14,97.3891355582895,0.567909882389511,0,22.974603772969445,0.9013649765173984,0.0207690048041437,0.0553004635080928
context_window=20,40,,20,1,14,124.63237230285829,0.4264720685467416,0,23.28530621444223,0.9025218359915552,0.0205124788126604,0.0498136571642387
context_window=20,40,,21,1,22,120.74034133408176,0.4020603546581991,0,17.940571238758764,0.9011294066587484,0.0208212812189143,0.0497672141793789
context_window=20,40,,22,1,22,102.78626479809276,0.5383078055789814,0,14.84385681441968,0.9000810195953517,0.0210540995873859,0.0506458548488631
context_window=20,40,,23,1,23,121.23885669945057,0.5554087381159241,0,15.391735881428849,0.9027301730456666,0.0204663163812672,0.0537444391407298
context_window=20,40,,24,1,21,107.70877354146532,0.5067513233752157,0,16.611664730971082,0.9002199771412471,0.0210232252954929,0.0509380987556883
context_window=20,40,,25,1,13,113.4906181861919,0.4790108245349322,0,23.5112779520663,0.9008092575085028,0.0208923489328116,0.0475147821738983
context_window=20,40,,26,1,28,100.2039960863546,0.5468170468203171,0,11.804632458379452,0.901653833373414,0.0207049218657068,0.0509045828746055
context_window=20,40,,27,1,13,109.8480802298986,0.5601137855672123,0,22.17611657924073,0.9033702301126368,0.0203245618934999,0.048382229225286
context_window=20,40,,28,1,23,118.56295437928596,0.4822637530137836,0,14.957831964755346,0.90090291037368,0.020871556962389,0.0538891680566078
context_window=20,40,,29,1,13,143.2431767879989,0.4790318352785421,0,23.370156886920675,0.9046555156126928,0.0200402106956036,0.0473874063490133
context_window=20,40,,30,1,15,95.92748578513851,0.4925658176425795,0,21.647687960037096,0.9047366482256384,0.0200222748131296,0.050193699290879
context_window=20,40,,31,1,24,80.13517077915654,0.5552233422212378,0,12.604851111525411,0.9012723265753514,0.0207895635581359,0.0484831551252746
context_window=20,40,,32,1,21,113.20684688953791,0.462881963273887,0,18.19202276148493,0.9015242534429924,0.0207336666539431,0.0532107231168115
context_window=20,40,,33,1,15,136.68368630443803,0.5116159494439374,0,23.00632198731216,0.9007854198696816,0.020897641497032,0.0531041188864762
context_window=20,40,,34,1,15,114.55123756498664,0.5826373819171149,0,21.134494817630006,0.900845375477996,0.0208843300886143,0.0458519203466845
context_window=20,40,,35,1,39,87.4355157825087,0.5364688236080775,0,1.602355339321088,0.9028195694979472,0.0204465115649839,0.0474308848347473
context_window=20,40,,36,1,14,114.6651344167266,0.6025472359095667,0,19.119306337448325,0.9043939346636024,0.0200980490152522,0.0598385335133019
context_window=20,40,,37,1,21,133.38077610296864,0.4711805459245135,0,16.713688885355047,0.9004564555735949,0.0209706942733923,0.0505551006642945
context_window=20,40,,38,1,11,98.48445748032228,0.5430176868431718,0,23.843060280808807,0.9006431621720791,0.0209292292489565,0.0548083515411306
context_window=20,40,,39,1,26,125.28760035149752,0.4811493580523698,0,12.170255911892411,0.9010638247136123,0.0208358372485393,0.0511148536862293
context_window=20,40,,40,1,13,112.55250577297146,0.5164167196328984,0,23.37245243935333,0.9037321852125338,0.0202444435556198,0.0453485120527733
context_window=20,40,,41,1,18,150.7331749454989,0.5075263576483522,0,20.392127529602,0.9010106945359392,0.0208476303630018,0.0487262374026925
context_window=20,40,,42,1,35,93.68123730299844,0.4651100434932333,0,4.0802177426987205,0.9005916531145307,0.0209406678592088,0.0566579783593882
context_window=20,40,,43,1,16,125.56957873012648,0.5466997266470797,0,22.288824925564995,0.9024417229809264,0.0205302327468677,0.0512246175928495
context_window=20,40,,44,1,17,143.46143828027948,0.4887345636140212,0,21.69886498175937,0.9062469162288412,0.019688695120202,0.0524744284464942
context_window=20,40,,45,1,30,107.10671920774226,0.604102303065281,0,9.20608842466599,0.9007828512298304,0.0208982118089968,0.0509006591905403
context_window=20,40,,46,1,16,132.07151893397585,0.4379338884433499,0,20.48467319098105,0.9063685892868952,0.0196618448460283,0.0492876397673421
context_window=20,40,,47,1,11,121.2481829921816,0.6077991404373322,0,23.16882539946714,0.9010513730653228,0.0208386010337414,0.0504367331175615
context_window=20,40,,48,1,28,81.27299094976655,0.5695314185715279,0,9.693208970553354,0.9013695906420388,0.0207679809984821,0.0478416833916017
context_window=20,40,,49,1,21,105.2045799542451,0.5583538572193671,0,16.354090741357748,0.9008916042590576,0.0208740669299866,0.045304562964891
context_window=20,100,,0,1,22,260.81732481326884,0.4938704116022738,0,14.972929732304255,0.9016217168478178,0.0207120459074199,0.0555107831171206
context_window=20,100,,1,1,23,311.0189904761568,0.44941036701082,0,16.001289881639728,0.9000927629775238,0.0210514901988289,0.0481286453546992
context_window=20,100,,2,1,23,278.80898666767223,0.5506817522389584,0,14.48420541495848,0.9006663446685086,0.0209240813282149,0.0491962225931205
context_window=20,100,,3,1,28,274.28861785003505,0.5093834976749461,0,10.820441406712463,0.900162650517128,0.0210359618378829,0.0514402219806987
context_window=20,100,,4,1,17,316.7785251335459,0.511958675651794,0,19.25534460629685,0.9002819502267314,0.021009457337888,0.0504229565364712
context_window=20,100,,5,1,27,282.3550548214851,0.527591434539767,0,11.962464413330787,0.9020517542355818,0.0206166766728423,0.0465667988095498
context_window=20,100,,6,1,21,328.2977557772187,0.5026341112314203,0,15.711309180259182,0.9008329048284444,0.0208870987626197,0.0487482590172137
context_window=20,100,,7,1,18,294.64849396463586,0.54646693110508,0,19.513754703569145,0.903220143705006,0.0203577927598106,0.0517393290576296
context_window=20,100,,8,1,23,311.53250661675946,0.4978391105248858,0,13.982094456054847,0.9003325610780534,0.0209982143203476,0.0505534245132704
context_window=20,100,,9,1,22,319.8135672306244,0.4872965444495101,0,16.394079829397924,0.9002463725426011,0.0210173611700433,0.0486247983899112
context_window=20,100,,10,1,24,297.38034642165485,0.4871122206315399,0,14.41025739278481,0.9012363302754656,0.0207975516029653,0.0490388161847755
context_window=20,100,,11,1,23,317.85584707352245,0.5227756486626531,0,14.434447760214578,0.9018746024874256,0.0206559580432964,0.0527725840595382
context_window=20,100,,12,1,22,273.57779740126654,0.5038712265486238,0,16.304618021414786,0.900827245640112,0.0208883552012063,0.0514657800706217
context_window=20,100,,13,1,21,271.10354663888387,0.5315533522103866,0,15.995064954766658,0.902574533143366,0.020500801396933,0.0493297420642211
context_window=20,100,,14,1,18,266.4305908034962,0.5181963279305053,0,19.166352836411,0.9026462550519648,0.0204849092890855,0.0520159978301974
context_window=20,100,,15,1,18,285.91625331864265,0.55461957464716,0,18.62335023514961,0.9009705231262436,0.0208565475280219,0.048458415048484
context_window=20,100,,16,1,19,302.21130813209766,0.51616642810777,0,18.32659136869388,0.9003874275180627,0.0209860266531092,0.0497982940279659
context_window=20,100,,17,1,24,323.802801006922,0.5173044442264048,0,14.610988801741184,0.9009348085696588,0.020864475704039,0.0486354451080916
context_window=20,100,,18,1,26,288.74054942322687,0.5308147510048955,0,11.467802184524164,0.9002662012197983,0.0210129560517482,0.050693943839249
context_window=20,100,,19,1,21,287.2866274374901,0.5392779805131063,0,16.91403071623854,0.9011278158321884,0.0208216342931681,0.0528420383843875
context_window=20,100,,20,1,17,326.2190437463833,0.518116206497758,0,19.434364518128557,0.902357684516163,0.0205488582992643,0.0527209801219491
context_window=20,100,,21,1,29,284.1455001542776,0.5465917786147361,0,9.435253720686276,0.9017858139358192,0.0206756487901509,0.0505995335973381
context_window=20,100,,22,1,21,282.31044876307607,0.516575167742912,0,16.607983306189805,0.9020132156198086,0.0206252215127285,0.0507288573436818
context_window=20,100,,23,1,17,296.1321840367166,0.4929727132866643,0,19.47566772256529,0.9009139388143114,0.0208691086690153,0.0481059226334398
context_window=20,100,,24,1,20,268.83861252854126,0.5396000969571855,0,17.31331753479327,0.9010453670406362,0.0208399341530025,0.0480218330084854
context_window=20,100,,25,1,21,339.6917117753653,0.519682099028768,0,17.83472303083699,0.9023364778175892,0.0205535586410767,0.0477097453680787
context_window=20,100,,26,1,17,310.8906670954471,0.5441528797278872,0,20.251316062517603,0.9036807158370836,0.02025583428442,0.0508767370153369
context_window=20,100,,27,1,22,277.60702882034235,0.5261024350391836,0,15.550810837009248,0.9002071622756204,0.0210260723678007,0.0501879954695992
context_window=20,100,,28,1,22,293.7959692378781,0.5184689946620371,0,16.918164355056955,0.9003886477653213,0.0209857556039154,0.0469279827385369
context_window=20,100,,29,1,28,289.28441697361086,0.5322409986135062,0,10.69725693389363,0.901709673689194,0.0206925360509603,0.053070132944302
context_window=20,100,,30,1,20,302.0273298815841,0.5543688360084669,0,16.278249187736392,0.9016701088207404,0.0207013117661688,0.0499292911125794
context_window=20,100,,31,1,27,273.9139407772271,0.5093362715232037,0,9.975891668239738,0.9017162262849464,0.0206910826847305,0.0482508539967576
context_window=20,100,,32,1,22,296.2327047435362,0.5247263236843083,0,15.2499898736643,0.900288843970944,0.0210079258803669,0.0512819437055316
context_window=20,100,,33,1,23,342.79836056355884,0.4771329708169449,0,15.342146653622418,0.9011227904545012,0.0208227496491945,0.0492081457775776
context_window=20,100,,34,1,20,339.2110474685613,0.4916863080202565,0,16.123042429721494,0.9000157783697705,0.0210685968579068,0.0478175559192498
context_window=20,100,,35,1,27,328.85520261217937,0.474555475916252,0,11.774669656223075,0.9011868354294575,0.0208085356708495,0.0485730176483113
context_window=20,100,,36,1,28,238.76080924426685,0.5434385257979764,0,9.453701606849044,0.9003839532187223,0.0209867983889059,0.0519289020329529
context_window=20,100,,37,1,28,335.36629687574367,0.5246656992061085,0,10.616741041001156,0.9015087649272928,0.0207371027564531,0.0504027776900741
context_window=20,100,,38,1,29,292.0905577801405,0.5188990912918572,0,9.366395821774784,0.9012791017308478,0.0207880600991189,0.0499642161512087
context_window=20,100,,39,1,27,291.2155035410588,0.4951974090159874,0,11.591191702381408,0.9003937000773753,0.0209846333556748,0.0510093059018105
context_window=20,100,,40,1,29,278.42767459697296,0.4645829765461904,0,10.148274065716478,0.9012355684201976,0.0207977206719574,0.0487298065445969
context_window=20,100,,41,1,20,323.5987609471237,0.5059347788158866,0,17.168932164987908,0.9010850515685668,0.0208311257942894,0.052230798049627
context_window=20,100,,42,1,20,238.13086522997216,0.5370505733462261,0,16.06746587042264,0.9013151961811904,0.0207800506539788,0.0470524920700886
context_window=20,100,,43,1,22,296.63618051249057,0.508139274184948,0,15.193080562249492,0.9003618634796086,0.0209917051867249,0.0537372396140668
context_window=20,100,,44,1,20,285.17876286232075,0.4764165861735605,0,17.984174682314233,0.9023216138468702,0.0205568532198754,0.0493774124502028
context_window=20,100,,45,1,34,307.6443890240748,0.4711614960581416,0,6.9599781111380725,0.9012270302352292,0.0207996154541237,0.0499388909287585
context_window=20,100,,46,1,24,296.7313412109684,0.5053753620662853,0,14.58052306121705,0.9002756688132911,0.0210108527752512,0.0498474548572105
context_window=20,100,,47,1,22,250.06920295080263,0.5044641876424771,0,16.090865640424337,0.9026569370196876,0.0204825424915814,0.0475039152607714
context_window=20,100,,48,1,22,284.58105796957227,0.4965673290630013,0,15.72215295960072,0.9019466467446674,0.020639982123884,0.0517327325485493
context_window=20,100,,49,1,20,263.47121137992235,0.4816872133700252,0,16.51680043489018,0.9000991246672869,0.021050076640684,0.0478420540499223
attention_heads=1,10,,0,1,13,17.410875761322814,0.4777128536304429,0,16.63586056596479,0.9002441783221625,0.0210178486417354,0.0514947767647606
attention_heads=1,10,,1,1,15,27.58771919559467,0.4093291671768702,0,24.69760068680658,0.9016031645558452,0.02071616126589,0.0470137972151272
attention_heads=1,10,,2,1,11,30.286862598715544,0.3706924528613726,0,25.342450340895446,0.9002473021789804,0.0210171546408247,0.0504916238271101
attention_heads=1,10,,3,1,16,38.80406551940548,0.6163401600125324,0,21.753851399702757,0.9008650509848136,0.0208799619045756,0.0510718484014883
attention_heads=1,10,,4,1,5,11.219211908017028,0.5862045955154771,0,22.897595923053068,0.9039066446740804,0.0202058386176856,0.0566109539915455
attention_heads=1,10,,5,1,8,23.615555369175677,0.5635751377433142,0,23.19797147565868,0.912538615265539,0.018304975264331,0.0485148065919579
attention_heads=1,10,,6,1,26,28.994243530660373,0.5768912652843541,0,15.726324886834506,0.9009155603720972,0.0208687486887205,0.0448421321330638
attention_heads=1,10,,7,1,5,23.81379744380803,0.689450712628376,0,25.003566680784097,0.9071278574994128,0.0194943742654871,0.0530681230954682
attention_heads=1,10,,8,1,6,19.897432169192317,0.5615312237475278,0,25.53948389974421,0.9116724572606896,0.0184949002314546,0.0490223592210482
attention_heads=1,10,,9,1,21,41.04892196864766,0.5313177932432231,0,17.76843034666002,0.9015565782121528,0.020726495645612,0.0560255433218859
attention_heads=1,10,,10,1,15,40.94353265271298,0.4254801416338396,0,18.98715867140977,0.9014331108291616,0.0207538873459494,0.0544255754342466
attention_heads=1,10,,11,1,11,37.21876363260042,0.4270942696051512,0,24.27864920011838,0.9028024806440148,0.0204502972639748,0.0567061312951648
attention_heads=1,10,,12,1,17,20.06485800895072,0.5334228104052048,0,20.961856212951304,0.9044551206559756,0.0200845186452711,0.0560185150881695
attention_heads=1,10,,13,1,5,30.610600043383457,0.6571602357700868,0,26.7305004326789,0.9209620177275928,0.016467296765915,0.0392729848949411
attention_heads=1,10,,14,1,9,13.033695590160631,0.61170206509676,0,22.74115808958513,0.9163426885470356,0.0174729740273864,0.0562338636607838
attention_heads=1,10,,15,1,13,40.43371369508824,0.6061818747574856,0,23.06380232674476,0.9012152619392432,0.0208022270874697,0.052786743947462
attention_heads=1,10,,16,1,6,31.203130669271022,0.6427270457077017,0,29.233054566526683,0.9137535415959884,0.0180388784068034,0.0499841898562143
attention_heads=1,10,,17,1,5,26.76518441465484,0.4822319579788927,0,26.1817002440812,0.9179413510520756,0.0171243556290784,0.0503714312462606
attention_heads=1,10,,18,1,19,27.00291284986023,0.4231814267389848,0,19.121939459762064,0.9021811619225714,0.0205879868765189,0.0544380800876651
attention_heads=1,10,,19,1,14,11.334380029538782,0.5724537837466273,0,19.992828402612723,0.902392740437387,0.0205410885997548,0.0592918088239665
attention_heads=1,10,,20,1,11,19.8555384657319,0.6063962773927833,0,23.597743787364017,0.9083343334171302,0.0192285519087647,0.0386274644160248
attention_heads=1,10,,21,1,19,28.49674942542061,0.5866844562108628,0,18.854642574409706,0.9004735816578614,0.02096689044228,0.051597857480327
attention_heads=1,10,,22,1,18,17.214298236455377,0.4928792657021461,0,21.298849916814937,0.9028313223624131,0.0204439079909444,0.0428092121040076
attention_heads=1,10,,23,1,37,19.276185699789565,0.5628563728203118,0,2.692978107312729,0.9003364045346774,0.0209973605361824,0.0535619554530181
attention_heads=1,10,,24,1,16,37.15440959079619,0.5730783279383593,0,22.16107100680068,0.9044902118254045,0.0200767591693371,0.0511093425687637
attention_heads=1,10,,25,1,24,30.2964891376295,0.5971484144591965,0,13.171199204943385,0.9001904440523943,0.0210297867080481,0.0494613902561141
attention_heads=1,10,,26,1,12,28.938532274491752,0.6281843627861898,0,19.447580514479533,0.9015824579470249,0.0207207546052696,0.0499093634543332
attention_heads=1,10,,27,1,11,10.564438843294818,0.3626254981004122,0,17.460489919172048,0.9017298608300752,0.0206880585754485,0.0436248614067565
attention_heads=1,10,,28,1,11,19.58047107216049,0.5593944617953162,0,21.32254053208912,0.9020865108374396,0.0206089706998501,0.0520780523046322
attention_heads=1,10,,29,1,6,24.378031047925443,0.3345605298553415,0,28.563997158249396,0.9031425346657032,0.020374978464604,0.0515032643529634
attention_heads=1,10,,30,1,22,20.448004388662923,0.5966975764074232,0,17.654320348459827,0.902346510560261,0.0205513349280509,0.0562177323582075
attention_heads=1,10,,31,1,9,20.703202771426074,0.4968450673956734,0,24.74204711581003,0.9178456014260344,0.0171452185349834,0.0548369625271045
attention_heads=1,10,,32,1,12,29.86013297014526,0.6467290318219274,0,25.14451207048137,0.9008758781981208,0.0208775581820133,0.0516296439339815
attention_heads=1,10,,33,0,120,36.0563140109967,0.6421508406773753,0,-86.52134642284997,0.8976153331314584,0.02160273239878,0.0486038138492007
attention_heads=1,10,,34,1,9,54.56771443949538,0.4356729072103513,0,26.983231520514344,0.9065310105369784,0.0196260080571551,0.0497304425153778
attention_heads=1,10,,35,1,8,37.27649299575359,0.4267647691173468,0,29.57579627842756,0.9023769368667416,0.0205445912230191,0.0521923213503033
attention_heads=1,10,,36,0,120,51.79873864955667,0.4805147625445491,0,-71.78815901935621,0.8963227692392544,0.0218909394699543,0.0509985130901361
attention_heads=1,10,,37,1,11,18.200170169140502,0.5761622532693818,0,23.684505662870663,0.9040852442436188,0.0201663252611901,0.0521648458032233
attention_heads=1,10,,38,1,11,21.44890127087629,0.3926230227219622,0,23.551216634127133,0.925685599258664,0.0154441255252857,0.0655308766506919
attention_heads=1,10,,39,1,11,25.95688443764695,0.5749582455123998,0,20.5081265442192,0.9024424801192368,0.0205300649492197,0.0532978277089925
attention_heads=1,10,,40,1,12,28.735250887144304,0.6991422691732201,0,24.26264225125547,0.9005778336052476,0.0209437368672917,0.0401344610520973
attention_heads=1,10,,41,1,23,23.885552845509675,0.532766552520376,0,17.52223485494126,0.9069965858937534,0.0195233186097114,0.0507099699369837
attention_heads=1,10,,42,1,11,23.010663162511527,0.3436094184564076,0,24.63988766608849,0.9004476391951654,0.0209726524850384,0.0550464056586284
attention_heads=1,10,,43,1,9,25.21312788090347,0.4893316286113682,0,27.75446764319076,0.9179774660985645,0.0171164870793025,0.0417250874110353
attention_heads=1,10,,44,1,7,14.86822257468071,0.6364229310876282,0,23.497049699172376,0.923488420040204,0.0159194037261534,0.0592249995118537
attention_heads=1,10,,45,1,12,18.87836106558581,0.4055333233347729,0,24.28275308528517,0.9000832530467577,0.0210536033101428,0.0568588874032446
attention_heads=1,10,,46,1,8,20.960476515528832,0.5191471257082421,0,27.414095104008133,0.902942099555662,0.020419369542866,0.0493535247130025
attention_heads=1,10,,47,1,17,53.39055431099622,0.5978343156146508,0,21.485736155893527,0.9027184181102872,0.0204689207058517,0.0469795009592129
attention_heads=1,10,,48,1,10,20.608430339476804,0.6304932879242007,0,23.071883592044514,0.91030714613315,0.0187946426392297,0.0464651644638238
attention_heads=1,10,,49,1,19,19.55326262808439,0.4426062559626622,0,23.3787651468606,0.900218818731151,0.0210234826572202,0.0494517013955413
attention_heads=1,40,,0,1,30,117.5638696354975,0.5912418120518157,0,8.597548914206856,0.9003568469624259,0.0209928195233847,0.0438899897593966
attention_heads=1,40,,1,1,22,90.20997447873631,0.5294088125459036,0,14.763770141107845,0.900490735685866,0.0209630804771763,0.0525125827477572
attention_heads=1,40,,2,1,13,108.34836450424932,0.5071991739544504,0,23.346040969678747,0.9014504863970776,0.0207500322844372,0.049169714398787
attention_heads=1,40,,3,1,14,99.67191846434264,0.5359285263003322,0,20.23013534965649,0.9001389612142535,0.0210412252454634,0.0497172632615435
attention_heads=1,40,,4,1,20,110.34461653851608,0.5481314485310202,0,16.91197837640882,0.9000890370106994,0.0210523181078377,0.0569827045161239
attention_heads=1,40,,5,1,14,142.90131269856658,0.5242911000037151,0,22.249365500586837,0.9010440439968443,0.0208402278218479,0.0519388369473987
attention_heads=1,40,,6,1,14,107.61521940283276,0.4199834217800144,0,23.383055021186,0.9069300653643284,0.0195379874563065,0.0548029352289014
attention_heads=1,40,,7,1,22,114.44004991393692,0.6313405937587602,0,15.551953115182869,0.9030699063912928,0.0203910625691751,0.0484081865718136
attention_heads=1,40,,8,1,9,104.77936465164277,0.542715519146316,0,25.296317243599024,0.9069482505222036,0.0195339772296631,0.0535630211578709
attention_heads=1,40,,9,1,21,90.351248440412,0.5286500466987729,0,13.31432448028104,0.9013988761124344,0.0207614831101647,0.0528209413286863
attention_heads=1,40,,10,1,21,107.20254807922174,0.5760721667032884,0,14.78066623029212,0.9031469920366542,0.0203739913867551,0.0495492963492976
attention_heads=1,40,,11,1,35,83.87070878867851,0.6194387790159013,0,3.4754576285926344,0.900370694908611,0.02098974344533,0.0494485141838666
attention_heads=1,40,,12,1,23,113.31798983181088,0.5080529507722042,0,13.834246557307946,0.9015628218536298,0.0207251105700642,0.047842009363625
attention_heads=1,40,,13,1,22,116.06356830995132,0.514598791738559,0,14.412897617584845,0.9032166666569704,0.0203585626838988,0.0539533937567157
attention_heads=1,40,,14,1,19,143.73557907979574,0.5013669805085932,0,18.51888514095249,0.900133614536697,0.0210424132161359,0.0478754017066275
attention_heads=1,40,,15,1,9,126.94629044357632,0.5721055593794278,0,24.138322567731333,0.9062648238734644,0.0196847431138833,0.0500812374273742
attention_heads=1,40,,16,1,33,97.87144575535991,0.5153032680881602,0,7.297903871486562,0.9000429265151333,0.0210625641334649,0.0511301938390059
attention_heads=1,40,,17,1,18,124.90132567554012,0.5623802055368972,0,16.16312075631303,0.9047686514630626,0.0200152003409115,0.0461153415839269
attention_heads=1,40,,18,1,22,91.16516136057312,0.5824600701050633,0,13.83366148285964,0.9000678103772602,0.0210570347264971,0.047572375119174
attention_heads=1,40,,19,1,18,92.59157274582182,0.5625805014751943,0,19.11001702845461,0.9040299107389403,0.0201785664073457,0.0553004635080928
attention_heads=1,40,,20,1,16,118.93145739778238,0.3997478384174808,0,21.811288472661268,0.9065432762521022,0.019623301998123,0.0498136571642387
attention_heads=1,40,,21,1,22,105.02241884521796,0.4447069733649578,0,16.861786570547224,0.900341477057408,0.0209962337332639,0.0497672141793789
attention_heads=1,40,,22,1,19,99.4398281258506,0.6073837650604599,0,16.385978208862703,0.9004648252487494,0.0209688352970465,0.0506458548488631
attention_heads=1,40,,23,1,28,112.36909273430882,0.5639736988301964,0,10.441181892570858,0.9024063369766796,0.020538075180818,0.0537444391407298
attention_heads=1,40,,24,1,24,104.58336617349474,0.5545221288808733,0,12.979451614514073,0.9022843914297206,0.0205651037559029,0.0509380987556883
attention_heads=1,40,,25,1,15,101.91337923937336,0.4977967953344653,0,21.226703280686323,0.9051017121447688,0.0199415904974303,0.0475147821738983
attention_heads=1,40,,26,1,29,94.01086368262906,0.5449821368146128,0,9.362586941711289,0.9001081415090647,0.0210480731287668,0.0509045828746055
attention_heads=1,40,,27,1,14,114.77526964810482,0.5446807199225998,0,21.054814087461143,0.904015961797942,0.0201816523779421,0.048382229225286
attention_heads=1,40,,28,1,21,116.13887321926046,0.4838173783447976,0,16.38958094407007,0.900045091537582,0.0210620830408901,0.0538891680566078
attention_heads=1,40,,29,1,14,136.21771946164245,0.5089450531857909,0,22.28701136531405,0.902134405641464,0.0205983523096966,0.0473874063490133
attention_heads=1,40,,30,1,18,92.9686798461194,0.5354865700224165,0,18.565388885817764,0.9009347962620244,0.020864478436231,0.050193699290879
attention_heads=1,40,,31,1,24,77.97053059729387,0.5113703144835302,0,10.938728022381516,0.9006242001955124,0.0209334400567385,0.0484831551252746
attention_heads=1,40,,32,1,26,96.79711297765212,0.5405812689606448,0,13.36896641379397,0.9016888474789294,0.0206971553760892,0.0532107231168115
attention_heads=1,40,,33,1,12,129.7549614412145,0.5017922084559923,0,25.398480927385805,0.9010888910503698,0.0208302736053387,0.0531041188864762
attention_heads=1,40,,34,1,17,109.30474109544238,0.6046888444690415,0,18.904796129185076,0.9026525672350482,0.0204835106988897,0.0458519203466845
attention_heads=1,40,,35,1,35,84.10661204044328,0.5814256164421796,0,3.1548564916068464,0.900258958212901,0.0210145651393768,0.0474308848347473
attention_heads=1,40,,36,1,18,118.73592217226526,0.5612583685130907,0,14.021112932452334,0.9029555877524368,0.0204163819546167,0.0598385335133019
attention_heads=1,40,,37,1,17,116.25012832891112,0.5630631194737235,0,19.5628488768976,0.9022791130362487,0.0205662737659267,0.0505551006642945
attention_heads=1,40,,38,1,13,96.7401429135029,0.5503175218937255,0,21.7947856928739,0.9090102190216374,0.0190797885639687,0.0548083515411306
attention_heads=1,40,,39,1,24,118.492598806913,0.5176030163544674,0,12.592619148808602,0.9018818569879534,0.0206543492894117,0.0511148536862293
attention_heads=1,40,,40,1,15,118.0185806871985,0.5616967786677949,0,20.998472551830265,0.9031568074968171,0.0203718177855778,0.0453485120527733
attention_heads=1,40,,41,1,20,153.04443616787688,0.5239715329788226,0,18.615696273398516,0.9037552372996616,0.0202393420900513,0.0487262374026925
attention_heads=1,40,,42,1,34,95.70096026923608,0.4880836204550209,0,4.48062339266403,0.9005296400526264,0.0209544399604358,0.0566579783593882
attention_heads=1,40,,43,1,20,114.97818763036447,0.571850706059233,0,17.706896358658966,0.9048407597002488,0.0199992613793257,0.0512246175928495
attention_heads=1,40,,44,1,19,135.9847318984384,0.5000586023658267,0,20.09278300384577,0.9021813506114988,0.0205879450470249,0.0524744284464942
attention_heads=1,40,,45,1,35,91.03093870595512,0.6417769642103781,0,4.104739332733863,0.9001367622764721,0.0210417138234635,0.0509006591905403
attention_heads=1,40,,46,1,17,135.83969990129478,0.4785314138993539,0,18.591578170600425,0.9013344973676296,0.0207757678060113,0.0492876397673421
attention_heads=1,40,,47,1,10,116.75836754081152,0.5925938072720465,0,24.09337271492101,0.9055830697264718,0.0198352533596001,0.0504367331175615
attention_heads=1,40,,48,1,26,82.45831859701286,0.5525078355552211,0,10.282687302243676,0.9005920345415489,0.0209405831533521,0.0478416833916017
attention_heads=1,40,,49,1,20,102.08236708354872,0.5597907150147727,0,16.589888766826068,0.9042121236843764,0.0201382592045302,0.045304562964891
attention_heads=1,100,,0,1,20,255.44382873504847,0.5101521935539453,0,15.490467777696644,0.9000275221987324,0.0210659871809156,0.0555107831171206
attention_heads=1,100,,1,1,21,306.4704076491145,0.4788769443451417,0,16.327815575472076,0.9015658328784116,0.0207244426144474,0.0481286453546992
attention_heads=1,100,,2,1,23,256.3362813380201,0.5810387965846795,0,14.07578118518422,0.9000649985656716,0.0210576595274172,0.0491962225931205
attention_heads=1,100,,3,1,28,276.5422247897636,0.4822729248787789,0,10.796489450403309,0.9014711924595916,0.0207454383938078,0.0514402219806987
attention_heads=1,100,,4,1,20,325.1644960425706,0.5665814255185768,0,14.943171369720147,0.9001979241842536,0.0210281248150941,0.0504229565364712
attention_heads=1,100,,5,1,24,263.29477603711376,0.5333825342006995,0,13.374907261489582,0.9019581700092192,0.0206374269414942,0.0465667988095498
attention_heads=1,100,,6,1,16,321.62920551699006,0.5249380940597634,0,18.97755261297392,0.9023037646289244,0.0205608095463595,0.0487482590172137
attention_heads=1,100,,7,1,21,274.09871622614776,0.5750546741763596,0,15.685638145164551,0.9008112878441704,0.0208918981529462,0.0517393290576296
attention_heads=1,100,,8,1,22,305.2296075962996,0.5130959638726971,0,14.249191911849554,0.9025330798833512,0.0205099871672933,0.0505534245132704
attention_heads=1,100,,9,1,21,300.29711318247104,0.5212372857384353,0,16.618453956582684,0.900448615663465,0.0209724356000742,0.0486247983899112
attention_heads=1,100,,10,1,21,283.9209051754605,0.510264279559989,0,16.158570693010226,0.9006580459099572,0.0209259241408909,0.0490388161847755
attention_heads=1,100,,11,1,25,299.63629946398186,0.540125691097378,0,11.483754818740438,0.9026572591627808,0.0204824711149548,0.0527725840595382
attention_heads=1,100,,12,1,23,267.0149798274146,0.5513437365435347,0,14.64214715804636,0.903877770127264,0.0202122275535747,0.0514657800706217
attention_heads=1,100,,13,1,23,266.3828944710548,0.5185564819745614,0,11.806205205823655,0.9011772274114854,0.0208106679854402,0.0493297420642211
attention_heads=1,100,,14,1,17,255.0093193521476,0.5145054179020767,0,18.87398137217436,0.9002030089457768,0.021026995119718,0.0520159978301974
attention_heads=1,100,,15,1,18,269.3664705718309,0.5461309743298906,0,18.103428854153893,0.9019197179989072,0.0206459534632889,0.048458415048484
attention_heads=1,100,,16,1,21,272.03094329197967,0.522464632244062,0,16.329108499581984,0.9012765863782872,0.0207886182738431,0.0497982940279659
attention_heads=1,100,,17,1,20,305.31246108791873,0.5346064132315607,0,16.730967230222035,0.9019611590986718,0.0206367641425753,0.0486354451080916
attention_heads=1,100,,18,1,23,274.5618655149397,0.5557217194035027,0,12.886793112907652,0.901547072199951,0.02072860445665,0.050693943839249
attention_heads=1,100,,19,1,23,278.79633354942234,0.5475622721171345,0,14.088649349770808,0.9010888909331348,0.0208302736313594,0.0528420383843875
attention_heads=1,100,,20,1,18,309.24616109882254,0.532412017168582,0,17.68258369627087,0.9047620880582032,0.0200166511932714,0.0527209801219491
attention_heads=1,100,,21,1,26,271.8620499660044,0.566697439562543,0,11.471868333599897,0.9010536365653332,0.0208380986212852,0.0505995335973381
attention_heads=1,100,,22,1,22,285.48882951969586,0.5318615449554591,0,14.758947012772271,0.9012798169182792,0.0207879013941969,0.0507288573436818
attention_heads=1,100,,23,1,17,290.9577175946176,0.5351888744779456,0,18.949465660875987,0.9023035828842912,0.0205608498309418,0.0481059226334398
attention_heads=1,100,,24,1,17,253.2819583078631,0.5436193895994907,0,19.523831937598604,0.9018800174786016,0.020654757216728,0.0480218330084854
attention_heads=1,100,,25,1,24,338.6419717191482,0.5251788497697514,0,13.965713262853429,0.9009551521342732,0.0208599596536565,0.0477097453680787
attention_heads=1,100,,26,1,18,294.0703572770746,0.5073076602337261,0,18.534552813197664,0.9005170516972762,0.0209572357469988,0.0508767370153369
attention_heads=1,100,,27,1,22,282.3925972462452,0.5518933100044003,0,14.572939526375707,0.9006664194134231,0.0209240647305233,0.0501879954695992
attention_heads=1,100,,28,1,27,286.1293380155807,0.4911019227488473,0,11.658866661910402,0.9001356894179171,0.0210419522003945,0.0469279827385369
attention_heads=1,100,,29,1,28,270.80727179422826,0.5700785684251579,0,10.960040798049029,0.9005340310906275,0.0209534647504926,0.053070132944302
attention_heads=1,100,,30,1,21,298.49697813634134,0.5621874569382788,0,14.577749369779877,0.903072073615782,0.0203905826014842,0.0499292911125794
attention_heads=1,100,,31,1,27,273.61931630598,0.5325835273872728,0,9.278394025247126,0.9011952809619732,0.0208066613662969,0.0482508539967576
attention_heads=1,100,,32,1,22,291.48503192177026,0.5555443505435007,0,14.301327585105998,0.9011739841203508,0.0208113877765916,0.0512819437055316
attention_heads=1,100,,33,1,21,334.512978841935,0.5259574583106339,0,16.330552788975947,0.9026049050408984,0.0204940714515563,0.0492081457775776
attention_heads=1,100,,34,1,16,318.03339486851326,0.5182362591321148,0,19.30378361874957,0.901624086958328,0.0207115201642283,0.0478175559192498
attention_heads=1,100,,35,1,23,298.0639464979327,0.4824206570988185,0,14.899356605420891,0.9007552101633453,0.0209043490240976,0.0485730176483113
attention_heads=1,100,,36,1,22,220.6970098846177,0.592301158074555,0,12.800276853939016,0.9001199609540831,0.0210454469182322,0.0519289020329529
attention_heads=1,100,,37,1,27,343.902564554528,0.5368149582052257,0,10.443953392680566,0.900347251739369,0.0209949509614292,0.0504027776900741
attention_heads=1,100,,38,1,26,262.72055303128843,0.5482630582674788,0,11.29766381309369,0.9005686335819635,0.0209457800155757,0.0499642161512087
attention_heads=1,100,,39,1,24,288.90559009034445,0.5157564924973648,0,13.895562274244664,0.9023646333110752,0.0205473181631793,0.0510093059018105
attention_heads=1,100,,40,1,28,261.9526850835155,0.5235650749550831,0,10.115510298125406,0.9008063335668712,0.0208929981149449,0.0487298065445969
attention_heads=1,100,,41,1,21,309.32034703278987,0.5341876751076347,0,15.639507740033984,0.9015558953251914,0.0207266471363196,0.052230798049627
attention_heads=1,100,,42,1,22,226.8887016994458,0.5291779401582692,0,14.75757997669757,0.902784598539816,0.0204542587686634,0.0470524920700886
attention_heads=1,100,,43,1,22,274.5775524264376,0.5601507306835611,0,14.972644879326952,0.900022700067647,0.0210670587357035,0.0537372396140668
attention_heads=1,100,,44,1,22,248.7114518560468,0.4950431735880896,0,15.512825656900343,0.9021047870368788,0.0206049187571407,0.0493774124502028
attention_heads=1,100,,45,1,33,302.8245133150145,0.5536243525649855,0,6.972634168888499,0.9014344387357196,0.0207535927249589,0.0499388909287585
attention_heads=1,100,,46,1,25,278.71945237626835,0.5316649597428138,0,13.036721113064296,0.901080311608728,0.0208321778530928,0.0498474548572105
attention_heads=1,100,,47,1,23,256.2770424370363,0.511571423755316,0,14.105130926247195,0.9019589450819152,0.0206372550771242,0.0475039152607714
attention_heads=1,100,,48,1,21,262.5609983854368,0.5071347019527312,0,15.740959549213422,0.9007699094750448,0.0209010852757235,0.0517327325485493
attention_heads=1,100,,49,1,19,257.46397830264306,0.506871088402925,0,17.5825968195973,0.903102318544048,0.0203838844823214,0.0478420540499223
attention_heads=2,10,,0,1,12,11.487303674169892,0.6021794748243801,0,16.49145613345005,0.905005035032204,0.0199629543452382,0.0514947767647606
attention_heads=2,10,,1,1,14,33.08275876623917,0.39891731396382,0,25.70665034043633,0.9168822582748704,0.0173552427594695,0.0470137972151272
attention_heads=2,10,,2,1,12,27.6052440295473,0.4666206181335592,0,24.422296949802167,0.9037607196935594,0.0202381288462342,0.0504916238271101
attention_heads=2,10,,3,1,13,36.23013525538419,0.6118158524599477,0,23.99676073188763,0.903700531357701,0.0202514488188412,0.0510718484014883
attention_heads=2,10,,4,1,8,8.534889803053764,0.5543750218258039,0,20.73876993014746,0.9001247669771085,0.0210443790583016,0.0566109539915455
attention_heads=2,10,,5,1,6,26.155823773592356,0.528991221865001,0,25.306528123788624,0.9129530439267204,0.0182141660478189,0.0485148065919579
attention_heads=2,10,,6,1,18,21.90563823275924,0.6197932640943142,0,21.52569935191472,0.9027658455364216,0.0204584132919461,0.0448421321330638
attention_heads=2,10,,7,1,7,24.183799532143063,0.6693819444801867,0,23.21623323506539,0.906610685773513,0.019608430779715,0.0530681230954682
attention_heads=2,10,,8,1,7,13.138088973812556,0.5326393518084462,0,24.78992883630537,0.9010609138982988,0.0208364833337411,0.0490223592210482
attention_heads=2,10,,9,1,16,40.26312082893882,0.5306382440965514,0,21.158463642793773,0.9043378609965156,0.0201104496745958,0.0560255433218859
attention_heads=2,10,,10,1,14,29.88145247134091,0.4962365075036143,0,21.652681075713343,0.9050502423111144,0.019952964091463,0.0544255754342466
attention_heads=2,10,,11,1,12,26.80052946243313,0.441204398960922,0,24.57655492136815,0.9068075809758036,0.0195650000485539,0.0567061312951648
attention_heads=2,10,,12,1,15,16.879899786859944,0.6079487657796261,0,23.912849962967464,0.9138205275005226,0.0180242172435276,0.0560185150881695
attention_heads=2,10,,13,1,8,25.700341194918888,0.6682129433236423,0,24.341409869238,0.9103925867514354,0.0187758716981888,0.0392729848949411
attention_heads=2,10,,14,1,8,12.153388520166043,0.5615899345315005,0,23.149663203239804,0.9033328796615024,0.020332831199273,0.0562338636607838
attention_heads=2,10,,15,1,15,36.48298915561546,0.6416771563509991,0,21.55082901910372,0.9060920548246764,0.0197228744667846,0.052786743947462
attention_heads=2,10,,16,1,6,32.29549267169862,0.6535990088536443,0,29.169283562147005,0.9135629075106706,0.0180806082530165,0.0499841898562143
attention_heads=2,10,,17,1,5,22.37080059447348,0.5042352057199702,0,26.758080450631628,0.9203329103528428,0.0166039630630161,0.0503714312462606
attention_heads=2,10,,18,1,18,19.575398382246235,0.3566430664463937,0,21.750498233312957,0.9064308523911516,0.01964810629275,0.0544380800876651
attention_heads=2,10,,19,1,14,8.921556900075291,0.5641680643273737,0,20.419381027123286,0.9040168266360304,0.0201814610455517,0.0592918088239665
attention_heads=2,10,,20,1,11,20.310938272887416,0.5273158883025548,0,24.402603311563965,0.9152935025758075,0.0177020994598417,0.0386274644160248
attention_heads=2,10,,21,1,15,24.951209604457823,0.5871206540389016,0,21.555387057547826,0.90210012318226,0.0206059527537986,0.051597857480327
attention_heads=2,10,,22,1,15,19.554645924996805,0.5031550459966978,0,23.81582960877801,0.9048497282534372,0.0199972790396388,0.0428092121040076
attention_heads=2,10,,23,1,22,14.552351001743672,0.5750781295796619,0,15.012023240098577,0.9012651292558588,0.020791160710965,0.0535619554530181
attention_heads=2,10,,24,1,16,31.127522524137813,0.5876018702989543,0,22.6888083081398,0.9107284598444376,0.0187020988762364,0.0511093425687637
attention_heads=2,10,,25,1,16,25.298185145386302,0.6703675111719349,0,18.66528864848503,0.900018327085889,0.0210680304872785,0.0494613902561141
attention_heads=2,10,,26,1,12,24.363220268861447,0.6960408787714392,0,19.6811211066902,0.9048548584383344,0.0199961451120497,0.0499093634543332
attention_heads=2,10,,27,1,9,6.054190237614609,0.5243663234105398,0,19.92762150690101,0.9105419977807616,0.0187430509629618,0.0436248614067565
attention_heads=2,10,,28,1,11,20.01331116947483,0.5231007351251262,0,21.03184245530104,0.9011402735095444,0.0208188694043194,0.0520780523046322
attention_heads=2,10,,29,1,10,21.7870952591438,0.4065297856407766,0,25.99716822577298,0.900813087041614,0.020891498691778,0.0515032643529634
attention_heads=2,10,,30,1,17,14.598532013248294,0.5386969074585986,0,23.06988560335169,0.9007372193255052,0.0209083436759864,0.0562177323582075
attention_heads=2,10,,31,1,10,16.065533043433767,0.5239559234087405,0,23.66145478879495,0.9069192021938788,0.0195403830623017,0.0548369625271045
attention_heads=2,10,,32,1,11,26.93845951649556,0.6238934783967756,0,26.78665100206681,0.9074630171196216,0.0194204932317603,0.0516296439339815
attention_heads=2,10,,33,0,120,22.827169670932104,0.6142874343169022,0,-82.16400450455046,0.8994729097527309,0.0211892686102978,0.0486038138492007
attention_heads=2,10,,34,1,9,40.70235105904115,0.4078951883281838,0,28.271991253478035,0.9067826567300062,0.0195704972651314,0.0497304425153778
attention_heads=2,10,,35,1,10,31.68413444039774,0.5069236018519727,0,28.082758000627734,0.9027912682872314,0.020452781179704,0.0521923213503033
attention_heads=2,10,,36,0,120,36.94594999112681,0.473360422605567,0,-69.3126604622958,0.8963990599782218,0.0218739171438421,0.0509985130901361
attention_heads=2,10,,37,1,12,16.41926558033841,0.5779496742511048,0,23.91884580228166,0.9120975022478224,0.0184016768525712,0.0521648458032233
attention_heads=2,10,,38,1,9,17.63546065942609,0.6034611781520496,0,25.357206936171718,0.9274861196030164,0.0150554900000225,0.0655308766506919
attention_heads=2,10,,39,1,10,19.949462762320124,0.7053843627667982,0,21.64461344604914,0.9059072392725795,0.0197636726179405,0.0532978277089925
attention_heads=2,10,,40,1,14,26.861764144074115,0.6395536751024116,0,23.24758797635056,0.9015510096547784,0.0207277309700956,0.0401344610520973
attention_heads=2,10,,41,1,18,23.729804270949074,0.4740285020556398,0,18.64307122225292,0.9063814382231596,0.0196590096098248,0.0507099699369837
attention_heads=2,10,,42,1,12,16.591333948162372,0.4944792491832228,0,24.231271019707457,0.9048997813527184,0.0199862160501968,0.0550464056586284
attention_heads=2,10,,43,1,10,20.30558974971354,0.5392201881681529,0,27.02251094090937,0.9082286518120573,0.0192518225811392,0.0417250874110353
attention_heads=2,10,,44,1,7,14.196284286134816,0.6272743341260092,0,22.795745324015336,0.9017637930876662,0.0206805326809113,0.0592249995118537
attention_heads=2,10,,45,1,11,15.552886870700044,0.5105007360349587,0,25.8750864124182,0.9007489909171243,0.0209057299248398,0.0568588874032446
attention_heads=2,10,,46,1,9,17.87855567091854,0.5387235866850038,0,26.314238495681085,0.900997736289866,0.020850506763767,0.0493535247130025
attention_heads=2,10,,47,1,13,52.659649680544085,0.5976687977162924,0,24.050599423585748,0.901869567227008,0.0206570746673725,0.0469795009592129
attention_heads=2,10,,48,1,10,19.397834630218767,0.604959782950361,0,23.2558332437231,0.9008916451429348,0.0208740578536723,0.0464651644638238
attention_heads=2,10,,49,1,17,18.14451112994281,0.4946490977062552,0,24.021810883233563,0.9025464691055628,0.0205070201573974,0.0494517013955413
attention_heads=2,40,,0,1,25,96.78024447596854,0.5605442013506712,0,12.992325401000754,0.9025434392502076,0.0205076915600441,0.0438899897593966
attention_heads=2,40,,1,1,18,79.30146275245366,0.5439206839706889,0,18.257529446688224,0.9048226006446832,0.0200032751768009,0.0525125827477572
attention_heads=2,40,,2,1,12,94.3669068265588,0.5674082047643616,0,24.188620346889707,0.904013054780936,0.0201822955129757,0.049169714398787
attention_heads=2,40,,3,1,14,83.71863333906609,0.5556030341585936,0,20.320277276598908,0.9021358460542857,0.0205980329755348,0.0497172632615435
attention_heads=2,40,,4,1,17,100.25497777773458,0.5490411819834173,0,19.152169231682088,0.9036906232457144,0.0202536416174419,0.0569827045161239
attention_heads=2,40,,5,1,14,116.65286636279164,0.5212769338355243,0,22.834484997003813,0.9062877018913656,0.0196796943183142,0.0519388369473987
attention_heads=2,40,,6,1,12,100.53335192372552,0.3906476791240603,0,24.81218804002723,0.9000502534046753,0.0210609360200708,0.0548029352289014
attention_heads=2,40,,7,1,18,101.38699750668434,0.6325991380945188,0,17.912458844363726,0.9005674176780596,0.0209460500460163,0.0484081865718136
attention_heads=2,40,,8,1,9,91.72408073086063,0.5587493438842763,0,25.7468477930937,0.9076100072428116,0.0193881000174845,0.0535630211578709
attention_heads=2,40,,9,1,19,78.0500466557224,0.5990468082226343,0,15.27739220701805,0.9014652884728316,0.0207467482539881,0.0528209413286863
attention_heads=2,40,,10,1,19,82.56630351127595,0.5694445857322048,0,16.905077486461604,0.9021549587670948,0.0205937958065021,0.0495492963492976
attention_heads=2,40,,11,1,26,71.37668062871887,0.6168319804527911,0,9.58020816022755,0.9013511545251448,0.0207720717301041,0.0494485141838666
attention_heads=2,40,,12,1,19,98.7264602562733,0.5758358513383901,0,16.370692457920807,0.9030131168130612,0.0204036399706613,0.047842009363625
attention_heads=2,40,,13,1,16,99.43407876595678,0.5585574519226542,0,20.188785510413837,0.9008036156502178,0.0208936015566953,0.0539533937567157
attention_heads=2,40,,14,1,19,117.61425779299162,0.5690424656078859,0,18.067491080701124,0.9021455635789972,0.0205958786497938,0.0478754017066275
attention_heads=2,40,,15,1,8,110.58598195251304,0.6540071138641812,0,25.470528326174893,0.908484216330421,0.019195552925206,0.0500812374273742
attention_heads=2,40,,16,1,27,78.60342115979921,0.5512760966979022,0,10.003649737316287,0.901416474152954,0.0207575785415647,0.0511301938390059
attention_heads=2,40,,17,1,16,93.57721239290552,0.6068080216279825,0,18.06286787937684,0.905175934589336,0.0199251902629707,0.0461153415839269
attention_heads=2,40,,18,1,22,70.76174651837104,0.6131182118860343,0,14.14695210332717,0.9027360126667534,0.020465022616558,0.047572375119174
attention_heads=2,40,,19,1,14,80.27908056206103,0.5975356093560678,0,22.633234305678062,0.9023202171953516,0.0205571627885654,0.0553004635080928
attention_heads=2,40,,20,1,14,97.10735611703478,0.4846118456022918,0,23.423532923141785,0.9075484674413592,0.0194016613240776,0.0498136571642387
attention_heads=2,40,,21,1,18,93.87666251566252,0.4365888400036466,0,20.206951098540465,0.9006099553281506,0.0209366034138886,0.0497672141793789
attention_heads=2,40,,22,1,18,85.11997682701849,0.5805115891680703,0,17.03811401964609,0.9020598118435528,0.0206148901740198,0.0506458548488631
attention_heads=2,40,,23,1,23,103.82373795312616,0.5738737595528307,0,13.6481142790357,0.901944115214201,0.0206405434728348,0.0537444391407298
attention_heads=2,40,,24,1,21,90.52351687234427,0.5353919074413103,0,15.837122474081404,0.905181988617993,0.0199238526206008,0.0509380987556883
attention_heads=2,40,,25,1,12,95.60135094243172,0.5177779914007834,0,24.3242438568928,0.9023468377827824,0.0205512624010431,0.0475147821738983
attention_heads=2,40,,26,1,23,78.76615827478886,0.5566883515793761,0,14.261766676719471,0.9005678948296881,0.0209459440791575,0.0509045828746055
attention_heads=2,40,,27,1,13,92.65593531051157,0.6092513389818421,0,21.94489733705405,0.9059675340673607,0.019750361588792,0.048382229225286
attention_heads=2,40,,28,1,19,91.89359757917556,0.5629011974788307,0,16.872404944430436,0.900179712747829,0.0210321709520937,0.0538891680566078
attention_heads=2,40,,29,1,12,120.58743970650686,0.5350075965877334,0,23.716698455284707,0.9017050940005238,0.0206935518325214,0.0473874063490133
attention_heads=2,40,,30,1,15,83.57276737616667,0.5037067228566197,0,20.815276240376345,0.9034458811764954,0.0203078139658209,0.050193699290879
attention_heads=2,40,,31,1,21,67.16498447647584,0.5945292050024109,0,13.72205117857815,0.9016543095729876,0.0207048162377085,0.0484831551252746
attention_heads=2,40,,32,1,22,94.87291207110736,0.5016308253019406,0,15.900524066125511,0.9034310537615232,0.0203110964062984,0.0532107231168115
attention_heads=2,40,,33,1,14,119.62737974214195,0.5644167409793521,0,23.61281863851726,0.904035846906936,0.0201772531436061,0.0531041188864762
attention_heads=2,40,,34,1,14,101.37817172804786,0.6202632588429873,0,21.770776675607586,0.9032033194854092,0.0203615181807742,0.0458519203466845
attention_heads=2,40,,35,1,29,65.1536596570314,0.612386162547012,0,6.547694054218393,0.900748392757114,0.0209058627388013,0.0474308848347473
attention_heads=2,40,,36,1,14,97.40286354238202,0.6542248201949159,0,18.14975119038333,0.9044319208535538,0.0200896488279504,0.0598385335133019
attention_heads=2,40,,37,1,14,105.79130780793824,0.523045211386719,0,21.93285189803161,0.9004888154638453,0.0209635069610904,0.0505551006642945
attention_heads=2,40,,38,1,11,85.77544079500872,0.5915255250990084,0,23.676377403507388,0.9052041060825132,0.0199189658255495,0.0548083515411306
attention_heads=2,40,,39,1,21,99.85387115487669,0.5350890721557373,0,14.68562748499086,0.9000835560845236,0.0210535359746571,0.0511148536862293
attention_heads=2,40,,40,1,13,93.7054416665746,0.5537624387234596,0,22.9951460721602,0.9005729144684912,0.0209448293103893,0.0453485120527733
attention_heads=2,40,,41,1,18,122.87995526141498,0.5936271536022086,0,20.15201595244077,0.90650023564952,0.019632797766384,0.0487262374026925
attention_heads=2,40,,42,1,28,66.63316274748504,0.5326569750153589,0,8.123760344323227,0.902577391506419,0.0205001680179882,0.0566579783593882
attention_heads=2,40,,43,1,16,103.17150476729992,0.5882083364623301,0,21.92480942206639,0.9028390212946324,0.0204422024897722,0.0512246175928495
attention_heads=2,40,,44,1,16,115.98549650399544,0.534234419645373,0,21.695789658653688,0.9008023323093663,0.0208938864893362,0.0524744284464942
attention_heads=2,40,,45,1,24,87.25470472224319,0.652329184493756,0,11.595377192173205,0.9006865750334854,0.020919589068035,0.0509006591905403
attention_heads=2,40,,46,1,15,108.30695266215056,0.4864582036814484,0,20.132254558462183,0.9033336777611112,0.0203326544982419,0.0492876397673421
attention_heads=2,40,,47,1,10,107.23148740386948,0.658591763443195,0,23.900020902088063,0.9033298201645752,0.0203335085801538,0.0504367331175615
attention_heads=2,40,,48,1,23,61.58840845248992,0.6429673639600022,0,12.343469966636924,0.9000907504693384,0.0210519373772794,0.0478416833916017
attention_heads=2,40,,49,1,17,85.52492715289011,0.5898006680470627,0,19.03659503031507,0.9001671384383385,0.0210349647047492,0.045304562964891
attention_heads=2,100,,0,1,18,212.5108807920457,0.5347803412113414,0,17.069258794412438,0.9020034764134096,0.0206273809620157,0.0555107831171206
attention_heads=2,100,,1,1,19,254.50407801082088,0.4928122127554812,0,18.03108527778392,0.9025416075574404,0.0205080974562141,0.0481286453546992
attention_heads=2,100,,2,1,20,229.23513594499772,0.6082110186336551,0,15.955690027816896,0.9037681339870468,0.0202364880882519,0.0491962225931205
attention_heads=2,100,,3,1,24,216.05327481131368,0.5666307076756467,0,12.707511255245157,0.9013440486052589,0.0207736484625154,0.0514402219806987
attention_heads=2,100,,4,1,17,266.126413147704,0.5638365972457522,0,18.14025604912109,0.903026864516186,0.0204005951425806,0.0504229565364712
attention_heads=2,100,,5,1,21,230.33423316014827,0.5650364806063461,0,15.2965701347081,0.9005616632091399,0.0209473280152593,0.0465667988095498
attention_heads=2,100,,6,1,16,275.6859958403226,0.543760134408624,0,19.22494820967481,0.9032751414212026,0.0203456149884837,0.0487482590172137
attention_heads=2,100,,7,1,18,251.38673191732585,0.5701126386260078,0,18.629259200422037,0.9050763424854232,0.0199471965005045,0.0517393290576296
attention_heads=2,100,,8,1,21,263.8945278826689,0.5371576582743052,0,15.017579594559896,0.9032655405161578,0.0203477407983568,0.0505534245132704
attention_heads=2,100,,9,1,19,259.24282235090305,0.5372177588468412,0,17.6503861927902,0.9040310838081084,0.0201783068875239,0.0486247983899112
attention_heads=2,100,,10,1,21,247.9322711097517,0.5213921329011704,0,16.578388363604958,0.9039048179620816,0.0202062427996563,0.0490388161847755
attention_heads=2,100,,11,1,21,266.56695561347624,0.5748185363185396,0,14.74041272437713,0.9009169524648816,0.0208684396493898,0.0527725840595382
attention_heads=2,100,,12,1,20,220.40967593946507,0.5537372478201958,0,17.189297683391025,0.9017587947127426,0.0206816412614098,0.0514657800706217
attention_heads=2,100,,13,1,19,229.02296140157168,0.555856129810028,0,15.973377142966502,0.9001605582795191,0.0210364266961036,0.0493297420642211
attention_heads=2,100,,14,1,16,217.2068919685157,0.5426270844550383,0,20.385163342968063,0.904581110603135,0.0200566607295066,0.0520159978301974
attention_heads=2,100,,15,1,17,245.2250297787409,0.5944215678921285,0,19.06175180535771,0.9061605671878,0.0197077524330628,0.048458415048484
attention_heads=2,100,,16,1,18,260.1456597897842,0.5544649209944579,0,18.411745483116547,0.9037711140553364,0.020235828613047,0.0497982940279659
attention_heads=2,100,,17,1,18,265.3963465809336,0.569160716093781,0,18.38568319642731,0.9009629488996842,0.0208582288834497,0.0486354451080916
attention_heads=2,100,,18,1,22,238.8548143607411,0.5735628621447575,0,13.140297316417698,0.9025088860386634,0.0205153485594706,0.050693943839249
attention_heads=2,100,,19,1,20,244.75805381555853,0.5761599172747909,0,16.889024475666965,0.902968706513277,0.0204134762379414,0.0528420383843875
attention_heads=2,100,,20,1,16,283.6313993985219,0.5589591195618451,0,19.886014085067544,0.9038764508554872,0.0202125194675444,0.0527209801219491
attention_heads=2,100,,21,1,23,226.05105899566016,0.6025704805443197,0,12.915885987854784,0.901411724765574,0.0207586323052862,0.0505995335973381
attention_heads=2,100,,22,1,19,221.4276151480861,0.5935412444517112,0,16.599328056366904,0.9021841200041636,0.0205873311153774,0.0507288573436818
attention_heads=2,100,,23,1,15,244.01261508957364,0.5502814433037437,0,20.314638300799334,0.9026374349577664,0.0204868635734448,0.0481059226334398
attention_heads=2,100,,24,1,15,225.21534784275224,0.5880242266055604,0,20.72355061776145,0.9006492945802264,0.0209278674693911,0.0480218330084854
attention_heads=2,100,,25,1,20,274.51267510763654,0.5810652006583348,0,17.304038309943166,0.9009913092888154,0.0208519334097428,0.0477097453680787
attention_heads=2,100,,26,1,16,261.2942869931328,0.5795699785421784,0,20.15150825194801,0.9038572252603694,0.0202167735444302,0.0508767370153369
attention_heads=2,100,,27,1,19,223.2287535081162,0.5876709445913646,0,16.7577429881035,0.9004706374126881,0.0209675443759537,0.0501879954695992
attention_heads=2,100,,28,1,23,233.1807022067665,0.5621106527001369,0,14.408535263040749,0.9028011967297138,0.0204505816927932,0.0469279827385369
attention_heads=2,100,,29,1,25,229.96399502144263,0.5780974843047664,0,12.130089080377628,0.9020345564798492,0.0206204897400179,0.053070132944302
attention_heads=2,100,,30,1,18,254.2206804555813,0.6001663445108525,0,16.4802466113393,0.9035054632344284,0.020294624444556,0.0499292911125794
attention_heads=2,100,,31,1,24,217.7359954540284,0.5559147073924422,0,11.297889712115683,0.9021005964085912,0.0206058478372389,0.0482508539967576
attention_heads=2,100,,32,1,19,244.99370910932927,0.5783026926727965,0,16.534091051892062,0.9016396658006,0.0207080644651386,0.0512819437055316
attention_heads=2,100,,33,1,19,275.7861813783032,0.5413509059977595,0,17.56700558611516,0.9027672260480988,0.0204581074517044,0.0492081457775776
attention_heads=2,100,,34,1,16,273.9631948042677,0.5543142838716362,0,18.810691624109925,0.9024620322990596,0.0205257318269545,0.0478175559192498
attention_heads=2,100,,35,1,22,265.6754384365954,0.5229014434559003,0,15.159045847600623,0.900975862101706,0.0208553623705707,0.0485730176483113
attention_heads=2,100,,36,1,22,200.0653358548611,0.5944750660867546,0,12.750857008380208,0.9012071202020498,0.0208040339308098,0.0519289020329529
attention_heads=2,100,,37,1,24,274.4697407215551,0.5663575941234531,0,12.742908691239997,0.9015495712985596,0.0207280500551724,0.0504027776900741
attention_heads=2,100,,38,1,23,228.9948289858717,0.5822148965906637,0,12.966831000715157,0.9016200501015886,0.0207124156296079,0.0499642161512087
attention_heads=2,100,,39,1,22,234.1589168971552,0.5413089158224909,0,14.858496442189052,0.9015256106061252,0.0207333655722792,0.0510093059018105
attention_heads=2,100,,40,1,24,223.6863951923796,0.5125421196864142,0,12.720770078288975,0.9034757440545692,0.0203012031914166,0.0487298065445969
attention_heads=2,100,,41,1,18,268.08459720974383,0.5683316186151257,0,17.27837354632616,0.9007902642051732,0.0208965659195729,0.052230798049627
attention_heads=2,100,,42,1,18,196.51470218792224,0.5783587417391678,0,17.028359004492295,0.9008701549995444,0.020878828771424,0.0470524920700886
attention_heads=2,100,,43,1,17,232.79201784059225,0.5760397779278292,0,17.939269283138067,0.9002366431240711,0.0210195226830252,0.0537372396140668
attention_heads=2,100,,44,1,17,227.2306251732485,0.5355584979993189,0,19.416626956856696,0.9007007441798995,0.0209164427937689,0.0493774124502028
attention_heads=2,100,,45,1,27,227.0342946639792,0.5368030667435375,0,11.035317038370136,0.9012450678985052,0.0207956125820026,0.0499388909287585
attention_heads=2,100,,46,1,21,232.0861719660801,0.5325643096907748,0,16.21762404863091,0.900621892160576,0.0209339525985719,0.0498474548572105
attention_heads=2,100,,47,1,20,205.3380788708035,0.5568766451048317,0,16.42154325672241,0.9010546405289956,0.0208378757792562,0.0475039152607714
attention_heads=2,100,,48,1,19,231.18191437775724,0.563603361729456,0,16.895069278722588,0.9030527909951744,0.0203948530970598,0.0517327325485493
attention_heads=2,100,,49,1,17,213.64345796452068,0.5419087675645606,0,18.09878287913056,0.9008251063742132,0.0208888301576309,0.0478420540499223
attention_heads=8,10,,0,1,5,13.612682834490505,0.5340720419958627,0,22.777719024573614,0.9034857614701586,0.0202989856753138,0.0514947767647606
attention_heads=8,10,,1,1,13,42.38123852283309,0.4341033976794597,0,24.96524681889302,0.9128985824536802,0.0182260972414098,0.0470137972151272
attention_heads=8,10,,2,1,10,30.396446102217347,0.4570911801868453,0,25.93962407543269,0.911356120743027,0.018564309241199,0.0504916238271101
attention_heads=8,10,,3,1,9,38.753959558957234,0.5975294348112195,0,27.023238064596093,0.90816758036176,0.0192652715080283,0.0510718484014883
attention_heads=8,10,,4,1,6,8.588565563363666,0.5514943901875851,0,22.523903265614287,0.9041804253873617,0.0201452705798058,0.0566109539915455
attention_heads=8,10,,5,1,6,25.281680019041342,0.5210867809524358,0,24.830267844249047,0.9047632812998052,0.0200163874243026,0.0485148065919579
attention_heads=8,10,,6,1,10,25.89436448539096,0.6707292853392597,0,28.367307106980395,0.915857674927652,0.0175788606193513,0.0448421321330638
attention_heads=8,10,,7,1,5,24.26630175038108,0.6524552526409699,0,25.047102131385664,0.9074907276636855,0.0194143860691627,0.0530681230954682
attention_heads=8,10,,8,1,6,14.38124219425456,0.6144889123025958,0,25.83271776324674,0.9072063878863754,0.0194770609424957,0.0490223592210482
attention_heads=8,10,,9,1,18,47.662848295944976,0.5634174483139105,0,18.984871890836608,0.9030855474454024,0.020387598625011,0.0560255433218859
attention_heads=8,10,,10,1,10,35.50282512450405,0.446431068860929,0,24.84125315041481,0.9023543474462628,0.0205495979341403,0.0544255754342466
attention_heads=8,10,,11,1,10,31.83426182927703,0.3878014286952989,0,26.141649560065357,0.9068477550133296,0.019556139701886,0.0567061312951648
attention_heads=8,10,,12,1,14,17.939387550539507,0.5449481351911194,0,24.173465957865307,0.9102560366215188,0.0188058720240989,0.0560185150881695
attention_heads=8,10,,13,1,6,27.93425535166838,0.63372713839707,0,26.281031167384747,0.9186444493783464,0.0169712240170505,0.0392729848949411
attention_heads=8,10,,14,1,8,12.490811343057036,0.5680563733658164,0,23.426061583697727,0.910070901871264,0.0188465536724289,0.0562338636607838
attention_heads=8,10,,15,1,11,39.42950091955122,0.6381728197337049,0,25.00990146915724,0.9018736868474172,0.0206561610960203,0.052786743947462
attention_heads=8,10,,16,1,6,32.36246128248638,0.6540755798086231,0,29.282366444694343,0.9181297758204608,0.0170833060714031,0.0499841898562143
attention_heads=8,10,,17,1,5,22.381014775836963,0.4952314534218471,0,26.533220207788663,0.917285047924426,0.0172674013385328,0.0503714312462606
attention_heads=8,10,,18,1,15,24.899056142648007,0.3535710192517798,0,24.01953111786355,0.90891549218892,0.0191006314030834,0.0544380800876651
attention_heads=8,10,,19,1,11,9.571242751356989,0.6206595740930716,0,23.06542184528502,0.9119355352955172,0.0184371952778184,0.0592918088239665
attention_heads=8,10,,20,1,10,19.446349700547103,0.5672118391871386,0,24.98624128547517,0.9163990904546704,0.0174606641846581,0.0386274644160248
attention_heads=8,10,,21,1,11,26.85134769313491,0.5933819422017561,0,24.81280368036937,0.902769773715118,0.020457543039672,0.051597857480327
attention_heads=8,10,,22,1,15,24.49981430993209,0.4812051900534007,0,22.05835848968273,0.9006182388536487,0.0209347638856101,0.0428092121040076
attention_heads=8,10,,23,1,20,14.44864603777144,0.5692336891901666,0,14.28223667239856,0.9017953560025284,0.0206735325412416,0.0535619554530181
attention_heads=8,10,,24,1,12,35.64599941532702,0.5758520177868265,0,26.149299042233928,0.9049006915529546,0.0199860148787969,0.0511093425687637
attention_heads=8,10,,25,1,10,27.347266307586004,0.6516969479017958,0,23.581156855750194,0.9063858693446212,0.0196580318513572,0.0494613902561141
attention_heads=8,10,,26,1,9,25.40456952365021,0.6976588444381098,0,22.61820161441932,0.9040494503329708,0.0201742436780559,0.0499093634543332
attention_heads=8,10,,27,1,8,6.275164508700241,0.5342484247952091,0,20.055008045984653,0.9020865555090446,0.0206089607957881,0.0436248614067565
attention_heads=8,10,,28,1,10,19.68140714025154,0.5149507084930873,0,22.28867468125092,0.9073078839726362,0.0194546866712231,0.0520780523046322
attention_heads=8,10,,29,1,5,21.10068791098327,0.3996644354844276,0,29.94160883506047,0.9037376988306216,0.0202432233708441,0.0515032643529634
attention_heads=8,10,,30,1,17,15.981804996315732,0.5063892048666174,0,21.651084280349004,0.902575083375544,0.0205006794719307,0.0562177323582075
attention_heads=8,10,,31,1,8,16.57606236201715,0.5164742709307153,0,25.322863140494203,0.9019316155454898,0.0206433152089357,0.0548369625271045
attention_heads=8,10,,32,1,11,27.971444264945067,0.6177552836628131,0,26.00606108725781,0.9047419184699124,0.0200211097826349,0.0516296439339815
attention_heads=8,10,,33,0,120,301.49600373514977,0.7007152070272373,0,-113.14134830412864,0.8941592962035868,0.0223742672017064,0.0486038138492007
attention_heads=8,10,,34,1,8,44.86562157985193,0.3847029203920782,0,28.61659541434527,0.9062943072319732,0.0196782366539273,0.0497304425153778
attention_heads=8,10,,35,1,9,35.25041610107304,0.5062289385114978,0,29.471696055394464,0.9147265987963624,0.0178260114971257,0.0521923213503033
attention_heads=8,10,,36,0,120,181.6423319657617,0.5349676066785733,0,-77.39039201393143,0.8930332701601743,0.0226262884362624,0.0509985130901361
attention_heads=8,10,,37,1,10,16.443199075075402,0.5623916144666987,0,24.98146264247238,0.9071553186033092,0.0194883198404094,0.0521648458032233
attention_heads=8,10,,38,1,9,17.71347797061317,0.6220951913357835,0,24.630557854739138,0.9206170220101424,0.0165422315287553,0.0655308766506919
attention_heads=8,10,,39,1,10,19.335646112029643,0.6877775079490704,0,21.793830398056222,0.9057255893397106,0.0198037800681057,0.0532978277089925
attention_heads=8,10,,40,1,12,28.466872046314663,0.6318554643995544,0,25.75658723548533,0.9101583910361132,0.0188273277067206,0.0401344610520973
attention_heads=8,10,,41,1,12,25.028612798822305,0.4823099780396185,0,24.12081342755096,0.9008720589451864,0.0208784060815126,0.0507099699369837
attention_heads=8,10,,42,1,10,17.992568197394956,0.4608681116696473,0,26.428907268605503,0.9065584040403548,0.0196199645596512,0.0550464056586284
attention_heads=8,10,,43,1,8,20.508444738077685,0.542409689453659,0,28.179911904124666,0.9048548151625166,0.0199961546773007,0.0417250874110353
attention_heads=8,10,,44,1,6,13.990853876364136,0.6697037912044417,0,23.563785860526504,0.9005438495542541,0.0209512841754642,0.0592249995118537
attention_heads=8,10,,45,1,11,16.646360844114703,0.5153901184397762,0,26.169927067836262,0.9146579426527136,0.0178410233532173,0.0568588874032446
attention_heads=8,10,,46,1,8,19.324120303635485,0.5149192067279678,0,27.62874366379055,0.9075264295373552,0.019406517962014,0.0493535247130025
attention_heads=8,10,,47,1,17,52.34462922011393,0.5459315287191517,0,20.41895985039286,0.9002520903261813,0.021016090903237,0.0469795009592129
attention_heads=8,10,,48,1,10,20.348939365546308,0.6240019809106523,0,22.939352541055836,0.9024343879929756,0.0205318583405373,0.0464651644638238
attention_heads=8,10,,49,1,14,21.804119083002348,0.5053694141653187,0,26.08057539232133,0.9060570200072612,0.0197306077858379,0.0494517013955413
attention_heads=8,40,,0,1,30,125.34922726987692,0.5635125641940426,0,8.63307447554357,0.9032849027820068,0.0203434536740373,0.0438899897593966
attention_heads=8,40,,1,1,23,84.53642996857457,0.5391414166990178,0,14.152268078856403,0.9039413486696776,0.0201981600969849,0.0525125827477572
attention_heads=8,40,,2,1,12,100.75757133041974,0.5785616112392455,0,23.99077892390391,0.906624609151898,0.0196053592801861,0.049169714398787
attention_heads=8,40,,3,1,10,90.49700136518624,0.552887863860172,0,23.46294521908529,0.9025652049040458,0.020502868436758,0.0497172632615435
attention_heads=8,40,,4,1,19,109.59924806483512,0.5492283600712708,0,16.382368520379543,0.901822789628859,0.0206674484094315,0.0569827045161239
attention_heads=8,40,,5,1,11,127.41406537530791,0.5187241908435447,0,25.041995742029695,0.908460040328323,0.0192008752683678,0.0519388369473987
attention_heads=8,40,,6,1,12,104.26299445855923,0.3821071174393649,0,24.53990998477143,0.9061280905654168,0.0197149205234765,0.0548029352289014
attention_heads=8,40,,7,1,13,110.79321876166088,0.5964094446487085,0,23.37696656524655,0.9050586079560344,0.0199511154413293,0.0484081865718136
attention_heads=8,40,,8,1,8,92.14333610986962,0.5495346847243774,0,26.337076875447032,0.9065154362981472,0.0196294440946287,0.0535630211578709
attention_heads=8,40,,9,1,19,82.67801637563494,0.5948027457183735,0,16.128765887491927,0.9022614039868262,0.0205701992082775,0.0528209413286863
attention_heads=8,40,,10,1,17,89.82948822583612,0.5162766038731621,0,19.11608142066896,0.9046689394599308,0.020037242991895,0.0495492963492976
attention_heads=8,40,,11,1,19,77.26135408222314,0.6218583170620826,0,16.38951308257804,0.9004937480408537,0.0209624114308819,0.0494485141838666
attention_heads=8,40,,12,1,24,106.4327629696671,0.5696320463691298,0,13.0302728439301,0.900921652582248,0.0208673962446468,0.047842009363625
attention_heads=8,40,,13,1,20,107.27188420126868,0.5614676649959376,0,16.819173662014013,0.9010056854983488,0.0208487422369328,0.0539533937567157
attention_heads=8,40,,14,1,16,134.0791131114669,0.5676118426187458,0,21.206353100475127,0.9019545860959244,0.020638221639194,0.0478754017066275
attention_heads=8,40,,15,1,8,107.50225973797488,0.6587602029538631,0,24.802115202048284,0.9052286527753488,0.019913542438745,0.0500812374273742
attention_heads=8,40,,16,1,24,92.29053684237188,0.5042953144685227,0,15.867946206940022,0.9014167392807764,0.0207575197168614,0.0511301938390059
attention_heads=8,40,,17,1,16,97.00407911021202,0.5833132120429376,0,17.915865898718792,0.9014402171739908,0.0207523106750388,0.0461153415839269
attention_heads=8,40,,18,1,18,81.97665589322804,0.598404125248041,0,19.02547230747743,0.901368223532286,0.0207682843392657,0.047572375119174
attention_heads=8,40,,19,1,17,89.29287143216555,0.597400620672903,0,19.470980898018663,0.902311283978283,0.0205591428530966,0.0553004635080928
attention_heads=8,40,,20,1,14,107.32448819407452,0.4897810854674826,0,22.192285358756774,0.9020372573514128,0.0206198909009821,0.0498136571642387
attention_heads=8,40,,21,1,24,106.3047785359144,0.4443902756905125,0,14.877344741601974,0.9015590689827208,0.0207259430974552,0.0497672141793789
attention_heads=8,40,,22,1,16,88.20609902730689,0.5735154555989324,0,19.252828157288747,0.9013927790294672,0.0207628359193925,0.0506458548488631
attention_heads=8,40,,23,1,29,119.11877532275112,0.5853346213020101,0,9.534791792771966,0.9017533138724412,0.0206828568540914,0.0537444391407298
attention_heads=8,40,,24,1,22,101.4452924730074,0.5268669648125011,0,15.38831617148595,0.901376510126046,0.0207664456776726,0.0509380987556883
attention_heads=8,40,,25,1,13,102.93984166699836,0.5074899608823273,0,22.81208604978809,0.904623522301326,0.0200472838580511,0.0475147821738983
attention_heads=8,40,,26,1,23,94.17006242229196,0.5433009692818545,0,14.602770383325993,0.900757537399784,0.0209038322947118,0.0509045828746055
attention_heads=8,40,,27,1,12,97.66299501514445,0.5924315623041789,0,22.46395664523703,0.9045629982508052,0.0200606653529618,0.048382229225286
attention_heads=8,40,,28,1,15,100.98490667899242,0.5369817344414245,0,21.01116196419676,0.90370912267165,0.0202495474648388,0.0538891680566078
attention_heads=8,40,,29,1,13,129.5892841046239,0.5142453185603701,0,22.660094592992976,0.9001168625987009,0.0210461353510743,0.0473874063490133
attention_heads=8,40,,30,1,18,88.07315046233722,0.506302056040723,0,18.062400915710377,0.9068635061259132,0.01955266591575,0.050193699290879
attention_heads=8,40,,31,1,23,73.54288984318498,0.605780496016352,0,13.335238937416932,0.9017488803291136,0.0206838401727349,0.0484831551252746
attention_heads=8,40,,32,1,27,106.08439120926164,0.4701590353764,0,13.422798609346785,0.9010878860049636,0.0208304966789947,0.0532107231168115
attention_heads=8,40,,33,1,11,123.27524845187232,0.5367977345403452,0,25.6479069459293,0.9016492358426688,0.0207059416678297,0.0531041188864762
attention_heads=8,40,,34,1,15,103.27296113666424,0.6179436770855558,0,21.25524735606796,0.9034750535744974,0.0203013560411949,0.0458519203466845
attention_heads=8,40,,35,1,23,77.9112681940681,0.5946937958227072,0,14.172141833050162,0.9044951095809356,0.0200756761853077,0.0474308848347473
attention_heads=8,40,,36,1,16,101.42867624262183,0.644725374588661,0,16.288694507412544,0.9007248709105968,0.0209110855410471,0.0598385335133019
attention_heads=8,40,,37,1,15,113.34059906059449,0.5200452745598283,0,20.972572516700374,0.9046909479248352,0.0200323775220548,0.0505551006642945
attention_heads=8,40,,38,1,11,87.52454169701225,0.605878997165701,0,23.021341861468592,0.9065777000124152,0.0196157076322163,0.0548083515411306
attention_heads=8,40,,39,1,15,110.59235593770966,0.5199735704095061,0,20.520246848286487,0.9002723122732176,0.0210115984460378,0.0511148536862293
attention_heads=8,40,,40,1,13,101.52385711705136,0.527989084054254,0,22.99225524969013,0.90670552282547,0.0195875106441989,0.0453485120527733
attention_heads=8,40,,41,1,16,137.7333344012959,0.5544331959290842,0,21.977595689943108,0.9023969606641394,0.0205401532604741,0.0487262374026925
attention_heads=8,40,,42,1,20,80.7492875746721,0.4982886935028341,0,16.38097307200325,0.904668298863306,0.0200373846120665,0.0566579783593882
attention_heads=8,40,,43,1,18,111.13287689206668,0.571205652622917,0,20.026988703626746,0.9006649503006943,0.0209243909587239,0.0512246175928495
attention_heads=8,40,,44,1,19,128.46966285452683,0.5273078846888857,0,19.805174045712537,0.9032194335384388,0.0203579500120268,0.0524744284464942
attention_heads=8,40,,45,1,18,102.3082370926439,0.6295100630612249,0,17.808772319862967,0.9020034781268912,0.0206273805820877,0.0509006591905403
attention_heads=8,40,,46,1,16,115.76514740592296,0.4683605457335198,0,19.69267217442431,0.9036925959860196,0.0202532050215314,0.0492876397673421
attention_heads=8,40,,47,1,9,109.45537942098366,0.65285618486425,0,24.6478440926064,0.9076654273521586,0.0193758880724962,0.0504367331175615
attention_heads=8,40,,48,1,18,71.87201128212533,0.6245245943525322,0,18.30763487657877,0.9044488524361598,0.0200859047265466,0.0478416833916017
attention_heads=8,40,,49,1,18,92.39306183471736,0.5845349110773015,0,18.12440465084812,0.9004766501283401,0.0209662089197316,0.045304562964891
attention_heads=8,100,,0,1,14,235.5223565875166,0.5248864542808918,0,21.833579742559024,0.9031702712618958,0.0203688363177723,0.0555107831171206
attention_heads=8,100,,1,1,17,280.1882751174634,0.4895572480239747,0,20.130892875528897,0.9012695950681544,0.0207901697037493,0.0481286453546992
attention_heads=8,100,,2,1,16,256.4061467517873,0.5964728292755839,0,20.123394392955383,0.9025524044368566,0.0205057049205689,0.0491962225931205
attention_heads=8,100,,3,1,23,249.6717930477448,0.5537313157610713,0,14.974211067151089,0.9001489834134483,0.0210389984463061,0.0514402219806987
attention_heads=8,100,,4,1,20,277.8243627219252,0.5424427664248621,0,15.855677096750256,0.9005699129994776,0.0209454958802955,0.0504229565364712
attention_heads=8,100,,5,1,19,264.17162422802915,0.553045804695621,0,18.288264102259998,0.90195382975763,0.0206383893502124,0.0465667988095498
attention_heads=8,100,,6,1,14,288.1063730098031,0.5304950840653382,0,20.78730605181399,0.9028728942891296,0.0204346989684832,0.0487482590172137
attention_heads=8,100,,7,1,20,278.72384484860663,0.5598795304645563,0,16.410730037690627,0.9030403187972496,0.0203976153462168,0.0517393290576296
attention_heads=8,100,,8,1,20,294.7720557918324,0.5306039990125104,0,17.484380543859867,0.9019346559196412,0.0206426410183487,0.0505534245132704
attention_heads=8,100,,9,1,19,295.77111503003044,0.5215197319247065,0,18.483949699505764,0.9024998523041728,0.0205173504854001,0.0486247983899112
attention_heads=8,100,,10,1,19,277.3812846217513,0.5181620736551866,0,18.6062161928658,0.9063552499266848,0.0196647883413191,0.0490388161847755
attention_heads=8,100,,11,1,25,284.1882278465506,0.5674534529907984,0,12.52232109637391,0.9014822618683164,0.0207429825547625,0.0527725840595382
attention_heads=8,100,,12,1,20,245.2750143017277,0.521039076053317,0,17.862050704635614,0.9028116982605237,0.0204482552736944,0.0514657800706217
attention_heads=8,100,,13,1,23,247.0463616156345,0.5464292957900476,0,14.044053633278184,0.9016190060276852,0.020712647229273,0.0493297420642211
attention_heads=8,100,,14,1,15,245.8735167937186,0.5408921882861997,0,20.578147738632644,0.900234864898641,0.0210199177407469,0.0520159978301974
attention_heads=8,100,,15,1,16,266.3817915996963,0.5961939487509793,0,19.466625143129185,0.9007574181960196,0.0209038587621611,0.048458415048484
attention_heads=8,100,,16,1,20,283.4698131815288,0.5581082985459052,0,16.81239684234913,0.90171135422691,0.0206921633065617,0.0497982940279659
attention_heads=8,100,,17,1,18,286.0861603555228,0.5561571833594534,0,18.725612493956685,0.90213817685178,0.0205975162474846,0.0486354451080916
attention_heads=8,100,,18,1,19,261.3827506460285,0.5512250651627186,0,16.959027910789636,0.9007425258309194,0.0209071654211815,0.050693943839249
attention_heads=8,100,,19,1,22,267.7737560960385,0.5734132944651917,0,14.942990492555628,0.901952433713188,0.0206386989105195,0.0528420383843875
attention_heads=8,100,,20,1,16,302.6772278090016,0.5658383327197072,0,19.529158985053773,0.9021962689420572,0.0205846379054605,0.0527209801219491
attention_heads=8,100,,21,1,19,260.8924363803181,0.5863272643642283,0,17.326079765442685,0.9011940738252576,0.0208069292632887,0.0505995335973381
attention_heads=8,100,,22,1,21,242.75823646284437,0.5789991491718458,0,15.858477526172075,0.9026584438823044,0.0204822086191438,0.0507288573436818
attention_heads=8,100,,23,1,13,267.72804325395765,0.5397879049049725,0,22.05859878459741,0.9001599325026172,0.0210365657328818,0.0481059226334398
attention_heads=8,100,,24,1,15,237.29412854728025,0.5863915822991888,0,20.80054307581885,0.9016564409709136,0.0207043434633017,0.0480218330084854
attention_heads=8,100,,25,1,24,298.4965709804086,0.5812471825003882,0,13.916060203746172,0.9018241359543552,0.0206671498309288,0.0477097453680787
attention_heads=8,100,,26,1,17,282.76736062488646,0.5693931532207792,0,19.03545092897557,0.901047903015294,0.0208393712576851,0.0508767370153369
attention_heads=8,100,,27,1,17,252.3952711151045,0.5773278748273134,0,19.614150337164467,0.9013861341493736,0.0207643102832305,0.0501879954695992
attention_heads=8,100,,28,1,28,256.7597704061889,0.5552997352165536,0,10.422973918775735,0.9009009314699772,0.0208719962785137,0.0469279827385369
attention_heads=8,100,,29,1,26,259.9616920593149,0.5555392896266476,0,12.232716089448372,0.9012546559707952,0.0207934848541227,0.053070132944302
attention_heads=8,100,,30,1,20,264.11787836158453,0.5929263706287404,0,15.10290348385636,0.9009929178956048,0.020851576335188,0.0499292911125794
attention_heads=8,100,,31,1,28,240.65041004064696,0.5479255813285411,0,9.49402187097675,0.901728355101646,0.0206883925401428,0.0482508539967576
attention_heads=8,100,,32,1,19,269.65305201224606,0.5570674189878744,0,17.26990924973024,0.901892568739819,0.0206519738811095,0.0512819437055316
attention_heads=8,100,,33,1,19,298.3307315479448,0.5239780211492355,0,18.181435845356997,0.9030807186695108,0.0203886680228803,0.0492081457775776
attention_heads=8,100,,34,1,13,292.724531491693,0.5462279588190073,0,21.932052896615808,0.9035304249003836,0.02028909900566,0.0478175559192498
attention_heads=8,100,,35,1,20,300.4869110230226,0.5176942058125378,0,17.774329837867114,0.9035684685503188,0.0202806780719571,0.0485730176483113
attention_heads=8,100,,36,1,16,219.9796825838905,0.5831210837793779,0,18.786010760838582,0.9001452055985613,0.021039837823539,0.0519289020329529
attention_heads=8,100,,37,1,24,322.1652245658792,0.5608777691665217,0,14.348768458316764,0.9010235615002165,0.0208447742654034,0.0504027776900741
attention_heads=8,100,,38,1,18,273.97670710485806,0.5665249881172072,0,18.521263119080437,0.9014032692339778,0.020760508378344,0.0499642161512087
attention_heads=8,100,,39,1,21,261.5854696796019,0.5273701973722154,0,16.909163454025325,0.9040115896380122,0.0201826196552219,0.0510093059018105
attention_heads=8,100,,40,1,21,255.0150448322638,0.4897287796831322,0,17.172453289886725,0.9025610769450796,0.0205037831559126,0.0487298065445969
attention_heads=8,100,,41,1,20,282.680476901787,0.5547061235654527,0,17.097255540561964,0.9013334325008308,0.0207760040928574,0.052230798049627
attention_heads=8,100,,42,1,20,213.95545771506136,0.5707460956748414,0,15.70813924482939,0.900915292879587,0.0208688080711003,0.0470524920700886
attention_heads=8,100,,43,1,12,256.7408873997304,0.5698297330615556,0,22.68408479982096,0.901660076318619,0.0207035370939993,0.0537372396140668
attention_heads=8,100,,44,1,21,251.2378004897693,0.5309265317380019,0,16.13198462824976,0.9002712174197202,0.0210118416733699,0.0493774124502028
attention_heads=8,100,,45,1,22,279.2884995915306,0.5080127430326233,0,17.484126864830802,0.9000237459588205,0.0210668263214398,0.0499388909287585
attention_heads=8,100,,46,1,24,266.1528143527269,0.5234688514399144,0,14.37210737286533,0.9004338199474357,0.0209757219258747,0.0498474548572105
attention_heads=8,100,,47,1,21,227.46170194630835,0.5517347443954967,0,16.10618168805376,0.9035436125803392,0.0202861798823298,0.0475039152607714
attention_heads=8,100,,48,1,21,249.4220858767504,0.5494792202165826,0,16.66832190107587,0.90160148088067,0.0207165347509916,0.0517327325485493
attention_heads=8,100,,49,1,17,231.83036657177428,0.5381236238491098,0,18.24911286207707,0.9000218706434966,0.0210672430476175,0.0478420540499223
lr=0.0001,10,,0,1,6,13.050299763765976,0.6122368941098559,0,21.98251012510378,0.9058612090010268,0.0197738351244367,0.0514947767647606
lr=0.0001,10,,1,1,13,36.79029349850237,0.4320550830138396,0,25.16108455669832,0.9022418435321068,0.02057453512837,0.0470137972151272
lr=0.0001,10,,2,1,10,31.149832842940416,0.460177680344928,0,25.949593944616687,0.9052913274274088,0.0198996956648302,0.0504916238271101
lr=0.0001,10,,3,1,10,38.82387810534095,0.579127959827898,0,26.524599872307498,0.9070917696076302,0.0195023309409079,0.0510718484014883
lr=0.0001,10,,4,1,7,10.150741539709111,0.5641386862928242,0,21.8221933982112,0.9060947575142638,0.0197222779080702,0.0566109539915455
lr=0.0001,10,,5,1,7,27.05779939264201,0.5465330732379683,0,24.13456514781638,0.9137007123453555,0.0180504418701369,0.0485148065919579
lr=0.0001,10,,6,1,11,22.351068376821047,0.6487153466732476,0,27.68574249840952,0.901814286557445,0.020669334170492,0.0448421321330638
lr=0.0001,10,,7,1,5,24.071545025198567,0.6690341961852913,0,25.159478060934557,0.906954397007515,0.0195326218128616,0.0530681230954682
lr=0.0001,10,,8,1,7,16.615733642140587,0.5483091039166708,0,25.782926617178752,0.9109267038112135,0.0186585683614576,0.0490223592210482
lr=0.0001,10,,9,1,23,47.77162726614198,0.5457142207336234,0,15.669602194223565,0.9018537438920272,0.0206605837055678,0.0560255433218859
lr=0.0001,10,,10,1,13,30.270051332324392,0.4706475546191493,0,24.293269345546733,0.9120621234691482,0.0184094346777483,0.0544255754342466
lr=0.0001,10,,11,1,11,27.460925749081905,0.4114643320935458,0,26.15577535540052,0.9083097465478388,0.01923396559867,0.0567061312951648
lr=0.0001,10,,12,1,14,17.387374830285033,0.5503668890345572,0,23.897298731788865,0.90401686007327,0.0201814536480701,0.0560185150881695
lr=0.0001,10,,13,1,6,29.96342955950365,0.6517299730806319,0,25.885932284076336,0.9141346759476344,0.0179554741037369,0.0392729848949411
lr=0.0001,10,,14,1,8,13.582271166214758,0.5361512093249732,0,23.55866875484388,0.9032724108183564,0.0203462195898611,0.0562338636607838
lr=0.0001,10,,15,1,13,38.94264565288812,0.652901860698256,0,24.05346811432221,0.908413624494077,0.0192110941041965,0.052786743947462
lr=0.0001,10,,16,1,6,33.17586321575013,0.6519719130539177,0,28.795221659829096,0.9086536592283526,0.0191582540717284,0.0499841898562143
lr=0.0001,10,,17,1,5,24.86442174807174,0.492145885545078,0,25.97742355634964,0.9084800244679394,0.0191964757529397,0.0503714312462606
lr=0.0001,10,,18,1,16,24.144432445787768,0.3351782942251897,0,22.70574895294649,0.9057034927980449,0.0198086594292432,0.0544380800876651
lr=0.0001,10,,19,1,11,9.93980807575853,0.6686874649826406,0,22.580212285881792,0.9006225246517258,0.0209338121420867,0.0592918088239665
lr=0.0001,10,,20,1,10,21.109701659231774,0.5433572985772539,0,24.561087582810824,0.9082340414355592,0.01925063574179,0.0386274644160248
lr=0.0001,10,,21,1,12,24.678474009675423,0.5672996462037747,0,24.32038798375233,0.9010161111779124,0.0208464280186291,0.051597857480327
lr=0.0001,10,,22,1,15,23.862295796488556,0.4826809909496077,0,22.01429209132386,0.9008386031708018,0.0208858336391314,0.0428092121040076
lr=0.0001,10,,23,1,22,12.94548163718224,0.5643704172470951,0,12.486934565315725,0.9004742373676016,0.0209667448056917,0.0535619554530181
lr=0.0001,10,,24,1,14,33.52227970103949,0.5601537493770643,0,25.94414979990537,0.9097610534670748,0.0189146585117299,0.0511093425687637
lr=0.0001,10,,25,1,12,27.2354126342292,0.6873567294514955,0,22.363484313409423,0.9053920797905304,0.0198774383529613,0.0494613902561141
lr=0.0001,10,,26,1,10,25.662762778912526,0.7151076980083719,0,21.41077021037619,0.9008563278752924,0.0208818985213297,0.0499093634543332
lr=0.0001,10,,27,1,9,5.675785574313358,0.5335353912599234,0,19.51177355901871,0.9053328798997043,0.019890515963789,0.0436248614067565
lr=0.0001,10,,28,1,10,21.70067481121669,0.5155216967639364,0,22.49302219819404,0.9032851470328714,0.020343399593463,0.0520780523046322
lr=0.0001,10,,29,1,7,23.639151824707493,0.4126251205064075,0,28.858020689348145,0.9112951218013604,0.0185776961010141,0.0515032643529634
lr=0.0001,10,,30,1,17,17.17079028450268,0.5273009838983453,0,21.68412999752644,0.904314333106328,0.0201156530830269,0.0562177323582075
lr=0.0001,10,,31,1,9,16.934928768421873,0.4916987332483529,0,25.31239786627243,0.9113375066181786,0.0185683942118314,0.0548369625271045
lr=0.0001,10,,32,1,12,28.74966682537764,0.621704531234355,0,25.32479299769296,0.9067392255658504,0.0195800766729319,0.0516296439339815
lr=0.0001,10,,33,0,120,34.74451493129552,0.6524122878428089,4,-81.65573818538785,0.802120121289391,0.021636795667087,0.0486038138492007
lr=0.0001,10,,34,1,8,45.94271052174007,0.3922374733848575,0,28.619078161287568,0.905341831958198,0.0198885383455156,0.0497304425153778
lr=0.0001,10,,35,1,9,35.99578708888103,0.5281888300810493,0,29.113052058247533,0.904459240342701,0.0200836076708625,0.0521923213503033
lr=0.0001,10,,36,0,120,50.27591435431119,0.4665607770960602,0,-64.7592286943844,0.8961379978558001,0.0219321724804615,0.0509985130901361
lr=0.0001,10,,37,1,11,17.132560625445848,0.5906175836960592,0,24.66127183480933,0.9103553243957114,0.0187840578628964,0.0521648458032233
lr=0.0001,10,,38,1,10,17.55551668775831,0.5774991896087514,0,23.335497491895985,0.9148388930009168,0.0178014604864734,0.0655308766506919
lr=0.0001,10,,39,1,11,20.235263258435264,0.6750979145934981,0,21.384861484965583,0.9094840671944172,0.018975559876071,0.0532978277089925
lr=0.0001,10,,40,1,13,28.555959984037106,0.6307467183807687,0,25.02186887535288,0.9086401701222658,0.019161223125135,0.0401344610520973
lr=0.0001,10,,41,1,14,25.855632440009245,0.4950788085019793,0,22.753163993251032,0.9013102805805732,0.0207811414186841,0.0507099699369837
lr=0.0001,10,,42,1,10,17.694785218638387,0.477919099574329,0,25.99247441308113,0.900025679400754,0.0210663966794741,0.0550464056586284
lr=0.0001,10,,43,1,8,21.367771126731693,0.5375905964809553,0,28.007183134728884,0.9009462265014672,0.0208619410346382,0.0417250874110353
lr=0.0001,10,,44,1,7,14.884547090190525,0.6435945193242198,0,23.545340532731,0.9177009904131628,0.017176731984724,0.0592249995118537
lr=0.0001,10,,45,1,11,16.52664018343144,0.5164834928527204,0,25.96228946257707,0.9079612845060976,0.0193107078998043,0.0568588874032446
lr=0.0001,10,,46,1,9,19.36303520443176,0.4969392336768981,0,26.93372611792826,0.9046388141158408,0.0200439030736933,0.0493535247130025
lr=0.0001,10,,47,1,19,52.51343506024622,0.5811093765832913,0,18.60644017228583,0.901225164245062,0.0208000295544638,0.0469795009592129
lr=0.0001,10,,48,1,10,21.28157353909868,0.6190040383890494,0,23.25885714565636,0.9012648301804496,0.0207912270788847,0.0464651644638238
lr=0.0001,10,,49,1,15,21.509540194467885,0.575098546223501,0,25.35374991011773,0.9014339480966272,0.0207537015823987,0.0494517013955413
lr=0.0001,40,,0,1,38,124.9749066465266,0.5583785657883025,0,3.749457184399288,0.9012555841762786,0.0207932788734935,0.0438899897593966
lr=0.0001,40,,1,1,27,87.6989890418487,0.5335295785733158,0,10.767299649649829,0.9012861318458414,0.0207865000745799,0.0525125827477572
lr=0.0001,40,,2,1,12,104.33043481278196,0.5706738029789411,0,23.787140964524973,0.9013696109649498,0.0207679764891419,0.049169714398787
lr=0.0001,40,,3,1,11,94.81800911425908,0.564571101149669,0,22.854220648878297,0.9017241459283806,0.0206893261213184,0.0497172632615435
lr=0.0001,40,,4,1,21,111.98182756622184,0.5520287985777987,0,14.791980717566007,0.900767158682696,0.0209016960413631,0.0569827045161239
lr=0.0001,40,,5,1,11,128.8644636023229,0.5154234974726892,0,24.96271568755144,0.9012551759172264,0.0207933694713554,0.0519388369473987
lr=0.0001,40,,6,1,13,108.82180655905162,0.3790169124812552,0,24.29383840394445,0.908369764920424,0.0192207506375878,0.0548029352289014
lr=0.0001,40,,7,1,15,107.7654417457504,0.5969588957473302,0,21.782803156510106,0.9038455297541674,0.0202193614712716,0.0484081865718136
lr=0.0001,40,,8,1,9,98.1644440800653,0.539229405269964,0,25.84153366382488,0.9095942975405412,0.0189513211520236,0.0535630211578709
lr=0.0001,40,,9,1,20,83.74153059492083,0.5954553130833973,0,15.609073984393127,0.9006425177974511,0.0209293723411123,0.0528209413286863
lr=0.0001,40,,10,1,18,92.90232119210609,0.5277424759962337,0,17.671412937424513,0.9058215195600277,0.0197825981247964,0.0495492963492976
lr=0.0001,40,,11,1,22,80.69264005491674,0.6135707159771597,0,14.081879933996737,0.9001578614471522,0.0210370258861885,0.0494485141838666
lr=0.0001,40,,12,1,28,109.52153364567144,0.5661656346600856,0,9.874150466154774,0.900450414279652,0.0209720361071193,0.047842009363625
lr=0.0001,40,,13,1,27,110.99816100059095,0.5448553851205824,0,11.956374830345696,0.9011083968325212,0.020825944271967,0.0539533937567157
lr=0.0001,40,,14,1,17,128.07056499700423,0.561410095012074,0,20.45330222678652,0.9010835216761964,0.020831465361274,0.0478754017066275
lr=0.0001,40,,15,1,9,115.0631668581101,0.6585918930085488,0,24.033710819099944,0.9040388202712744,0.0201765953468033,0.0500812374273742
lr=0.0001,40,,16,1,26,91.13624797494528,0.514163878331662,0,13.735282926565718,0.9024777575405304,0.0205222468926514,0.0511301938390059
lr=0.0001,40,,17,1,17,99.51448030441696,0.5715670308201992,0,17.167127116310983,0.903723714575992,0.0202463181543955,0.0461153415839269
lr=0.0001,40,,18,1,19,82.85426287903647,0.6019040200447792,0,17.833459387843828,0.9005174517242726,0.0209571469031714,0.047572375119174
lr=0.0001,40,,19,1,17,89.29194094476614,0.5999369083137787,0,19.04728244425817,0.901098027270643,0.0208282457978609,0.0553004635080928
lr=0.0001,40,,20,1,14,110.11475444110977,0.4925454310302246,0,22.143905184292574,0.9009378129335888,0.0208638087614606,0.0498136571642387
lr=0.0001,40,,21,1,30,108.51559860890688,0.4437605587807587,0,10.306337454087537,0.901557734830192,0.0207262390633131,0.0497672141793789
lr=0.0001,40,,22,1,17,91.66592393015236,0.567506648170093,0,18.042032990632947,0.902562581627514,0.0205034497311243,0.0506458548488631
lr=0.0001,40,,23,1,37,120.48219763397913,0.567411681383891,0,3.482582828296583,0.9012486020035284,0.0207948283118368,0.0537444391407298
lr=0.0001,40,,24,1,24,103.22430473461505,0.5315760560562339,0,14.08051253157734,0.9011729047397572,0.0208116273266139,0.0509380987556883
lr=0.0001,40,,25,1,13,101.5624673995639,0.5183855957404586,0,22.592555968721022,0.9006470474630985,0.020928366469378,0.0475147821738983
lr=0.0001,40,,26,1,24,91.52299058060277,0.5511039946460581,0,13.97689249745984,0.901653457102356,0.020705005328145,0.0509045828746055
lr=0.0001,40,,27,1,12,96.5841997726058,0.5771025569328432,0,22.60685128066609,0.9030144609257876,0.0204033422758214,0.048382229225286
lr=0.0001,40,,28,1,17,99.10879579731991,0.5451668611346547,0,19.227902462787107,0.9031844599207516,0.0203656943748059,0.0538891680566078
lr=0.0001,40,,29,1,13,129.93069494094578,0.5167998332422656,0,22.44033038704263,0.9001544887442151,0.0210377752456953,0.0473874063490133
lr=0.0001,40,,30,1,17,88.9291853457826,0.4982454000212906,0,18.47357834648852,0.9012363124455276,0.0207975555597383,0.050193699290879
lr=0.0001,40,,31,1,26,75.9514521011007,0.5880977632436555,0,11.91001083217705,0.9012362838453548,0.0207975619066138,0.0484831551252746
lr=0.0001,40,,32,1,32,107.6929226720859,0.4802919926199687,0,10.326549219489428,0.900836638387735,0.0208862698516123,0.0532107231168115
lr=0.0001,40,,33,1,12,126.92914731600784,0.5320362164722447,0,25.198197570152225,0.9063357070545742,0.0196691007966852,0.0531041188864762
lr=0.0001,40,,34,1,16,104.31583075570244,0.6191377185751794,0,20.302680968771934,0.9012578407395988,0.0207927781142117,0.0458519203466845
lr=0.0001,40,,35,1,25,76.17487534146848,0.5987876363212672,0,11.383350156088946,0.9016082289663776,0.0207150378456298,0.0474308848347473
lr=0.0001,40,,36,1,19,101.88633736865197,0.652351686261504,0,14.255678234824163,0.9009625425901868,0.0208583190779664,0.0598385335133019
lr=0.0001,40,,37,1,15,118.12412557795167,0.5304381652242369,0,20.59546021077045,0.9035829542656024,0.0202774717628231,0.0505551006642945
lr=0.0001,40,,38,1,12,91.74655328499632,0.5951915417093445,0,22.072753955943604,0.9059602883910828,0.0197519611395441,0.0548083515411306
lr=0.0001,40,,39,1,18,111.28309814267064,0.5212652360833034,0,17.961664575019405,0.9022646974828694,0.020569469155985,0.0511148536862293
lr=0.0001,40,,40,1,13,104.44466432338427,0.5244326746996606,0,22.68802990885282,0.90513972310567,0.0199331914054271,0.0453485120527733
lr=0.0001,40,,41,1,16,136.49774141640523,0.5637134667865003,0,21.78845996628481,0.9009389869806316,0.0208635481338655,0.0487262374026925
lr=0.0001,40,,42,1,23,73.46983682883075,0.5324593224477729,0,13.79901862973209,0.901966096309765,0.0206356693731319,0.0566579783593882
lr=0.0001,40,,43,1,21,112.477834853212,0.5711175498199508,0,16.87178077549623,0.9016892027940764,0.0206970765650719,0.0512246175928495
lr=0.0001,40,,44,1,20,129.53697043713703,0.52891149274139,0,18.863746853224328,0.901729435836388,0.0206881528373347,0.0524744284464942
lr=0.0001,40,,45,1,20,97.5933995213736,0.6278433459282629,0,15.907834433408825,0.9001549258421545,0.0210376781295139,0.0509006591905403
lr=0.0001,40,,46,1,16,114.55837024242008,0.4724667092712225,0,19.290784592496063,0.9017847158483802,0.0206758923264963,0.0492876397673421
lr=0.0001,40,,47,1,9,115.73935764461984,0.6442446715843091,0,24.59187176298549,0.9018110047415364,0.0206700619970366,0.0504367331175615
lr=0.0001,40,,48,1,21,69.26403463959338,0.6322189665791718,0,16.218806449711387,0.9020656749417852,0.0206135902426624,0.0478416833916017
lr=0.0001,40,,49,1,20,96.4044609413276,0.5796486093648614,0,16.741885182148554,0.9028147338377724,0.0204475828029784,0.045304562964891
lr=0.0001,100,,0,1,16,236.6598722906414,0.5213004336973637,0,20.2336468072791,0.9037616893036032,0.0202379142740576,0.0555107831171206
lr=0.0001,100,,1,1,18,281.64589148400853,0.4905803442227376,0,19.55971347526743,0.903354149086978,0.0203281221544549,0.0481286453546992
lr=0.0001,100,,2,1,17,257.4524708980446,0.5911254001733763,0,18.612550617883077,0.9024337209110932,0.02053200618112,0.0491962225931205
lr=0.0001,100,,3,1,24,251.4855086650451,0.5532650344657222,0,14.340890272540747,0.900937905090512,0.0208637883034629,0.0514402219806987
lr=0.0001,100,,4,1,22,286.2061822662438,0.5387078972838282,0,14.689877094950162,0.9005445461965517,0.0209511294596159,0.0504229565364712
lr=0.0001,100,,5,1,20,262.6924295061199,0.5600713379999165,0,17.475433617849045,0.9016973458967988,0.0206952703848653,0.0465667988095498
lr=0.0001,100,,6,1,15,289.0073121291282,0.5362452159633373,0,20.04057296687832,0.903877536109178,0.0202122793344956,0.0487482590172137
lr=0.0001,100,,7,1,21,281.9353475556063,0.5669748828993475,0,15.421051711879915,0.9014438580129318,0.0207515028939971,0.0517393290576296
lr=0.0001,100,,8,1,21,300.99032578023247,0.5321305872339601,0,16.655612161169465,0.9028717695127356,0.0204349481236193,0.0505534245132704
lr=0.0001,100,,9,1,18,291.48133312403166,0.5310389375177105,0,19.307477393310435,0.9006918435019603,0.0209184191931391,0.0486247983899112
lr=0.0001,100,,10,1,20,282.83519298604574,0.5181575871791753,0,18.09983702701691,0.9041268174558074,0.020157128726541,0.0490388161847755
lr=0.0001,100,,11,1,28,293.04524740404025,0.5639826057479682,0,10.430970229934887,0.9000038145193938,0.0210712554623852,0.0527725840595382
lr=0.0001,100,,12,1,21,254.188514823042,0.5328049654905416,0,17.01482994367005,0.9039232567534476,0.0202021630330845,0.0514657800706217
lr=0.0001,100,,13,1,25,256.07298569499824,0.5462157996962644,0,13.225297837198625,0.9000496811899289,0.021061063171844,0.0493297420642211
lr=0.0001,100,,14,1,16,251.71638112955975,0.5325752973240072,0,19.99016436851433,0.9037974221103884,0.0202300068575722,0.0520159978301974
lr=0.0001,100,,15,1,17,273.0681734624628,0.5937104725640907,0,19.10678284899216,0.903795135171481,0.020230512931554,0.048458415048484
lr=0.0001,100,,16,1,21,285.3454356280203,0.5423263361947743,0,16.282094384573497,0.9005582436308452,0.0209480874490497,0.0497982940279659
lr=0.0001,100,,17,1,19,293.00311620467085,0.5549066747042661,0,18.10212343604073,0.9027999130191816,0.0204508660768745,0.0486354451080916
lr=0.0001,100,,18,1,20,260.6798582295676,0.5451061188832738,0,16.217737145697207,0.9004016522346442,0.0209828669901056,0.050693943839249
lr=0.0001,100,,19,1,24,271.2036458192788,0.5704139329198177,0,13.779119815171429,0.9020134803916724,0.0206251628058669,0.0528420383843875
lr=0.0001,100,,20,1,17,307.01802800590264,0.5683502611696223,0,18.541857537775336,0.902449339944084,0.0205285446753128,0.0527209801219491
lr=0.0001,100,,21,1,21,262.8721747165754,0.595472744894112,0,15.608926907439256,0.9030870420999104,0.0203872676146708,0.0505995335973381
lr=0.0001,100,,22,1,21,248.08548602483955,0.5764423920211217,0,15.632156367656282,0.900483127477748,0.0209647702758511,0.0507288573436818
lr=0.0001,100,,23,1,14,272.39290857979086,0.5402250660877765,0,21.5489786681053,0.9032493188279668,0.0203513326178445,0.0481059226334398
lr=0.0001,100,,24,1,15,241.88510721933204,0.5774836890188406,0,20.97514747387668,0.901600238643004,0.0207168103136538,0.0480218330084854
lr=0.0001,100,,25,1,27,308.1528139752244,0.5737358885412507,0,11.596930534014788,0.9010328822646028,0.020842705348102,0.0477097453680787
lr=0.0001,100,,26,1,17,286.9708661152641,0.5650795696441042,0,19.13987860471484,0.9002803017183197,0.0210098235586971,0.0508767370153369
lr=0.0001,100,,27,1,18,251.8161695550018,0.5855517990939096,0,18.669838570578683,0.9023748118261302,0.0205450622109238,0.0501879954695992
lr=0.0001,100,,28,1,35,269.36386191149137,0.5412335447491037,0,6.484571096484001,0.9003050093130794,0.0210043347668893,0.0469279827385369
lr=0.0001,100,,29,1,28,264.02195252073915,0.5668695433941282,0,10.17393700420228,0.9002002399138295,0.0210276103223286,0.053070132944302
lr=0.0001,100,,30,1,20,269.16108647513585,0.5855289327440565,0,15.235997091110692,0.9001266812674674,0.0210439537198611,0.0499292911125794
lr=0.0001,100,,31,1,30,251.82288837415285,0.5388490424209329,0,7.957549791614732,0.9002885926171179,0.0210079817188599,0.0482508539967576
lr=0.0001,100,,32,1,19,271.36606533254775,0.5605997597123848,0,17.301760483744747,0.9014046417739766,0.0207602038445131,0.0512819437055316
lr=0.0001,100,,33,1,19,305.4703687948774,0.5297171973959198,0,17.658834779838664,0.9003716298947586,0.020989535756282,0.0492081457775776
lr=0.0001,100,,34,1,14,302.19815144058083,0.551084037332727,0,21.12991434432857,0.9053393506414888,0.0198890864965061,0.0478175559192498
lr=0.0001,100,,35,1,20,302.76188534993173,0.5119304164509415,0,17.34932532821194,0.9000935723058803,0.0210513103666992,0.0485730176483113
lr=0.0001,100,,36,1,19,219.74360495794213,0.582718432645061,0,16.42869523348521,0.9009496543242,0.0208611800977229,0.0519289020329529
lr=0.0001,100,,37,1,24,320.59696664153086,0.5599817756478729,0,14.976395731449683,0.9012165997395744,0.0208019301996128,0.0504027776900741
lr=0.0001,100,,38,1,20,269.7002557828483,0.5674608689524498,0,16.848168984621672,0.9022577917532756,0.0205709999165346,0.0499642161512087
lr=0.0001,100,,39,1,21,261.5806517103062,0.5320576963239634,0,16.989410792692166,0.900772961239062,0.0209004076867376,0.0510093059018105
lr=0.0001,100,,40,1,22,257.7627836883673,0.4951784407329289,0,16.016445739321707,0.902250941194537,0.020572518459197,0.0487298065445969
lr=0.0001,100,,41,1,22,296.63396520044444,0.5602455272642388,0,14.76390977626266,0.9009262150902556,0.0208663833937643,0.052230798049627
lr=0.0001,100,,42,1,20,217.77091232496048,0.5657280128035322,0,15.789500753881008,0.9001158004665224,0.0210463713499427,0.0470524920700886
lr=0.0001,100,,43,1,13,261.9707697809073,0.5638278927298765,0,21.68845944851821,0.9012171030581352,0.0208018185020652,0.0537372396140668
lr=0.0001,100,,44,1,25,253.36458824455667,0.5329623167669675,0,13.274220793808352,0.9001915297344445,0.0210295454965573,0.0493774124502028
lr=0.0001,100,,45,1,24,274.80626681386155,0.512123343614703,0,15.848612845036996,0.9016262554264904,0.020711039151002,0.0499388909287585
lr=0.0001,100,,46,1,27,275.09716407086694,0.5226929008062675,0,12.257063075680666,0.9005882416539567,0.0209414254649503,0.0498474548572105
lr=0.0001,100,,47,1,21,227.6090933093621,0.5537096985335614,0,15.884406340833172,0.9008184806770286,0.0208903011915762,0.0475039152607714
lr=0.0001,100,,48,1,21,255.10098676170847,0.5505176460891699,0,16.337262763132614,0.9002657139417405,0.0210130643037717,0.0517327325485493
lr=0.0001,100,,49,1,18,237.9239986335265,0.5348127896110328,0,17.463180346793816,0.9032770490628106,0.0203451926056446,0.0478420540499223
lr=0.001,10,,0,1,5,17.58641261687449,0.5159463831459681,0,22.945645385246145,0.9160101709466404,0.0175455621432228,0.0514947767647606
lr=0.001,10,,1,1,12,44.2008032907756,0.4414260629422228,0,25.614345143332017,0.9027370609505476,0.0204647903707695,0.0470137972151272
lr=0.001,10,,2,1,10,30.659352177458125,0.4705798977010664,0,26.56383448705546,0.9110804916878888,0.0186248060629507,0.0504916238271101
lr=0.001,10,,3,1,12,43.85493912253082,0.6066605195666448,0,24.3688871030738,0.9103624291766084,0.0187824969881516,0.0510718484014883
lr=0.001,10,,4,1,5,10.608799274347849,0.555835992037869,0,23.234770517372866,0.9000060039619961,0.0210707689222386,0.0566109539915455
lr=0.001,10,,5,1,6,26.79457276056972,0.4852114195564359,0,24.720264298318988,0.9044431640390316,0.0200871626008865,0.0485148065919579
lr=0.001,10,,6,1,12,32.202014772808376,0.594969155106382,0,25.798306314796992,0.907065315726016,0.0195081637062907,0.0448421321330638
lr=0.001,10,,7,1,5,26.957927627739195,0.629193416640212,0,25.12547703936369,0.911687136435938,0.0184916799834466,0.0530681230954682
lr=0.001,10,,8,1,6,18.758077176122253,0.5071783217155661,0,26.55440723503382,0.9138621710524328,0.018015103286942,0.0490223592210482
lr=0.001,10,,9,1,15,47.79787234527945,0.5550790423341032,0,21.614316122437284,0.9083458500543532,0.0192260161542983,0.0560255433218859
lr=0.001,10,,10,1,10,42.75316471824098,0.4008253232196888,0,25.5461752191341,0.9283906696227782,0.0148605309172557,0.0544255754342466
lr=0.001,10,,11,1,10,35.82380319352738,0.3432437152393781,0,26.66656247436351,0.9034608787654412,0.0203044939076356,0.0567061312951648
lr=0.001,10,,12,1,15,19.407762416830423,0.5499618820382615,0,23.39068118808727,0.9097460883091668,0.0189179484483429,0.0560185150881695
lr=0.001,10,,13,1,9,40.940966521162565,0.5705941097743839,0,22.673788296767142,0.9067154287574516,0.0195853256177221,0.0392729848949411
lr=0.001,10,,14,1,8,14.737131887734046,0.513366694359386,0,23.38868375058982,0.9017153358940068,0.0206912801728877,0.0562338636607838
lr=0.001,10,,15,1,12,43.484229406423495,0.6148962212294018,0,24.86958570618337,0.9164902767579314,0.0174407641721495,0.052786743947462
lr=0.001,10,,16,1,9,34.482826542333896,0.6265603585308028,0,26.56274562810697,0.9026183724080196,0.0204910873625986,0.0499841898562143
lr=0.001,10,,17,1,4,23.736921457796555,0.4708113828482678,0,26.517185615638702,0.900941694830345,0.020862947017545,0.0503714312462606
lr=0.001,10,,18,1,15,23.52929862186586,0.3318909795010458,0,24.07435979768285,0.9075588255365806,0.0193993786832086,0.0544380800876651
lr=0.001,10,,19,1,11,10.593644208408929,0.5773529971305229,0,23.02643287358491,0.901675179726093,0.0207001869887044,0.0592918088239665
lr=0.001,10,,20,1,10,21.56350695209514,0.5246947114673317,0,24.9481890530902,0.9154493105833816,0.0176680568828439,0.0386274644160248
lr=0.001,10,,21,1,12,29.95267223708952,0.538571441932802,0,24.0930469880768,0.9011106446938514,0.0208254453622832,0.051597857480327
lr=0.001,10,,22,1,15,24.54476069996767,0.4779247235617396,0,22.32095060701905,0.9007855631001852,0.0208976096957863,0.0428092121040076
lr=0.001,10,,23,1,17,15.09326189384,0.6148459806004929,0,17.27261245610293,0.9004179290504472,0.0209792515661125,0.0535619554530181
lr=0.001,10,,24,1,13,39.03470593372577,0.6013567709062602,0,26.41426459331228,0.9217203210203496,0.0163026881799167,0.0511093425687637
lr=0.001,10,,25,1,10,30.666654979227225,0.6512874470537462,0,23.637292394529283,0.900976232576898,0.0208552801319378,0.0494613902561141
lr=0.001,10,,26,1,9,29.342869580597544,0.6580029368898275,0,22.42370664444622,0.9101540694035448,0.0188282773530395,0.0499093634543332
lr=0.001,10,,27,1,8,6.215138984394487,0.5150481507340137,0,20.772691707188308,0.9137379574429172,0.0180422894548066,0.0436248614067565
lr=0.001,10,,28,1,10,24.67902679756648,0.5289016984291464,0,22.27706593346418,0.9045361844353192,0.0200665940086695,0.0520780523046322
lr=0.001,10,,29,1,5,24.17589300225888,0.4089236005274035,0,30.250198254727486,0.9176233853953208,0.0171936456200271,0.0515032643529634
lr=0.001,10,,30,1,18,17.348745514758583,0.507488850554981,0,21.782150628259966,0.9068421607054238,0.0195573734977752,0.0562177323582075
lr=0.001,10,,31,1,8,18.360727848041957,0.489895645854228,0,25.69753780238394,0.906601787978373,0.0196103936594698,0.0548369625271045
lr=0.001,10,,32,1,12,29.08223001509094,0.5990746642006024,0,26.06179947924867,0.90540695657611,0.0198741521162711,0.0516296439339815
lr=0.001,10,,33,0,120,45.40621010403124,0.6488743711433571,0,-72.908955140089,0.8990611587225826,0.0212808434199295,0.0486038138492007
lr=0.001,10,,34,1,8,43.27645277237928,0.4161098542406689,0,28.80624603223722,0.9029736604969502,0.020412378975091,0.0497304425153778
lr=0.001,10,,35,1,12,37.874687089437415,0.4977975845456079,0,27.563863360807403,0.905415259681149,0.0198723180090982,0.0521923213503033
lr=0.001,10,,36,0,120,51.83634246835564,0.496603251844667,0,-61.37029211571186,0.895672630348091,0.0220360601370805,0.0509985130901361
lr=0.001,10,,37,1,10,17.654749383959473,0.5927778508432722,0,25.74501757795316,0.9129829691151928,0.0182076104646526,0.0521648458032233
lr=0.001,10,,38,1,9,18.7761070906279,0.5842333849142933,0,24.29573997083276,0.919112917277069,0.016869258889908,0.0655308766506919
lr=0.001,10,,39,1,10,22.636726233382955,0.6744065436656932,0,21.81492478202204,0.9077332588188888,0.0193609422719339,0.0532978277089925
lr=0.001,10,,40,1,12,29.704887067878865,0.6230456269101199,0,25.755170664124687,0.9136081072448524,0.0180707132330482,0.0401344610520973
lr=0.001,10,,41,1,13,27.894560700335308,0.4700989276202516,0,24.727108784094334,0.9108193674041788,0.0186821361701341,0.0507099699369837
lr=0.001,10,,42,1,10,20.03245887044999,0.4266133249031454,0,26.88526797795957,0.907526477085217,0.0194065074834518,0.0550464056586284
lr=0.001,10,,43,1,8,21.54862997339089,0.5031037829561373,0,28.516361610099885,0.9068631154656184,0.0195527520721288,0.0417250874110353
lr=0.001,10,,44,1,7,17.506009649997274,0.6402289335250173,0,23.72145975392037,0.9193597920639848,0.0168155458731969,0.0592249995118537
lr=0.001,10,,45,1,11,16.75294126593594,0.5223364943066997,0,26.279793279530374,0.9120373092655752,0.0184148760924277,0.0568588874032446
lr=0.001,10,,46,1,10,23.542061619544064,0.4235270460479106,0,27.047731185109043,0.9021923115756026,0.0205855151813416,0.0493535247130025
lr=0.001,10,,47,1,14,54.97837130687461,0.5454584592858922,0,23.4596003418868,0.9020049364650432,0.0206270572270212,0.0469795009592129
lr=0.001,10,,48,1,10,21.99375157130142,0.6118763445053867,0,23.60376274622909,0.9108439008569502,0.0186767491256237,0.0464651644638238
lr=0.001,10,,49,1,14,22.72988549492254,0.496653325830116,0,26.787673732440112,0.9062416225525408,0.0196898633871868,0.0494517013955413
lr=0.001,40,,0,1,24,123.3325550288497,0.5331529297586792,0,14.660459146429154,0.9040332789850788,0.0201778212461904,0.0438899897593966
lr=0.001,40,,1,1,18,90.38539059314944,0.5387267995274443,0,18.86218655097883,0.9032917068215734,0.0203419471695181,0.0525125827477572
lr=0.001,40,,2,1,12,102.90207314463656,0.5619717252211776,0,24.061544650928457,0.9017714145827208,0.0206788423351898,0.049169714398787
lr=0.001,40,,3,1,11,101.08103536446129,0.534533192979658,0,23.42355406615857,0.9073647939749596,0.0194421422596532,0.0497172632615435
lr=0.001,40,,4,1,17,111.93004721015492,0.5297935532091442,0,19.21707706668474,0.9046226332425562,0.0200474804169918,0.0569827045161239
lr=0.001,40,,5,1,12,137.0517747815677,0.5085715753396916,0,24.77801156286264,0.910638388624947,0.0187218798928152,0.0519388369473987
lr=0.001,40,,6,1,13,112.60383415343652,0.3788971082073598,0,24.65084462291889,0.9084420737629264,0.019204830696733,0.0548029352289014
lr=0.001,40,,7,1,13,123.85197686360031,0.5743432037058807,0,23.56844003431742,0.9034449029216344,0.0203080305267486,0.0484081865718136
lr=0.001,40,,8,1,9,104.40472001910597,0.5303693491554984,0,25.51412725779405,0.9001810140782579,0.021031881825496,0.0535630211578709
lr=0.001,40,,9,1,19,86.97574845640023,0.5975262222212521,0,16.179906069632786,0.9028930599210606,0.0204302320259351,0.0528209413286863
lr=0.001,40,,10,1,17,97.99411082517912,0.5255310386036183,0,18.98018039374074,0.9028357159701028,0.0204429346979516,0.0495492963492976
lr=0.001,40,,11,1,21,81.04624118644008,0.5767870101912331,0,15.3713629671726,0.9004481959976574,0.0209725288127013,0.0494485141838666
lr=0.001,40,,12,1,18,113.56103318270114,0.554457998730121,0,18.643658705109,0.9005729840704102,0.0209448138531365,0.047842009363625
lr=0.001,40,,13,1,15,110.84888377534564,0.5426851633137824,0,21.35032365179407,0.9037169629333408,0.0202478123428876,0.0539533937567157
lr=0.001,40,,14,1,17,145.70521861184187,0.5646023372926186,0,21.265607832619857,0.9065373166109426,0.0196246168081062,0.0478754017066275
lr=0.001,40,,15,1,10,117.24978242552376,0.6181391954801656,0,23.42535038355924,0.9029638170803548,0.0204145592092836,0.0500812374273742
lr=0.001,40,,16,1,24,97.57689087469248,0.4993536390674844,0,14.93511156755752,0.9019085693744354,0.0206484256774236,0.0511301938390059
lr=0.001,40,,17,1,16,110.92782857704172,0.5677820794627422,0,18.72341937463,0.9061460429589386,0.019710958122162,0.0461153415839269
lr=0.001,40,,18,1,19,87.26076618491228,0.6158655182811155,0,17.75155019686762,0.9044956938092676,0.0200755470020457,0.047572375119174
lr=0.001,40,,19,1,15,90.75765793335368,0.5904243715419084,0,21.646342215072984,0.9040509627704676,0.0201739090865729,0.0553004635080928
lr=0.001,40,,20,1,14,111.57126609143664,0.496577938306862,0,23.04207607310609,0.9031148061130932,0.0203811190187733,0.0498136571642387
lr=0.001,40,,21,1,19,107.80003191647798,0.4369173875131151,0,20.183455287976663,0.9028149821036378,0.0204475278047995,0.0497672141793789
lr=0.001,40,,22,1,16,97.35365689495828,0.5801621457248565,0,19.0549831436452,0.903730399248653,0.0202448387978553,0.0506458548488631
lr=0.001,40,,23,1,23,115.69787468187911,0.5743145219518135,0,15.207279692307754,0.9049403656782564,0.0199772463463007,0.0537444391407298
lr=0.001,40,,24,1,20,100.22266813803348,0.5282312759754744,0,16.97773226411526,0.9018357894346092,0.0206645654235047,0.0509380987556883
lr=0.001,40,,25,1,12,107.68537415583047,0.5018888592012234,0,23.866481701235976,0.9014862845153158,0.0207420901050285,0.0475147821738983
lr=0.001,40,,26,1,23,97.4741762653688,0.5463159377402875,0,15.692974864660034,0.9042431554230812,0.0201313955039861,0.0509045828746055
lr=0.001,40,,27,1,13,107.95318363630972,0.569039717068542,0,22.424831073114127,0.9066324902689912,0.0196036207253842,0.048382229225286
lr=0.001,40,,28,1,15,107.96607825003868,0.5311106275706639,0,21.052529938124408,0.9021989134954388,0.0205840516584105,0.0538891680566078
lr=0.001,40,,29,1,14,140.02905316830584,0.4974174924328682,0,22.60291779849934,0.9055887252497096,0.0198340043288337,0.0473874063490133
lr=0.001,40,,30,1,16,94.47530829694628,0.4920470663138199,0,20.6001817752308,0.9042831482365796,0.0201225501112652,0.050193699290879
lr=0.001,40,,31,1,21,75.31842143857898,0.5796647571105384,0,14.942116314752424,0.9030728221444484,0.0203904168277042,0.0484831551252746
lr=0.001,40,,32,1,21,112.0563571779258,0.4549027971295154,0,18.047296418266768,0.9028683828727722,0.0204356983179281,0.0532107231168115
lr=0.001,40,,33,1,12,130.41725233059688,0.5191975929542714,0,25.63070401067777,0.9057412479838172,0.0198003223963925,0.0531041188864762
lr=0.001,40,,34,1,14,107.8444244227252,0.5996570704732378,0,21.677589153116955,0.9047501015798396,0.020019300852872,0.0458519203466845
lr=0.001,40,,35,1,23,80.69151283261293,0.566814957515801,0,13.713289876842328,0.9013258833169068,0.0207776792144642,0.0474308848347473
lr=0.001,40,,36,1,13,103.99569036315216,0.6523818091144469,0,19.37143937428536,0.9033800973383516,0.0203223773690386,0.0598385335133019
lr=0.001,40,,37,1,14,118.75505570165112,0.4974114467910702,0,22.14410619219082,0.9028901878994328,0.0204308682089613,0.0505551006642945
lr=0.001,40,,38,1,11,93.9006514156328,0.5824852341323155,0,22.992995158654924,0.9031494835263848,0.0203734396523606,0.0548083515411306
lr=0.001,40,,39,1,16,119.5913835042351,0.5032152783560437,0,20.242300615258102,0.905099914167718,0.0199419877961676,0.0511148536862293
lr=0.001,40,,40,1,14,109.89342230195278,0.5230303925189295,0,22.2902835132262,0.9062756682952982,0.0196823499156336,0.0453485120527733
lr=0.001,40,,41,1,17,146.21147427779067,0.5382975271570711,0,21.83447597128444,0.9063491889902604,0.0196661257764341,0.0487262374026925
lr=0.001,40,,42,1,20,92.21353993943411,0.4720742952946193,0,16.59186626448185,0.9007167266409105,0.0209128939304387,0.0566579783593882
lr=0.001,40,,43,1,16,117.1896725822595,0.5605909107888909,0,21.537252278237556,0.902381217147744,0.0205436425571842,0.0512246175928495
lr=0.001,40,,44,1,17,135.96987685838548,0.5187960024055367,0,21.64748275234207,0.9042594624712336,0.0201277887526347,0.0524744284464942
lr=0.001,40,,45,1,19,106.98438228712692,0.6257028462454595,0,16.977123273568985,0.9022382351506272,0.0205753350000943,0.0509006591905403
lr=0.001,40,,46,1,15,125.9342382549073,0.4490181552111252,0,21.05636291454271,0.9010864842435842,0.0208308078056876,0.0492876397673421
lr=0.001,40,,47,1,10,118.75046701503337,0.6289921728803007,0,23.922833624105923,0.901425416090794,0.0207555945766062,0.0504367331175615
lr=0.001,40,,48,1,18,79.69469084584284,0.5825076506267857,0,18.278089100789884,0.9032498370081118,0.020351217880975,0.0478416833916017
lr=0.001,40,,49,1,17,96.4706260981918,0.5791379887336354,0,19.69879711451547,0.9049461549369012,0.0199759668719074,0.045304562964891
lr=0.001,100,,0,1,15,262.4883213242254,0.4870797473879715,0,21.23096171681848,0.906549661222032,0.0196218933621292,0.0555107831171206
lr=0.001,100,,1,1,17,294.3140300451898,0.4777104053693533,0,20.530908889666986,0.9020845756011638,0.0206093997581119,0.0481286453546992
lr=0.001,100,,2,1,16,268.0774530098063,0.599061826332032,0,19.79864512014258,0.9014287304076384,0.0207548592277482,0.0491962225931205
lr=0.001,100,,3,1,23,264.35716013913424,0.5482533296432683,0,15.447074999931225,0.9005322392835633,0.0209538626941093,0.0514402219806987
lr=0.001,100,,4,1,16,299.7524923899007,0.5382174240597237,0,19.728727281397425,0.9005364506641267,0.0209529273870693,0.0504229565364712
lr=0.001,100,,5,1,19,273.6044633628923,0.53939696991896,0,18.55093512657648,0.9006002358972551,0.0209387618362522,0.0465667988095498
lr=0.001,100,,6,1,14,308.1820227890786,0.5326598636319095,0,20.88028456500228,0.9013192418872832,0.0207791529220798,0.0487482590172137
lr=0.001,100,,7,1,18,288.5415762429134,0.551278522821979,0,18.94268289491763,0.907317718349359,0.0194525188682977,0.0517393290576296
lr=0.001,100,,8,1,20,298.29452060540393,0.5248498112597819,0,16.83327225988656,0.9016962110266924,0.0206955221036545,0.0505534245132704
lr=0.001,100,,9,1,18,313.2056996945057,0.5055046689767231,0,20.09570235221652,0.9023683565833396,0.0205464929392188,0.0486247983899112
lr=0.001,100,,10,1,19,282.46465423351606,0.5076868437449065,0,18.516545476823055,0.904515814702076,0.0200710979661575,0.0490388161847755
lr=0.001,100,,11,1,21,297.1800793768453,0.5731922423814402,0,15.391909826560198,0.902067456232611,0.0206131953071014,0.0527725840595382
lr=0.001,100,,12,1,19,255.64115409895624,0.5233537458111901,0,18.68787293959865,0.9003372949905983,0.0209971627311229,0.0514657800706217
lr=0.001,100,,13,1,19,250.74664997876152,0.555083794385443,0,17.131535758263453,0.903299779521001,0.0203401597816136,0.0493297420642211
lr=0.001,100,,14,1,15,250.63623179234625,0.5338394294007236,0,20.876412545438107,0.9006351291795546,0.0209310130915894,0.0520159978301974
lr=0.001,100,,15,1,16,277.3345247840817,0.5837348085933665,0,19.97930418687169,0.9055987074106798,0.0198317997726867,0.048458415048484
lr=0.001,100,,16,1,17,295.03653414595146,0.5414957660537951,0,19.380019431600928,0.9004497090467759,0.0209721927472055,0.0497982940279659
lr=0.001,100,,17,1,18,297.603397833475,0.5601239562111291,0,19.16537267772321,0.9027928758001772,0.0204524250593978,0.0486354451080916
lr=0.001,100,,18,1,20,284.40247941414225,0.5398396113553601,0,16.603712572110435,0.9013711605117212,0.020767632668933,0.050693943839249
lr=0.001,100,,19,1,20,276.8804533453792,0.5673581004804327,0,17.418140110942733,0.9041400193514672,0.0201542083841687,0.0528420383843875
lr=0.001,100,,20,1,16,311.03121446644224,0.5422991887343511,0,20.078778744256034,0.9055921719302524,0.0198332431281059,0.0527209801219491
lr=0.001,100,,21,1,20,274.31484099821154,0.5613328514766551,0,16.749745924559228,0.9030682634896448,0.0203914264176726,0.0505995335973381
lr=0.001,100,,22,1,19,267.8209756959264,0.555592912630493,0,18.07741222491704,0.9028203759493134,0.0204463329133389,0.0507288573436818
lr=0.001,100,,23,1,14,292.9946915714416,0.5086358806208238,0,21.633872342137263,0.9010690792606912,0.0208346709534082,0.0481059226334398
lr=0.001,100,,24,1,15,254.6390365650483,0.5614978603861636,0,21.268498028098627,0.9033261233344894,0.0203343270713777,0.0480218330084854
lr=0.001,100,,25,1,20,308.6653583472832,0.563955200401355,0,18.18618820961736,0.902175253873955,0.0205892966063626,0.0477097453680787
lr=0.001,100,,26,1,15,293.4232284436813,0.5637202817548381,0,21.178792569064708,0.9001089199035766,0.0210479001730653,0.0508767370153369
lr=0.001,100,,27,1,18,274.32666378574555,0.5530420964287659,0,19.156552765109577,0.904214327753379,0.0201377716936334,0.0501879954695992
lr=0.001,100,,28,1,22,267.6818870057507,0.5511405359703248,0,16.51480917755306,0.9028258638709716,0.0204451171886776,0.0469279827385369
lr=0.001,100,,29,1,24,270.9965144331144,0.5486517839282832,0,13.681321822531007,0.9010697219579108,0.0208345283013063,0.053070132944302
lr=0.001,100,,30,1,18,288.94055545949567,0.5771551648235684,0,17.85952184598846,0.902507002265848,0.0205157660123756,0.0499292911125794
lr=0.001,100,,31,1,24,254.10482583257536,0.5340251224248245,0,12.75478639365658,0.9016956661811054,0.0206956429527265,0.0482508539967576
lr=0.001,100,,32,1,18,288.420438847932,0.5502303241411606,0,18.63318594306259,0.9026112866509832,0.0204926574137,0.0512819437055316
lr=0.001,100,,33,1,19,319.7002034671911,0.506149118490993,0,18.68417787613295,0.9034343939352268,0.0203103569658032,0.0492081457775776
lr=0.001,100,,34,1,13,322.60715136936363,0.5121547904235868,0,21.825537726139565,0.9009818562171084,0.0208540317920912,0.0478175559192498
lr=0.001,100,,35,1,20,309.88929874406057,0.5003576039226112,0,17.69743691819867,0.9026168531268982,0.0204914240015251,0.0485730176483113
lr=0.001,100,,36,1,18,238.5059510806714,0.5454816124825841,0,17.203420658486326,0.901634464827818,0.0207092181383807,0.0519289020329529
lr=0.001,100,,37,1,23,334.3391881171396,0.5368946776013883,0,15.610431089514314,0.9019218156153836,0.0206454883189982,0.0504027776900741
lr=0.001,100,,38,1,19,290.15842917414415,0.5443837954891086,0,17.797980803724244,0.9036806379110564,0.0202558515307834,0.0499642161512087
lr=0.001,100,,39,1,21,276.11397528778866,0.5156420406074118,0,17.103199051018855,0.9038360549093872,0.0202214580451064,0.0510093059018105
lr=0.001,100,,40,1,21,269.27826210995335,0.476614476705083,0,16.999286474365125,0.9038268805532332,0.0202234881483904,0.0487298065445969
lr=0.001,100,,41,1,18,310.94095006921896,0.5307578545504101,0,19.299208342636422,0.9013955006532188,0.0207622320495355,0.052230798049627
lr=0.001,100,,42,1,18,222.3777428817665,0.5659624517500721,0,17.552464901299565,0.9019741630206476,0.0206338806862082,0.0470524920700886
lr=0.001,100,,43,1,13,291.5433136856299,0.5282660329537565,0,21.961228692928028,0.902982323385782,0.020410460237556,0.0537372396140668
lr=0.001,100,,44,1,17,265.0700698479237,0.5043554484010542,0,19.984949460653333,0.9006444813254276,0.0209289363133216,0.0493774124502028
lr=0.001,100,,45,1,23,299.74232979798705,0.4956649867867155,0,16.196018711728478,0.9028014333549664,0.0204505292725654,0.0499388909287585
lr=0.001,100,,46,1,21,273.47905575311205,0.5213517921825992,0,17.260030727723322,0.902521737651068,0.0205125006050401,0.0498474548572105
lr=0.001,100,,47,1,20,237.63957061436167,0.5347699893246782,0,17.25299787788215,0.9038059568671604,0.0202281182227375,0.0475039152607714
lr=0.001,100,,48,1,18,268.5635922485209,0.5319482262616926,0,18.99234025907849,0.9009294992618788,0.0208656543294786,0.0517327325485493
lr=0.001,100,,49,1,17,246.72751542670613,0.5042341304730709,0,19.280994714542224,0.9009281847419442,0.0208659461438535,0.0478420540499223
context_window=10,10,,0,1,5,14.589599589120706,0.5189919638697844,0,22.88035184764978,0.9096645365219076,0.0189358777241646,0.0514947767647606
context_window=10,10,,1,1,11,43.89310856864026,0.4473625934582068,0,26.01225039705037,0.9001586376451609,0.0210368534280659,0.0470137972151272
context_window=10,10,,2,1,10,31.67909950760022,0.4362592489048211,0,26.215884834945378,0.9113375113299984,0.0185683931777865,0.0504916238271101
context_window=10,10,,3,1,9,39.32138905908265,0.5844458668111026,0,27.458758609964125,0.9098745091727494,0.018889718197713,0.0510718484014883
context_window=10,10,,4,1,5,9.656427687265657,0.5657236871739033,0,23.1688794647114,0.9033725716077784,0.0203240435031371,0.0566109539915455
context_window=10,10,,5,1,6,27.81648118174587,0.5320013638861487,0,25.08313166971338,0.9165771464426036,0.017421808036955,0.0485148065919579
context_window=10,10,,6,1,9,26.729698236277763,0.6537017088531882,0,28.52187419249196,0.9030538018397816,0.0203946292244244,0.0448421321330638
context_window=10,10,,7,1,5,24.564425648632916,0.6410570558029864,0,25.297275667341687,0.9123704040302224,0.0183418453184574,0.0530681230954682
context_window=10,10,,8,1,6,16.785991695844736,0.5758957654910422,0,26.39067341758457,0.9153623330966046,0.017687059927126,0.0490223592210482
context_window=10,10,,9,1,14,53.08952634375872,0.4981934881091772,0,22.857560348725475,0.908725867353502,0.019142361271324,0.0560255433218859
context_window=10,10,,10,1,10,38.40163388481081,0.41726117364978,0,24.956575877191703,0.916441413487405,0.0174514275854775,0.0544255754342466
context_window=10,10,,11,1,9,34.821896527589395,0.3826093864020643,0,26.666022148620268,0.9012394342603371,0.020796862775979,0.0567061312951648
context_window=10,10,,12,1,14,19.1755482583122,0.5805284459416971,0,25.029880471517394,0.917492771772644,0.0172221154522799,0.0560185150881695
context_window=10,10,,13,1,5,30.318771839550557,0.6192789446733078,0,26.625167074531703,0.9148350436285204,0.0178023020292902,0.0392729848949411
context_window=10,10,,14,1,8,13.894722800226846,0.5605674228528725,0,23.702917765222004,0.9149966941551408,0.0177669653316687,0.0562338636607838
context_window=10,10,,15,1,11,40.69309304333787,0.6350299741563783,0,25.213873353521763,0.9069328835537888,0.0195373659783801,0.052786743947462
context_window=10,10,,16,1,6,33.35597224070379,0.6495488176022968,0,29.221552793892144,0.9201810481992492,0.0166369673558078,0.0499841898562143
context_window=10,10,,17,1,5,24.7240265768937,0.4808021917511009,0,26.29179120133032,0.9163970052337722,0.0174611192753042,0.0503714312462606
context_window=10,10,,18,1,16,24.473654723250657,0.3328004492072833,0,22.800180161868965,0.9090906760387718,0.0190620872323417,0.0544380800876651
context_window=10,10,,19,1,11,10.441418877222258,0.6535366639314577,0,23.17667225625502,0.9090258248727308,0.0190763550014392,0.0592918088239665
context_window=10,10,,20,1,10,21.0589688832679,0.5548874436230427,0,25.26805547115918,0.9206493221228425,0.0165352145943924,0.0386274644160248
context_window=10,10,,21,1,15,28.445223590755788,0.5660553793967158,0,22.50568309003944,0.901671287591542,0.020701050302465,0.051597857480327
context_window=10,10,,22,1,14,25.2743247654863,0.4952071907231692,0,23.81836680409528,0.9067008270561374,0.0195885464339617,0.0428092121040076
context_window=10,10,,23,1,64,21.03595161990564,0.5353899631755719,0,-13.057757349770002,0.9000362171190052,0.0210640550448288,0.0535619554530181
context_window=10,10,,24,1,12,35.85089132732937,0.5698517168219919,0,25.972137806319232,0.9032712608854324,0.0203464742048902,0.0511093425687637
context_window=10,10,,25,1,10,28.02350366317613,0.6625491380839557,0,23.56091255483176,0.901190710285963,0.0208076757274898,0.0494613902561141
context_window=10,10,,26,1,9,27.4625550045882,0.6985321810264087,0,22.3385041696738,0.9058796150810264,0.0197697713908704,0.0499093634543332
context_window=10,10,,27,1,8,7.618470226736051,0.4885843499264704,0,21.17161282570845,0.910076986545434,0.0188452164900584,0.0436248614067565
context_window=10,10,,28,1,10,21.94908531670175,0.5061120237390369,0,22.2186373475496,0.902585063533248,0.0204984679988443,0.0520780523046322
context_window=10,10,,29,1,5,22.216818984044416,0.4205947934611076,0,29.948443425875773,0.9092210210419704,0.0190334133798595,0.0515032643529634
context_window=10,10,,30,1,15,17.770722594265408,0.5252397325797298,0,23.48084356662732,0.9036146511699852,0.020270456059772,0.0562177323582075
context_window=10,10,,31,1,8,17.80823918203287,0.495591091690015,0,25.44926531433216,0.9055613325743648,0.0198400541147647,0.0548369625271045
context_window=10,10,,32,1,11,29.61074517532861,0.6207220638441007,0,27.357888017672884,0.9132796069145828,0.0181426389088879,0.0516296439339815
context_window=10,10,,33,0,120,47.21350026035236,0.6477836383561579,14,-70.96645160732503,0.8986987503333569,0.0213614789691614,0.0486038138492007
context_window=10,10,,34,1,8,46.813524034583686,0.4052523496432307,0,28.263152788874567,0.9067482163935824,0.0195780935706454,0.0497304425153778
context_window=10,10,,35,1,8,36.83020665472989,0.4917216535952413,0,29.758602421714635,0.901390905456092,0.0207632516261445,0.0521923213503033
context_window=10,10,,36,0,120,52.630937547916055,0.4636599428184507,187,-63.8077633366806,0.8940061452379574,0.0224085259928573,0.0509985130901361
context_window=10,10,,37,1,10,17.04563670887124,0.5642139155221695,0,25.277931448431467,0.9078408624005656,0.0193372354828702,0.0521648458032233
context_window=10,10,,38,1,9,21.043367829259186,0.6029198880395679,0,25.619970041945265,0.929152553945506,0.0146964681152095,0.0655308766506919
context_window=10,10,,39,1,10,22.16706174626339,0.6653085910429521,0,21.826560839545465,0.9070225909371312,0.0195175843719014,0.0532978277089925
context_window=10,10,,40,1,12,28.404748349629592,0.619929654615363,0,25.046825733010127,0.903869368808851,0.0202140865123267,0.0401344610520973
context_window=10,10,,41,1,15,27.35379937733823,0.4721486690867686,0,22.054273685188853,0.9074341113376508,0.0194268640131165,0.0507099699369837
context_window=10,10,,42,1,10,19.605999568952317,0.4298087729533095,0,26.371391478932757,0.9088055992038292,0.0191248139876933,0.0550464056586284
context_window=10,10,,43,1,8,23.260313863273133,0.524859346120002,0,28.42935063305057,0.9103978530741051,0.0187747147670989,0.0417250874110353
context_window=10,10,,44,1,6,14.86492735983824,0.6639805662089262,0,23.686738218675103,0.9039465566171304,0.0201970078247809,0.0592249995118537
context_window=10,10,,45,1,11,17.856081958844204,0.4803939858134649,0,26.405873295511327,0.9164133834435206,0.0174575448281382,0.0568588874032446
context_window=10,10,,46,1,7,20.44586004278073,0.5048351316254078,0,28.343167444783248,0.9004396860387186,0.0209744189823279,0.0493535247130025
context_window=10,10,,47,1,12,56.6633433788988,0.5529323049450667,0,24.74692137098984,0.902979826669957,0.0204110132316097,0.0469795009592129
context_window=10,10,,48,1,10,21.11644483816881,0.618948791432965,0,22.794549496565445,0.902722839524695,0.0204679411304954,0.0464651644638238
context_window=10,10,,49,1,14,21.555719924208557,0.504701578058619,0,26.309448426373777,0.9014333795397684,0.0207538277274234,0.0494517013955413
context_window=10,40,,0,1,24,130.3664201868716,0.5317403122381694,0,16.98207052912608,0.9046174948744242,0.020048616444886,0.0438899897593966
context_window=10,40,,1,1,17,95.36955763195166,0.514962888323327,0,20.92385251670394,0.903447901331287,0.0203073667552962,0.0525125827477572
context_window=10,40,,2,1,12,108.89561406293925,0.5554994003045182,0,25.09712858523634,0.9067836458275476,0.0195702791098779,0.049169714398787
context_window=10,40,,3,1,10,94.49193533701984,0.5394228072991014,0,23.423551632959903,0.9013593164656056,0.0207702606926487,0.0497172632615435
context_window=10,40,,4,1,17,117.98366920565525,0.5350126661113681,0,20.63575120373756,0.9001575521573842,0.0210370946052065,0.0569827045161239
context_window=10,40,,5,1,11,134.39751260758095,0.5085561462747261,0,25.21634677696104,0.907197448626303,0.0194790316746762,0.0519388369473987
context_window=10,40,,6,1,12,112.92207976633723,0.3650295993505073,0,25.609291376461737,0.906599935058972,0.0196108024213583,0.0548029352289014
context_window=10,40,,7,1,14,113.39706575853116,0.5930375442942233,0,22.49480577091421,0.9041057249310356,0.0201617946142027,0.0484081865718136
context_window=10,40,,8,1,8,97.37056805064664,0.5359293081168781,0,26.343097480779324,0.9038309879210368,0.0202225792667098,0.0535630211578709
context_window=10,40,,9,1,20,86.28522269804465,0.5818965949881689,0,15.97600205460448,0.9008821149605484,0.0208761735870896,0.0528209413286863
context_window=10,40,,10,1,17,98.57125161417522,0.5561958367607747,0,19.1156569714663,0.9001467216368022,0.0210395009807819,0.0495492963492976
context_window=10,40,,11,1,35,89.21771788717999,0.5818526128299994,0,6.633644845911537,0.9002238039989316,0.0210223750922875,0.0494485141838666
context_window=10,40,,12,1,19,125.47858675895336,0.5341208432333755,0,19.622012127185464,0.9056212677777,0.0198268174144242,0.047842009363625
context_window=10,40,,13,1,16,121.20867762438296,0.5540659926666947,0,22.177694083088745,0.9019553704838088,0.0206380477085869,0.0539533937567157
context_window=10,40,,14,1,17,143.3631084628527,0.5536747641784798,0,21.286931715545297,0.9030026237456292,0.0204059639963486,0.0478754017066275
context_window=10,40,,15,1,8,115.66076115921082,0.64209394142863,0,25.384204500325332,0.907397899832653,0.0194348452487966,0.0500812374273742
context_window=10,40,,16,1,28,102.49260887360808,0.490393655238093,0,13.151851661195035,0.9013943776933752,0.0207624812099855,0.0511301938390059
context_window=10,40,,17,1,16,115.67158049523236,0.5678044431846838,0,19.75190943040604,0.9035285942751082,0.0202895042221484,0.0461153415839269
context_window=10,40,,18,1,20,85.5131020849801,0.6071635006139366,0,16.622349755044176,0.900882404179978,0.0208761093790477,0.047572375119174
context_window=10,40,,19,1,14,98.42771696835412,0.5780849071642011,0,23.762304277128614,0.9067968637798997,0.0195673637824839,0.0553004635080928
context_window=10,40,,20,1,13,120.38314021336348,0.4594439656491376,0,24.510993306520035,0.9039348668372356,0.0201995942288987,0.0498136571642387
context_window=10,40,,21,1,19,120.32881167337813,0.4112381748193894,0,21.529469346339148,0.9001796452670239,0.021032185944835,0.0497672141793789
context_window=10,40,,22,1,17,95.63640393497931,0.568004548279172,0,18.94975968301909,0.9007506742525272,0.0209053561617055,0.0506458548488631
context_window=10,40,,23,1,23,123.99403288483082,0.554854209976035,0,17.00319868110532,0.9016740518568098,0.0207004371608315,0.0537444391407298
context_window=10,40,,24,1,21,107.14489802797488,0.5230185696147542,0,18.167474794258624,0.901993823415584,0.0206295213195043,0.0509380987556883
context_window=10,40,,25,1,12,109.70411990406006,0.5089460169230213,0,24.668450808523943,0.9059936125760966,0.0197446046201537,0.0475147821738983
context_window=10,40,,26,1,23,97.44023321441954,0.5368059101512948,0,15.783641831041471,0.902789105462421,0.020453260321999,0.0509045828746055
context_window=10,40,,27,1,12,108.44227402953956,0.5664048049746429,0,23.392391962679906,0.9060265303849012,0.0197373380764707,0.048382229225286
context_window=10,40,,28,1,16,111.21187746342125,0.5087801321439773,0,20.85018887784147,0.9005830800987457,0.0209425717313045,0.0538891680566078
context_window=10,40,,29,1,13,144.3738069579925,0.4967071929847346,0,23.99935400979332,0.9045972000263656,0.0200531034409549,0.0473874063490133
context_window=10,40,,30,1,14,97.40549199197456,0.487896756872719,0,22.45503104585457,0.9009537147285775,0.0208602787387605,0.050193699290879
context_window=10,40,,31,1,24,78.51369436733248,0.5564716835455035,0,14.615631131595295,0.9002475409046959,0.0210171016052459,0.0484831551252746
context_window=10,40,,32,1,21,114.24278504511312,0.4718388959695987,0,19.260917889728347,0.9025018213155568,0.0205169141397916,0.0532107231168115
context_window=10,40,,33,1,11,127.43908251199916,0.5390616878475103,0,25.988879445304587,0.9013271158780892,0.0207774057150867,0.0531041188864762
context_window=10,40,,34,1,14,113.32374347306867,0.5948583972718917,0,22.98038686189965,0.9023614662547302,0.0205480201104379,0.0458519203466845
context_window=10,40,,35,1,27,79.32229050397221,0.5886951912572254,0,10.643005713054109,0.9015725148134388,0.0207229603244088,0.0474308848347473
context_window=10,40,,36,1,13,117.62228872372222,0.5998571658481922,0,20.62053955593169,0.9028323409746009,0.0204436823426782,0.0598385335133019
context_window=10,40,,37,1,14,122.1663026941002,0.5063430031919798,0,23.20756169858204,0.9013035757701794,0.0207826292160557,0.0505551006642945
context_window=10,40,,38,1,11,94.23055015774943,0.5802018035079044,0,24.483448823123503,0.908761985578275,0.0191344122278749,0.0548083515411306
context_window=10,40,,39,1,17,117.42606268073948,0.5050271449437529,0,19.398416373789267,0.902399326575842,0.0205396288995322,0.0511148536862293
context_window=10,40,,40,1,12,109.12268362099756,0.5202810156279265,0,24.068753990481703,0.9004840790889025,0.0209645589202748,0.0453485120527733
context_window=10,40,,41,1,16,144.53838796614838,0.5374984339853937,0,22.49147710012773,0.902134374280038,0.0205983592624138,0.0487262374026925
context_window=10,40,,42,1,22,87.96905582899639,0.4834023412005332,0,14.85746623510917,0.9006369895694141,0.0209305999635917,0.0566579783593882
context_window=10,40,,43,1,15,121.72809820504932,0.5782222957035035,0,23.92563185781227,0.902838112610778,0.020442403784641,0.0512246175928495
context_window=10,40,,44,1,16,141.79246356745378,0.4958856580789197,0,23.56544936440135,0.9059153786103706,0.0197618756787235,0.0524744284464942
context_window=10,40,,45,1,23,103.3503517897,0.6288673998474168,0,14.22602474754808,0.9008748820345236,0.0208777793365967,0.0509006591905403
context_window=10,40,,46,1,15,135.1175892744086,0.4511024498927536,0,22.22516269674696,0.905248517752765,0.0199091535455315,0.0492876397673421
context_window=10,40,,47,1,9,114.011482322099,0.6324329907749657,0,25.020312584409027,0.9087723428519512,0.0191321328159234,0.0504367331175615
context_window=10,40,,48,1,20,75.50853490128435,0.6125285717379587,0,15.651959120002196,0.9018263206213228,0.0206666653319595,0.0478416833916017
context_window=10,40,,49,1,18,102.87165017938608,0.5618785409947529,0,20.51031829811307,0.9009649570914208,0.0208577830960838,0.045304562964891
context_window=10,100,,0,1,16,251.5128708682366,0.5136755923624241,0,20.452849750094224,0.9013614336282584,0.0207697909221304,0.0555107831171206
context_window=10,100,,1,1,18,299.1359806808242,0.4793739949021174,0,20.455165058346445,0.9032078961605032,0.0203605047514831,0.0481286453546992
context_window=10,100,,2,1,18,265.4923173960087,0.5811415694981645,0,18.76282175196023,0.9010270791119148,0.0208439934634394,0.0491962225931205
context_window=10,100,,3,1,24,268.2806886595133,0.5333000559861749,0,14.727165547757624,0.9018253553797708,0.020666879395809,0.0514402219806987
context_window=10,100,,4,1,17,327.809258522323,0.5286827748068241,0,20.25737819281131,0.9019382029036488,0.0206418544919612,0.0504229565364712
context_window=10,100,,5,1,20,276.875945018046,0.5406612772608155,0,18.166811046858136,0.9020080752295538,0.0206263612753867,0.0465667988095498
context_window=10,100,,6,1,15,311.5676404675194,0.5190296393538898,0,21.11707957167457,0.901416843973374,0.0207574964884063,0.0487482590172137
context_window=10,100,,7,1,17,296.1613414324532,0.5571403838733224,0,20.972473660715178,0.9006749363251436,0.0209221734928201,0.0517393290576296
context_window=10,100,,8,1,21,305.27640858136976,0.5152181563852387,0,16.586749665869064,0.9033042324773476,0.0203391738530278,0.0505534245132704
context_window=10,100,,9,1,18,317.4855115641581,0.5024772043318133,0,20.467305243405804,0.9021408561849882,0.0205969222521748,0.0486247983899112
context_window=10,100,,10,1,19,288.52440654543307,0.5074247423816709,0,18.96840650342521,0.9007701925729348,0.0209010224188624,0.0490388161847755
context_window=10,100,,11,1,22,311.8644643675696,0.5338060421623874,0,16.901682461546983,0.9007530366128242,0.020904831630941,0.0527725840595382
context_window=10,100,,12,1,20,271.5245664331942,0.526757359603258,0,19.029911467600517,0.9039000798102372,0.0202072911764695,0.0514657800706217
context_window=10,100,,13,1,19,275.48297677889525,0.5199686577691318,0,18.782184211871325,0.9003781378280556,0.0209880901510316,0.0493297420642211
context_window=10,100,,14,1,15,258.5735248451181,0.5224379606201779,0,21.68230735228451,0.9012780548635172,0.020788292406278,0.0520159978301974
context_window=10,100,,15,1,16,277.9860492730856,0.5797255148211755,0,21.41917385938165,0.9028008966640982,0.0204506481671546,0.048458415048484
context_window=10,100,,16,1,18,298.2321787074308,0.5386964350456518,0,20.427320069511158,0.9026306722588432,0.0204883620099144,0.0497982940279659
context_window=10,100,,17,1,19,307.00131222326706,0.5506100250207144,0,19.45870224152438,0.9007533823272734,0.0209047548697492,0.0486354451080916
context_window=10,100,,18,1,20,293.54293769429506,0.5293464247689352,0,16.684804225286253,0.9001627502301413,0.0210359396834406,0.050693943839249
context_window=10,100,,19,1,20,283.8816209699052,0.5537728909232875,0,18.79006332029885,0.9024818297696487,0.0205213444394005,0.0528420383843875
context_window=10,100,,20,1,16,313.4913726347544,0.5539827465948406,0,20.771727645340228,0.9035949105839622,0.0202748253562701,0.0527209801219491
context_window=10,100,,21,1,20,277.6535124470332,0.5682558352167808,0,16.64252317902963,0.9000069748265028,0.0210705531761261,0.0505995335973381
context_window=10,100,,22,1,19,289.9937474829205,0.5361201947855028,0,19.3751726104521,0.9014059486208976,0.0207599138868375,0.0507288573436818
context_window=10,100,,23,1,14,295.77987842179374,0.5104545387237509,0,22.18846225452704,0.901510702262182,0.020736672958567,0.0481059226334398
context_window=10,100,,24,1,15,248.7022976086502,0.5748025365841134,0,21.944769072580836,0.9019080181238202,0.0206485479183697,0.0480218330084854
context_window=10,100,,25,1,20,340.5976149523111,0.5347814237449955,0,20.188714478444965,0.9014363639807798,0.0207531655739823,0.0477097453680787
context_window=10,100,,26,1,16,303.0026077643471,0.5489356970167358,0,21.92525617659301,0.904816560072723,0.0200046103760143,0.0508767370153369
context_window=10,100,,27,1,18,273.5225208049679,0.5519062143085574,0,19.419422120054183,0.9021468400970518,0.0205955956539663,0.0501879954695992
context_window=10,100,,28,1,22,304.47192848846555,0.4989787837166073,0,18.975362037919396,0.9012421706769153,0.0207962555206105,0.0469279827385369
context_window=10,100,,29,1,25,282.24056230068504,0.5512421299171995,0,14.961402612679002,0.9012304349687827,0.0207988598782237,0.053070132944302
context_window=10,100,,30,1,18,295.0700730999479,0.5681177519591403,0,18.972862435967716,0.9025604530705263,0.0205039214013532,0.0499292911125794
context_window=10,100,,31,1,25,273.3389164908751,0.5325838033253281,0,13.060570335880072,0.9018214466891922,0.0206677462374931,0.0482508539967576
context_window=10,100,,32,1,19,286.9673199353156,0.5519887296001027,0,18.64830306951319,0.9007166727131994,0.0209129059048389,0.0512819437055316
context_window=10,100,,33,1,19,330.5204268780768,0.5049464195580959,0,19.696318217169985,0.9011296694525516,0.0208212228934922,0.0492081457775776
context_window=10,100,,34,1,14,319.15836628978684,0.5254897958361815,0,21.67429350346868,0.9021676417558858,0.0205909841166663,0.0478175559192498
context_window=10,100,,35,1,20,312.8549084021269,0.4952710489674978,0,17.911508411785192,0.9017738618619155,0.0206782995644089,0.0485730176483113
context_window=10,100,,36,1,19,227.90907494568967,0.5809946225935652,0,15.910837430742312,0.9003402786296781,0.0209964999497069,0.0519289020329529
context_window=10,100,,37,1,24,351.4172629249204,0.5265541431748246,0,14.858248827140416,0.9026726451482816,0.0204790621013525,0.0504027776900741
context_window=10,100,,38,1,19,276.0663502298395,0.5658940196489017,0,17.165370456078534,0.9011724201799898,0.0208117348664423,0.0499642161512087
context_window=10,100,,39,1,21,279.6504620833832,0.51928659417554,0,17.306422427399582,0.9015766935089968,0.0207220333471984,0.0510093059018105
context_window=10,100,,40,1,23,271.80232632847105,0.4900718601707283,0,15.998911751368311,0.901666276002796,0.0207021619276753,0.0487298065445969
context_window=10,100,,41,1,19,318.9338492085071,0.5333406376116294,0,19.894036607687102,0.9021702822628932,0.020590398748045,0.052230798049627
context_window=10,100,,42,1,18,235.234178489771,0.5379893389387227,0,18.824874787568064,0.9000883427178132,0.0210524723799431,0.0470524920700886
context_window=10,100,,43,1,15,279.2951344571477,0.5470128184592074,0,20.67380419395105,0.900816364561266,0.0208907710128096,0.0537372396140668
context_window=10,100,,44,1,17,273.73276887621125,0.509277520676495,0,21.869845670525716,0.9001859081545106,0.0210307944746472,0.0493774124502028
context_window=10,100,,45,1,24,299.2840307155673,0.5109923196985071,0,15.301246665094162,0.9024034567617888,0.0205387135228529,0.0499388909287585
context_window=10,100,,46,1,24,295.6569647997976,0.5024530307293567,0,17.032727878837964,0.9000717728219377,0.0210561542515129,0.0498474548572105
context_window=10,100,,47,1,20,247.40958877873683,0.5299620610502476,0,18.317348670968904,0.9025296779170732,0.0205107410394262,0.0475039152607714
context_window=10,100,,48,1,19,267.9969602005867,0.5306859515704103,0,19.52403332799096,0.9005074732619893,0.0209593630773387,0.0517327325485493
context_window=10,100,,49,1,17,254.74496407317667,0.5128346794230119,0,19.784457716038496,0.9024944457586404,0.0205185486156187,0.0478420540499223
attention_heads=4,10,,0,1,5,14.589599589120706,0.5189919638697844,0,22.88035184764978,0.9096645365219076,0.0189358777241646,0.0514947767647606
attention_heads=4,10,,1,1,11,43.89310856864026,0.4473625934582068,0,26.01225039705037,0.9001586376451609,0.0210368534280659,0.0470137972151272
attention_heads=4,10,,2,1,10,31.67909950760022,0.4362592489048211,0,26.215884834945378,0.9113375113299984,0.0185683931777865,0.0504916238271101
attention_heads=4,10,,3,1,9,39.32138905908265,0.5844458668111026,0,27.458758609964125,0.9098745091727494,0.018889718197713,0.0510718484014883
attention_heads=4,10,,4,1,5,9.656427687265657,0.5657236871739033,0,23.1688794647114,0.9033725716077784,0.0203240435031371,0.0566109539915455
attention_heads=4,10,,5,1,6,27.81648118174587,0.5320013638861487,0,25.08313166971338,0.9165771464426036,0.017421808036955,0.0485148065919579
attention_heads=4,10,,6,1,9,26.729698236277763,0.6537017088531882,0,28.52187419249196,0.9030538018397816,0.0203946292244244,0.0448421321330638
attention_heads=4,10,,7,1,5,24.564425648632916,0.6410570558029864,0,25.297275667341687,0.9123704040302224,0.0183418453184574,0.0530681230954682
attention_heads=4,10,,8,1,6,16.785991695844736,0.5758957654910422,0,26.39067341758457,0.9153623330966046,0.017687059927126,0.0490223592210482
attention_heads=4,10,,9,1,14,53.08952634375872,0.4981934881091772,0,22.857560348725475,0.908725867353502,0.019142361271324,0.0560255433218859
attention_heads=4,10,,10,1,10,38.40163388481081,0.41726117364978,0,24.956575877191703,0.916441413487405,0.0174514275854775,0.0544255754342466
attention_heads=4,10,,11,1,9,34.821896527589395,0.3826093864020643,0,26.666022148620268,0.9012394342603371,0.020796862775979,0.0567061312951648
attention_heads=4,10,,12,1,14,19.1755482583122,0.5805284459416971,0,25.029880471517394,0.917492771772644,0.0172221154522799,0.0560185150881695
attention_heads=4,10,,13,1,5,30.318771839550557,0.6192789446733078,0,26.625167074531703,0.9148350436285204,0.0178023020292902,0.0392729848949411
attention_heads=4,10,,14,1,8,13.894722800226846,0.5605674228528725,0,23.702917765222004,0.9149966941551408,0.0177669653316687,0.0562338636607838
attention_heads=4,10,,15,1,11,40.69309304333787,0.6350299741563783,0,25.213873353521763,0.9069328835537888,0.0195373659783801,0.052786743947462
attention_heads=4,10,,16,1,6,33.35597224070379,0.6495488176022968,0,29.221552793892144,0.9201810481992492,0.0166369673558078,0.0499841898562143
attention_heads=4,10,,17,1,5,24.7240265768937,0.4808021917511009,0,26.29179120133032,0.9163970052337722,0.0174611192753042,0.0503714312462606
attention_heads=4,10,,18,1,16,24.473654723250657,0.3328004492072833,0,22.800180161868965,0.9090906760387718,0.0190620872323417,0.0544380800876651
attention_heads=4,10,,19,1,11,10.441418877222258,0.6535366639314577,0,23.17667225625502,0.9090258248727308,0.0190763550014392,0.0592918088239665
attention_heads=4,10,,20,1,10,21.0589688832679,0.5548874436230427,0,25.26805547115918,0.9206493221228425,0.0165352145943924,0.0386274644160248
attention_heads=4,10,,21,1,15,28.445223590755788,0.5660553793967158,0,22.50568309003944,0.901671287591542,0.020701050302465,0.051597857480327
attention_heads=4,10,,22,1,14,25.2743247654863,0.4952071907231692,0,23.81836680409528,0.9067008270561374,0.0195885464339617,0.0428092121040076
attention_heads=4,10,,23,1,64,21.03595161990564,0.5353899631755719,0,-13.057757349770002,0.9000362171190052,0.0210640550448288,0.0535619554530181
attention_heads=4,10,,24,1,12,35.85089132732937,0.5698517168219919,0,25.972137806319232,0.9032712608854324,0.0203464742048902,0.0511093425687637
attention_heads=4,10,,25,1,10,28.02350366317613,0.6625491380839557,0,23.56091255483176,0.901190710285963,0.0208076757274898,0.0494613902561141
attention_heads=4,10,,26,1,9,27.4625550045882,0.6985321810264087,0,22.3385041696738,0.9058796150810264,0.0197697713908704,0.0499093634543332
attention_heads=4,10,,27,1,8,7.618470226736051,0.4885843499264704,0,21.17161282570845,0.910076986545434,0.0188452164900584,0.0436248614067565
attention_heads=4,10,,28,1,10,21.94908531670175,0.5061120237390369,0,22.2186373475496,0.902585063533248,0.0204984679988443,0.0520780523046322
attention_heads=4,10,,29,1,5,22.216818984044416,0.4205947934611076,0,29.948443425875773,0.9092210210419704,0.0190334133798595,0.0515032643529634
attention_heads=4,10,,30,1,15,17.770722594265408,0.5252397325797298,0,23.48084356662732,0.9036146511699852,0.020270456059772,0.0562177323582075
attention_heads=4,10,,31,1,8,17.80823918203287,0.495591091690015,0,25.44926531433216,0.9055613325743648,0.0198400541147647,0.0548369625271045
attention_heads=4,10,,32,1,11,29.61074517532861,0.6207220638441007,0,27.357888017672884,0.9132796069145828,0.0181426389088879,0.0516296439339815
attention_heads=4,10,,33,0,120,47.21350026035236,0.6477836383561579,14,-70.96645160732503,0.8986987503333569,0.0213614789691614,0.0486038138492007
attention_heads=4,10,,34,1,8,46.813524034583686,0.4052523496432307,0,28.263152788874567,0.9067482163935824,0.0195780935706454,0.0497304425153778
attention_heads=4,10,,35,1,8,36.83020665472989,0.4917216535952413,0,29.758602421714635,0.901390905456092,0.0207632516261445,0.0521923213503033
attention_heads=4,10,,36,0,120,52.630937547916055,0.4636599428184507,187,-63.8077633366806,0.8940061452379574,0.0224085259928573,0.0509985130901361
attention_heads=4,10,,37,1,10,17.04563670887124,0.5642139155221695,0,25.277931448431467,0.9078408624005656,0.0193372354828702,0.0521648458032233
attention_heads=4,10,,38,1,9,21.043367829259186,0.6029198880395679,0,25.619970041945265,0.929152553945506,0.0146964681152095,0.0655308766506919
attention_heads=4,10,,39,1,10,22.16706174626339,0.6653085910429521,0,21.826560839545465,0.9070225909371312,0.0195175843719014,0.0532978277089925
attention_heads=4,10,,40,1,12,28.404748349629592,0.619929654615363,0,25.046825733010127,0.903869368808851,0.0202140865123267,0.0401344610520973
attention_heads=4,10,,41,1,15,27.35379937733823,0.4721486690867686,0,22.054273685188853,0.9074341113376508,0.0194268640131165,0.0507099699369837
attention_heads=4,10,,42,1,10,19.605999568952317,0.4298087729533095,0,26.371391478932757,0.9088055992038292,0.0191248139876933,0.0550464056586284
attention_heads=4,10,,43,1,8,23.260313863273133,0.524859346120002,0,28.42935063305057,0.9103978530741051,0.0187747147670989,0.0417250874110353
attention_heads=4,10,,44,1,6,14.86492735983824,0.6639805662089262,0,23.686738218675103,0.9039465566171304,0.0201970078247809,0.0592249995118537
attention_heads=4,10,,45,1,11,17.856081958844204,0.4803939858134649,0,26.405873295511327,0.9164133834435206,0.0174575448281382,0.0568588874032446
attention_heads=4,10,,46,1,7,20.44586004278073,0.5048351316254078,0,28.343167444783248,0.9004396860387186,0.0209744189823279,0.0493535247130025
attention_heads=4,10,,47,1,12,56.6633433788988,0.5529323049450667,0,24.74692137098984,0.902979826669957,0.0204110132316097,0.0469795009592129
attention_heads=4,10,,48,1,10,21.11644483816881,0.618948791432965,0,22.794549496565445,0.902722839524695,0.0204679411304954,0.0464651644638238
attention_heads=4,10,,49,1,14,21.555719924208557,0.504701578058619,0,26.309448426373777,0.9014333795397684,0.0207538277274234,0.0494517013955413
attention_heads=4,40,,0,1,24,130.3664201868716,0.5317403122381694,0,16.98207052912608,0.9046174948744242,0.020048616444886,0.0438899897593966
attention_heads=4,40,,1,1,17,95.36955763195166,0.514962888323327,0,20.92385251670394,0.903447901331287,0.0203073667552962,0.0525125827477572
attention_heads=4,40,,2,1,12,108.89561406293925,0.5554994003045182,0,25.09712858523634,0.9067836458275476,0.0195702791098779,0.049169714398787
attention_heads=4,40,,3,1,10,94.49193533701984,0.5394228072991014,0,23.423551632959903,0.9013593164656056,0.0207702606926487,0.0497172632615435
attention_heads=4,40,,4,1,17,117.98366920565525,0.5350126661113681,0,20.63575120373756,0.9001575521573842,0.0210370946052065,0.0569827045161239
attention_heads=4,40,,5,1,11,134.39751260758095,0.5085561462747261,0,25.21634677696104,0.907197448626303,0.0194790316746762,0.0519388369473987
attention_heads=4,40,,6,1,12,112.92207976633723,0.3650295993505073,0,25.609291376461737,0.906599935058972,0.0196108024213583,0.0548029352289014
attention_heads=4,40,,7,1,14,113.39706575853116,0.5930375442942233,0,22.49480577091421,0.9041057249310356,0.0201617946142027,0.0484081865718136
attention_heads=4,40,,8,1,8,97.37056805064664,0.5359293081168781,0,26.343097480779324,0.9038309879210368,0.0202225792667098,0.0535630211578709
attention_heads=4,40,,9,1,20,86.28522269804465,0.5818965949881689,0,15.97600205460448,0.9008821149605484,0.0208761735870896,0.0528209413286863
attention_heads=4,40,,10,1,17,98.57125161417522,0.5561958367607747,0,19.1156569714663,0.9001467216368022,0.0210395009807819,0.0495492963492976
attention_heads=4,40,,11,1,35,89.21771788717999,0.5818526128299994,0,6.633644845911537,0.9002238039989316,0.0210223750922875,0.0494485141838666
attention_heads=4,40,,12,1,19,125.47858675895336,0.5341208432333755,0,19.622012127185464,0.9056212677777,0.0198268174144242,0.047842009363625
attention_heads=4,40,,13,1,16,121.20867762438296,0.5540659926666947,0,22.177694083088745,0.9019553704838088,0.0206380477085869,0.0539533937567157
attention_heads=4,40,,14,1,17,143.3631084628527,0.5536747641784798,0,21.286931715545297,0.9030026237456292,0.0204059639963486,0.0478754017066275
attention_heads=4,40,,15,1,8,115.66076115921082,0.64209394142863,0,25.384204500325332,0.907397899832653,0.0194348452487966,0.0500812374273742
attention_heads=4,40,,16,1,28,102.49260887360808,0.490393655238093,0,13.151851661195035,0.9013943776933752,0.0207624812099855,0.0511301938390059
attention_heads=4,40,,17,1,16,115.67158049523236,0.5678044431846838,0,19.75190943040604,0.9035285942751082,0.0202895042221484,0.0461153415839269
attention_heads=4,40,,18,1,20,85.5131020849801,0.6071635006139366,0,16.622349755044176,0.900882404179978,0.0208761093790477,0.047572375119174
attention_heads=4,40,,19,1,14,98.42771696835412,0.5780849071642011,0,23.762304277128614,0.9067968637798997,0.0195673637824839,0.0553004635080928
attention_heads=4,40,,20,1,13,120.38314021336348,0.4594439656491376,0,24.510993306520035,0.9039348668372356,0.0201995942288987,0.0498136571642387
attention_heads=4,40,,21,1,19,120.32881167337813,0.4112381748193894,0,21.529469346339148,0.9001796452670239,0.021032185944835,0.0497672141793789
attention_heads=4,40,,22,1,17,95.63640393497931,0.568004548279172,0,18.94975968301909,0.9007506742525272,0.0209053561617055,0.0506458548488631
attention_heads=4,40,,23,1,23,123.99403288483082,0.554854209976035,0,17.00319868110532,0.9016740518568098,0.0207004371608315,0.0537444391407298
attention_heads=4,40,,24,1,21,107.14489802797488,0.5230185696147542,0,18.167474794258624,0.901993823415584,0.0206295213195043,0.0509380987556883
attention_heads=4,40,,25,1,12,109.70411990406006,0.5089460169230213,0,24.668450808523943,0.9059936125760966,0.0197446046201537,0.0475147821738983
attention_heads=4,40,,26,1,23,97.44023321441954,0.5368059101512948,0,15.783641831041471,0.902789105462421,0.020453260321999,0.0509045828746055
attention_heads=4,40,,27,1,12,108.44227402953956,0.5664048049746429,0,23.392391962679906,0.9060265303849012,0.0197373380764707,0.048382229225286
attention_heads=4,40,,28,1,16,111.21187746342125,0.5087801321439773,0,20.85018887784147,0.9005830800987457,0.0209425717313045,0.0538891680566078
attention_heads=4,40,,29,1,13,144.3738069579925,0.4967071929847346,0,23.99935400979332,0.9045972000263656,0.0200531034409549,0.0473874063490133
attention_heads=4,40,,30,1,14,97.40549199197456,0.487896756872719,0,22.45503104585457,0.9009537147285775,0.0208602787387605,0.050193699290879
attention_heads=4,40,,31,1,24,78.51369436733248,0.5564716835455035,0,14.615631131595295,0.9002475409046959,0.0210171016052459,0.0484831551252746
attention_heads=4,40,,32,1,21,114.24278504511312,0.4718388959695987,0,19.260917889728347,0.9025018213155568,0.0205169141397916,0.0532107231168115
attention_heads=4,40,,33,1,11,127.43908251199916,0.5390616878475103,0,25.988879445304587,0.9013271158780892,0.0207774057150867,0.0531041188864762
attention_heads=4,40,,34,1,14,113.32374347306867,0.5948583972718917,0,22.98038686189965,0.9023614662547302,0.0205480201104379,0.0458519203466845
attention_heads=4,40,,35,1,27,79.32229050397221,0.5886951912572254,0,10.643005713054109,0.9015725148134388,0.0207229603244088,0.0474308848347473
attention_heads=4,40,,36,1,13,117.62228872372222,0.5998571658481922,0,20.62053955593169,0.9028323409746009,0.0204436823426782,0.0598385335133019
attention_heads=4,40,,37,1,14,122.1663026941002,0.5063430031919798,0,23.20756169858204,0.9013035757701794,0.0207826292160557,0.0505551006642945
attention_heads=4,40,,38,1,11,94.23055015774943,0.5802018035079044,0,24.483448823123503,0.908761985578275,0.0191344122278749,0.0548083515411306
attention_heads=4,40,,39,1,17,117.42606268073948,0.5050271449437529,0,19.398416373789267,0.902399326575842,0.0205396288995322,0.0511148536862293
attention_heads=4,40,,40,1,12,109.12268362099756,0.5202810156279265,0,24.068753990481703,0.9004840790889025,0.0209645589202748,0.0453485120527733
attention_heads=4,40,,41,1,16,144.53838796614838,0.5374984339853937,0,22.49147710012773,0.902134374280038,0.0205983592624138,0.0487262374026925
attention_heads=4,40,,42,1,22,87.96905582899639,0.4834023412005332,0,14.85746623510917,0.9006369895694141,0.0209305999635917,0.0566579783593882
attention_heads=4,40,,43,1,15,121.72809820504932,0.5782222957035035,0,23.92563185781227,0.902838112610778,0.020442403784641,0.0512246175928495
attention_heads=4,40,,44,1,16,141.79246356745378,0.4958856580789197,0,23.56544936440135,0.9059153786103706,0.0197618756787235,0.0524744284464942
attention_heads=4,40,,45,1,23,103.3503517897,0.6288673998474168,0,14.22602474754808,0.9008748820345236,0.0208777793365967,0.0509006591905403
attention_heads=4,40,,46,1,15,135.1175892744086,0.4511024498927536,0,22.22516269674696,0.905248517752765,0.0199091535455315,0.0492876397673421
attention_heads=4,40,,47,1,9,114.011482322099,0.6324329907749657,0,25.020312584409027,0.9087723428519512,0.0191321328159234,0.0504367331175615
attention_heads=4,40,,48,1,20,75.50853490128435,0.6125285717379587,0,15.651959120002196,0.9018263206213228,0.0206666653319595,0.0478416833916017
attention_heads=4,40,,49,1,18,102.87165017938608,0.5618785409947529,0,20.51031829811307,0.9009649570914208,0.0208577830960838,0.045304562964891
attention_heads=4,100,,0,1,16,251.5128708682366,0.5136755923624241,0,20.452849750094224,0.9013614336282584,0.0207697909221304,0.0555107831171206
attention_heads=4,100,,1,1,18,299.1359806808242,0.4793739949021174,0,20.455165058346445,0.9032078961605032,0.0203605047514831,0.0481286453546992
attention_heads=4,100,,2,1,18,265.4923173960087,0.5811415694981645,0,18.76282175196023,0.9010270791119148,0.0208439934634394,0.0491962225931205
attention_heads=4,100,,3,1,24,268.2806886595133,0.5333000559861749,0,14.727165547757624,0.9018253553797708,0.020666879395809,0.0514402219806987
attention_heads=4,100,,4,1,17,327.809258522323,0.5286827748068241,0,20.25737819281131,0.9019382029036488,0.0206418544919612,0.0504229565364712
attention_heads=4,100,,5,1,20,276.875945018046,0.5406612772608155,0,18.166811046858136,0.9020080752295538,0.0206263612753867,0.0465667988095498
attention_heads=4,100,,6,1,15,311.5676404675194,0.5190296393538898,0,21.11707957167457,0.901416843973374,0.0207574964884063,0.0487482590172137
attention_heads=4,100,,7,1,17,296.1613414324532,0.5571403838733224,0,20.972473660715178,0.9006749363251436,0.0209221734928201,0.0517393290576296
attention_heads=4,100,,8,1,21,305.27640858136976,0.5152181563852387,0,16.586749665869064,0.9033042324773476,0.0203391738530278,0.0505534245132704
attention_heads=4,100,,9,1,18,317.4855115641581,0.5024772043318133,0,20.467305243405804,0.9021408561849882,0.0205969222521748,0.0486247983899112
attention_heads=4,100,,10,1,19,288.52440654543307,0.5074247423816709,0,18.96840650342521,0.9007701925729348,0.0209010224188624,0.0490388161847755
attention_heads=4,100,,11,1,22,311.8644643675696,0.5338060421623874,0,16.901682461546983,0.9007530366128242,0.020904831630941,0.0527725840595382
attention_heads=4,100,,12,1,20,271.5245664331942,0.526757359603258,0,19.029911467600517,0.9039000798102372,0.0202072911764695,0.0514657800706217
attention_heads=4,100,,13,1,19,275.48297677889525,0.5199686577691318,0,18.782184211871325,0.9003781378280556,0.0209880901510316,0.0493297420642211
attention_heads=4,100,,14,1,15,258.5735248451181,0.5224379606201779,0,21.68230735228451,0.9012780548635172,0.020788292406278,0.0520159978301974
attention_heads=4,100,,15,1,16,277.9860492730856,0.5797255148211755,0,21.41917385938165,0.9028008966640982,0.0204506481671546,0.048458415048484
attention_heads=4,100,,16,1,18,298.2321787074308,0.5386964350456518,0,20.427320069511158,0.9026306722588432,0.0204883620099144,0.0497982940279659
attention_heads=4,100,,17,1,19,307.00131222326706,0.5506100250207144,0,19.45870224152438,0.9007533823272734,0.0209047548697492,0.0486354451080916
attention_heads=4,100,,18,1,20,293.54293769429506,0.5293464247689352,0,16.684804225286253,0.9001627502301413,0.0210359396834406,0.050693943839249
attention_heads=4,100,,19,1,20,283.8816209699052,0.5537728909232875,0,18.79006332029885,0.9024818297696487,0.0205213444394005,0.0528420383843875
attention_heads=4,100,,20,1,16,313.4913726347544,0.5539827465948406,0,20.771727645340228,0.9035949105839622,0.0202748253562701,0.0527209801219491
attention_heads=4,100,,21,1,20,277.6535124470332,0.5682558352167808,0,16.64252317902963,0.9000069748265028,0.0210705531761261,0.0505995335973381
attention_heads=4,100,,22,1,19,289.9937474829205,0.5361201947855028,0,19.3751726104521,0.9014059486208976,0.0207599138868375,0.0507288573436818
attention_heads=4,100,,23,1,14,295.77987842179374,0.5104545387237509,0,22.18846225452704,0.901510702262182,0.020736672958567,0.0481059226334398
attention_heads=4,100,,24,1,15,248.7022976086502,0.5748025365841134,0,21.944769072580836,0.9019080181238202,0.0206485479183697,0.0480218330084854
attention_heads=4,100,,25,1,20,340.5976149523111,0.5347814237449955,0,20.188714478444965,0.9014363639807798,0.0207531655739823,0.0477097453680787
attention_heads=4,100,,26,1,16,303.0026077643471,0.5489356970167358,0,21.92525617659301,0.904816560072723,0.0200046103760143,0.0508767370153369
attention_heads=4,100,,27,1,18,273.5225208049679,0.5519062143085574,0,19.419422120054183,0.9021468400970518,0.0205955956539663,0.0501879954695992
attention_heads=4,100,,28,1,22,304.47192848846555,0.4989787837166073,0,18.975362037919396,0.9012421706769153,0.0207962555206105,0.0469279827385369
attention_heads=4,100,,29,1,25,282.24056230068504,0.5512421299171995,0,14.961402612679002,0.9012304349687827,0.0207988598782237,0.053070132944302
attention_heads=4,100,,30,1,18,295.0700730999479,0.5681177519591403,0,18.972862435967716,0.9025604530705263,0.0205039214013532,0.0499292911125794
attention_heads=4,100,,31,1,25,273.3389164908751,0.5325838033253281,0,13.060570335880072,0.9018214466891922,0.0206677462374931,0.0482508539967576
attention_heads=4,100,,32,1,19,286.9673199353156,0.5519887296001027,0,18.64830306951319,0.9007166727131994,0.0209129059048389,0.0512819437055316
attention_heads=4,100,,33,1,19,330.5204268780768,0.5049464195580959,0,19.696318217169985,0.9011296694525516,0.0208212228934922,0.0492081457775776
attention_heads=4,100,,34,1,14,319.15836628978684,0.5254897958361815,0,21.67429350346868,0.9021676417558858,0.0205909841166663,0.0478175559192498
attention_heads=4,100,,35,1,20,312.8549084021269,0.4952710489674978,0,17.911508411785192,0.9017738618619155,0.0206782995644089,0.0485730176483113
attention_heads=4,100,,36,1,19,227.90907494568967,0.5809946225935652,0,15.910837430742312,0.9003402786296781,0.0209964999497069,0.0519289020329529
attention_heads=4,100,,37,1,24,351.4172629249204,0.5265541431748246,0,14.858248827140416,0.9026726451482816,0.0204790621013525,0.0504027776900741
attention_heads=4,100,,38,1,19,276.0663502298395,0.5658940196489017,0,17.165370456078534,0.9011724201799898,0.0208117348664423,0.0499642161512087
attention_heads=4,100,,39,1,21,279.6504620833832,0.51928659417554,0,17.306422427399582,0.9015766935089968,0.0207220333471984,0.0510093059018105
attention_heads=4,100,,40,1,23,271.80232632847105,0.4900718601707283,0,15.998911751368311,0.901666276002796,0.0207021619276753,0.0487298065445969
attention_heads=4,100,,41,1,19,318.9338492085071,0.5333406376116294,0,19.894036607687102,0.9021702822628932,0.020590398748045,0.052230798049627
attention_heads=4,100,,42,1,18,235.234178489771,0.5379893389387227,0,18.824874787568064,0.9000883427178132,0.0210524723799431,0.0470524920700886
attention_heads=4,100,,43,1,15,279.2951344571477,0.5470128184592074,0,20.67380419395105,0.900816364561266,0.0208907710128096,0.0537372396140668
attention_heads=4,100,,44,1,17,273.73276887621125,0.509277520676495,0,21.869845670525716,0.9001859081545106,0.0210307944746472,0.0493774124502028
attention_heads=4,100,,45,1,24,299.2840307155673,0.5109923196985071,0,15.301246665094162,0.9024034567617888,0.0205387135228529,0.0499388909287585
attention_heads=4,100,,46,1,24,295.6569647997976,0.5024530307293567,0,17.032727878837964,0.9000717728219377,0.0210561542515129,0.0498474548572105
attention_heads=4,100,,47,1,20,247.40958877873683,0.5299620610502476,0,18.317348670968904,0.9025296779170732,0.0205107410394262,0.0475039152607714
attention_heads=4,100,,48,1,19,267.9969602005867,0.5306859515704103,0,19.52403332799096,0.9005074732619893,0.0209593630773387,0.0517327325485493
attention_heads=4,100,,49,1,17,254.74496407317667,0.5128346794230119,0,19.784457716038496,0.9024944457586404,0.0205185486156187,0.0478420540499223
lr=0.0003,10,,0,1,5,14.589599589120706,0.5189919638697844,0,22.88035184764978,0.9096645365219076,0.0189358777241646,0.0514947767647606
lr=0.0003,10,,1,1,11,43.89310856864026,0.4473625934582068,0,26.01225039705037,0.9001586376451609,0.0210368534280659,0.0470137972151272
lr=0.0003,10,,2,1,10,31.67909950760022,0.4362592489048211,0,26.215884834945378,0.9113375113299984,0.0185683931777865,0.0504916238271101
lr=0.0003,10,,3,1,9,39.32138905908265,0.5844458668111026,0,27.458758609964125,0.9098745091727494,0.018889718197713,0.0510718484014883
lr=0.0003,10,,4,1,5,9.656427687265657,0.5657236871739033,0,23.1688794647114,0.9033725716077784,0.0203240435031371,0.0566109539915455
lr=0.0003,10,,5,1,6,27.81648118174587,0.5320013638861487,0,25.08313166971338,0.9165771464426036,0.017421808036955,0.0485148065919579
lr=0.0003,10,,6,1,9,26.729698236277763,0.6537017088531882,0,28.52187419249196,0.9030538018397816,0.0203946292244244,0.0448421321330638
lr=0.0003,10,,7,1,5,24.564425648632916,0.6410570558029864,0,25.297275667341687,0.9123704040302224,0.0183418453184574,0.0530681230954682
lr=0.0003,10,,8,1,6,16.785991695844736,0.5758957654910422,0,26.39067341758457,0.9153623330966046,0.017687059927126,0.0490223592210482
lr=0.0003,10,,9,1,14,53.08952634375872,0.4981934881091772,0,22.857560348725475,0.908725867353502,0.019142361271324,0.0560255433218859
lr=0.0003,10,,10,1,10,38.40163388481081,0.41726117364978,0,24.956575877191703,0.916441413487405,0.0174514275854775,0.0544255754342466
lr=0.0003,10,,11,1,9,34.821896527589395,0.3826093864020643,0,26.666022148620268,0.9012394342603371,0.020796862775979,0.0567061312951648
lr=0.0003,10,,12,1,14,19.1755482583122,0.5805284459416971,0,25.029880471517394,0.917492771772644,0.0172221154522799,0.0560185150881695
lr=0.0003,10,,13,1,5,30.318771839550557,0.6192789446733078,0,26.625167074531703,0.9148350436285204,0.0178023020292902,0.0392729848949411
lr=0.0003,10,,14,1,8,13.894722800226846,0.5605674228528725,0,23.702917765222004,0.9149966941551408,0.0177669653316687,0.0562338636607838
lr=0.0003,10,,15,1,11,40.69309304333787,0.6350299741563783,0,25.213873353521763,0.9069328835537888,0.0195373659783801,0.052786743947462
lr=0.0003,10,,16,1,6,33.35597224070379,0.6495488176022968,0,29.221552793892144,0.9201810481992492,0.0166369673558078,0.0499841898562143
lr=0.0003,10,,17,1,5,24.7240265768937,0.4808021917511009,0,26.29179120133032,0.9163970052337722,0.0174611192753042,0.0503714312462606
lr=0.0003,10,,18,1,16,24.473654723250657,0.3328004492072833,0,22.800180161868965,0.9090906760387718,0.0190620872323417,0.0544380800876651
lr=0.0003,10,,19,1,11,10.441418877222258,0.6535366639314577,0,23.17667225625502,0.9090258248727308,0.0190763550014392,0.0592918088239665
lr=0.0003,10,,20,1,10,21.0589688832679,0.5548874436230427,0,25.26805547115918,0.9206493221228425,0.0165352145943924,0.0386274644160248
lr=0.0003,10,,21,1,15,28.445223590755788,0.5660553793967158,0,22.50568309003944,0.901671287591542,0.020701050302465,0.051597857480327
lr=0.0003,10,,22,1,14,25.2743247654863,0.4952071907231692,0,23.81836680409528,0.9067008270561374,0.0195885464339617,0.0428092121040076
lr=0.0003,10,,23,1,64,21.03595161990564,0.5353899631755719,0,-13.057757349770002,0.9000362171190052,0.0210640550448288,0.0535619554530181
lr=0.0003,10,,24,1,12,35.85089132732937,0.5698517168219919,0,25.972137806319232,0.9032712608854324,0.0203464742048902,0.0511093425687637
lr=0.0003,10,,25,1,10,28.02350366317613,0.6625491380839557,0,23.56091255483176,0.901190710285963,0.0208076757274898,0.0494613902561141
lr=0.0003,10,,26,1,9,27.4625550045882,0.6985321810264087,0,22.3385041696738,0.9058796150810264,0.0197697713908704,0.0499093634543332
lr=0.0003,10,,27,1,8,7.618470226736051,0.4885843499264704,0,21.17161282570845,0.910076986545434,0.0188452164900584,0.0436248614067565
lr=0.0003,10,,28,1,10,21.94908531670175,0.5061120237390369,0,22.2186373475496,0.902585063533248,0.0204984679988443,0.0520780523046322
lr=0.0003,10,,29,1,5,22.216818984044416,0.4205947934611076,0,29.948443425875773,0.9092210210419704,0.0190334133798595,0.0515032643529634
lr=0.0003,10,,30,1,15,17.770722594265408,0.5252397325797298,0,23.48084356662732,0.9036146511699852,0.020270456059772,0.0562177323582075
lr=0.0003,10,,31,1,8,17.80823918203287,0.495591091690015,0,25.44926531433216,0.9055613325743648,0.0198400541147647,0.0548369625271045
lr=0.0003,10,,32,1,11,29.61074517532861,0.6207220638441007,0,27.357888017672884,0.9132796069145828,0.0181426389088879,0.0516296439339815
lr=0.0003,10,,33,0,120,47.21350026035236,0.6477836383561579,14,-70.96645160732503,0.8986987503333569,0.0213614789691614,0.0486038138492007
lr=0.0003,10,,34,1,8,46.813524034583686,0.4052523496432307,0,28.263152788874567,0.9067482163935824,0.0195780935706454,0.0497304425153778
lr=0.0003,10,,35,1,8,36.83020665472989,0.4917216535952413,0,29.758602421714635,0.901390905456092,0.0207632516261445,0.0521923213503033
lr=0.0003,10,,36,0,120,52.630937547916055,0.4636599428184507,187,-63.8077633366806,0.8940061452379574,0.0224085259928573,0.0509985130901361
lr=0.0003,10,,37,1,10,17.04563670887124,0.5642139155221695,0,25.277931448431467,0.9078408624005656,0.0193372354828702,0.0521648458032233
lr=0.0003,10,,38,1,9,21.043367829259186,0.6029198880395679,0,25.619970041945265,0.929152553945506,0.0146964681152095,0.0655308766506919
lr=0.0003,10,,39,1,10,22.16706174626339,0.6653085910429521,0,21.826560839545465,0.9070225909371312,0.0195175843719014,0.0532978277089925
lr=0.0003,10,,40,1,12,28.404748349629592,0.619929654615363,0,25.046825733010127,0.903869368808851,0.0202140865123267,0.0401344610520973
lr=0.0003,10,,41,1,15,27.35379937733823,0.4721486690867686,0,22.054273685188853,0.9074341113376508,0.0194268640131165,0.0507099699369837
lr=0.0003,10,,42,1,10,19.605999568952317,0.4298087729533095,0,26.371391478932757,0.9088055992038292,0.0191248139876933,0.0550464056586284
lr=0.0003,10,,43,1,8,23.260313863273133,0.524859346120002,0,28.42935063305057,0.9103978530741051,0.0187747147670989,0.0417250874110353
lr=0.0003,10,,44,1,6,14.86492735983824,0.6639805662089262,0,23.686738218675103,0.9039465566171304,0.0201970078247809,0.0592249995118537
lr=0.0003,10,,45,1,11,17.856081958844204,0.4803939858134649,0,26.405873295511327,0.9164133834435206,0.0174575448281382,0.0568588874032446
lr=0.0003,10,,46,1,7,20.44586004278073,0.5048351316254078,0,28.343167444783248,0.9004396860387186,0.0209744189823279,0.0493535247130025
lr=0.0003,10,,47,1,12,56.6633433788988,0.5529323049450667,0,24.74692137098984,0.902979826669957,0.0204110132316097,0.0469795009592129
lr=0.0003,10,,48,1,10,21.11644483816881,0.618948791432965,0,22.794549496565445,0.902722839524695,0.0204679411304954,0.0464651644638238
lr=0.0003,10,,49,1,14,21.555719924208557,0.504701578058619,0,26.309448426373777,0.9014333795397684,0.0207538277274234,0.0494517013955413
lr=0.0003,40,,0,1,24,130.3664201868716,0.5317403122381694,0,16.98207052912608,0.9046174948744242,0.020048616444886,0.0438899897593966
lr=0.0003,40,,1,1,17,95.36955763195166,0.514962888323327,0,20.92385251670394,0.903447901331287,0.0203073667552962,0.0525125827477572
lr=0.0003,40,,2,1,12,108.89561406293925,0.5554994003045182,0,25.09712858523634,0.9067836458275476,0.0195702791098779,0.049169714398787
lr=0.0003,40,,3,1,10,94.49193533701984,0.5394228072991014,0,23.423551632959903,0.9013593164656056,0.0207702606926487,0.0497172632615435
lr=0.0003,40,,4,1,17,117.98366920565525,0.5350126661113681,0,20.63575120373756,0.9001575521573842,0.0210370946052065,0.0569827045161239
lr=0.0003,40,,5,1,11,134.39751260758095,0.5085561462747261,0,25.21634677696104,0.907197448626303,0.0194790316746762,0.0519388369473987
lr=0.0003,40,,6,1,12,112.92207976633723,0.3650295993505073,0,25.609291376461737,0.906599935058972,0.0196108024213583,0.0548029352289014
lr=0.0003,40,,7,1,14,113.39706575853116,0.5930375442942233,0,22.49480577091421,0.9041057249310356,0.0201617946142027,0.0484081865718136
lr=0.0003,40,,8,1,8,97.37056805064664,0.5359293081168781,0,26.343097480779324,0.9038309879210368,0.0202225792667098,0.0535630211578709
lr=0.0003,40,,9,1,20,86.28522269804465,0.5818965949881689,0,15.97600205460448,0.9008821149605484,0.0208761735870896,0.0528209413286863
lr=0.0003,40,,10,1,17,98.57125161417522,0.5561958367607747,0,19.1156569714663,0.9001467216368022,0.0210395009807819,0.0495492963492976
lr=0.0003,40,,11,1,35,89.21771788717999,0.5818526128299994,0,6.633644845911537,0.9002238039989316,0.0210223750922875,0.0494485141838666
lr=0.0003,40,,12,1,19,125.47858675895336,0.5341208432333755,0,19.622012127185464,0.9056212677777,0.0198268174144242,0.047842009363625
lr=0.0003,40,,13,1,16,121.20867762438296,0.5540659926666947,0,22.177694083088745,0.9019553704838088,0.0206380477085869,0.0539533937567157
lr=0.0003,40,,14,1,17,143.3631084628527,0.5536747641784798,0,21.286931715545297,0.9030026237456292,0.0204059639963486,0.0478754017066275
lr=0.0003,40,,15,1,8,115.66076115921082,0.64209394142863,0,25.384204500325332,0.907397899832653,0.0194348452487966,0.0500812374273742
lr=0.0003,40,,16,1,28,102.49260887360808,0.490393655238093,0,13.151851661195035,0.9013943776933752,0.0207624812099855,0.0511301938390059
lr=0.0003,40,,17,1,16,115.67158049523236,0.5678044431846838,0,19.75190943040604,0.9035285942751082,0.0202895042221484,0.0461153415839269
lr=0.0003,40,,18,1,20,85.5131020849801,0.6071635006139366,0,16.622349755044176,0.900882404179978,0.0208761093790477,0.047572375119174
lr=0.0003,40,,19,1,14,98.42771696835412,0.5780849071642011,0,23.762304277128614,0.9067968637798997,0.0195673637824839,0.0553004635080928
lr=0.0003,40,,20,1,13,120.38314021336348,0.4594439656491376,0,24.510993306520035,0.9039348668372356,0.0201995942288987,0.0498136571642387
lr=0.0003,40,,21,1,19,120.32881167337813,0.4112381748193894,0,21.529469346339148,0.9001796452670239,0.021032185944835,0.0497672141793789
lr=0.0003,40,,22,1,17,95.63640393497931,0.568004548279172,0,18.94975968301909,0.9007506742525272,0.0209053561617055,0.0506458548488631
lr=0.0003,40,,23,1,23,123.99403288483082,0.554854209976035,0,17.00319868110532,0.9016740518568098,0.0207004371608315,0.0537444391407298
lr=0.0003,40,,24,1,21,107.14489802797488,0.5230185696147542,0,18.167474794258624,0.901993823415584,0.0206295213195043,0.0509380987556883
lr=0.0003,40,,25,1,12,109.70411990406006,0.5089460169230213,0,24.668450808523943,0.9059936125760966,0.0197446046201537,0.0475147821738983
lr=0.0003,40,,26,1,23,97.44023321441954,0.5368059101512948,0,15.783641831041471,0.902789105462421,0.020453260321999,0.0509045828746055
lr=0.0003,40,,27,1,12,108.44227402953956,0.5664048049746429,0,23.392391962679906,0.9060265303849012,0.0197373380764707,0.048382229225286
lr=0.0003,40,,28,1,16,111.21187746342125,0.5087801321439773,0,20.85018887784147,0.9005830800987457,0.0209425717313045,0.0538891680566078
lr=0.0003,40,,29,1,13,144.3738069579925,0.4967071929847346,0,23.99935400979332,0.9045972000263656,0.0200531034409549,0.0473874063490133
lr=0.0003,40,,30,1,14,97.40549199197456,0.487896756872719,0,22.45503104585457,0.9009537147285775,0.0208602787387605,0.050193699290879
lr=0.0003,40,,31,1,24,78.51369436733248,0.5564716835455035,0,14.615631131595295,0.9002475409046959,0.0210171016052459,0.0484831551252746
lr=0.0003,40,,32,1,21,114.24278504511312,0.4718388959695987,0,19.260917889728347,0.9025018213155568,0.0205169141397916,0.0532107231168115
lr=0.0003,40,,33,1,11,127.43908251199916,0.5390616878475103,0,25.988879445304587,0.9013271158780892,0.0207774057150867,0.0531041188864762
lr=0.0003,40,,34,1,14,113.32374347306867,0.5948583972718917,0,22.98038686189965,0.9023614662547302,0.0205480201104379,0.0458519203466845
lr=0.0003,40,,35,1,27,79.32229050397221,0.5886951912572254,0,10.643005713054109,0.9015725148134388,0.0207229603244088,0.0474308848347473
lr=0.0003,40,,36,1,13,117.62228872372222,0.5998571658481922,0,20.62053955593169,0.9028323409746009,0.0204436823426782,0.0598385335133019
lr=0.0003,40,,37,1,14,122.1663026941002,0.5063430031919798,0,23.20756169858204,0.9013035757701794,0.0207826292160557,0.0505551006642945
lr=0.0003,40,,38,1,11,94.23055015774943,0.5802018035079044,0,24.483448823123503,0.908761985578275,0.0191344122278749,0.0548083515411306
lr=0.0003,40,,39,1,17,117.42606268073948,0.5050271449437529,0,19.398416373789267,0.902399326575842,0.0205396288995322,0.0511148536862293
lr=0.0003,40,,40,1,12,109.12268362099756,0.5202810156279265,0,24.068753990481703,0.9004840790889025,0.0209645589202748,0.0453485120527733
lr=0.0003,40,,41,1,16,144.53838796614838,0.5374984339853937,0,22.49147710012773,0.902134374280038,0.0205983592624138,0.0487262374026925
lr=0.0003,40,,42,1,22,87.96905582899639,0.4834023412005332,0,14.85746623510917,0.9006369895694141,0.0209305999635917,0.0566579783593882
lr=0.0003,40,,43,1,15,121.72809820504932,0.5782222957035035,0,23.92563185781227,0.902838112610778,0.020442403784641,0.0512246175928495
lr=0.0003,40,,44,1,16,141.79246356745378,0.4958856580789197,0,23.56544936440135,0.9059153786103706,0.0197618756787235,0.0524744284464942
lr=0.0003,40,,45,1,23,103.3503517897,0.6288673998474168,0,14.22602474754808,0.9008748820345236,0.0208777793365967,0.0509006591905403
lr=0.0003,40,,46,1,15,135.1175892744086,0.4511024498927536,0,22.22516269674696,0.905248517752765,0.0199091535455315,0.0492876397673421
lr=0.0003,40,,47,1,9,114.011482322099,0.6324329907749657,0,25.020312584409027,0.9087723428519512,0.0191321328159234,0.0504367331175615
lr=0.0003,40,,48,1,20,75.50853490128435,0.6125285717379587,0,15.651959120002196,0.9018263206213228,0.0206666653319595,0.0478416833916017
lr=0.0003,40,,49,1,18,102.87165017938608,0.5618785409947529,0,20.51031829811307,0.9009649570914208,0.0208577830960838,0.045304562964891
lr=0.0003,100,,0,1,16,251.5128708682366,0.5136755923624241,0,20.452849750094224,0.9013614336282584,0.0207697909221304,0.0555107831171206
lr=0.0003,100,,1,1,18,299.1359806808242,0.4793739949021174,0,20.455165058346445,0.9032078961605032,0.0203605047514831,0.0481286453546992
lr=0.0003,100,,2,1,18,265.4923173960087,0.5811415694981645,0,18.76282175196023,0.9010270791119148,0.0208439934634394,0.0491962225931205
lr=0.0003,100,,3,1,24,268.2806886595133,0.5333000559861749,0,14.727165547757624,0.9018253553797708,0.020666879395809,0.0514402219806987
lr=0.0003,100,,4,1,17,327.809258522323,0.5286827748068241,0,20.25737819281131,0.9019382029036488,0.0206418544919612,0.0504229565364712
lr=0.0003,100,,5,1,20,276.875945018046,0.5406612772608155,0,18.166811046858136,0.9020080752295538,0.0206263612753867,0.0465667988095498
lr=0.0003,100,,6,1,15,311.5676404675194,0.5190296393538898,0,21.11707957167457,0.901416843973374,0.0207574964884063,0.0487482590172137
lr=0.0003,100,,7,1,17,296.1613414324532,0.5571403838733224,0,20.972473660715178,0.9006749363251436,0.0209221734928201,0.0517393290576296
lr=0.0003,100,,8,1,21,305.27640858136976,0.5152181563852387,0,16.586749665869064,0.9033042324773476,0.0203391738530278,0.0505534245132704
lr=0.0003,100,,9,1,18,317.4855115641581,0.5024772043318133,0,20.467305243405804,0.9021408561849882,0.0205969222521748,0.0486247983899112
lr=0.0003,100,,10,1,19,288.52440654543307,0.5074247423816709,0,18.96840650342521,0.9007701925729348,0.0209010224188624,0.0490388161847755
lr=0.0003,100,,11,1,22,311.8644643675696,0.5338060421623874,0,16.901682461546983,0.9007530366128242,0.020904831630941,0.0527725840595382
lr=0.0003,100,,12,1,20,271.5245664331942,0.526757359603258,0,19.029911467600517,0.9039000798102372,0.0202072911764695,0.0514657800706217
lr=0.0003,100,,13,1,19,275.48297677889525,0.5199686577691318,0,18.782184211871325,0.9003781378280556,0.0209880901510316,0.0493297420642211
lr=0.0003,100,,14,1,15,258.5735248451181,0.5224379606201779,0,21.68230735228451,0.9012780548635172,0.020788292406278,0.0520159978301974
lr=0.0003,100,,15,1,16,277.9860492730856,0.5797255148211755,0,21.41917385938165,0.9028008966640982,0.0204506481671546,0.048458415048484
lr=0.0003,100,,16,1,18,298.2321787074308,0.5386964350456518,0,20.427320069511158,0.9026306722588432,0.0204883620099144,0.0497982940279659
lr=0.0003,100,,17,1,19,307.00131222326706,0.5506100250207144,0,19.45870224152438,0.9007533823272734,0.0209047548697492,0.0486354451080916
lr=0.0003,100,,18,1,20,293.54293769429506,0.5293464247689352,0,16.684804225286253,0.9001627502301413,0.0210359396834406,0.050693943839249
lr=0.0003,100,,19,1,20,283.8816209699052,0.5537728909232875,0,18.79006332029885,0.9024818297696487,0.0205213444394005,0.0528420383843875
lr=0.0003,100,,20,1,16,313.4913726347544,0.5539827465948406,0,20.771727645340228,0.9035949105839622,0.0202748253562701,0.0527209801219491
lr=0.0003,100,,21,1,20,277.6535124470332,0.5682558352167808,0,16.64252317902963,0.9000069748265028,0.0210705531761261,0.0505995335973381
lr=0.0003,100,,22,1,19,289.9937474829205,0.5361201947855028,0,19.3751726104521,0.9014059486208976,0.0207599138868375,0.0507288573436818
lr=0.0003,100,,23,1,14,295.77987842179374,0.5104545387237509,0,22.18846225452704,0.901510702262182,0.020736672958567,0.0481059226334398
lr=0.0003,100,,24,1,15,248.7022976086502,0.5748025365841134,0,21.944769072580836,0.9019080181238202,0.0206485479183697,0.0480218330084854
lr=0.0003,100,,25,1,20,340.5976149523111,0.5347814237449955,0,20.188714478444965,0.9014363639807798,0.0207531655739823,0.0477097453680787
lr=0.0003,100,,26,1,16,303.0026077643471,0.5489356970167358,0,21.92525617659301,0.904816560072723,0.0200046103760143,0.0508767370153369
lr=0.0003,100,,27,1,18,273.5225208049679,0.5519062143085574,0,19.419422120054183,0.9021468400970518,0.0205955956539663,0.0501879954695992
lr=0.0003,100,,28,1,22,304.47192848846555,0.4989787837166073,0,18.975362037919396,0.9012421706769153,0.0207962555206105,0.0469279827385369
lr=0.0003,100,,29,1,25,282.24056230068504,0.5512421299171995,0,14.961402612679002,0.9012304349687827,0.0207988598782237,0.053070132944302
lr=0.0003,100,,30,1,18,295.0700730999479,0.5681177519591403,0,18.972862435967716,0.9025604530705263,0.0205039214013532,0.0499292911125794
lr=0.0003,100,,31,1,25,273.3389164908751,0.5325838033253281,0,13.060570335880072,0.9018214466891922,0.0206677462374931,0.0482508539967576
lr=0.0003,100,,32,1,19,286.9673199353156,0.5519887296001027,0,18.64830306951319,0.9007166727131994,0.0209129059048389,0.0512819437055316
lr=0.0003,100,,33,1,19,330.5204268780768,0.5049464195580959,0,19.696318217169985,0.9011296694525516,0.0208212228934922,0.0492081457775776
lr=0.0003,100,,34,1,14,319.15836628978684,0.5254897958361815,0,21.67429350346868,0.9021676417558858,0.0205909841166663,0.0478175559192498
lr=0.0003,100,,35,1,20,312.8549084021269,0.4952710489674978,0,17.911508411785192,0.9017738618619155,0.0206782995644089,0.0485730176483113
lr=0.0003,100,,36,1,19,227.90907494568967,0.5809946225935652,0,15.910837430742312,0.9003402786296781,0.0209964999497069,0.0519289020329529
lr=0.0003,100,,37,1,24,351.4172629249204,0.5265541431748246,0,14.858248827140416,0.9026726451482816,0.0204790621013525,0.0504027776900741
lr=0.0003,100,,38,1,19,276.0663502298395,0.5658940196489017,0,17.165370456078534,0.9011724201799898,0.0208117348664423,0.0499642161512087
lr=0.0003,100,,39,1,21,279.6504620833832,0.51928659417554,0,17.306422427399582,0.9015766935089968,0.0207220333471984,0.0510093059018105
lr=0.0003,100,,40,1,23,271.80232632847105,0.4900718601707283,0,15.998911751368311,0.901666276002796,0.0207021619276753,0.0487298065445969
lr=0.0003,100,,41,1,19,318.9338492085071,0.5333406376116294,0,19.894036607687102,0.9021702822628932,0.020590398748045,0.052230798049627
lr=0.0003,100,,42,1,18,235.234178489771,0.5379893389387227,0,18.824874787568064,0.9000883427178132,0.0210524723799431,0.0470524920700886
lr=0.0003,100,,43,1,15,279.2951344571477,0.5470128184592074,0,20.67380419395105,0.900816364561266,0.0208907710128096,0.0537372396140668
lr=0.0003,100,,44,1,17,273.73276887621125,0.509277520676495,0,21.869845670525716,0.9001859081545106,0.0210307944746472,0.0493774124502028
lr=0.0003,100,,45,1,24,299.2840307155673,0.5109923196985071,0,15.301246665094162,0.9024034567617888,0.0205387135228529,0.0499388909287585
lr=0.0003,100,,46,1,24,295.6569647997976,0.5024530307293567,0,17.032727878837964,0.9000717728219377,0.0210561542515129,0.0498474548572105
lr=0.0003,100,,47,1,20,247.40958877873683,0.5299620610502476,0,18.317348670968904,0.9025296779170732,0.0205107410394262,0.0475039152607714
lr=0.0003,100,,48,1,19,267.9969602005867,0.5306859515704103,0,19.52403332799096,0.9005074732619893,0.0209593630773387,0.0517327325485493
lr=0.0003,100,,49,1,17,254.74496407317667,0.5128346794230119,0,19.784457716038496,0.9024944457586404,0.0205185486156187,0.0478420540499223
