Episode,Stage,Curriculum Threshold,Curriculum Max Steps,Steps,Episode Mean Reward,Final Consensus,Success,Critic Loss,Actor Loss,KL Loss
1,1,0.7,90,90,-164.15222332307528,0.0,0,,,
2,1,0.7,90,90,-159.92068651952988,0.00809812352584119,0,,,
3,1,0.7,90,90,-140.75514228632227,0.4367262516681718,0,,,
4,1,0.7,90,90,-150.8675588089056,0.1322988090892463,0,,,
5,1,0.7,90,90,-139.1465672121993,0.24157459593515468,0,,,
6,1,0.7,90,90,-166.4088357293106,0.0,0,,,
7,1,0.7,90,90,-167.84437540231897,0.0,0,,,
8,1,0.7,90,90,-179.30747690217675,0.0,0,,,
9,1,0.7,90,90,-114.43162215346435,0.37341928991760526,0,,,
10,1,0.7,90,90,-148.9526219869018,0.0,0,,,
11,1,0.7,90,90,-143.00265151184962,0.18828261819423237,0,,,
12,1,0.7,90,90,-158.2939628323448,0.0,0,,,
13,1,0.7,90,90,-177.62188418005957,0.3863981216884411,0,,,
14,1,0.7,90,90,-164.25264661714633,0.0,0,,,
15,1,0.7,90,90,-124.80888998699704,0.4110250819866223,0,,,
16,1,0.7,90,90,-186.98759886111282,0.07075966869619882,0,,,
17,1,0.7,90,90,-180.0314330924129,0.3740297139551761,0,,,
18,1,0.7,90,90,-150.629988140537,0.15985290348331246,0,,,
19,1,0.7,90,90,-172.43874176600266,0.0,0,,,
20,1,0.7,90,90,-171.19527877455243,0.21089180689992848,0,,,
21,1,0.7,90,90,-172.10939084286102,0.0,0,,,
22,1,0.7,90,90,-149.22725014231565,0.06719240406063125,0,,,
23,1,0.7,90,90,-176.54210467451006,0.07605396416909288,0,,,
24,1,0.7,90,90,-183.44776920951296,0.11954368599331441,0,,,
25,1,0.7,90,90,-154.1718111011034,0.0,0,,,
26,1,0.7,90,90,-161.53781670531998,0.060140198260614806,0,,,
27,1,0.7,90,90,-158.85203817697135,0.06251461563505056,0,,,
28,1,0.7,90,90,-175.86956785893227,0.0,0,,,
29,1,0.7,90,90,-176.77771062494912,0.0,0,,,
30,1,0.7,90,90,-143.559671593407,0.4501120322233899,0,,,
31,1,0.7,90,90,-164.77796457376832,0.0,0,,,
32,1,0.7,90,90,-179.86797842159766,0.0,0,,,
33,1,0.7,90,90,-157.06063164224713,0.20649874447491753,0,,,
34,1,0.7,90,90,-210.87714607027863,0.06997843784147183,0,,,
35,1,0.7,90,90,-180.114400206909,0.0,0,,,
36,1,0.7,90,90,-158.2421085634033,0.0,0,,,
37,1,0.7,90,90,-174.9833260387835,0.01854972200878666,0,,,
38,1,0.7,90,90,-145.50625018959144,0.0,0,,,
39,1,0.7,90,90,-176.80979695241064,0.0,0,,,
40,1,0.7,90,90,-189.29358220634936,0.0,0,,,
41,1,0.7,90,90,-200.96483548236023,0.0,0,,,
42,1,0.7,90,90,-161.02705401416756,0.017962340491409188,0,,,
43,1,0.7,90,90,-166.3541196339964,0.0,0,,,
44,1,0.7,90,90,-177.0094678079946,0.0,0,,,
45,1,0.7,90,90,-152.46303402306683,0.015240003530467984,0,,,
46,1,0.7,90,90,-190.6770059413992,0.0,0,,,
47,1,0.7,90,90,-177.92408278693654,0.0,0,,,
48,1,0.7,90,90,-191.52040148886553,0.0,0,,,
49,1,0.7,90,90,-147.00828297828824,0.24146847883664352,0,,,
50,1,0.7,90,90,-189.96881960629813,0.0,0,,,
51,1,0.7,90,90,-140.70547251966767,0.27047949544143635,0,,,
52,1,0.7,90,90,-165.1851975011359,0.26926540693127776,0,,,
53,1,0.7,90,90,-144.86967503464055,0.3568183918445256,0,,,
54,1,0.7,90,90,-169.56963696647705,0.0,0,,,
55,1,0.7,90,90,-196.06049823501465,0.02583163267931699,0,,,
56,1,0.7,90,90,-151.28577849449692,0.18678534702561636,0,,,
57,1,0.7,90,90,-117.8139533148119,0.4210850573564671,0,,,
58,1,0.7,90,90,-163.73650043573642,0.10375376760137225,0,,,
59,1,0.7,90,90,-168.03545148490613,0.03394334711752827,0,,,
60,1,0.7,90,90,-126.44111707166375,0.4128940988434278,0,,,
61,1,0.7,90,90,-111.31183994080558,0.5071812486305377,0,,,
62,1,0.7,90,90,-162.22271356199812,0.050150824751471576,0,,,
63,1,0.7,90,90,-179.66609301268554,0.0,0,,,
64,1,0.7,90,90,-135.10370545646865,0.6242183302438927,0,,,
65,1,0.7,90,90,-196.45643673047218,0.016291274168146696,0,,,
66,1,0.7,90,90,-154.18956524139526,0.0,0,,,
67,1,0.7,90,90,-129.84460102070204,0.4929870773621403,0,,,
68,1,0.7,90,90,-199.9353185726888,0.0,0,,,
69,1,0.7,90,90,-150.69960100157533,0.0,0,,,
70,1,0.7,90,90,-142.3998631650898,0.07551786396748798,0,,,
71,1,0.7,90,90,-139.9554179291167,0.0,0,,,
72,1,0.7,90,90,-179.56309084922384,0.015428026109172543,0,,,
73,1,0.7,90,90,-149.60726031972402,0.0,0,,,
74,1,0.7,90,90,-161.45623583946497,0.0,0,,,
75,1,0.7,90,90,-166.02485257316735,0.0,0,,,
76,1,0.7,90,90,-201.38607542356914,0.04406044731558127,0,,,
77,1,0.7,90,90,-161.2469710831649,0.10693016849483455,0,,,
78,1,0.7,90,90,-163.52666357535577,0.0,0,,,
79,1,0.7,90,90,-188.75976679477003,0.0,0,,,
80,1,0.7,90,90,-177.18078137932653,0.0,0,,,
81,1,0.7,90,90,-161.5342145039801,0.0,0,,,
82,1,0.7,90,90,-142.6617871306142,0.22190588025356556,0,,,
83,1,0.7,90,90,-191.01835656998256,0.11555134041826472,0,,,
84,1,0.7,90,90,-179.08480310303685,0.15399558934332622,0,,,
85,1,0.7,90,90,-173.0010674789279,0.07828498299150127,0,,,
86,1,0.7,90,90,-174.12137778589485,0.0,0,,,
87,1,0.7,90,90,-170.81193934588984,0.0,0,,,
88,1,0.7,90,90,-160.41930711198873,0.22785050646060764,0,,,
89,1,0.7,90,90,-161.66430805596357,0.014654989269653088,0,,,
90,1,0.7,90,90,-133.58192707005495,0.16165567984253934,0,,,
91,1,0.7,90,90,-159.0609027286259,0.14790948171991788,0,,,
92,1,0.7,90,90,-150.34211025875774,0.05000228726514632,0,,,
93,1,0.7,90,90,-133.8779569249907,0.3250660598099358,0,,,
94,1,0.7,90,90,-131.69015701708872,0.0779135153112764,0,,,
95,1,0.7,90,90,-154.0784483491184,0.1367058637129081,0,,,
96,1,0.7,90,90,-168.64178703760675,0.02597198380598398,0,,,
97,1,0.7,90,90,-167.4691400446945,0.0,0,,,
98,1,0.7,90,90,-176.1049605400045,0.05153005547976773,0,,,
99,1,0.7,90,90,-196.7769256352593,0.06769501249757039,0,,,
100,1,0.7,90,90,-144.65071038422477,0.05859758952234029,0,,,
101,1,0.7,90,90,-171.49127778270477,0.0,0,,,
102,1,0.7,90,90,-171.88363380104718,0.21684482849324843,0,,,
103,1,0.7,90,90,-157.70204353477334,0.0,0,,,
104,1,0.7,90,90,-186.4500169960295,0.16061108478912678,0,,,
105,1,0.7,90,90,-175.20324807510872,0.0,0,,,
106,1,0.7,90,90,-205.53094295164755,0.03295533839136291,0,,,
107,1,0.7,90,90,-126.49232508738977,0.4244382771519417,0,,,
108,1,0.7,90,90,-147.27224493858742,0.10879078880542198,0,,,
109,1,0.7,90,90,-150.89787528990004,0.33730156459719923,0,,,
110,1,0.7,90,90,-178.28679025284788,0.034386990652638005,0,,,
111,1,0.7,90,90,-120.48485188141709,0.40763774427255667,0,,,
112,1,0.7,90,90,-176.28395903898732,0.06635651151841415,0,,,
113,1,0.7,90,90,-180.40664271016547,0.0,0,,,
114,1,0.7,90,90,-130.01909517122817,0.26101886962226317,0,,,
115,1,0.7,90,90,-154.50940908894245,0.0,0,,,
116,1,0.7,90,90,-178.29331152070475,0.0,0,,,
117,1,0.7,90,90,-196.97974844629178,0.1743582657736947,0,,,
118,1,0.7,90,90,-150.45373454606687,0.11611569515201181,0,,,
119,1,0.7,90,90,-168.9034372514605,0.0,0,,,
120,1,0.7,90,90,-131.56681724826353,0.30640953655070996,0,,,
121,1,0.7,90,90,-148.9359253491093,0.10473912251329659,0,,,
122,1,0.7,90,90,-171.68261160069403,0.0,0,,,
123,1,0.7,90,90,-177.3981133630936,0.13435814172583418,0,,,
124,1,0.7,90,90,-156.4044965576109,0.11487604884951842,0,,,
125,1,0.7,90,90,-167.7221029397072,0.11878307501636588,0,,,
126,1,0.7,90,90,-123.73752878753635,0.46779657634847094,0,,,
127,1,0.7,90,90,-183.9015408321266,0.0,0,,,
128,1,0.7,90,90,-181.1121052785868,0.0,0,,,
129,1,0.7,90,90,-172.5342986561391,0.13707246336420023,0,,,
130,1,0.7,90,90,-149.13140257335755,0.0,0,,,
131,1,0.7,90,90,-146.79690174815636,0.15152548287510562,0,,,
132,1,0.7,90,90,-163.2885168715812,0.2835564732464684,0,,,
133,1,0.7,90,90,-164.838211183259,0.08135772997974328,0,,,
134,1,0.7,90,90,-165.7348151389329,0.09693785769057142,0,,,
135,1,0.7,90,90,-196.3761781319899,0.016088281865478476,0,,,
136,1,0.7,90,90,-184.20417297533425,0.0,0,,,
137,1,0.7,90,90,-142.5538767515076,0.2996488098346355,0,,,
138,1,0.7,90,90,-191.83582269928573,0.0,0,,,
139,1,0.7,90,90,-156.72579416997192,0.21930985211126275,0,,,
140,1,0.7,90,90,-173.80558670986085,0.05116670540705027,0,,,
141,1,0.7,90,90,-182.9887454791129,0.0,0,,,
142,1,0.7,90,90,-170.518092837738,0.11525283840307482,0,,,
143,1,0.7,90,90,-156.34981889690118,0.0,0,,,
144,1,0.7,90,90,-134.23111870900186,0.32658130033558147,0,,,
145,1,0.7,90,90,-171.9443254080605,0.0,0,,,
146,1,0.7,90,90,-181.7723636542989,0.15945282092572902,0,,,
147,1,0.7,90,90,-180.1941039105437,0.0,0,,,
148,1,0.7,90,90,-134.65034902464183,0.4001495424545067,0,,,
149,1,0.7,90,90,-172.2683048605325,0.10749398732942765,0,,,
150,1,0.7,90,90,-183.63482560315288,0.0,0,,,
151,1,0.7,90,90,-176.81583159870542,0.0,0,41.53130340576172,-0.21382427215576172,3.029639959335327
152,1,0.7,90,90,-169.23492038147924,0.13486982942667117,0,37.77960968017578,0.12329398840665817,2.439220428466797
153,1,0.7,90,90,-186.77716943352647,0.0,0,34.06729507446289,0.12271101772785187,1.984413743019104
154,1,0.7,90,90,-194.27032435107526,0.1637734718596469,0,37.522705078125,0.18269485235214233,1.7742382287979126
155,1,0.7,90,90,-191.25255418092297,0.036159001380188766,0,32.14387130737305,0.335360050201416,1.727044701576233
156,1,0.7,90,90,-169.80064847862315,0.10711798134122132,0,28.782901763916016,0.4339577257633209,1.5918020009994507
157,1,0.7,90,90,-144.3895192529577,0.0,0,39.456871032714844,0.5374612808227539,1.4815605878829956
158,1,0.7,90,90,-167.7889142255873,0.30004432099272654,0,36.67817306518555,0.7253528237342834,1.3368395566940308
159,1,0.7,90,90,-165.60940907759195,0.0,0,24.94405746459961,0.8019542694091797,1.2380943298339844
160,1,0.7,90,90,-146.71160222085152,0.0,0,40.33008575439453,0.8754591345787048,1.2311744689941406
161,1,0.7,90,90,-198.08595250533992,0.0,0,18.7696533203125,0.992874026298523,1.2122275829315186
162,1,0.7,90,90,-150.03117417149627,0.09647215765307567,0,28.590866088867188,1.0359187126159668,1.2168272733688354
163,1,0.7,90,90,-167.23083657442285,0.03359599711553432,0,28.362056732177734,0.9619466066360474,1.2570821046829224
164,1,0.7,90,90,-157.50526143277762,0.1802876397434617,0,46.831844329833984,1.0611674785614014,1.2767072916030884
165,1,0.7,90,90,-192.61001840776225,0.24536987121926354,0,56.71208953857422,0.9331828355789185,1.337692379951477
166,1,0.7,90,90,-194.47440009124796,0.0,0,41.01972961425781,0.9069429636001587,1.3958715200424194
167,1,0.7,90,90,-169.7536491814125,0.047863127031994274,0,29.9444580078125,0.823856770992279,1.433976650238037
168,1,0.7,90,90,-207.28848045437047,0.0,0,39.62211227416992,0.595001757144928,1.504962682723999
169,1,0.7,90,90,-174.161722258035,0.0,0,43.60350799560547,0.48248207569122314,1.645054817199707
170,1,0.7,90,90,-200.61525466086,0.0,0,39.218021392822266,0.3151487708091736,1.7694427967071533
171,1,0.7,90,90,-182.6306846250666,0.0,0,19.00225067138672,0.24238091707229614,1.8781349658966064
172,1,0.7,90,90,-162.20750678740808,0.0,0,73.30850219726562,0.22334304451942444,1.8764793872833252
173,1,0.7,90,90,-172.49309094296908,0.0,0,36.323490142822266,0.08378803730010986,1.8703340291976929
174,1,0.7,90,90,-223.24667720657897,0.0,0,52.67992401123047,0.14154410362243652,1.8908382654190063
175,1,0.7,90,90,-178.77574210240144,0.0,0,32.92958068847656,0.23690128326416016,1.8876408338546753
176,1,0.7,90,90,-160.38023607493537,0.04253480158489143,0,28.295211791992188,0.32935065031051636,1.824855089187622
177,1,0.7,90,90,-186.63475119395304,0.0,0,44.28192901611328,0.4489351511001587,1.7469863891601562
178,1,0.7,90,90,-186.4290963034824,0.0,0,29.936256408691406,0.6071147918701172,1.6426252126693726
179,1,0.7,90,90,-192.48365978526826,0.11263007998758119,0,63.650726318359375,0.8691268563270569,1.603989839553833
180,1,0.7,90,90,-184.13887050272106,0.0,0,25.361648559570312,1.0743253231048584,1.4665873050689697
181,1,0.7,90,90,-153.58638044579595,0.33207431815324795,0,49.620201110839844,1.3922309875488281,1.4218218326568604
182,1,0.7,90,90,-175.16880817681297,0.26507254332374103,0,36.026023864746094,1.3943724632263184,1.329063892364502
183,1,0.7,90,90,-180.67463882396774,0.07548853269295745,0,44.1465950012207,1.4165630340576172,1.3434666395187378
184,1,0.7,90,90,-188.35409182998666,0.0,0,51.97637939453125,1.260754108428955,1.416587471961975
185,1,0.7,90,90,-176.60406083797199,0.0,0,38.88776397705078,1.1514835357666016,1.4699947834014893
186,1,0.7,90,90,-168.89366342322305,0.06661902819489779,0,14.67619514465332,0.9219121932983398,1.572583794593811
187,1,0.7,90,90,-187.3839044039242,0.005579817677158821,0,52.1759147644043,0.7558643817901611,1.6951255798339844
188,1,0.7,90,90,-194.12022590808326,0.0,0,78.55501556396484,0.5313489437103271,1.8524694442749023
189,1,0.7,90,90,-160.10559753006908,0.0,0,29.892894744873047,0.4024811387062073,2.029863119125366
190,1,0.7,90,90,-142.33565398152342,0.12743686852747288,0,46.26914596557617,0.44888728857040405,2.1226258277893066
191,1,0.7,90,90,-139.1281710342607,0.0,0,30.09286880493164,0.5153664350509644,2.1860761642456055
192,1,0.7,90,90,-192.63178547105397,0.0,0,54.81059265136719,0.6568256616592407,2.163468599319458
193,1,0.7,90,90,-132.87397261197117,0.0,0,50.31780242919922,0.7323291301727295,2.065540313720703
194,1,0.7,90,90,-190.7987097799678,0.0,0,19.646642684936523,0.7730664014816284,1.950526475906372
195,1,0.7,90,90,-151.76360099065565,0.058394260708582564,0,32.40625,0.845609724521637,1.8715946674346924
196,1,0.7,90,90,-172.541539277101,0.010908235544688564,0,34.20609664916992,0.9278564453125,1.7630571126937866
197,1,0.7,90,90,-173.57506192305732,0.0,0,49.492130279541016,1.085972547531128,1.6700537204742432
198,1,0.7,90,90,-147.67317501466795,0.3487581240204259,0,44.458839416503906,1.0899715423583984,1.6160478591918945
199,1,0.7,90,90,-165.60423528560284,0.1046109445761675,0,13.14810848236084,1.137923002243042,1.4783178567886353
200,1,0.7,90,90,-149.1806500593064,0.35323452681253825,0,58.581886291503906,1.1986982822418213,1.4516047239303589
201,1,0.7,90,90,-177.83260724972894,0.0,0,18.223711013793945,1.202958345413208,1.4480427503585815
202,1,0.7,90,90,-157.25581280137115,0.14522947493847002,0,27.61724090576172,1.3007874488830566,1.3744428157806396
203,1,0.7,90,90,-161.29364529283316,0.12664519366037644,0,34.79611587524414,1.2309436798095703,1.3301934003829956
204,1,0.7,90,90,-179.8642609074505,0.0,0,31.876583099365234,1.2877373695373535,1.2979782819747925
205,1,0.7,90,90,-190.87538520696657,0.0,0,33.247093200683594,1.2640353441238403,1.310768723487854
206,1,0.7,90,90,-181.72085291783543,0.10125417937811912,0,23.63956069946289,1.3052587509155273,1.3001269102096558
207,1,0.7,90,90,-158.15209430393617,0.19352118307624713,0,36.69422912597656,1.1731133460998535,1.28180992603302
208,1,0.7,90,90,-134.79055377134904,0.2780773326611716,0,60.402435302734375,1.058350682258606,1.3233412504196167
209,1,0.7,90,90,-153.85263707383186,0.4159362543394031,0,35.42321014404297,1.0262962579727173,1.3686926364898682
210,1,0.7,90,90,-231.36912691570691,0.0,0,26.855051040649414,0.9806824922561646,1.3836525678634644
211,1,0.7,90,90,-195.47911132491228,0.07942252520571046,0,47.148468017578125,1.0102107524871826,1.4566129446029663
212,1,0.7,90,90,-176.37187742108253,0.25457928144969466,0,23.738767623901367,1.0921595096588135,1.4214553833007812
213,1,0.7,90,90,-173.04393183868578,0.08436933270127189,0,27.31796646118164,1.3176250457763672,1.382930874824524
214,1,0.7,90,90,-166.1225831122735,0.0057328456493757445,0,63.96680450439453,1.4861891269683838,1.3246756792068481
215,1,0.7,90,90,-173.95102281668082,0.04070449889335394,0,45.939552307128906,1.6586735248565674,1.314834475517273
216,1,0.7,90,90,-183.6927165291353,0.0,0,22.88064193725586,1.835773229598999,1.237923264503479
217,1,0.7,90,90,-170.7108867777057,0.0,0,34.07309341430664,1.9565401077270508,1.148163080215454
218,1,0.7,90,90,-187.2663163599121,0.02313561979860619,0,28.12611961364746,2.057304620742798,1.1301569938659668
219,1,0.7,90,90,-215.99840004817963,0.0,0,30.036893844604492,2.048682689666748,1.1566013097763062
220,1,0.7,90,90,-161.10988237509204,0.07570955598517187,0,48.51985168457031,1.962606430053711,1.1501907110214233
221,1,0.7,90,90,-173.72845574612842,0.129209883414557,0,56.613914489746094,1.7665125131607056,1.093469262123108
222,1,0.7,90,90,-184.32951694669705,0.0,0,53.055458068847656,1.6204769611358643,1.1566880941390991
223,1,0.7,90,90,-181.2324189796768,0.0,0,41.170921325683594,1.5568275451660156,1.1870734691619873
224,1,0.7,90,90,-147.32051921525854,0.1064370652288437,0,26.849157333374023,1.5188243389129639,1.1157082319259644
225,1,0.7,90,90,-168.3150312594043,0.22844597700951502,0,46.35401153564453,1.5482664108276367,1.0981539487838745
226,1,0.7,90,90,-180.66190771339717,0.0,0,44.09107208251953,1.6104745864868164,1.1138097047805786
227,1,0.7,90,90,-163.1465137334474,0.04574748126350783,0,42.95000457763672,1.6798722743988037,1.128670334815979
228,1,0.7,90,90,-111.98342722164074,0.5103456059047975,0,22.542537689208984,1.7267274856567383,1.114588737487793
229,1,0.7,90,90,-172.45603572669384,0.0,0,42.061729431152344,1.9154713153839111,1.1219515800476074
230,1,0.7,90,90,-163.90314608813537,0.1840702303995827,0,24.08209228515625,1.9667813777923584,1.011885643005371
231,1,0.7,90,90,-198.28525889113328,0.04950589111619114,0,14.239333152770996,2.0278360843658447,1.0465179681777954
232,1,0.7,90,90,-186.37469447587918,0.013456898622523424,0,23.784385681152344,2.0184850692749023,1.0001099109649658
233,1,0.7,90,90,-151.9855780779155,0.11060492035583343,0,36.59578323364258,2.073274850845337,0.9866728186607361
234,1,0.7,90,90,-142.0731060402625,0.17845166875520282,0,50.42882537841797,2.255995988845825,1.0160596370697021
235,1,0.7,90,90,-164.53634858846772,0.05025798270794433,0,48.74332046508789,2.351055383682251,0.9553211331367493
236,1,0.7,90,90,-176.61384021517802,0.0,0,34.90050506591797,2.590691566467285,0.9318928718566895
237,1,0.7,90,90,-161.92737252583342,0.062449085357314575,0,31.10230255126953,2.698330879211426,0.925640881061554
238,1,0.7,90,90,-132.41030530146196,0.26209536704282677,0,24.396427154541016,2.6596426963806152,0.9405490756034851
239,1,0.7,90,90,-122.95321428457522,0.4070112750688209,0,23.46698760986328,2.6008105278015137,0.8997384905815125
240,1,0.7,90,90,-185.12003310398077,0.033660827509930415,0,35.52348327636719,2.6053476333618164,0.9164167642593384
241,1,0.7,90,90,-150.63300088246763,0.03625541715462694,0,19.54674530029297,2.4425806999206543,0.9055997729301453
242,1,0.7,90,90,-162.44341139907908,0.22575858164559365,0,44.95194625854492,2.3112921714782715,0.9661335349082947
243,1,0.7,90,90,-179.25827108347204,0.0,0,26.039234161376953,2.1353538036346436,0.9568691253662109
244,1,0.7,90,90,-126.93523474012304,0.31583566795023105,0,35.16841125488281,1.668790578842163,0.9767767786979675
245,1,0.7,90,90,-176.02001044965587,0.07763278619502528,0,35.32612609863281,1.3842885494232178,1.0196293592453003
246,1,0.7,90,90,-199.49108010464067,0.02879600501211967,0,47.469139099121094,1.2573949098587036,1.0790433883666992
247,1,0.7,90,90,-131.76552741652287,0.0,0,30.705760955810547,1.018690824508667,1.1648043394088745
248,1,0.7,90,90,-182.65550160276152,0.1592720321187931,0,22.706192016601562,0.9200148582458496,1.2512617111206055
249,1,0.7,90,90,-148.36003194336476,0.30355603929484537,0,34.713531494140625,1.0073976516723633,1.2576777935028076
250,1,0.7,90,90,-172.43511420792663,0.0,0,39.62091064453125,0.942669689655304,1.258365511894226
251,1,0.7,90,90,-217.36385397412616,0.02889313202490119,0,30.26193618774414,0.8487765192985535,1.2644625902175903
252,1,0.7,90,90,-202.25883499551557,0.04152004758239139,0,48.43631362915039,0.9169227480888367,1.2583643198013306
253,1,0.7,90,90,-154.6538804100846,0.03888393230607391,0,40.50110626220703,0.7713585495948792,1.28850257396698
254,1,0.7,90,90,-203.875483064555,0.0,0,55.77471923828125,0.8840735554695129,1.2931948900222778
255,1,0.7,90,90,-166.59841905298222,0.09047111220767533,0,37.750144958496094,1.0428855419158936,1.2295725345611572
256,1,0.7,90,90,-175.86387533485808,0.03622414604532437,0,29.493362426757812,1.1365724802017212,1.1321758031845093
257,1,0.7,90,90,-192.71137844721497,0.0,0,53.56099319458008,1.3877148628234863,1.0716179609298706
258,1,0.7,90,90,-168.15737981842227,0.0,0,22.56378936767578,1.6068689823150635,0.9624104499816895
259,1,0.7,90,90,-166.75758660686816,0.0,0,20.079906463623047,1.7799383401870728,0.9228408932685852
260,1,0.7,90,90,-153.92872710974476,0.08407543793853033,0,17.120935440063477,1.9838171005249023,0.8932270407676697
261,1,0.7,90,90,-186.81744439688572,0.0,0,48.8097038269043,2.1316275596618652,0.8560397028923035
262,1,0.7,90,90,-195.66429091987945,0.13673986215085868,0,29.43143653869629,2.2989375591278076,0.8718138933181763
263,1,0.7,90,90,-158.3246488894873,0.06106831346873303,0,39.59878921508789,2.394442081451416,0.8725883364677429
264,1,0.7,90,90,-157.3002189775691,0.17270337141008768,0,33.8549919128418,2.424957752227783,0.9159901738166809
265,1,0.7,90,90,-163.2998208380803,0.0,0,16.188127517700195,2.47756028175354,0.9333555102348328
266,1,0.7,90,90,-136.32778649909014,0.10257599549552295,0,27.74064826965332,2.52858304977417,0.9871776700019836
267,1,0.7,90,90,-178.34820405025732,0.0,0,35.955665588378906,2.5484018325805664,1.0450953245162964
268,1,0.7,90,90,-179.37718812652477,0.091260139606497,0,24.834184646606445,2.59655499458313,1.0913282632827759
269,1,0.7,90,90,-157.06208153900872,0.092774828788584,0,51.89731216430664,2.5831165313720703,1.1397923231124878
270,1,0.7,90,90,-196.51863555461122,0.01366363431777184,0,48.62565612792969,2.6835832595825195,1.1540119647979736
271,1,0.7,90,90,-171.042785354769,0.039794108433034735,0,49.198123931884766,2.653103828430176,1.1123381853103638
272,1,0.7,90,90,-154.7237758158262,0.0,0,26.33636474609375,2.7583837509155273,1.148693323135376
273,1,0.7,90,90,-179.99587915144045,0.07635775033299637,0,51.18815231323242,2.716418504714966,1.212626338005066
274,1,0.7,90,90,-127.7032258214219,0.3726726551660754,0,34.20951843261719,2.7085418701171875,1.2121340036392212
275,1,0.7,90,90,-193.10944389796097,0.0,0,67.09291076660156,2.722982883453369,1.2896219491958618
276,1,0.7,90,90,-159.0567725082235,0.12001435698914732,0,16.920896530151367,2.7116763591766357,1.2733376026153564
277,1,0.7,90,90,-178.0226195398601,0.094697595631874,0,44.21356201171875,2.747507095336914,1.3195537328720093
278,1,0.7,90,90,-170.69060989421936,0.051864262957446325,0,38.01318359375,2.7664029598236084,1.3073874711990356
279,1,0.7,90,90,-163.7787527008371,0.10958332512533857,0,40.42582702636719,2.6772515773773193,1.320129156112671
280,1,0.7,90,90,-193.42796946180414,0.0,0,29.33209991455078,2.532907247543335,1.2885634899139404
281,1,0.7,90,90,-190.77266590906612,0.0,0,27.782276153564453,2.434718608856201,1.326842188835144
282,1,0.7,90,90,-163.15691309027417,0.03985512479768175,0,54.961158752441406,2.310731887817383,1.460847020149231
283,1,0.7,90,90,-186.5359420890567,0.0,0,38.38336181640625,2.2976629734039307,1.4916023015975952
284,1,0.7,90,90,-171.0955893289512,0.081601163875413,0,51.76111602783203,2.1972885131835938,1.44492506980896
285,1,0.7,90,90,-139.0760265293312,0.20224490357094999,0,38.70935821533203,2.063908576965332,1.4667491912841797
286,1,0.7,90,90,-154.5277278713252,0.0,0,41.326026916503906,2.088221788406372,1.4947683811187744
287,1,0.7,90,90,-144.33717213543792,0.2798594592310942,0,26.92108917236328,1.9641201496124268,1.5533806085586548
288,1,0.7,90,90,-188.70330734138946,0.0,0,47.47439956665039,2.3423261642456055,1.497609257698059
289,1,0.7,90,90,-200.18512005488225,0.0,0,30.59003448486328,2.503962516784668,1.398239016532898
290,1,0.7,90,90,-157.80522509664704,0.0,0,31.083765029907227,2.8504557609558105,1.2955818176269531
291,1,0.7,90,73,-86.55161172297514,0.7012689105854305,1,56.11915588378906,3.2065072059631348,1.1575850248336792
292,1,0.7,90,90,-143.569234461453,0.3545661421241858,0,37.999855041503906,3.3170366287231445,1.085220456123352
293,1,0.7,90,90,-148.49328156401484,0.12139695293493064,0,19.82467269897461,3.3960447311401367,0.9885229468345642
294,1,0.7,90,90,-179.18069315197994,0.0561258012668347,0,23.883018493652344,3.5253748893737793,0.9766761064529419
295,1,0.7,90,90,-186.52809403368897,0.0,0,46.02263641357422,3.2891111373901367,1.0029122829437256
296,1,0.7,90,90,-189.2918721439561,0.056289657692502916,0,46.11712646484375,3.1385679244995117,1.1110857725143433
297,1,0.7,90,90,-151.0972183796766,0.01646166879813187,0,21.248966217041016,2.7983269691467285,1.0920757055282593
298,1,0.7,90,90,-170.39026666856256,0.0831044606585724,0,18.386550903320312,2.5322139263153076,1.1374725103378296
299,1,0.7,90,90,-134.30827832127986,0.42202649238806667,0,43.163543701171875,2.111865758895874,1.2006605863571167
300,1,0.7,90,90,-165.75997807120763,0.04425289303421451,0,35.91980743408203,1.9919748306274414,1.3411016464233398
301,1,0.7,90,90,-158.34938912874708,0.2415495748432133,0,42.14290237426758,1.930995225906372,1.374219536781311
302,1,0.7,90,90,-192.2418703471607,0.0,0,37.29914093017578,1.8029391765594482,1.394752860069275
303,1,0.7,90,90,-174.72398359024507,0.06435280337800775,0,28.497238159179688,1.5141923427581787,1.6164836883544922
304,1,0.7,90,90,-194.79581269336978,0.0,0,31.447608947753906,1.580834150314331,1.7049553394317627
305,1,0.7,90,90,-186.93677892887754,0.11407141052355892,0,31.584638595581055,1.6493531465530396,1.7091690301895142
306,1,0.7,90,90,-137.79422236972022,0.4835070533123398,0,25.420875549316406,1.7189054489135742,1.6215509176254272
307,1,0.7,90,90,-205.8089223610597,0.0,0,33.85607147216797,1.8375866413116455,1.6272271871566772
308,1,0.7,90,90,-200.6820508526012,0.0,0,57.92460632324219,2.0101513862609863,1.5352624654769897
309,1,0.7,90,90,-141.92832259105163,0.17799701174089297,0,42.23316192626953,2.3383584022521973,1.3619540929794312
310,1,0.7,90,90,-154.67861585400587,0.3173118261310571,0,25.973121643066406,2.324467658996582,1.298667311668396
311,1,0.7,90,90,-146.49726160945377,0.017511539815101458,0,20.705406188964844,2.462430000305176,1.200015664100647
312,1,0.7,90,90,-139.7933276672554,0.3782295982775081,0,34.019935607910156,2.6597533226013184,1.1817865371704102
313,1,0.7,90,90,-219.12471851499464,0.0,0,21.010766983032227,2.7155823707580566,1.1419788599014282
314,1,0.7,90,90,-171.73464683660362,0.026972009464784657,0,38.221805572509766,2.757432222366333,1.108855128288269
315,1,0.7,90,90,-125.17526198878342,0.43813591362514726,0,45.31800079345703,2.719148635864258,1.127977728843689
316,1,0.7,90,90,-178.04027253051416,0.0,0,32.701507568359375,2.5667738914489746,1.1216367483139038
317,1,0.7,90,90,-177.359972777413,0.09390298656750937,0,28.662757873535156,2.456104278564453,1.1103423833847046
318,1,0.7,90,90,-149.0123543859066,0.15532786001313914,0,13.549379348754883,2.351501941680908,1.123975396156311
319,1,0.7,90,90,-174.92284066338578,0.0,0,15.179937362670898,2.2926182746887207,1.1907507181167603
320,1,0.7,90,90,-127.81158968479073,0.3567974454209303,0,27.280353546142578,2.2441365718841553,1.2674325704574585
321,1,0.7,90,90,-171.53651021454516,0.0,0,47.59062957763672,2.3467559814453125,1.2723482847213745
322,1,0.7,90,90,-145.30133005983086,0.07698199625704721,0,30.7714786529541,2.3360698223114014,1.2304750680923462
323,1,0.7,90,90,-138.7146811430074,0.07329686133937303,0,24.850099563598633,2.4580087661743164,1.23404061794281
324,1,0.7,90,90,-158.75048887700933,0.09653344019687372,0,24.33429718017578,2.502102851867676,1.185417890548706
325,1,0.7,90,90,-163.1335679531692,0.10764394976417746,0,21.787010192871094,2.542933702468872,1.1783164739608765
326,1,0.7,90,90,-162.0233084426599,0.0,0,30.831899642944336,2.516634941101074,1.2184480428695679
327,1,0.7,90,90,-195.96802470831895,0.0,0,39.799644470214844,2.4968881607055664,1.2066227197647095
328,1,0.7,90,90,-184.27014907567062,0.023436938524036766,0,29.290298461914062,2.622185230255127,1.2069586515426636
329,1,0.7,90,90,-203.94396900844262,0.0,0,59.60434341430664,2.772045612335205,1.2789982557296753
330,1,0.7,90,90,-175.92638183925317,0.0,0,18.915328979492188,2.8367080688476562,1.1935653686523438
331,1,0.7,90,90,-162.29061823249074,0.2379935977326714,0,14.269542694091797,2.9507205486297607,1.1625999212265015
332,1,0.7,90,90,-190.1678322283665,0.0,0,42.124351501464844,3.079954147338867,1.4040250778198242
333,1,0.7,90,90,-168.9444049410479,0.04181835393550908,0,31.420019149780273,3.348278760910034,1.3284748792648315
334,1,0.7,90,90,-115.44181329878893,0.34588547182440255,0,23.531293869018555,3.5002572536468506,1.2994369268417358
335,1,0.7,90,90,-176.72924494153796,0.0,0,21.28742790222168,3.7233991622924805,1.5028871297836304
336,1,0.7,90,90,-166.95813328054294,0.0869701702370338,0,20.440832138061523,3.7201638221740723,1.448531985282898
337,1,0.7,90,90,-163.09882759133356,0.0,0,51.57459259033203,3.5812766551971436,1.3663419485092163
338,1,0.7,90,90,-224.30981879718837,0.0,0,28.046436309814453,3.56300687789917,1.3631924390792847
339,1,0.7,90,90,-167.47354929041708,0.3124717493754088,0,44.56373977661133,3.4354381561279297,1.4420610666275024
340,1,0.7,90,90,-146.25294263157235,0.0,0,19.67760467529297,3.1919937133789062,1.1960783004760742
341,1,0.7,90,90,-162.87802059756802,0.3235101152966188,0,31.706298828125,2.982128858566284,1.1693822145462036
342,1,0.7,90,90,-160.28195412563724,0.3151656056654744,0,42.23054885864258,2.6901330947875977,1.1351040601730347
343,1,0.7,90,90,-181.09447722738216,0.0,0,36.57994842529297,2.376199245452881,1.110184907913208
344,1,0.7,90,90,-166.55903485082015,0.021170210919433507,0,18.890783309936523,2.010185718536377,1.1624774932861328
345,1,0.7,90,90,-139.3980925687971,0.20250421532338672,0,41.127376556396484,1.7579731941223145,1.2508076429367065
346,1,0.7,90,90,-161.6157905099074,0.0,0,34.88400650024414,1.5117661952972412,1.3261876106262207
347,1,0.7,90,90,-182.58324565811878,0.04850134451967647,0,30.07131576538086,1.420036792755127,1.4717367887496948
348,1,0.7,90,90,-196.67911453605726,0.048704143361818254,0,23.21689224243164,1.220348834991455,1.5690971612930298
349,1,0.7,90,90,-180.68170576659318,0.04044270512623544,0,48.865150451660156,1.2387678623199463,1.7132939100265503
350,1,0.7,90,90,-179.3068249194493,0.06331633269058756,0,34.12886047363281,1.2701244354248047,1.563805341720581
351,1,0.7,90,90,-181.94454653782415,0.0,0,15.163790702819824,1.291257381439209,1.6455732583999634
352,1,0.7,90,90,-165.3499685701556,0.06584366596738295,0,30.535423278808594,1.351525068283081,1.6031683683395386
353,1,0.7,90,90,-199.58959341139467,0.0,0,39.02159881591797,1.4733152389526367,1.6539900302886963
354,1,0.7,90,90,-142.2001520989941,0.054949673733796556,0,36.62746810913086,1.6492453813552856,1.3973027467727661
355,1,0.7,90,90,-178.5154004001158,0.09421634189823615,0,39.58060836791992,1.8462936878204346,1.3261662721633911
356,1,0.7,90,90,-233.94595698043315,0.0,0,46.09634780883789,2.0753989219665527,1.2349624633789062
357,1,0.7,90,90,-200.02212305715562,0.0,0,35.04588317871094,2.246924877166748,1.188139796257019
358,1,0.7,90,90,-170.3775673743855,0.33523718571910915,0,27.456985473632812,2.4928083419799805,1.0530725717544556
359,1,0.7,90,90,-189.3060142077786,0.15733499901394274,0,25.79172134399414,2.660569190979004,1.0385316610336304
360,1,0.7,90,90,-172.31261858521984,0.07419394925308928,0,10.821892738342285,2.780482769012451,0.9896259307861328
361,1,0.7,90,90,-168.9388502065076,0.18613913479542493,0,37.3048210144043,2.942162036895752,1.0266526937484741
362,1,0.7,90,90,-167.02793136207245,0.0,0,25.055438995361328,3.130673408508301,0.9815807342529297
363,1,0.7,90,90,-190.78443493041206,0.0704541311127989,0,24.18269920349121,3.1994149684906006,0.9600321054458618
364,1,0.7,90,90,-146.0613126839746,0.1157505140377418,0,39.76924133300781,3.2339463233947754,0.906224250793457
365,1,0.7,90,90,-171.07483029989098,0.0,0,64.49862670898438,3.232752561569214,0.9143587350845337
366,1,0.7,90,90,-160.00127432059992,0.28901557370192643,0,44.86882781982422,3.202270030975342,0.9383264780044556
367,1,0.7,90,90,-123.37331938749448,0.5484630312842753,0,18.437854766845703,3.1150758266448975,0.8759204745292664
368,1,0.7,90,90,-169.01195630786148,0.052100897555700035,0,69.38709259033203,3.0379209518432617,0.9558557868003845
369,1,0.7,90,90,-165.38510885712046,0.0,0,32.175750732421875,2.842986583709717,0.854374885559082
370,1,0.7,90,90,-167.90136647479233,0.0,0,36.86026382446289,2.781888484954834,0.8763893246650696
371,1,0.7,90,90,-166.53186305013193,0.0,0,23.482059478759766,2.7158305644989014,0.9349298477172852
372,1,0.7,90,90,-191.77656613503916,0.0,0,37.639991760253906,2.512669086456299,0.9446626901626587
373,1,0.7,90,90,-173.4716274729343,0.0,0,23.365009307861328,2.4560024738311768,0.9816641211509705
374,1,0.7,90,90,-188.3126491752759,0.11019153959437847,0,31.781604766845703,2.270195484161377,0.989167332649231
375,1,0.7,90,90,-172.63079889843777,0.0,0,43.73527145385742,2.105515480041504,1.0794013738632202
376,1,0.7,90,90,-189.06333481818527,0.022744613176167786,0,13.472247123718262,2.010854482650757,1.0399843454360962
377,1,0.7,90,90,-197.9389986439546,0.07794402389750926,0,43.551231384277344,2.0188424587249756,1.210699200630188
378,1,0.7,90,90,-195.74785875502891,0.05360016322551729,0,39.25737762451172,2.1485602855682373,1.1158169507980347
379,1,0.7,90,90,-150.26349728819935,0.20773409783043578,0,50.588966369628906,2.2292089462280273,1.1193287372589111
380,1,0.7,90,90,-184.07680662339166,0.018211830022913062,0,37.548851013183594,2.3970212936401367,1.0312132835388184
381,1,0.7,90,90,-150.41152935511522,0.0,0,24.749937057495117,2.4765281677246094,0.9341768622398376
382,1,0.7,90,90,-153.22498593324994,0.09499025531776203,0,30.54633331298828,2.64905047416687,0.9346575140953064
383,1,0.7,90,90,-180.1165289104916,0.0,0,42.57433319091797,2.6976661682128906,0.8983766436576843
384,1,0.7,90,90,-119.67050745183964,0.33060979803790885,0,43.66815948486328,2.9562935829162598,0.860101044178009
385,1,0.7,90,90,-131.85827134025394,0.4025404804804385,0,22.939910888671875,3.1713972091674805,0.778612494468689
386,1,0.7,90,90,-162.96803404647056,0.07568844065606956,0,29.68954849243164,3.4018757343292236,0.7293878793716431
387,1,0.7,90,90,-159.29306052600913,0.10440109984966639,0,38.91410827636719,3.7923378944396973,0.8346731066703796
388,1,0.7,90,90,-173.68682387593793,0.013654305863091337,0,15.911825180053711,4.08558988571167,0.7678532600402832
389,1,0.7,90,90,-154.68436940356804,0.20878193028711034,0,18.67014503479004,4.272309303283691,0.7697800993919373
390,1,0.7,90,90,-203.83336588185776,0.0,0,43.664710998535156,4.415062427520752,0.8117596507072449
391,1,0.7,90,90,-166.02573680795416,0.0,0,37.54353332519531,4.44249153137207,0.7683393955230713
392,1,0.7,90,90,-145.4088823379116,0.07341865746182742,0,22.967493057250977,4.3678131103515625,0.7553686499595642
393,1,0.7,90,90,-183.33625913755498,0.015173665897333535,0,38.05134201049805,4.385969638824463,0.7980195879936218
394,1,0.7,90,90,-176.38097906202404,0.2818784524265796,0,22.121816635131836,4.108234405517578,0.7076377272605896
395,1,0.7,90,90,-153.77116015627436,0.0,0,43.42839050292969,3.795612096786499,0.7541810870170593
396,1,0.7,90,90,-156.32798229483726,0.022002685007523157,0,38.15115737915039,3.6655547618865967,0.749180257320404
397,1,0.7,90,90,-173.21640199455854,0.09371984078593622,0,28.42681312561035,3.558382034301758,0.8646092414855957
398,1,0.7,90,90,-154.01123943793135,0.3938237251081348,0,34.78356170654297,3.487386703491211,0.9209055304527283
399,1,0.7,90,90,-154.83373540848336,0.2054035186645961,0,28.564355850219727,2.96303653717041,0.9631635546684265
400,1,0.7,90,90,-172.41177573467502,0.0,0,20.587080001831055,2.928755760192871,1.1371078491210938
401,1,0.7,90,90,-145.28287476888693,0.18175802264960933,0,35.525272369384766,2.763388156890869,1.1872791051864624
402,1,0.7,90,90,-156.573535492888,0.21051325202740323,0,23.98565673828125,2.8551201820373535,1.2626733779907227
403,1,0.7,90,90,-158.11656414404914,0.37785825767254055,0,22.647899627685547,2.8943605422973633,1.4226707220077515
404,1,0.7,90,90,-208.29421351011138,0.0,0,45.9447021484375,3.0399601459503174,1.3123724460601807
405,1,0.7,90,90,-174.0366992769856,0.0,0,36.219139099121094,3.262155771255493,1.2260483503341675
406,1,0.7,90,90,-145.86821753360093,0.45067830871753495,0,32.09147644042969,3.178126811981201,1.2573283910751343
407,1,0.7,90,90,-170.227666468601,0.32345667664991234,0,39.21754455566406,3.243490219116211,1.2016808986663818
408,1,0.7,90,90,-169.53029328976243,0.14514523725998882,0,15.782103538513184,3.2982335090637207,1.2392624616622925
409,1,0.7,90,90,-176.10456935113854,0.0,0,11.126922607421875,3.1789214611053467,1.301401972770691
410,1,0.7,90,90,-195.13735397039062,0.0,0,32.893436431884766,3.4103169441223145,1.1814994812011719
411,1,0.7,90,90,-194.0769348201893,0.0,0,41.97842025756836,3.408878803253174,1.2078511714935303
412,1,0.7,90,90,-189.00854358201101,0.0,0,30.667495727539062,3.372825860977173,1.229474663734436
413,1,0.7,90,90,-161.77341051133203,0.27632364693649875,0,31.014875411987305,3.1458137035369873,1.2571027278900146
414,1,0.7,90,90,-190.10429390426282,0.0,0,36.63113784790039,2.8386645317077637,1.3985356092453003
415,1,0.7,90,90,-208.34245860414788,0.0,0,25.813793182373047,2.7431445121765137,1.2602787017822266
416,1,0.7,90,90,-153.6267764175588,0.21637648126350562,0,28.698448181152344,2.4698855876922607,1.5886192321777344
417,1,0.7,90,90,-163.0310311464232,0.0,0,24.85594940185547,2.4341607093811035,1.585499882698059
418,1,0.7,90,90,-153.56956477304573,0.04205487377883374,0,25.049123764038086,2.5000908374786377,1.6578518152236938
419,1,0.7,90,90,-198.32377544741877,0.02626799297757475,0,25.090858459472656,2.6882050037384033,1.5662117004394531
420,1,0.7,90,90,-200.66235526029243,0.0,0,19.702125549316406,2.725602149963379,1.5518481731414795
421,1,0.7,90,90,-191.1512552500618,0.06719467181218614,0,44.32103729248047,3.0181076526641846,1.4860090017318726
422,1,0.7,90,90,-150.20102237977991,0.18232750474367546,0,17.77654457092285,3.0704193115234375,1.5060967206954956
423,1,0.7,90,90,-172.41139488104452,0.003171031199383278,0,21.36052703857422,3.571411609649658,1.3278818130493164
424,1,0.7,90,90,-139.82464906880315,0.08205341612153817,0,24.00067710876465,3.646190881729126,1.327123999595642
425,1,0.7,90,90,-178.2034122189126,0.0,0,63.86963653564453,3.716864824295044,1.4257241487503052
426,1,0.7,90,90,-154.51786613338646,0.13552366501868296,0,33.864990234375,3.9946670532226562,1.3514784574508667
427,1,0.7,90,90,-199.64747139233407,0.0,0,28.694541931152344,3.9376251697540283,1.380316138267517
428,1,0.7,90,90,-169.1222968512835,0.0,0,27.596576690673828,3.9666671752929688,1.4236506223678589
429,1,0.7,90,90,-169.19246132862523,0.11404993158136549,0,19.471500396728516,3.9843268394470215,1.4703863859176636
430,1,0.7,90,90,-113.25531545170205,0.5560241490041472,0,54.94560623168945,3.9284214973449707,1.4746063947677612
431,1,0.7,90,90,-184.0731737946068,0.012620217286876258,0,15.792287826538086,3.8077926635742188,1.6076000928878784
432,1,0.7,90,90,-146.8964095060848,0.3900942408864215,0,43.836029052734375,3.7381463050842285,1.5023590326309204
433,1,0.7,90,90,-199.4530319175058,0.0,0,34.48772430419922,4.06688117980957,1.6078178882598877
434,1,0.7,90,90,-168.49792226994245,0.20621802483186355,0,20.535545349121094,4.193759441375732,1.6664170026779175
435,1,0.7,90,90,-179.8413804383357,0.0,0,42.75559997558594,4.033926010131836,1.7314280271530151
436,1,0.7,90,90,-168.33948633348496,0.08084302484956606,0,40.99915313720703,4.087480068206787,1.6993621587753296
437,1,0.7,90,90,-166.09796116235225,0.09906864670118848,0,27.3068790435791,3.993298053741455,1.7990827560424805
438,1,0.7,90,90,-150.81726202926342,0.4619560906277606,0,37.02503204345703,3.887202024459839,1.8244926929473877
439,1,0.7,90,90,-167.9529286265741,0.2133644420869146,0,41.558860778808594,3.646064281463623,1.9273918867111206
440,1,0.7,90,90,-165.7716685171915,0.0,0,41.74507141113281,3.426199197769165,2.079517126083374
441,1,0.7,90,90,-176.48460280974015,0.07013365162654572,0,30.359905242919922,3.013371467590332,2.2250289916992188
442,1,0.7,90,90,-165.4599619152323,0.0,0,27.299850463867188,2.522357225418091,2.57912278175354
443,1,0.7,90,90,-197.75951054078098,0.02495551513268459,0,14.613574981689453,2.52473783493042,2.536729335784912
444,1,0.7,90,90,-207.89612370247588,0.0932834373830542,0,19.522619247436523,2.313910484313965,2.7928032875061035
445,1,0.7,90,90,-166.9284194627227,0.015126694220109425,0,24.568262100219727,2.4048876762390137,2.7733876705169678
446,1,0.7,90,90,-183.47315427413855,0.01874461228637095,0,25.916709899902344,2.252584457397461,2.9165046215057373
447,1,0.7,90,90,-181.88988700596607,0.0,0,14.871889114379883,2.28757381439209,2.901510238647461
448,1,0.7,90,90,-175.49391810460418,0.0,0,25.37439727783203,2.6405420303344727,2.6308434009552
449,1,0.7,90,90,-140.2608089857752,0.28955171344571184,0,31.32213592529297,3.286919355392456,2.365131378173828
450,1,0.7,90,90,-172.17865104386146,0.0,0,35.24732971191406,3.3874454498291016,2.1693761348724365
451,1,0.7,90,90,-159.13432015555583,0.0,0,50.9596061706543,4.15442419052124,2.1468894481658936
452,1,0.7,90,90,-159.9150258039062,0.16471388542489476,0,23.923091888427734,4.356264114379883,1.9623031616210938
453,1,0.7,90,90,-166.28315441856643,0.05061397304567891,0,29.44329261779785,4.588109970092773,1.949408769607544
454,1,0.7,90,90,-133.34259304314998,0.13951900721312735,0,32.94874572753906,4.551076412200928,1.9590568542480469
455,1,0.7,90,90,-180.1303693318279,0.14460340510977146,0,25.09555435180664,4.449949264526367,1.975296974182129
456,1,0.7,90,90,-136.46274579709552,0.0,0,48.05955505371094,4.299373626708984,1.882006287574768
457,1,0.7,90,90,-188.9399741984531,0.0,0,17.945344924926758,4.335359573364258,1.8771038055419922
458,1,0.7,90,90,-176.20145780343947,0.0,0,29.939340591430664,3.9758853912353516,1.8020299673080444
459,1,0.7,90,90,-192.12804553697987,0.07423306749023012,0,23.941940307617188,3.7370495796203613,1.8928062915802002
460,1,0.7,90,90,-176.24503543358605,0.0,0,27.034770965576172,3.4180147647857666,1.8118947744369507
461,1,0.7,90,90,-142.6042248262455,0.4223228830501557,0,20.09256362915039,3.1273176670074463,1.9472070932388306
462,1,0.7,90,90,-197.79305575935302,0.0,0,19.473190307617188,2.88350772857666,2.1548073291778564
463,1,0.7,90,90,-179.15202833910777,0.10031083911564767,0,31.505413055419922,2.7836458683013916,2.2638351917266846
464,1,0.7,90,90,-158.4542004619989,0.1816370073353885,0,23.101123809814453,2.62481689453125,2.348818302154541
465,1,0.7,90,90,-143.62012967052942,0.22305997959355914,0,12.576732635498047,2.778616428375244,2.444106101989746
466,1,0.7,90,90,-159.3363651679024,0.01212202497618989,0,22.348371505737305,2.7648239135742188,2.368210792541504
467,1,0.7,90,90,-168.02551649097649,0.0,0,43.04240798950195,2.925100803375244,2.4834699630737305
468,1,0.7,90,90,-148.5891993909875,0.0,0,41.22526168823242,2.9270904064178467,2.5727651119232178
469,1,0.7,90,90,-172.19756834141592,0.00947676889582429,0,21.26818084716797,3.1140637397766113,2.616182327270508
470,1,0.7,90,90,-154.49613553389966,0.12918599382950463,0,23.11444091796875,3.5479068756103516,2.3748281002044678
471,1,0.7,90,90,-130.80362342854957,0.180082388087218,0,30.44598388671875,3.836838960647583,2.1101455688476562
472,1,0.7,90,90,-165.0996456021494,0.0,0,13.642866134643555,3.956909656524658,2.182328939437866
473,1,0.7,90,90,-185.668705559633,0.0,0,43.404117584228516,4.055607795715332,2.1727356910705566
474,1,0.7,90,90,-193.3064656309183,0.0,0,26.57499122619629,4.0633697509765625,2.225450277328491
475,1,0.7,90,90,-151.0846902712095,0.040573326598387145,0,20.626495361328125,4.008877754211426,2.190328359603882
476,1,0.7,90,90,-166.672312906527,0.05196141101557324,0,25.560745239257812,3.954792022705078,2.1731858253479004
477,1,0.7,90,90,-157.70201759568567,0.08690330313047832,0,27.79313087463379,3.999490737915039,2.257880210876465
478,1,0.7,90,90,-221.96763415272525,0.0,0,41.8590087890625,3.9202098846435547,2.1071393489837646
479,1,0.7,90,90,-159.94527377367956,0.29147901523495306,0,12.095451354980469,3.6864397525787354,2.2685158252716064
480,1,0.7,90,90,-160.95279523812192,0.0,0,16.548507690429688,3.49334454536438,2.2509372234344482
481,1,0.7,90,90,-154.81276619116795,0.3365672385760559,0,21.7525691986084,3.4078850746154785,2.2574663162231445
482,1,0.7,90,90,-177.76266708644857,0.0,0,56.87995910644531,3.2950448989868164,2.41228985786438
483,1,0.7,90,90,-158.37098142995973,0.2921063075488042,0,20.323760986328125,3.1323013305664062,2.418877363204956
484,1,0.7,90,90,-181.7825634716688,0.0,0,30.446678161621094,3.0498461723327637,2.5018582344055176
485,1,0.7,90,90,-130.96683468050233,0.294198030074098,0,43.434940338134766,3.014425039291382,2.351494073867798
486,1,0.7,90,90,-171.64701852769775,0.08386065251548426,0,26.47353744506836,3.16591739654541,2.322678565979004
487,1,0.7,90,90,-199.79392250292526,0.031046500265352564,0,36.607025146484375,3.091031074523926,2.3284337520599365
488,1,0.7,90,90,-183.96098869123574,0.0,0,14.363744735717773,3.3376576900482178,2.190316677093506
489,1,0.7,90,90,-182.54401877591357,0.03780218581167614,0,35.139244079589844,3.7159738540649414,2.103264570236206
490,1,0.7,90,90,-160.13734552086498,0.0,0,26.903785705566406,3.9887142181396484,1.9773973226547241
491,1,0.7,90,90,-164.45030044971514,0.0364161564544773,0,13.715599060058594,4.091208457946777,1.987412691116333
492,1,0.7,90,90,-146.97440122140836,0.0,0,29.43228530883789,4.348487854003906,1.799994707107544
493,1,0.7,90,90,-175.39579406423985,0.05303364405709899,0,35.88026428222656,4.518338680267334,1.7945750951766968
494,1,0.7,90,90,-169.99911851955747,0.054281202707853825,0,19.970977783203125,4.897581100463867,1.828821063041687
495,1,0.7,90,90,-172.12193175410906,0.11087108669765337,0,25.870304107666016,4.876463413238525,1.8484264612197876
496,1,0.7,90,90,-165.32729425066373,0.0,0,34.18247985839844,4.72331428527832,1.6856069564819336
497,1,0.7,90,90,-150.48766789296332,0.0,0,41.247772216796875,4.881563186645508,1.7147222757339478
498,1,0.7,90,90,-164.1319426369306,0.11837984263054059,0,24.14330291748047,4.8644514083862305,1.7224737405776978
499,1,0.7,90,90,-189.52481763206544,0.0,0,19.57662582397461,4.790989398956299,1.637599229812622
500,1,0.7,90,90,-170.17029981158691,0.050183233823047416,0,19.087543487548828,4.8766045570373535,1.6558917760849
501,1,0.7,90,90,-180.37184573493747,0.008708903154575167,0,48.65242385864258,4.749456405639648,1.6936752796173096
502,1,0.7,90,90,-166.84538498277024,0.27434730458709666,0,41.234619140625,4.381590843200684,1.6081161499023438
503,1,0.7,90,90,-162.89428982784662,0.0,0,25.27798843383789,4.281534194946289,1.6406811475753784
504,1,0.7,90,90,-158.22531711173093,0.0,0,28.389541625976562,4.015729904174805,1.6685078144073486
505,1,0.7,90,90,-150.23114522312545,0.06374825569463088,0,20.739179611206055,4.014764785766602,1.6742645502090454
506,1,0.7,90,90,-172.21025932671958,0.10649247995672682,0,35.0794677734375,3.7950873374938965,1.7628204822540283
507,1,0.7,90,90,-150.59670444404478,0.1587756767486791,0,52.057029724121094,3.5906476974487305,1.866640329360962
508,1,0.7,90,90,-172.02703623449446,0.0,0,12.511207580566406,3.4907877445220947,1.8024734258651733
509,1,0.7,90,90,-154.06315963936007,0.16788749709958398,0,16.28329086303711,3.6233232021331787,1.8342657089233398
510,1,0.7,90,90,-161.6722881828595,0.0,0,10.33015251159668,3.554400682449341,1.9095882177352905
511,1,0.7,90,90,-185.70533284774774,0.10876785337837651,0,20.13289451599121,3.4284348487854004,1.9461811780929565
512,1,0.7,90,90,-167.38440787880302,0.01914728693274849,0,29.35742950439453,3.61810040473938,1.9320862293243408
513,1,0.7,90,90,-151.93543237331434,0.047246414949819175,0,16.074325561523438,3.789379119873047,1.9335898160934448
514,1,0.7,90,90,-184.1603776352551,0.0,0,37.78363037109375,3.5371875762939453,2.048283338546753
515,1,0.7,90,90,-207.8102657254754,0.0,0,32.53643035888672,3.5095605850219727,2.0511868000030518
516,1,0.7,90,90,-197.19676872850695,0.0,0,22.431358337402344,3.566648006439209,2.1402270793914795
517,1,0.7,90,90,-166.0281092405876,0.0,0,26.551177978515625,3.896169662475586,2.096261739730835
518,1,0.7,90,90,-162.74408424311397,0.0,0,32.98994064331055,4.179015159606934,2.032658576965332
519,1,0.7,90,90,-167.02254932957266,0.09254126779698775,0,17.553356170654297,4.164815425872803,2.012176513671875
520,1,0.7,90,90,-196.1832575536812,0.0789870745980481,0,29.970916748046875,4.452812194824219,2.095874071121216
521,1,0.7,90,90,-183.55529266262005,0.0,0,31.860519409179688,4.865506172180176,2.116290807723999
522,1,0.7,90,90,-175.92515790697217,0.0,0,38.093177795410156,5.5707292556762695,2.2507569789886475
523,1,0.7,90,90,-183.42091715845334,0.16693332661944205,0,14.221771240234375,5.669795513153076,2.2878079414367676
524,1,0.7,90,90,-183.48142149997838,0.0,0,45.89955139160156,4.600150108337402,2.1288530826568604
525,1,0.7,90,90,-177.031721008094,0.15583345804520374,0,21.37776756286621,4.369080543518066,2.2284369468688965
526,1,0.7,90,90,-181.36514493169219,0.0,0,16.785377502441406,3.804640769958496,2.4532716274261475
527,1,0.7,90,90,-182.16310114290434,0.0,0,24.23168182373047,3.659909725189209,2.4701712131500244
528,1,0.7,90,90,-201.19331827240936,0.015840051692260423,0,12.113625526428223,3.343050479888916,2.5303807258605957
529,1,0.7,90,90,-175.31857093289568,0.0,0,31.06574821472168,3.530808448791504,2.478142261505127
530,1,0.7,90,90,-185.1438978443881,0.0,0,20.42804718017578,3.8173584938049316,2.471540927886963
531,1,0.7,90,90,-140.36947270264255,0.2221187683093701,0,35.540016174316406,4.693325996398926,2.338285446166992
532,1,0.7,90,90,-117.96240467726727,0.5194528107482816,0,26.189865112304688,5.146924018859863,2.4154531955718994
533,1,0.7,90,90,-161.58977292790325,0.033693492105665385,0,12.52323055267334,5.525730609893799,2.3225696086883545
534,1,0.7,90,90,-198.1579278118828,0.0,0,50.395042419433594,5.976300239562988,2.498281955718994
535,1,0.7,90,90,-159.44336531530806,0.0,0,26.097766876220703,6.001056671142578,2.621835470199585
536,1,0.7,90,90,-210.85922785643282,0.0,0,21.834896087646484,5.973350524902344,2.757476806640625
537,1,0.7,90,90,-184.52143707519284,0.0,0,19.887277603149414,5.777499198913574,2.7840514183044434
538,1,0.7,90,90,-148.08158604358573,0.26037844260527704,0,29.133766174316406,5.428736686706543,2.813178777694702
539,1,0.7,90,90,-164.80164527348154,0.11712847390937424,0,16.19876480102539,4.7676544189453125,2.8667778968811035
540,1,0.7,90,90,-164.48948420791353,0.22962752622309687,0,29.8629150390625,4.301117420196533,3.0047152042388916
541,1,0.7,90,90,-175.81678287544378,0.1276788394301604,0,22.465957641601562,4.058783531188965,3.2123610973358154
542,1,0.7,90,90,-185.94142061572975,0.0,0,72.77462005615234,3.812584400177002,3.277777910232544
543,1,0.7,90,90,-205.06805374667408,0.0,0,31.037397384643555,3.7050178050994873,3.4377777576446533
544,1,0.7,90,90,-208.5882715280345,0.0,0,18.421058654785156,3.6251516342163086,3.570262908935547
545,1,0.7,90,90,-188.43325476815988,0.0,0,14.923494338989258,3.7277121543884277,3.5689072608947754
546,1,0.7,90,90,-194.4362243007236,0.0,0,24.15701675415039,4.0551066398620605,3.6213150024414062
547,1,0.7,90,90,-192.77417404049396,0.23266357746948307,0,36.58842468261719,4.142102241516113,3.5710690021514893
548,1,0.7,90,90,-162.97709862315142,0.24620527973209433,0,12.008991241455078,4.360975742340088,3.669956922531128
549,1,0.7,90,90,-205.5364434537357,0.0,0,27.455665588378906,4.442966461181641,3.5699448585510254
550,1,0.7,90,90,-147.94841420064338,0.1312983626708086,0,43.00994873046875,4.765659332275391,3.709496259689331
551,1,0.7,90,90,-194.85951495991293,0.0,0,38.42734909057617,4.846989631652832,3.6969497203826904
552,1,0.7,90,90,-187.64510598722097,0.0,0,11.724523544311523,5.20340633392334,3.642803907394409
553,1,0.7,90,90,-205.0299979536131,0.0,0,26.0614013671875,5.242307186126709,3.7885990142822266
554,1,0.7,90,90,-243.8526747662819,0.0,0,8.824620246887207,4.703268051147461,3.8223092555999756
555,1,0.7,90,90,-245.2924502783449,0.0,0,28.347824096679688,5.1399431228637695,3.9062676429748535
556,1,0.7,90,90,-266.2202965943287,0.0,0,18.051834106445312,5.287104606628418,3.940793991088867
557,1,0.7,90,90,-235.2560461364398,0.0,0,16.684329986572266,5.283132553100586,4.03101110458374
558,1,0.7,90,90,-244.91730035697069,0.0,0,17.791011810302734,5.152187347412109,4.092837810516357
559,1,0.7,90,90,-246.12866781811036,0.0,0,25.83359146118164,4.778101921081543,4.1836628913879395
560,1,0.7,90,90,-208.62299367012685,0.0,0,20.038131713867188,4.25994873046875,4.348372936248779
561,1,0.7,90,90,-203.57996036235403,0.07197746212117934,0,11.762075424194336,4.450047969818115,4.431817531585693
562,1,0.7,90,90,-204.24802262410162,0.0,0,43.83998107910156,4.675969123840332,4.5469231605529785
563,1,0.7,90,90,-294.71328036251737,0.0,0,22.010154724121094,5.46368932723999,4.531477928161621
564,1,0.7,90,90,-272.96332558573687,0.0,0,16.363445281982422,5.817998886108398,4.52783727645874
565,1,0.7,90,90,-230.61732988811804,0.0,0,24.979156494140625,5.163204193115234,4.6235761642456055
566,1,0.7,90,90,-225.9243455814854,0.0,0,29.373294830322266,4.894380569458008,4.692662239074707
567,1,0.7,90,90,-225.82495888490655,0.0,0,22.31142234802246,4.257562160491943,4.8357439041137695
568,1,0.7,90,90,-202.818338597525,0.0,0,23.98211097717285,3.833101749420166,4.933176517486572
569,1,0.7,90,90,-245.1926333954573,0.0,0,11.7025728225708,3.6163489818573,5.060618877410889
570,1,0.7,90,90,-226.91709937062998,0.0,0,26.006839752197266,3.7178850173950195,5.105343818664551
571,1,0.7,90,90,-222.53380385313702,0.0,0,23.201602935791016,3.7570323944091797,5.168036937713623
572,1,0.7,90,90,-236.22517093184564,0.0,0,24.671485900878906,4.050083160400391,5.096141338348389
573,1,0.7,90,90,-195.04928934946258,0.0,0,10.60474681854248,3.9088168144226074,5.2282867431640625
574,1,0.7,90,90,-192.2857714300651,0.12353305020761245,0,21.41536521911621,4.35673713684082,5.165834903717041
575,1,0.7,90,90,-258.6225007861207,0.0,0,17.268138885498047,4.213101387023926,5.237126350402832
576,1,0.7,90,90,-228.548170787055,0.0,0,13.186043739318848,4.122678756713867,5.256537914276123
577,1,0.7,90,90,-212.71868187865113,0.0,0,15.948256492614746,4.856974124908447,5.229728698730469
578,1,0.7,90,90,-194.84037772978644,0.07676071088740259,0,15.652425765991211,4.213099479675293,5.259589672088623
579,1,0.7,90,90,-253.84690417617153,0.0,0,8.184581756591797,4.558727741241455,5.323117256164551
580,1,0.7,90,90,-235.2168903668653,0.0,0,18.623428344726562,4.261579513549805,5.357883453369141
581,1,0.7,90,90,-163.81596240715822,0.07859834967827065,0,22.218101501464844,3.768795967102051,5.480237007141113
582,1,0.7,90,37,-19.676920640012895,0.7593259537141229,1,15.20677375793457,4.267126560211182,5.5381855964660645
583,1,0.7,90,90,-190.00810766666567,0.0,0,30.995845794677734,4.278745651245117,5.497693061828613
584,1,0.7,90,90,-166.74962939415275,0.0,0,22.15419578552246,4.83228874206543,5.638493537902832
585,1,0.7,90,90,-211.18880746374768,0.0,0,14.885279655456543,4.404679775238037,5.6670122146606445
586,1,0.7,90,90,-166.05736842843694,0.0,0,27.172901153564453,4.216870307922363,5.808749198913574
587,1,0.7,90,47,-39.88295468041133,0.7102465537539187,1,18.24159049987793,3.3130502700805664,5.966925621032715
588,1,0.7,90,32,-14.683423595572384,0.7038026135452548,1,16.716840744018555,3.2096850872039795,6.191948890686035
589,1,0.7,90,90,-183.8137536359751,0.0,0,18.494461059570312,2.9048912525177,6.3631591796875
590,1,0.7,90,90,-180.01198112062926,0.0,0,24.043338775634766,2.844324827194214,6.366223335266113
591,1,0.7,90,62,-45.06030428262612,0.7031361711778833,1,23.744651794433594,3.3670365810394287,6.3752360343933105
592,1,0.7,90,90,-152.86553028019756,0.14544034942660866,0,16.810571670532227,3.557279586791992,6.457218170166016
593,1,0.7,90,90,-198.927451309391,0.08962430310493434,0,20.469207763671875,3.793795347213745,6.323319911956787
594,1,0.7,90,21,-6.311562284093355,0.701950776148169,1,14.649173736572266,4.246845722198486,6.348553657531738
595,1,0.7,90,28,-10.540286382133269,0.7018031368441849,1,24.526710510253906,4.791656494140625,6.260011672973633
596,1,0.7,90,90,-244.8241964491463,0.0,0,13.900532722473145,4.826364517211914,6.37238073348999
597,1,0.7,90,17,4.9416080433624305,0.7024589294350556,1,19.746410369873047,4.182867050170898,6.409436225891113
598,1,0.7,90,40,-19.857049695073634,0.7032026850792923,1,12.773033142089844,4.060434341430664,6.551279544830322
599,1,0.7,90,16,4.196933387301408,0.7139900057765945,1,17.37453842163086,3.62322998046875,6.700236797332764
600,1,0.7,90,90,-135.26399226363503,0.0,0,22.901634216308594,3.0734071731567383,6.748874187469482
601,1,0.7,90,90,-228.6707853354195,0.0,0,15.086004257202148,3.072221279144287,6.981805324554443
602,1,0.7,90,42,-29.946965199872267,0.7247319560671159,1,14.867879867553711,2.853588104248047,6.903633117675781
603,1,0.7,90,19,-0.6235878446481955,0.7597358838236469,1,27.04644012451172,3.3116061687469482,6.862304210662842
604,1,0.7,90,24,-7.481890263142679,0.7060485787387044,1,12.205408096313477,2.944746971130371,6.954466342926025
605,1,0.7,90,33,-24.06894688107648,0.7138278992287562,1,17.599536895751953,3.2370405197143555,6.942552089691162
606,1,0.7,90,31,-6.579427158998772,0.7027542549766768,1,23.00105857849121,3.15325665473938,6.9391093254089355
607,1,0.7,90,32,-21.97804327997588,0.702129075197179,1,12.740524291992188,3.853071689605713,6.684075832366943
608,1,0.7,90,61,-48.82842429667595,0.7026390619658729,1,14.447219848632812,4.0695576667785645,6.688177585601807
609,1,0.7,90,27,-0.32278879828171725,0.7069013970156224,1,15.8069429397583,4.230091571807861,6.666243076324463
610,1,0.7,90,8,11.8810476975715,0.7040561363659431,1,36.080928802490234,3.83583402633667,6.630958557128906
611,1,0.7,90,31,-8.634910913685413,0.7015921595036663,1,18.752498626708984,2.5866539478302,6.771381378173828
612,1,0.7,90,35,-12.775610714030858,0.7161307209249994,1,11.074848175048828,2.0813844203948975,6.946537971496582
613,1,0.7,90,5,14.5605062565248,0.7074498986771368,1,14.011133193969727,1.9902546405792236,6.923614501953125
614,1,0.7,90,23,-0.9442266144316207,0.7011487225701095,1,26.0291690826416,2.0056819915771484,7.194239139556885
615,1,0.7,90,30,-11.271785024569436,0.7174460760065913,1,17.58222007751465,1.6892659664154053,7.226968288421631
616,1,0.7,90,28,-9.871746945394012,0.7061783913545447,1,45.10696792602539,2.5436558723449707,7.080544471740723
617,1,0.7,90,90,-162.23253591013523,0.0,0,18.720409393310547,3.021754026412964,7.120776653289795
618,1,0.7,90,29,-20.125152880403483,0.7099585317778545,1,51.52787780761719,3.696657657623291,6.961319923400879
619,1,0.7,90,90,-144.06757390646672,0.0027699261673702308,0,9.719316482543945,3.981092691421509,6.908837795257568
620,1,0.7,90,13,7.786750298362888,0.7107583043342,1,15.513665199279785,4.560291290283203,6.715322971343994
621,1,0.7,90,30,-2.8900316168956195,0.7069131836951766,1,18.090839385986328,4.450681686401367,6.7284698486328125
622,1,0.7,90,15,10.347037655068105,0.7261594810015248,1,21.425804138183594,4.069858551025391,6.902193546295166
623,1,0.7,90,36,-15.69304011518193,0.702710833704445,1,17.04283332824707,3.8363938331604004,6.901666164398193
624,1,0.7,90,13,10.293072389318858,0.7138862359620884,1,20.471145629882812,3.2881922721862793,7.10626745223999
625,1,0.7,90,34,-10.098753235068873,0.7053563800615353,1,17.055910110473633,2.903275489807129,7.201203346252441
626,1,0.7,90,22,0.03360438752566175,0.7143053485750365,1,19.922710418701172,2.5281410217285156,7.338067531585693
627,1,0.7,90,14,10.04249562246009,0.7130737800331198,1,12.537845611572266,2.050654411315918,7.604048252105713
628,1,0.7,90,18,5.755193858847538,0.7252137814013567,1,29.099761962890625,2.296820640563965,7.69735050201416
629,1,0.7,90,26,0.5571309975126262,0.7062882691368544,1,18.171802520751953,2.0200228691101074,7.887213230133057
630,1,0.7,90,18,4.059040545139943,0.7781567138259642,1,16.706851959228516,2.366755485534668,7.512242317199707
631,1,0.7,90,22,0.12555133937834384,0.7086269509125942,1,32.27019500732422,2.4823431968688965,7.507058143615723
632,1,0.7,90,18,-0.6173954563785582,0.7136474512017139,1,26.12487030029297,2.5144002437591553,7.373907566070557
633,1,0.7,90,9,15.434418265651017,0.7034116502386095,1,21.35146713256836,2.4182372093200684,7.322929382324219
634,1,0.7,90,21,3.4593785510685224,0.7037844633745595,1,14.697145462036133,2.750581741333008,7.106231689453125
635,1,0.7,90,21,6.464971046826192,0.716704949454557,1,26.922653198242188,2.7525453567504883,7.083517551422119
636,1,0.7,90,7,15.710876262844124,0.7179926244034679,1,18.43990135192871,3.0324370861053467,6.993878364562988
637,1,0.7,90,31,-9.96503682820366,0.7154716861388414,1,17.86471176147461,3.3392326831817627,7.040171146392822
638,1,0.7,90,7,17.15030707318104,0.7006947877398095,1,11.782926559448242,2.732367515563965,6.913232326507568
639,1,0.7,90,20,6.664929611991811,0.7297985065517004,1,22.882360458374023,3.0637454986572266,6.900157451629639
640,1,0.7,90,20,7.283830588264503,0.706172348220798,1,16.024887084960938,2.4056386947631836,7.016960144042969
641,1,0.7,90,14,9.439835187393557,0.7037846181226187,1,15.200630187988281,2.5808520317077637,7.15264368057251
642,1,0.7,90,9,11.491046263900055,0.7212360073811352,1,28.157726287841797,2.4928154945373535,6.980096340179443
643,1,0.7,90,8,15.585265579730017,0.7143050380874155,1,14.841560363769531,2.26151704788208,7.159915447235107
644,1,0.7,90,14,5.402853232453294,0.715445682716679,1,28.866127014160156,2.4011473655700684,7.187882423400879
645,1,0.7,90,15,6.24375497019598,0.7117418173568822,1,34.44499969482422,1.9740443229675293,7.160547733306885
646,1,0.7,90,6,17.331542281651867,0.7555669315415215,1,34.41490936279297,2.55452299118042,7.0923590660095215
647,1,0.7,90,29,-3.0471070116075047,0.7302144109765115,1,16.54369354248047,2.245856761932373,7.149366855621338
648,1,0.7,90,29,-1.5562171992080955,0.719468947960426,1,33.60643768310547,1.7931101322174072,7.2443108558654785
649,1,0.7,90,33,-27.594848260280912,0.8139116815929816,1,15.389350891113281,2.0367870330810547,7.23958683013916
650,1,0.7,90,17,8.569104659500079,0.7150472911692481,1,12.419367790222168,1.4637702703475952,7.331480503082275
651,1,0.7,90,14,10.76680232661905,0.7096213336491048,1,7.781405925750732,1.5809985399246216,7.430977821350098
652,1,0.7,90,14,7.221953694249606,0.7037423015824471,1,31.881946563720703,1.416124701499939,7.425340175628662
653,1,0.7,90,22,0.8794930339121123,0.7009105886910794,1,11.045239448547363,1.3522858619689941,7.670811653137207
654,1,0.7,90,6,15.492659832211917,0.7007158372931144,1,11.94257926940918,1.0483053922653198,7.972245693206787
655,1,0.7,90,37,-14.856056333260328,0.7169096196192134,1,20.577430725097656,1.7113703489303589,7.933559417724609
656,1,0.7,90,11,15.366585626612434,0.7393197612818966,1,39.507911682128906,1.2950644493103027,7.82433557510376
657,1,0.7,90,15,8.98226010090532,0.7101544871770166,1,25.32599449157715,1.180121660232544,8.101900100708008
658,1,0.7,90,11,17.374193964164107,0.7200008053758067,1,21.20692253112793,1.3241571187973022,8.13523006439209
659,1,0.7,90,4,14.096698457477842,0.7065338354808581,1,31.623512268066406,1.8047471046447754,7.98654317855835
660,1,0.7,90,10,16.99933109909681,0.7161084642188871,1,20.68993377685547,1.9368895292282104,8.127004623413086
661,1,0.7,90,6,13.25043378245607,0.7054777653542412,1,9.955144882202148,2.1735332012176514,8.173234939575195
662,1,0.7,90,8,14.11148743101715,0.7012702169368472,1,27.04009246826172,2.1476359367370605,8.073824882507324
663,1,0.7,90,4,18.19215946750483,0.7671691860499148,1,32.22615051269531,1.596415400505066,8.086827278137207
664,1,0.7,90,4,13.67659976937794,0.7059770545990526,1,10.865530014038086,1.1924504041671753,8.295775413513184
665,1,0.7,90,6,9.558568530887278,0.7089288779851572,1,27.106388092041016,1.0773591995239258,8.315829277038574
666,1,0.7,90,4,15.486320440365576,0.7069941070952006,1,6.902026176452637,1.05987548828125,8.414916038513184
667,1,0.7,90,11,11.062013483288624,0.7026478425192475,1,19.868207931518555,0.28757044672966003,8.643487930297852
668,1,0.7,90,8,14.417415908788515,0.7269456442101542,1,22.255887985229492,0.5325647592544556,8.664512634277344
669,1,0.7,90,4,20.93113399859977,0.7587304939654563,1,36.483787536621094,0.3624512851238251,8.627375602722168
670,1,0.7,90,12,9.22266789719572,0.7023038673480263,1,21.137229919433594,0.5861185193061829,8.815760612487793
671,1,0.7,90,6,20.15202158753507,0.7172336841692297,1,25.529870986938477,1.2191814184188843,8.679036140441895
672,1,0.7,90,9,17.831220625736567,0.7229647871772763,1,18.39571762084961,1.3811683654785156,8.774351119995117
673,1,0.7,90,12,12.771476708769478,0.7280080243534609,1,22.90606689453125,1.1418390274047852,8.637348175048828
674,1,0.7,90,20,4.053229205181625,0.7132763311093928,1,23.156471252441406,1.5183076858520508,8.46186351776123
675,1,0.7,90,4,19.017816906922373,0.7088855351835878,1,44.180294036865234,1.3259189128875732,8.490463256835938
676,1,0.7,90,8,19.72312011031796,0.7165627792421974,1,9.254880905151367,0.9079512357711792,8.770087242126465
677,1,0.7,90,8,11.54392736093222,0.7089233738298818,1,7.645087242126465,0.8475896716117859,8.762504577636719
678,1,0.7,90,11,14.79475363298938,0.7043712670287868,1,22.081859588623047,0.40126949548721313,8.589273452758789
679,1,0.7,90,14,13.584990492910293,0.7091277986980328,1,14.017394065856934,0.7376364469528198,8.68189525604248
680,1,0.7,90,5,19.482743098339824,0.7226382897873489,1,7.330954551696777,0.26012882590293884,8.692605018615723
681,1,0.7,90,7,18.681986400550898,0.7107284795214636,1,28.55156898498535,-0.005481310188770294,8.825502395629883
682,1,0.7,90,6,18.14744795559766,0.7036078788306288,1,8.8776216506958,-0.044133372604846954,8.778299331665039
683,1,0.7,90,10,17.863026847664443,0.7116387746572104,1,33.189842224121094,-0.37887340784072876,8.856287002563477
684,1,0.7,90,5,21.992773213223906,0.7359990165709246,1,10.349180221557617,-0.6577663421630859,8.962153434753418
685,1,0.7,90,5,20.546932059092818,0.7418303079758007,1,30.075580596923828,-0.7798500061035156,8.8373384475708
686,1,0.7,90,4,18.817020781778986,0.7006628734647738,1,36.80310821533203,-0.8102898597717285,9.000218391418457
687,1,0.7,90,22,3.3783563982943523,0.7002479428939797,1,16.95319366455078,-0.5770043134689331,9.135815620422363
688,1,0.7,90,10,16.238960450902262,0.7119661967381478,1,30.162769317626953,-0.4662267565727234,8.879752159118652
689,1,0.7,90,7,15.544785519171842,0.7232029443026319,1,40.56871032714844,-0.008827194571495056,8.89745807647705
690,1,0.7,90,6,23.121913430140516,0.7338108697831752,1,25.07119369506836,-0.09658897668123245,8.78397274017334
691,1,0.7,90,8,20.431319474068708,0.7326373837311401,1,7.578321933746338,0.30498206615448,8.92625617980957
692,1,0.7,90,7,17.401223962800124,0.7231509271339441,1,10.759453773498535,0.08900438994169235,8.976617813110352
693,1,0.7,90,11,16.119547124877226,0.715316617755104,1,9.175386428833008,0.3691546618938446,8.852530479431152
694,1,0.7,90,5,24.44165006230204,0.7381872929428734,1,12.986842155456543,0.6861498355865479,8.807967185974121
695,1,0.7,90,18,9.208721415452196,0.7242613628057967,1,20.64433479309082,0.2924383878707886,9.003310203552246
696,1,0.7,90,6,18.75990822488916,0.7300123995504003,1,30.508752822875977,0.9547190070152283,8.902435302734375
697,1,0.7,90,5,19.210828684349515,0.7100397265421204,1,16.05712890625,0.19556587934494019,8.9813814163208
698,1,0.7,90,8,21.37999374903062,0.7247841635732275,1,29.394359588623047,0.8823879957199097,9.092928886413574
699,1,0.7,90,7,16.950159051390663,0.7188800225939477,1,14.12944507598877,0.514310359954834,8.934829711914062
700,1,0.7,90,9,15.667846420750939,0.7131633488015832,1,16.378515243530273,-0.17241252958774567,9.057360649108887
701,1,0.7,90,13,10.98271694304221,0.7080098976945296,1,11.766057968139648,0.44094306230545044,8.958693504333496
702,1,0.7,90,8,16.48568739950633,0.7015642806007606,1,33.08008575439453,0.3634423017501831,9.082747459411621
703,1,0.7,90,10,18.74869163030901,0.7254874144247042,1,13.580547332763672,0.5375906825065613,8.959726333618164
704,1,0.7,90,7,14.72273660173256,0.7251705899943565,1,38.49170684814453,0.07972806692123413,9.114938735961914
705,1,0.7,90,11,17.26458478439723,0.726269756021218,1,12.046180725097656,0.5377171039581299,9.014759063720703
706,1,0.7,90,8,18.89628695233206,0.7411166923735482,1,47.590721130371094,0.3131988048553467,9.170500755310059
707,1,0.7,90,4,19.582389363640104,0.7148302376669812,1,17.921218872070312,0.26139646768569946,9.345125198364258
708,1,0.7,90,8,14.227501478370257,0.7024155094961669,1,14.115884780883789,0.15065841376781464,9.257295608520508
709,1,0.7,90,6,16.904738686799767,0.7007392659491714,1,11.507259368896484,-0.07767601311206818,9.465839385986328
710,1,0.7,90,13,15.484683078217438,0.7279356999233114,1,25.950458526611328,0.8494652509689331,9.274218559265137
711,1,0.7,90,10,15.98917562909828,0.7365577542758992,1,8.162281036376953,0.9804127216339111,9.192923545837402
712,1,0.7,90,14,16.464235092065433,0.7253113077276563,1,77.51493835449219,1.303744912147522,9.218314170837402
713,1,0.7,90,6,14.278157008730776,0.7167836979942495,1,3.5729594230651855,0.7513412237167358,9.153152465820312
714,1,0.7,90,6,18.021391579757044,0.7211473916460209,1,47.55622100830078,0.650545597076416,9.30593490600586
715,1,0.7,90,7,20.431353118437393,0.7333707026821165,1,59.36797332763672,0.5593750476837158,9.163289070129395
716,1,0.7,90,5,21.244068681279728,0.7082173504976084,1,24.035797119140625,-0.22923460602760315,9.204032897949219
717,1,0.7,90,5,16.398170840508104,0.7020462018829616,1,9.654982566833496,-0.22372378408908844,9.229278564453125
718,1,0.7,90,3,18.580739433369207,0.7872699678167612,1,33.19465637207031,-0.3957381546497345,9.527810096740723
719,1,0.7,90,6,20.39841661037456,0.7186683385335924,1,26.242229461669922,-0.6663031578063965,9.100523948669434
720,1,0.7,90,7,17.399135594969017,0.7236368719351849,1,29.456445693969727,-0.38380345702171326,9.161849021911621
721,1,0.7,90,7,18.19881063724094,0.7031042420656356,1,15.678401947021484,-0.590482234954834,9.215384483337402
722,1,0.7,90,5,22.163083777235776,0.7565609036445479,1,20.744796752929688,-0.3102879226207733,9.228809356689453
723,1,0.7,90,8,16.586770145895663,0.7036002659840609,1,15.159307479858398,-0.06359830498695374,9.165722846984863
724,1,0.7,90,3,13.66455415773627,0.725740038780481,1,17.05257797241211,0.013129137456417084,9.195548057556152
725,1,0.7,90,7,15.623342565728137,0.7176688782370415,1,28.048477172851562,-0.10946524143218994,9.263659477233887
726,1,0.7,90,6,14.905061416138409,0.7077346087087646,1,25.452163696289062,0.23983143270015717,9.09144115447998
727,1,0.7,90,8,16.396635990186038,0.724519710762815,1,19.432464599609375,-0.04873741418123245,9.142024040222168
728,1,0.7,90,5,19.61305696218814,0.7140131087998156,1,12.317586898803711,0.4480414092540741,8.952136039733887
729,1,0.7,90,6,18.961024375869982,0.7003282113955642,1,6.823910713195801,0.13167938590049744,9.01015853881836
730,1,0.7,90,4,17.940964616782633,0.7062720149534549,1,29.87767219543457,0.5477722883224487,8.893755912780762
731,1,0.7,90,6,16.889478013796598,0.7168833435574348,1,10.434883117675781,-0.017647787928581238,9.2901611328125
732,1,0.7,90,18,5.76447039221094,0.7081522622720497,1,26.528114318847656,0.41856086254119873,9.144017219543457
733,1,0.7,90,20,3.701383215897847,0.7084755463289371,1,10.966571807861328,0.17278888821601868,9.269448280334473
734,1,0.7,90,4,14.15664434505626,0.7042433191489755,1,17.978986740112305,0.11584475636482239,9.426350593566895
735,1,0.7,90,3,16.853280033617473,0.7043364153287309,1,23.512359619140625,0.46574196219444275,9.173025131225586
736,1,0.7,90,8,15.672666897096935,0.7043710583616333,1,26.20868682861328,0.10299405455589294,9.400130271911621
737,1,0.7,90,15,8.105990743993736,0.7067719728354434,1,46.111053466796875,-0.022413264960050583,9.37591552734375
738,1,0.7,90,24,0.5947888261819649,0.72498607449254,1,14.243850708007812,0.5491487979888916,9.244587898254395
739,1,0.7,90,7,19.05862713478094,0.7190581152934459,1,17.154804229736328,0.14197108149528503,9.406790733337402
740,1,0.7,90,11,14.651262453779609,0.72695167096965,1,14.046144485473633,0.42092323303222656,9.458651542663574
741,1,0.7,90,11,13.713997336412096,0.7087095473980061,1,24.962989807128906,0.4726278781890869,9.337384223937988
742,1,0.7,90,16,5.028605883487217,0.7031212487017601,1,7.950997829437256,1.0345449447631836,9.165814399719238
743,1,0.7,90,12,13.996792328768528,0.7078963708031594,1,31.834491729736328,0.7362685799598694,9.271827697753906
744,1,0.7,90,14,8.318836496744723,0.7251116826069904,1,22.702146530151367,0.14194820821285248,9.413896560668945
745,1,0.7,90,8,18.780872411470106,0.7086454811243763,1,22.87453842163086,0.4338383674621582,9.317952156066895
746,1,0.7,90,8,17.129324468581597,0.7066993602696346,1,19.82650375366211,0.03021017462015152,9.20439624786377
747,1,0.7,90,10,16.219935080433487,0.7208511782285744,1,15.85810661315918,0.3345542550086975,9.12641716003418
748,1,0.7,90,7,22.15692858475564,0.7308644925328955,1,44.665672302246094,-0.11654183268547058,9.128247261047363
749,1,0.7,90,23,0.70552527886848,0.7030390514331148,1,25.840042114257812,-0.2806726396083832,9.312281608581543
750,1,0.7,90,4,16.071331300236544,0.7267793645980289,1,14.173734664916992,-0.4832414388656616,9.237784385681152
751,1,0.7,90,9,13.533108173937222,0.7083169021137816,1,29.47056007385254,-0.5542385578155518,9.395468711853027
752,1,0.7,90,12,13.117735772722385,0.7131815118662357,1,45.325653076171875,-0.44373583793640137,9.104918479919434
753,1,0.7,90,4,20.07272334815367,0.7003629327615282,1,21.05013656616211,-0.6134674549102783,9.272673606872559
754,1,0.7,90,4,12.580293726090225,0.7223244093170054,1,27.301607131958008,-0.26120907068252563,9.212359428405762
755,1,0.7,90,8,11.362649594156274,0.7104616129286759,1,18.706111907958984,-0.7508364915847778,9.17505168914795
756,1,0.7,90,15,13.618282861412844,0.7048304726299632,1,18.360713958740234,-0.7032737731933594,9.250319480895996
757,1,0.7,90,9,15.187826042806929,0.7134930575131826,1,26.344600677490234,-0.13265778124332428,9.199647903442383
758,1,0.7,90,6,16.857087717265166,0.7061468974463461,1,10.825594902038574,-0.2699515223503113,9.151226043701172
759,1,0.7,90,4,15.384497383323817,0.7217900297945941,1,18.675735473632812,-0.9122790098190308,9.223273277282715
760,1,0.7,90,4,16.972471571533404,0.7064137282528484,1,12.542842864990234,-0.831465482711792,9.513795852661133
761,1,0.7,90,6,18.578494853973744,0.7016007466140469,1,25.091297149658203,-1.488424301147461,9.498373985290527
762,1,0.7,90,8,15.825890229663148,0.700391755966045,1,12.819696426391602,-1.12139093875885,9.479392051696777
763,1,0.7,90,6,24.496659224062363,0.7498107651855599,1,25.72429847717285,-1.6396639347076416,9.570799827575684
764,1,0.7,90,8,17.81863467142367,0.719553955608652,1,17.58860969543457,-1.803428292274475,9.782927513122559
765,1,0.7,90,7,19.61133249874173,0.7078860762010748,1,22.416210174560547,-1.5627951622009277,9.657271385192871
766,1,0.7,90,5,15.570436262209,0.7268040525124655,1,22.342748641967773,-1.0687360763549805,9.664054870605469
767,1,0.7,90,3,17.39481844907351,0.706570368084862,1,20.914081573486328,-0.6692658066749573,9.456847190856934
768,1,0.7,90,5,19.310878626165263,0.7753086676206639,1,27.80829620361328,-0.971707284450531,9.800973892211914
769,1,0.7,90,11,16.085044655763824,0.7289323678878906,1,18.764205932617188,-0.1792440414428711,10.023167610168457
770,1,0.7,90,10,15.172618887526866,0.7369922066640978,1,17.50316619873047,-0.38700687885284424,9.863248825073242
771,1,0.7,90,19,1.0640433691596076,0.7178407541184687,1,26.119619369506836,0.35653626918792725,9.766249656677246
772,1,0.7,90,5,19.31000586849864,0.724021547566148,1,26.087873458862305,0.28398334980010986,9.852522850036621
773,1,0.7,90,11,14.485406546141029,0.703160056240118,1,33.88653564453125,-0.38407033681869507,10.026829719543457
774,1,0.7,90,22,-1.647689084460465,0.7080941622766742,1,21.577800750732422,-0.8891805410385132,10.373652458190918
775,1,0.7,90,7,19.98266953241275,0.7142062076551873,1,20.26270294189453,-1.1808618307113647,10.534796714782715
776,1,0.7,90,2,13.457324195333374,0.7128191714345593,1,27.555856704711914,-1.3128979206085205,10.57021713256836
777,1,0.7,90,9,16.729926557615133,0.7247361850091756,1,29.418231964111328,-1.9165332317352295,10.839774131774902
778,1,0.7,90,7,18.741044786304087,0.721172572127013,1,24.864038467407227,-1.8091235160827637,10.809203147888184
779,1,0.7,90,7,19.787397784126476,0.7456610157772062,1,36.9063606262207,-2.2225756645202637,11.161948204040527
780,1,0.7,90,7,20.415503551487745,0.7267963088546567,1,35.54035186767578,-2.2301907539367676,11.006053924560547
781,1,0.7,90,7,10.210967737974666,0.7079993199673941,1,16.278871536254883,-2.1625373363494873,10.814229011535645
782,1,0.7,90,7,21.643411581174327,0.7458482664671344,1,27.905492782592773,-1.791526198387146,10.596830368041992
783,1,0.7,90,9,16.868850231578296,0.7166669041726766,1,18.580707550048828,-1.3932725191116333,10.733197212219238
784,1,0.7,90,9,14.342831980440844,0.7008895539099677,1,30.98369598388672,-1.6931838989257812,10.973260879516602
785,1,0.7,90,5,18.733840280184182,0.7047213214986805,1,17.76380729675293,-0.8238978385925293,10.797160148620605
786,1,0.7,90,6,17.65829076995992,0.7131649621752375,1,13.973155975341797,-0.9957625865936279,10.587965965270996
787,1,0.7,90,13,12.96790785398213,0.7227407089253403,1,24.50532341003418,-0.302286833524704,10.575648307800293
788,1,0.7,90,7,19.711693084997876,0.7099822925214158,1,33.454261779785156,-0.4320424199104309,10.396807670593262
789,1,0.7,90,4,19.230954975218086,0.7296495536011972,1,21.374286651611328,-0.45697155594825745,10.683995246887207
790,1,0.7,90,7,17.884848470667553,0.7168789731074832,1,28.182125091552734,0.025118542835116386,10.212462425231934
791,1,0.7,90,10,16.29647093473696,0.7258143431384688,1,43.94200897216797,-0.15073198080062866,10.346606254577637
792,1,0.7,90,15,8.46247795166747,0.7083616623624557,1,16.01816177368164,-0.1444404572248459,10.597085952758789
793,1,0.7,90,10,18.197969383340936,0.7207503190443685,1,28.635448455810547,-0.4558115005493164,10.601641654968262
794,1,0.7,90,5,18.51849914211178,0.7002103922325841,1,15.195724487304688,-0.5799661874771118,10.528958320617676
795,1,0.7,90,16,12.136297294359455,0.7083485766904898,1,23.491403579711914,-0.7580142021179199,10.432860374450684
796,1,0.7,90,11,14.523859391360162,0.7060284463810775,1,12.958063125610352,-0.8859819173812866,10.389002799987793
797,1,0.7,90,7,17.770440738580163,0.7187944376930233,1,8.830556869506836,-0.7172195315361023,10.264936447143555
798,1,0.7,90,11,16.609084955917726,0.7136004466630892,1,27.33358383178711,-0.8638755679130554,10.378010749816895
799,1,0.7,90,3,18.042244611567153,0.7440486135482306,1,21.553009033203125,-1.350393295288086,10.3770112991333
800,1,0.7,90,17,6.257478299373014,0.7178004472628116,1,22.08903694152832,-1.0878758430480957,10.394454002380371
801,1,0.7,90,7,17.938134737266616,0.7263634984821984,1,17.745996475219727,-1.07534658908844,10.174941062927246
802,1,0.7,90,11,15.040705778273718,0.7506094987866162,1,27.050151824951172,-1.1414010524749756,10.317632675170898
803,1,0.7,90,7,15.793364587328584,0.7476506182167356,1,29.437217712402344,-1.0829086303710938,10.031317710876465
804,1,0.7,90,18,0.9255225640739262,0.7071861432501391,1,32.739646911621094,-1.1427189111709595,10.047149658203125
805,1,0.7,90,7,18.104982520587086,0.7643691362211493,1,38.08660125732422,-1.1740870475769043,9.98101806640625
806,1,0.7,90,5,12.332465425398663,0.7170001185953508,1,4.898859024047852,-1.4617000818252563,10.278487205505371
807,1,0.7,90,16,-1.057053729513397,0.731285153380848,1,14.877326965332031,-1.0748698711395264,9.831871032714844
808,1,0.7,90,6,18.3338280879002,0.7409035958235624,1,29.76456069946289,-1.475259780883789,10.15485668182373
809,1,0.7,90,8,16.097943095240545,0.737571321765713,1,16.45410919189453,-1.5475425720214844,10.222002983093262
810,1,0.7,90,12,10.304257026605537,0.7049655036579028,1,56.910491943359375,-1.8556780815124512,10.245437622070312
811,1,0.7,90,6,16.572902127476674,0.7121469255743857,1,25.985605239868164,-2.181192636489868,10.20101261138916
812,1,0.7,90,6,15.016382560608132,0.7093711410315703,1,7.568546295166016,-2.0308918952941895,10.193717002868652
813,1,0.7,90,4,19.504192022695086,0.7143773783637537,1,29.12254524230957,-1.9799268245697021,9.996713638305664
814,1,0.7,90,10,14.290981483185348,0.7041228328219943,1,28.904842376708984,-2.2822751998901367,9.967723846435547
815,1,0.7,90,4,20.685911954952566,0.7247412691825312,1,13.197216033935547,-2.527996063232422,9.894798278808594
816,1,0.7,90,7,18.677851799225166,0.7361685900552398,1,17.801355361938477,-2.3083972930908203,9.882375717163086
817,1,0.7,90,6,18.66072177896327,0.7282615405562184,1,15.50420093536377,-2.3874735832214355,9.874292373657227
818,1,0.7,90,7,18.428675744910336,0.7260209941880402,1,23.697189331054688,-2.163278579711914,9.704814910888672
819,1,0.7,90,6,19.86109862482005,0.7277000200442895,1,32.10277557373047,-3.0643115043640137,9.92481517791748
820,1,0.7,90,6,22.154230626990206,0.7597951724015374,1,22.138086318969727,-3.0336556434631348,10.216777801513672
821,1,0.7,90,12,13.427090974125356,0.749194832674413,1,18.79370880126953,-2.6499195098876953,10.202688217163086
822,1,0.7,90,4,14.928025527005289,0.7021320889196191,1,24.086406707763672,-2.421626091003418,10.218948364257812
823,1,0.7,90,5,20.316697095626346,0.7514719312818672,1,37.30992889404297,-2.36137318611145,10.156064987182617
824,1,0.7,90,9,19.48638566919756,0.7258544726503076,1,25.085357666015625,-2.545651912689209,10.312664985656738
825,1,0.7,90,5,20.395644776616287,0.7614561241067944,1,13.738079071044922,-2.3259315490722656,10.349078178405762
826,1,0.7,90,13,13.536035531736518,0.7300105527092524,1,18.15671157836914,-2.7930190563201904,10.518768310546875
827,1,0.7,90,10,17.71840337862741,0.7251745465271847,1,22.58998680114746,-2.3840715885162354,10.301139831542969
828,1,0.7,90,8,18.34575442046559,0.7145104139510952,1,6.562559127807617,-1.9005661010742188,10.303304672241211
829,1,0.7,90,8,11.350415475745116,0.7043974034645349,1,27.716556549072266,-2.165531873703003,10.120264053344727
830,1,0.7,90,8,17.119650341617977,0.7255509362404466,1,44.42139434814453,-2.427269458770752,10.169507026672363
831,1,0.7,90,8,16.41516634450678,0.7383429092336374,1,17.862586975097656,-2.7323267459869385,10.508015632629395
832,1,0.7,90,8,16.93939034679231,0.7072680141781076,1,22.371856689453125,-2.8088479042053223,10.506983757019043
833,1,0.7,90,6,18.79980772890972,0.7028978540665866,1,20.788862228393555,-2.6242189407348633,10.340066909790039
834,1,0.7,90,5,18.27735173882442,0.7002095537689305,1,19.550979614257812,-2.8328986167907715,10.453292846679688
835,1,0.7,90,4,14.626541542906175,0.7184914288173482,1,15.032962799072266,-2.938751697540283,10.688633918762207
836,1,0.7,90,17,11.04335938183362,0.7131927395586332,1,12.735771179199219,-3.1480209827423096,10.879133224487305
837,1,0.7,90,4,20.900981585674796,0.7275232568912591,1,16.664234161376953,-2.57016658782959,10.603026390075684
838,1,0.7,90,5,19.943620241589155,0.763223612154313,1,36.534881591796875,-2.56268572807312,10.531465530395508
839,1,0.7,90,9,14.706016150589168,0.7238726009759886,1,31.23528480529785,-2.7318289279937744,10.69208812713623
840,1,0.7,90,5,18.425100078319268,0.7319608314970923,1,18.75016975402832,-2.985997200012207,10.520906448364258
841,1,0.7,90,6,16.658120182648986,0.7016443059781708,1,35.5994873046875,-3.1226143836975098,10.315206527709961
842,1,0.7,90,6,22.368034036221072,0.7371622959408913,1,18.717811584472656,-3.827803611755371,10.780461311340332
843,1,0.7,90,5,19.55627176351485,0.7169661502404139,1,14.702144622802734,-3.702059268951416,10.35568904876709
844,1,0.7,90,6,18.487660155875716,0.7197657397964243,1,16.033477783203125,-3.553032398223877,10.432303428649902
845,1,0.7,90,2,14.169589733290103,0.7324210797799957,1,29.60909652709961,-4.173391342163086,10.47992992401123
846,1,0.7,90,5,18.928706515988132,0.7412555995795802,1,49.36945724487305,-4.286408424377441,10.346531867980957
847,1,0.7,90,7,16.912102877489197,0.713637450069401,1,28.536869049072266,-4.395172119140625,10.187359809875488
848,1,0.7,90,8,20.715647021591323,0.7066884647270304,1,13.831582069396973,-4.622974872589111,10.382880210876465
849,1,0.7,90,10,16.12018704260729,0.7004769185728312,1,15.499689102172852,-4.1272664070129395,10.28057861328125
850,1,0.7,90,8,16.75573239834687,0.7001628554247115,1,17.944759368896484,-3.6778950691223145,10.261200904846191
851,1,0.7,90,6,18.91613082785718,0.7159457865389979,1,38.708431243896484,-2.961371660232544,9.979547500610352
852,1,0.7,90,6,21.271078262789292,0.7058063220924099,1,31.179786682128906,-3.5991427898406982,10.113590240478516
853,1,0.7,90,3,14.682413731707253,0.7631056434127618,1,8.861473083496094,-3.6661834716796875,10.220405578613281
854,1,0.7,90,7,16.2389141494117,0.7081470642508385,1,16.43644142150879,-4.161980628967285,10.492491722106934
855,1,0.7,90,6,17.635093765744674,0.7212049296079202,1,7.501368522644043,-3.532580852508545,10.283438682556152
856,1,0.7,90,4,18.228621697830324,0.707717526985182,1,12.222709655761719,-4.336716651916504,10.710100173950195
857,1,0.7,90,4,16.087767934757792,0.7103315944589045,1,23.852741241455078,-2.7704153060913086,10.279345512390137
858,1,0.7,90,8,16.16337388054541,0.7373261549464628,1,6.24135684967041,-2.8730597496032715,10.372326850891113
859,1,0.7,90,4,15.35423901162893,0.7514809945116843,1,10.932863235473633,-3.0075602531433105,10.482707023620605
860,1,0.7,90,8,16.613472383323387,0.7263688252068313,1,13.347261428833008,-2.8546035289764404,10.433234214782715
861,1,0.7,90,7,15.70062069351362,0.7062630498633014,1,25.58797836303711,-2.7129905223846436,10.504687309265137
862,1,0.7,90,5,17.499804730993432,0.7291146725577226,1,14.576343536376953,-3.702101230621338,10.755131721496582
863,1,0.7,90,12,14.66562573134797,0.7234525707797553,1,20.99911117553711,-3.3949198722839355,10.535721778869629
864,1,0.7,90,7,18.691098629291517,0.7272081437874988,1,16.886690139770508,-4.407567977905273,10.960229873657227
865,1,0.7,90,3,13.233660646420502,0.7148207699582735,1,23.553131103515625,-3.3032913208007812,10.292706489562988
866,1,0.7,90,5,19.026628237614045,0.7603365671250557,1,11.638008117675781,-3.582832098007202,10.502019882202148
867,1,0.7,90,5,18.385298378962062,0.7408211403756647,1,16.677268981933594,-3.465294361114502,10.466864585876465
868,1,0.7,90,4,13.899373700660368,0.7522473453869899,1,31.317279815673828,-3.5318939685821533,10.334547996520996
869,1,0.7,90,8,16.17037049357465,0.7145796934893135,1,7.269184112548828,-3.5618960857391357,10.213497161865234
870,1,0.7,90,7,17.535078322743008,0.7323826870739499,1,10.368227005004883,-3.5698866844177246,10.131518363952637
871,1,0.7,90,10,15.267128008713348,0.7513628307501193,1,29.0792236328125,-3.471217155456543,10.061494827270508
872,1,0.7,90,10,17.878979323967826,0.7027683352212056,1,16.908706665039062,-3.1398937702178955,9.937575340270996
873,1,0.7,90,5,18.000576600569705,0.7130087579751213,1,13.982332229614258,-4.53438138961792,10.237460136413574
874,1,0.7,90,4,20.839893051114995,0.7100377842468113,1,22.345439910888672,-4.316004753112793,10.275437355041504
875,1,0.7,90,5,15.570914543192519,0.7189805669667018,1,28.540332794189453,-3.579911470413208,10.05248737335205
876,1,0.7,90,9,17.47205792870766,0.7220927350923028,1,32.344078063964844,-4.163238525390625,10.009642601013184
877,1,0.7,90,9,18.24880727856076,0.7307229760853814,1,17.603530883789062,-3.878061532974243,10.085272789001465
878,1,0.7,90,7,20.317163463339917,0.7238670437067437,1,41.11149597167969,-3.441837787628174,10.169217109680176
879,1,0.7,90,7,18.71880190994127,0.7119471115334708,1,25.635873794555664,-4.363406181335449,10.554463386535645
880,1,0.7,90,10,11.106772058029515,0.7008471215301427,1,30.209548950195312,-4.215887546539307,10.361862182617188
881,1,0.7,90,7,17.80521497358436,0.7098007765391166,1,37.44861602783203,-3.800869941711426,10.492250442504883
882,1,0.7,90,5,16.360103365756864,0.7116540472771258,1,14.561698913574219,-4.161285400390625,10.452677726745605
883,1,0.7,90,6,15.75911335928842,0.72354100976263,1,23.005802154541016,-4.911155700683594,10.842169761657715
884,1,0.7,90,10,16.289309908840536,0.7048559842424325,1,19.83795928955078,-4.486911773681641,10.794135093688965
885,1,0.7,90,11,15.21288759486918,0.7423674336411474,1,17.18860626220703,-5.197850227355957,11.04029369354248
886,1,0.7,90,5,13.993999652062033,0.7181039343894308,1,15.189430236816406,-5.4261155128479,11.26972484588623
887,1,0.7,90,5,16.692808383991654,0.7135647116007993,1,27.337488174438477,-4.498289108276367,10.637382507324219
888,1,0.7,90,8,17.063499174456734,0.7155924891000397,1,16.17575454711914,-4.836522579193115,11.133116722106934
889,1,0.7,90,5,19.45199674923516,0.7662408961126791,1,15.370401382446289,-5.3868584632873535,11.26567268371582
890,1,0.7,90,9,19.290095103997277,0.7484440593575784,1,14.15578842163086,-5.265769004821777,11.143099784851074
891,1,0.7,90,7,21.993143105313575,0.7561815169895658,1,11.042961120605469,-4.762078285217285,11.236862182617188
892,1,0.7,90,8,15.199824412378426,0.7391786772624636,1,18.030139923095703,-4.583853721618652,11.023727416992188
893,1,0.7,90,4,17.182112686973408,0.7197076973735648,1,7.60648250579834,-4.714008331298828,11.195611953735352
894,1,0.7,90,6,19.89229413502887,0.7340261833241714,1,8.670166015625,-3.8560447692871094,11.065766334533691
895,1,0.7,90,6,17.362497730378085,0.7219912167661571,1,19.39493179321289,-3.6749978065490723,11.079813003540039
896,1,0.7,90,6,21.429050032563428,0.7231883416289704,1,21.08513641357422,-3.598512649536133,10.649210929870605
897,1,0.7,90,10,19.378022314531805,0.7291833282678959,1,35.90796661376953,-3.4301681518554688,10.4714994430542
898,1,0.7,90,3,16.757692898156858,0.7088554988925675,1,16.266956329345703,-3.216581344604492,10.34920597076416
899,1,0.7,90,3,19.43241663556146,0.7462314959716884,1,11.206977844238281,-3.1438651084899902,10.477924346923828
900,1,0.7,90,6,20.087970763649594,0.7034532906447271,1,23.951923370361328,-3.0208539962768555,10.351408958435059
901,1,0.7,90,6,20.70684826447272,0.7327588437110532,1,26.298555374145508,-3.189446449279785,10.265110969543457
902,1,0.7,90,4,20.13094605999246,0.70453304454842,1,10.306224822998047,-3.7190065383911133,10.537114143371582
903,1,0.7,90,6,21.82105168293789,0.7531096469279664,1,5.091930389404297,-3.232097864151001,9.993735313415527
904,1,0.7,90,4,19.17182838499761,0.7071249541660787,1,11.539791107177734,-4.417903900146484,10.488070487976074
905,1,0.7,90,5,21.878216877058044,0.7381407172760146,1,19.627063751220703,-4.731400489807129,10.106834411621094
906,1,0.7,90,12,16.472577212198715,0.7083750489976453,1,33.408172607421875,-5.45463228225708,10.332205772399902
907,1,0.7,90,6,17.305957487733764,0.7381168570763559,1,22.777812957763672,-6.190237998962402,10.604373931884766
908,1,0.7,90,7,18.410031616100845,0.7176102285173426,1,28.676544189453125,-6.328009605407715,10.566435813903809
909,1,0.7,90,14,9.178952280285207,0.701660711225116,1,31.934383392333984,-6.667415618896484,10.230669975280762
910,1,0.7,90,6,15.38401445504001,0.7359007630418214,1,33.31269073486328,-6.6511664390563965,10.284395217895508
911,1,0.7,90,8,22.559485624812112,0.7417448507996053,1,25.472352981567383,-6.6112871170043945,10.151654243469238
912,1,0.7,90,9,15.601485475148344,0.7020450245425012,1,17.465694427490234,-5.328481674194336,9.892476081848145
913,1,0.7,90,8,20.788734427405828,0.7484507930146006,1,10.990055084228516,-5.36461877822876,10.125998497009277
914,1,0.7,90,5,19.49591224343623,0.711900785227198,1,10.232885360717773,-4.341905117034912,10.245078086853027
915,1,0.7,90,6,20.380552631455988,0.7382109690688768,1,28.29154396057129,-4.194656848907471,10.346564292907715
916,1,0.7,90,5,19.859886900458157,0.7429103646074058,1,12.374090194702148,-3.65183162689209,10.27137279510498
917,1,0.7,90,10,17.894534182852595,0.7176343238908075,1,9.673690795898438,-3.6103224754333496,10.321507453918457
918,1,0.7,90,6,20.937332640094553,0.7385023510955128,1,39.24482727050781,-3.6175990104675293,10.26021957397461
919,1,0.7,90,4,17.437116860954276,0.7309806589371368,1,12.342552185058594,-3.2996580600738525,10.309356689453125
920,1,0.7,90,8,7.324400688609543,0.7264819862930474,1,17.205167770385742,-3.590968132019043,10.377180099487305
921,1,0.7,90,8,19.421980776442062,0.7481236962941463,1,20.053882598876953,-3.4119906425476074,10.561925888061523
922,1,0.7,90,6,22.37784053227715,0.7438648935739154,1,19.123573303222656,-3.7999954223632812,10.44293212890625
923,1,0.7,90,9,16.381127693896083,0.7311405563027417,1,23.401058197021484,-3.7573747634887695,10.248964309692383
924,1,0.7,90,6,23.255410706760166,0.7730227159981885,1,21.956878662109375,-4.192690372467041,10.425013542175293
925,1,0.7,90,6,14.853961270284493,0.7116100837667159,1,27.905805587768555,-4.841280937194824,10.622764587402344
926,1,0.7,90,5,20.3727693862072,0.7484770120807775,1,11.306131362915039,-5.739608287811279,11.072168350219727
927,1,0.7,90,6,13.711797617292593,0.7512087080150059,1,21.088912963867188,-4.4658002853393555,10.261659622192383
928,1,0.7,90,5,18.123425225861443,0.7023163252361536,1,22.419408798217773,-4.7713518142700195,10.483591079711914
929,1,0.7,90,7,15.811552589787727,0.732006368978462,1,36.15262222290039,-5.1265764236450195,10.408473014831543
930,1,0.7,90,9,19.85340466079455,0.7487494566588897,1,18.70879364013672,-4.79056453704834,10.229937553405762
931,1,0.7,90,4,20.823842643338217,0.787347172539962,1,18.82476806640625,-4.791271209716797,10.0480375289917
932,1,0.7,90,4,20.821642408874663,0.7546635049006711,1,24.74393081665039,-5.589265823364258,10.15384578704834
933,1,0.7,90,6,21.315697874921245,0.7461730466814784,1,19.688282012939453,-4.957884311676025,9.813737869262695
934,1,0.7,90,8,17.731881618495812,0.7029437219442071,1,12.397758483886719,-4.939697742462158,10.177800178527832
935,1,0.7,90,13,10.169689066129525,0.7162121378085455,1,30.487394332885742,-5.382397651672363,10.57371997833252
936,1,0.7,90,10,18.05153253366106,0.7174740400912444,1,16.526470184326172,-5.051543235778809,10.271742820739746
937,1,0.7,90,6,17.254389680750922,0.7278028701873215,1,7.5948028564453125,-5.09816837310791,10.013190269470215
938,1,0.7,90,6,19.85832314381291,0.7273478116567418,1,14.565608978271484,-4.935421943664551,10.081144332885742
939,1,0.7,90,12,13.210862707990174,0.7044403775625977,1,16.923751831054688,-5.28476619720459,10.270721435546875
940,1,0.7,90,4,18.759111232935407,0.7288224540004797,1,22.000761032104492,-4.97679328918457,10.001578330993652
941,1,0.7,90,9,19.51436340323697,0.7375167062349993,1,27.175769805908203,-5.374658584594727,10.166376113891602
942,1,0.7,90,7,17.722062248831975,0.7002216342431661,1,24.379037857055664,-5.3726277351379395,10.28011417388916
943,1,0.7,90,6,19.667751865144186,0.7645738249076425,1,22.867237091064453,-4.908892631530762,10.005038261413574
944,1,0.7,90,4,21.281035529883752,0.7006942041574564,1,25.325923919677734,-5.470760345458984,10.15647029876709
945,1,0.7,90,6,16.910216527367705,0.7229290057981258,1,23.391143798828125,-5.3397369384765625,10.613249778747559
946,1,0.7,90,4,17.599822859453585,0.7016689873638826,1,15.78873348236084,-5.209620952606201,10.431047439575195
947,1,0.7,90,5,19.159660960829143,0.7488268513345533,1,10.899820327758789,-4.704970359802246,9.944334030151367
948,1,0.7,90,9,16.503878728786283,0.7116111619081795,1,20.02926254272461,-4.759401321411133,10.303565979003906
949,1,0.7,90,4,21.614055630731322,0.734042678352408,1,16.938119888305664,-5.163674354553223,10.812812805175781
950,1,0.7,90,23,-2.664273568353657,0.721592597198955,1,13.317082405090332,-5.291284561157227,10.74960708618164
951,1,0.7,90,4,18.550223052335557,0.739939226175304,1,21.348215103149414,-5.400823593139648,10.506863594055176
952,1,0.7,90,12,14.054856859935207,0.7432807459375007,1,43.10875701904297,-5.06950569152832,10.497735977172852
953,1,0.7,90,4,17.477030435900932,0.7438305703473006,1,11.80240249633789,-6.622427940368652,10.674120903015137
954,1,0.7,90,4,14.612162765356851,0.7246919933692282,1,40.725059509277344,-6.87187385559082,10.668253898620605
955,1,0.7,90,9,14.975254106306698,0.7046894399280483,1,18.93252182006836,-6.838193893432617,10.828017234802246
956,1,0.7,90,5,20.05227808491782,0.705970568994949,1,23.894126892089844,-6.763540267944336,10.13048267364502
957,1,0.7,90,3,19.731351382823657,0.7085628103208518,1,22.288354873657227,-6.053420543670654,10.120409965515137
958,1,0.7,90,9,14.93641712344906,0.7209382305869685,1,16.173192977905273,-6.114362716674805,10.460162162780762
959,1,0.7,90,9,19.288203904128466,0.7062501461692581,1,21.44210433959961,-6.025317192077637,10.242697715759277
960,1,0.7,90,5,17.703707135711795,0.7196970504900415,1,14.5194730758667,-5.817645072937012,10.462493896484375
961,1,0.7,90,10,16.915158261012852,0.7264995714655144,1,22.45050048828125,-5.263915061950684,10.401039123535156
962,1,0.7,90,5,15.598151571426573,0.7027659083644447,1,25.749099731445312,-5.395964622497559,10.59521484375
963,1,0.7,90,9,11.47930608115286,0.7379095234713742,1,31.28836441040039,-4.971541404724121,10.538525581359863
964,1,0.7,90,7,18.433765161563095,0.7133668932843792,1,22.308208465576172,-5.022541046142578,10.276843070983887
965,1,0.7,90,4,14.833108470369211,0.7237996307127184,1,18.673381805419922,-5.027458190917969,10.637489318847656
966,1,0.7,90,11,18.14218733993203,0.7014405612336128,1,22.71733283996582,-4.690157890319824,10.048029899597168
967,1,0.7,90,9,17.81065496738448,0.7450745387451068,1,21.39792251586914,-5.241311550140381,10.425591468811035
968,1,0.7,90,6,18.767617312754126,0.7169574613443128,1,15.106504440307617,-5.057462215423584,10.444167137145996
969,1,0.7,90,5,14.56136338158458,0.7416906108803228,1,21.00619888305664,-5.437747955322266,10.51231861114502
970,1,0.7,90,9,13.341119451664479,0.7001172298308884,1,17.38660430908203,-6.007999420166016,10.78621768951416
971,1,0.7,90,6,19.8052539163947,0.7180655676494688,1,17.98880958557129,-5.58081579208374,10.23863410949707
972,1,0.7,90,9,16.746412743127593,0.7213380110280839,1,10.010530471801758,-6.15728759765625,10.23369026184082
973,1,0.7,90,4,20.193539682645593,0.7251515954761047,1,15.814428329467773,-7.075655937194824,10.84299373626709
974,1,0.7,90,7,10.171023709035419,0.7017250957037293,1,21.736082077026367,-5.819395065307617,10.321139335632324
975,1,0.7,90,13,8.791883872377426,0.722812360198085,1,11.554670333862305,-5.619309425354004,10.674388885498047
976,1,0.7,90,4,16.05313965646709,0.7411210650683594,1,7.109315872192383,-4.203621864318848,10.03593921661377
977,1,0.7,90,4,20.043516120109025,0.7597926148048628,1,29.275405883789062,-4.456779479980469,10.505446434020996
978,1,0.7,90,3,16.187457092592712,0.7269682226034043,1,12.01017951965332,-4.322756767272949,10.465639114379883
979,1,0.7,90,6,19.02159553788732,0.7235239312075887,1,30.242782592773438,-4.219300270080566,10.35935115814209
980,1,0.7,90,6,17.974384338406995,0.7060297126886932,1,12.716508865356445,-3.842149257659912,10.346724510192871
981,1,0.7,90,9,14.841921048761623,0.7020219974230152,1,12.054561614990234,-4.799985885620117,10.635004997253418
982,1,0.7,90,9,14.61786794958606,0.7417970936360551,1,18.79558563232422,-4.633105278015137,10.724498748779297
983,1,0.7,90,14,8.385890937988787,0.7019002618236765,1,15.420774459838867,-5.255483150482178,10.711925506591797
984,1,0.7,90,6,14.926271085948084,0.7087804088655972,1,14.310426712036133,-4.696845531463623,10.740205764770508
985,1,0.7,90,12,16.113641530856313,0.7122537920936,1,23.55025863647461,-4.652983665466309,10.412117004394531
986,1,0.7,90,9,15.954971180130524,0.7157802552749074,1,4.078727722167969,-5.223105430603027,10.684589385986328
987,1,0.7,90,5,18.413594071655645,0.7356733105616466,1,17.184738159179688,-4.921352386474609,10.486647605895996
988,1,0.7,90,10,16.329598698122517,0.7082295627755636,1,33.87245178222656,-5.18352746963501,10.602503776550293
989,1,0.7,90,5,15.508142722933016,0.7619558860138667,1,13.851483345031738,-5.326830863952637,10.583064079284668
990,1,0.7,90,7,22.245497706471287,0.7438468369086065,1,17.26376724243164,-5.585851669311523,10.611605644226074
991,1,0.7,90,6,21.04750041784726,0.7550557433335285,1,24.62876319885254,-5.691573143005371,10.814657211303711
992,1,0.7,90,7,18.713332377274995,0.7036971865534026,1,42.5221061706543,-5.877208232879639,10.493719100952148
993,1,0.7,90,9,16.693108471160127,0.7061781256904004,1,16.643016815185547,-6.67276668548584,10.558232307434082
994,1,0.7,90,4,17.044965460764914,0.7050473471116228,1,14.274415969848633,-6.565279006958008,10.248204231262207
995,1,0.7,90,5,18.913402537243606,0.7110317327133314,1,13.61115837097168,-7.438976764678955,10.401114463806152
996,1,0.7,90,8,17.906884339988142,0.7223056162612601,1,16.992366790771484,-6.907736301422119,10.400121688842773
997,1,0.7,90,5,23.56179611559048,0.7549803388139195,1,14.80886459350586,-6.3751220703125,10.224802017211914
998,1,0.7,90,9,17.422594067706225,0.7154454874178667,1,17.574630737304688,-5.946658134460449,10.036139488220215
999,1,0.7,90,5,19.0835110547293,0.7322702113976765,1,11.561159133911133,-6.065212249755859,10.363301277160645
1000,1,0.7,90,4,15.020437647489882,0.7107309114318374,1,17.135833740234375,-5.906825065612793,10.331293106079102
1001,1,0.7,90,6,22.915762746064587,0.7474426812143178,1,14.241273880004883,-5.9663801193237305,10.431211471557617
1002,1,0.7,90,8,18.154556335513327,0.732768295962421,1,11.301979064941406,-6.220973014831543,10.586215019226074
1003,1,0.7,90,6,18.774508175868167,0.741565139683444,1,20.482154846191406,-6.390188217163086,10.569552421569824
1004,1,0.7,90,7,16.338118597715614,0.7342076761161256,1,8.792947769165039,-6.155346870422363,10.52736759185791
1005,1,0.7,90,5,19.6059548340844,0.7440634764979044,1,19.315610885620117,-6.094234943389893,10.619282722473145
1006,1,0.7,90,7,18.144619813537133,0.7174489996079189,1,21.44183349609375,-6.780770301818848,10.667108535766602
1007,1,0.7,90,6,16.32362511747545,0.7092476484001152,1,15.774622917175293,-6.512784957885742,10.547430992126465
1008,1,0.7,90,9,15.171987339768874,0.7494935211948943,1,20.867521286010742,-6.38639497756958,10.54253101348877
1009,1,0.7,90,5,20.398163847979234,0.7365912787557981,1,10.47317886352539,-6.458881378173828,10.878902435302734
1010,1,0.7,90,5,19.60270838780901,0.7194438343947546,1,16.67627716064453,-7.222959518432617,11.138551712036133
1011,1,0.7,90,4,18.148967275172847,0.718662234836928,1,17.78565216064453,-7.156611442565918,11.028312683105469
1012,1,0.7,90,4,22.20916861158632,0.7257701720965849,1,21.484155654907227,-7.462103366851807,10.705613136291504
1013,1,0.7,90,9,14.355076632931766,0.7121812394543527,1,20.082700729370117,-7.8252034187316895,10.829569816589355
1014,1,0.7,90,4,21.29061039921736,0.7462127789562243,1,11.36801528930664,-8.007387161254883,10.801664352416992
1015,1,0.7,90,3,18.635995445806486,0.7179618080378223,1,26.814245223999023,-7.8095173835754395,10.75822639465332
1016,1,0.7,90,3,17.494815437968146,0.7252415585156562,1,14.621912956237793,-7.796794891357422,10.62535572052002
1017,1,0.7,90,6,15.46172224573794,0.7100590543875295,1,14.641227722167969,-7.30605411529541,10.646452903747559
1018,1,0.7,90,6,21.46199799693221,0.71310471668926,1,24.406036376953125,-7.4975786209106445,10.430801391601562
1019,1,0.7,90,3,14.954055413102664,0.7348894073735946,1,8.767818450927734,-6.899725437164307,10.900872230529785
1020,1,0.7,90,6,16.245069379623143,0.7020857878826017,1,11.72193431854248,-6.102809429168701,10.873412132263184
1021,1,0.7,90,6,18.793329645442093,0.7333331121943972,1,12.92191219329834,-6.4180426597595215,11.029242515563965
1022,1,0.7,90,6,24.667279969683726,0.8021309355840975,1,31.37074851989746,-6.495738983154297,10.859621047973633
1023,1,0.7,90,4,16.96386492418944,0.702666636518835,1,15.083564758300781,-5.942343711853027,10.737520217895508
1024,1,0.7,90,4,15.644443775684424,0.7163693942083459,1,6.796777725219727,-6.0253777503967285,10.953466415405273
1025,1,0.7,90,5,17.17714520044675,0.7486102284246563,1,9.182576179504395,-7.0029683113098145,11.298266410827637
1026,1,0.7,90,6,16.377421877847258,0.7036647299626015,1,23.320791244506836,-6.66337776184082,11.053034782409668
1027,1,0.7,90,13,10.240051036395563,0.7335252224603483,1,12.788286209106445,-7.207057476043701,11.0848388671875
1028,1,0.7,90,8,18.015692216901808,0.7128687897300208,1,19.86481475830078,-8.164589881896973,11.18200969696045
1029,1,0.7,90,5,21.328898055863245,0.7039002866645907,1,11.92220687866211,-8.593093872070312,11.172582626342773
1030,1,0.7,90,5,17.717071265802332,0.7157268111924004,1,14.2608003616333,-8.460128784179688,11.256304740905762
1031,1,0.7,90,5,22.165501917219025,0.7639179957098563,1,8.872161865234375,-7.634721755981445,11.1683988571167
1032,1,0.7,90,10,18.488067495359708,0.7398666064093474,1,12.632137298583984,-7.633186340332031,11.70541763305664
1033,1,0.7,90,6,17.581524149639108,0.7172927468156595,1,14.591547012329102,-6.838438034057617,11.369786262512207
1034,1,0.7,90,5,21.4409950153291,0.751255556847196,1,18.47087287902832,-6.976202964782715,11.35128402709961
1035,1,0.7,90,5,21.434761948908882,0.7431500864985122,1,15.504270553588867,-6.753320693969727,11.550097465515137
1036,1,0.7,90,5,15.800938083918762,0.713665604762447,1,22.57297134399414,-6.301138877868652,11.127666473388672
1037,1,0.7,90,4,17.824123572221044,0.716399446401857,1,15.975607872009277,-6.617468357086182,11.559439659118652
1038,1,0.7,90,3,16.8240509328247,0.7150567749678634,1,10.243551254272461,-6.74920129776001,11.674778938293457
1039,1,0.7,90,4,20.427970189630443,0.7572194278820765,1,18.26193618774414,-7.293843746185303,11.123468399047852
1040,1,0.7,90,5,18.833048379726495,0.7315178779871248,1,12.41443157196045,-7.519196510314941,11.259401321411133
1041,1,0.7,90,4,18.44108904057645,0.7185603128443557,1,19.104354858398438,-7.719895362854004,10.684999465942383
1042,1,0.7,90,4,11.488193543538276,0.7050034300538559,1,15.594408988952637,-8.635828018188477,11.139142036437988
1043,1,0.7,90,4,22.240224915587163,0.7364311050328174,1,9.09864616394043,-9.084466934204102,10.879237174987793
1044,1,0.7,90,6,19.945942714583836,0.7067183599677012,1,16.96445083618164,-9.942459106445312,11.382579803466797
1045,1,0.7,90,5,17.467494247169114,0.7436981513261667,1,23.778316497802734,-9.09805679321289,11.365097045898438
1046,1,0.7,90,5,21.883381928988506,0.7565737504595335,1,14.37801742553711,-8.01519775390625,10.900522232055664
1047,1,0.7,90,7,18.5098441630333,0.7337222308742744,1,21.953495025634766,-8.465774536132812,10.817359924316406
1048,1,0.7,90,4,22.805629930452703,0.7799859353605447,1,11.776338577270508,-7.50105094909668,10.552539825439453
1049,1,0.7,90,6,16.99681049006392,0.7187613380564076,1,28.544048309326172,-8.0899076461792,10.515596389770508
1050,1,0.7,90,5,15.566470406676007,0.7350837374265481,1,30.665176391601562,-8.12757682800293,10.899942398071289
1051,1,0.7,90,8,15.508454342755835,0.7114146384275823,1,13.755096435546875,-7.913933753967285,10.78012752532959
1052,1,0.7,90,5,18.865777142819663,0.7504637900616935,1,6.783734321594238,-8.194262504577637,10.847737312316895
1053,1,0.7,90,7,17.54845789631842,0.7453833891303772,1,16.904926300048828,-8.028877258300781,10.872852325439453
1054,1,0.7,90,9,10.181029734574384,0.71449907847686,1,5.605985641479492,-8.457771301269531,10.983343124389648
1055,1,0.7,90,8,19.26190596283655,0.7263782930393637,1,15.472851753234863,-7.653919219970703,10.835412979125977
1056,1,0.7,90,8,14.45204957948397,0.714657372694052,1,26.004138946533203,-8.699658393859863,11.227385520935059
1057,1,0.7,90,6,18.413369859542325,0.7565696475661869,1,12.096736907958984,-8.929990768432617,11.405909538269043
1058,1,0.7,90,5,14.61374494412511,0.7066238075948882,1,13.040262222290039,-8.380441665649414,10.847495079040527
1059,1,0.7,90,7,16.81354492539422,0.7079352293215256,1,16.457927703857422,-8.153615951538086,10.966038703918457
1060,1,0.7,90,9,12.308648593270867,0.7347513725406517,1,11.82339096069336,-7.496024131774902,10.547410011291504
1061,1,0.7,90,13,10.612919487154622,0.7105688689084749,1,20.17974281311035,-9.096548080444336,11.221936225891113
1062,1,0.7,90,9,17.749925869253794,0.7086678217876811,1,11.520698547363281,-8.08111572265625,10.785957336425781
1063,1,0.7,90,9,19.761926371835973,0.7479752889623367,1,13.779754638671875,-7.690675258636475,10.583463668823242
1064,1,0.7,90,4,17.133808368628976,0.7117854804085899,1,6.606987953186035,-8.335578918457031,10.818819046020508
1065,1,0.7,90,6,16.83067593218942,0.7049630824816088,1,15.360479354858398,-8.177696228027344,10.622126579284668
1066,1,0.7,90,5,20.782691312856606,0.7035797922512533,1,25.224912643432617,-8.389299392700195,10.62535572052002
1067,1,0.7,90,2,13.210141953018873,0.7006065440157967,1,11.84012222290039,-9.245084762573242,10.74988842010498
1068,1,0.7,90,9,14.735769983808469,0.7058294365523563,1,9.12175178527832,-8.092113494873047,10.628432273864746
1069,1,0.7,90,6,22.920254712663272,0.7657247919051101,1,17.8416748046875,-8.126744270324707,10.474069595336914
1070,1,0.7,90,6,17.70699605861193,0.7180429708610633,1,16.12466049194336,-7.986141681671143,10.65356731414795
1071,1,0.7,90,7,14.941103168994848,0.711090842639162,1,9.03967571258545,-7.5349531173706055,11.106929779052734
1072,1,0.7,90,8,15.416213560484413,0.7017942974187209,1,8.798994064331055,-7.25316047668457,10.842190742492676
1073,1,0.7,90,6,22.137738908311185,0.7555084793820641,1,24.036521911621094,-7.131105422973633,11.178507804870605
1074,1,0.7,90,6,20.02770407943244,0.7475834348734985,1,17.998756408691406,-7.862760066986084,11.31554889678955
1075,1,0.7,90,4,18.36114863946598,0.7212267918494596,1,11.760072708129883,-8.62281322479248,11.437129020690918
1076,1,0.7,90,7,18.42922708392858,0.7341162921906068,1,10.376907348632812,-7.773882865905762,11.212555885314941
1077,1,0.7,90,9,14.70869572188747,0.7161955221881333,1,11.341187477111816,-8.982162475585938,11.579096794128418
1078,1,0.7,90,5,18.580655949288566,0.7276562365584327,1,8.805728912353516,-8.691645622253418,11.281237602233887
1079,1,0.7,90,10,17.758734933374818,0.710177200081706,1,12.26302433013916,-9.10739517211914,11.33270263671875
1080,1,0.7,90,6,17.48746048827512,0.7199962892002619,1,16.372852325439453,-8.559627532958984,11.239248275756836
1081,1,0.7,90,5,17.67853936711717,0.704849415834542,1,13.261457443237305,-8.76768684387207,11.346353530883789
1082,1,0.7,90,3,18.27658223944811,0.7150406846956799,1,10.61452865600586,-8.253738403320312,11.323920249938965
1083,1,0.7,90,6,18.206566309434866,0.7080985977028692,1,11.086752891540527,-7.982769966125488,11.38586711883545
1084,1,0.7,90,12,15.62290409021529,0.7192912360113642,1,10.522168159484863,-8.859540939331055,11.818928718566895
1085,1,0.7,90,6,17.14352629296034,0.7087378397472451,1,9.877488136291504,-7.990757942199707,11.315203666687012
1086,1,0.7,90,5,15.944694735777741,0.7086334744064084,1,10.966827392578125,-8.610967636108398,11.794214248657227
1087,1,0.7,90,11,14.89164275995557,0.7053958083693258,1,16.832904815673828,-8.421915054321289,11.585220336914062
1088,1,0.7,90,5,20.725759735737117,0.7053718455298199,1,13.895011901855469,-9.072629928588867,11.6511812210083
1089,1,0.7,90,5,21.881527546556185,0.7262174321096962,1,16.163440704345703,-8.177067756652832,11.1751070022583
1090,1,0.7,90,6,18.163325259769262,0.7239565913774368,1,14.22599983215332,-8.362665176391602,11.340750694274902
1091,1,0.7,90,5,23.533096477979228,0.7619175391704028,1,15.490900039672852,-8.398088455200195,11.081801414489746
1092,1,0.7,90,5,24.913577008741093,0.7338819389063882,1,14.673185348510742,-8.988945960998535,11.384302139282227
1093,1,0.7,90,9,15.445250553374287,0.7147405955240387,1,12.414554595947266,-9.211371421813965,11.154919624328613
1094,1,0.7,90,8,14.640470424618902,0.7074389138944561,1,9.805384635925293,-9.462928771972656,11.677532196044922
1095,1,0.7,90,5,16.756116207673042,0.7470080312719988,1,8.30741024017334,-9.489034652709961,11.541947364807129
1096,1,0.7,90,6,20.681901804530327,0.7327739337703345,1,23.37318992614746,-9.684755325317383,11.5921630859375
1097,1,0.7,90,6,18.07541079079899,0.7116647491619056,1,21.93822479248047,-9.27419662475586,11.818641662597656
1098,1,0.7,90,8,20.193680158734782,0.7209570869575965,1,15.34752082824707,-9.355849266052246,12.15546989440918
1099,1,0.7,90,6,21.693966068299027,0.7121234276866089,1,19.503131866455078,-8.167128562927246,11.78103256225586
1100,1,0.7,90,6,18.016735788675447,0.7334677421287641,1,9.638740539550781,-7.749399185180664,12.120304107666016
1101,1,0.7,90,7,17.826538444287106,0.7246171800881667,1,15.561784744262695,-8.185420036315918,12.03486156463623
1102,1,0.7,90,5,20.594768588523507,0.7150495068868872,1,23.22799301147461,-8.409660339355469,12.191841125488281
1103,1,0.7,90,3,16.751183079229403,0.7052615124576159,1,8.981523513793945,-7.97050666809082,11.872687339782715
1104,1,0.7,90,6,19.09337610172143,0.7220511788840588,1,35.28163146972656,-8.903261184692383,12.187053680419922
1105,1,0.7,90,5,21.35491084915013,0.7322254224508228,1,19.778602600097656,-10.941457748413086,11.983659744262695
1106,1,0.7,90,13,10.06912438524848,0.718116797786764,1,16.097187042236328,-10.565438270568848,12.295811653137207
1107,1,0.7,90,5,18.695709437920573,0.7243771868767769,1,10.367782592773438,-9.772424697875977,12.19326114654541
1108,1,0.7,90,6,18.71705099020528,0.7088328722470424,1,15.432161331176758,-9.115038871765137,12.226229667663574
1109,1,0.7,90,5,18.184661463390206,0.7260929859920525,1,8.632709503173828,-6.33734130859375,12.246471405029297
1110,1,0.7,90,4,18.847589666233848,0.7383900750013508,1,10.721038818359375,-5.911520957946777,11.955479621887207
1111,1,0.7,90,5,18.038739573642236,0.7240664421170837,1,14.230907440185547,-5.504039764404297,12.150870323181152
1112,1,0.7,90,5,18.751314583581497,0.7935078126274402,1,20.201190948486328,-5.710020542144775,11.97818660736084
1113,1,0.7,90,9,15.705677465731075,0.7130802779738741,1,20.05735206604004,-5.699975490570068,11.6209135055542
1114,1,0.7,90,7,17.758820875356967,0.7206900439779342,1,9.216492652893066,-5.811318397521973,11.338956832885742
1115,1,0.7,90,6,17.68969655689855,0.7199719517463237,1,24.50108528137207,-6.883209228515625,11.33727741241455
1116,1,0.7,90,4,22.699709564844518,0.7206798326924897,1,18.724754333496094,-7.168527126312256,11.465289115905762
1117,1,0.7,90,7,19.213104477467702,0.7048513609022236,1,20.921024322509766,-7.83604621887207,11.212080955505371
1118,1,0.7,90,6,22.637319680564588,0.7575248363824245,1,10.655773162841797,-8.060564041137695,11.348597526550293
1119,1,0.7,90,7,18.658895082587485,0.7362837150127847,1,7.575406551361084,-8.234779357910156,10.915962219238281
1120,1,0.7,90,4,17.796522194466803,0.7017870575055348,1,15.67005443572998,-7.902653694152832,11.481988906860352
1121,1,0.7,90,7,15.847666411487431,0.751322734830483,1,10.67567253112793,-7.436580181121826,10.865982055664062
1122,1,0.7,90,7,17.566260342548397,0.7369833630555999,1,23.095125198364258,-7.408902168273926,11.302578926086426
1123,1,0.7,90,6,19.077541300195545,0.7097674773711701,1,13.061481475830078,-7.329099655151367,11.183757781982422
1124,1,0.7,90,4,16.45942190907632,0.7471968726567123,1,14.290457725524902,-7.291715621948242,11.278231620788574
1125,1,0.7,90,4,15.36275400379976,0.7188221723045359,1,12.123613357543945,-7.442303657531738,11.271427154541016
1126,1,0.7,90,7,16.48304717846766,0.7478480641701801,1,7.946042060852051,-7.632377624511719,11.099674224853516
1127,1,0.7,90,7,17.792158901094925,0.7262879717211522,1,11.338837623596191,-7.609472274780273,11.137469291687012
1128,1,0.7,90,8,19.00439503661847,0.7092360317754041,1,19.31138801574707,-7.91269588470459,11.304931640625
1129,1,0.7,90,7,18.356200839032677,0.7573771403202914,1,8.871013641357422,-7.641563415527344,11.707865715026855
1130,1,0.7,90,10,15.989080685245803,0.7166452252699832,1,14.757993698120117,-7.522594451904297,10.989046096801758
1131,1,0.7,90,7,15.893688089739534,0.7280888447850664,1,8.556833267211914,-7.591601371765137,11.500277519226074
1132,1,0.7,90,6,15.663507271912927,0.7377120724098466,1,8.914703369140625,-7.618020057678223,11.16314697265625
1133,1,0.7,90,6,23.046016885373213,0.7594464987355036,1,9.445634841918945,-7.712504863739014,11.432065963745117
1134,1,0.7,90,5,19.331775566058518,0.744336553688383,1,11.277507781982422,-7.4639997482299805,11.125697135925293
1135,1,0.7,90,9,16.55390024581071,0.7149178515830191,1,15.895999908447266,-8.231487274169922,11.478240966796875
1136,1,0.7,90,6,16.858442968563885,0.7009157524711813,1,12.524985313415527,-7.549346446990967,11.446096420288086
1137,1,0.7,90,7,21.262864089954903,0.7530870863389285,1,18.616458892822266,-7.825732231140137,10.954614639282227
1138,1,0.7,90,7,16.19550802121703,0.7002645273895458,1,19.52552032470703,-8.561378479003906,10.905962944030762
1139,1,0.7,90,5,19.440559358204602,0.7120737072988583,1,17.115325927734375,-9.629776000976562,10.68009090423584
1140,1,0.7,90,2,14.243178291140584,0.7073404436097938,1,16.32798957824707,-10.83803939819336,10.828119277954102
1141,1,0.7,90,3,18.88273890168348,0.737153462690722,1,33.4467658996582,-11.256839752197266,10.752700805664062
1142,1,0.7,90,6,18.28393652815192,0.7258857603066684,1,18.61353874206543,-9.877628326416016,10.9411039352417
1143,1,0.7,90,5,20.352065661464557,0.7204155958210867,1,7.922019004821777,-9.342977523803711,11.000205993652344
1144,1,0.7,90,4,19.494968361048883,0.7053767800152685,1,7.835938930511475,-8.819079399108887,10.814663887023926
1145,1,0.7,90,15,9.17281959272261,0.7196962998950277,1,11.269261360168457,-8.33526611328125,11.203399658203125
1146,1,0.7,90,6,21.852361664342716,0.7177564132339324,1,18.599803924560547,-8.543159484863281,11.231133460998535
1147,1,0.7,90,9,15.332388723091798,0.7176246845534242,1,14.946569442749023,-8.072542190551758,10.993988037109375
1148,1,0.7,90,13,14.366618741439417,0.7052034682604849,1,8.506153106689453,-8.214717864990234,11.166193962097168
1149,1,0.7,90,5,15.59443905729425,0.7168446207924781,1,6.831546306610107,-7.495390892028809,11.015448570251465
1150,1,0.7,90,6,14.357808776612073,0.7165309518623131,1,7.9434075355529785,-8.118154525756836,10.804190635681152
1151,1,0.7,90,8,14.241902103388707,0.7240041761621792,1,9.479726791381836,-8.529817581176758,11.323234558105469
1152,1,0.7,90,6,20.256911560124408,0.7301924048701985,1,13.099367141723633,-7.946363925933838,11.059737205505371
1153,1,0.7,90,9,19.0226723152834,0.7155015334583065,1,14.819303512573242,-9.231718063354492,11.459029197692871
1154,1,0.7,90,6,19.604510162377444,0.7055364775248528,1,21.9107666015625,-9.196172714233398,11.278033256530762
1155,1,0.7,90,5,21.45109623869761,0.7115624462486421,1,15.132299423217773,-8.772082328796387,11.013068199157715
1156,1,0.7,90,5,20.51298348716491,0.7000194770895822,1,7.016789436340332,-9.248404502868652,11.05163860321045
1157,1,0.7,90,4,18.387690069882225,0.7131860109088467,1,23.688377380371094,-8.817815780639648,10.949166297912598
1158,1,0.7,90,6,23.633459926655036,0.7535787170964736,1,11.102716445922852,-8.500703811645508,10.699015617370605
1159,1,0.7,90,8,16.151632162463624,0.7253959646905,1,9.607954978942871,-8.274080276489258,10.81727123260498
1160,1,0.7,90,6,23.43754212494764,0.7523425847510578,1,27.88957977294922,-8.82597827911377,10.533601760864258
1161,1,0.7,90,11,12.633575068435794,0.7239917861389233,1,11.720422744750977,-9.108723640441895,10.777676582336426
1162,1,0.7,90,6,20.975121090820785,0.7277769008884944,1,21.714096069335938,-8.811336517333984,10.966829299926758
1163,1,0.7,90,7,22.197990119796025,0.7441463871102397,1,12.699392318725586,-8.947175979614258,10.739048957824707
1164,1,0.7,90,2,15.538061708930577,0.702210658344914,1,9.577892303466797,-9.516779899597168,10.83541202545166
1165,1,0.7,90,8,18.45608868220723,0.7152561550219811,1,11.271108627319336,-9.391916275024414,10.628870964050293
1166,1,0.7,90,8,14.357230682833858,0.7049954910570628,1,12.765922546386719,-9.422942161560059,10.521369934082031
1167,1,0.7,90,8,14.610008005226156,0.7478603072024534,1,14.257771492004395,-10.171024322509766,10.869972229003906
1168,1,0.7,90,5,14.460270523912484,0.7102751246669862,1,25.300006866455078,-10.947883605957031,11.133049011230469
1169,1,0.7,90,4,16.453871941096395,0.7353580622263078,1,17.886363983154297,-11.193938255310059,11.162747383117676
1170,1,0.7,90,4,16.3965061264373,0.7173291433509422,1,7.020084381103516,-10.85629653930664,11.32922649383545
1171,1,0.7,90,5,20.285531457608883,0.7286869472379109,1,6.040717601776123,-10.113096237182617,10.728949546813965
1172,1,0.7,90,5,22.11651313693524,0.791525717680014,1,6.118851661682129,-10.5879545211792,11.43518352508545
1173,1,0.7,90,5,20.61099177993694,0.7640093528517283,1,12.059553146362305,-9.696588516235352,11.093689918518066
1174,1,0.7,90,8,14.803583118375833,0.7030819657704335,1,14.265085220336914,-9.051105499267578,11.01966381072998
1175,1,0.7,90,5,19.352914166963377,0.7059533854152207,1,12.415011405944824,-9.410572052001953,11.5015287399292
1176,1,0.7,90,6,20.150068693957593,0.7167784523533037,1,17.696151733398438,-9.148198127746582,11.538403511047363
1177,1,0.7,90,4,22.43806635569667,0.7279955562551015,1,17.289306640625,-8.963350296020508,11.455061912536621
1178,1,0.7,90,6,17.62390665418275,0.7098727823333291,1,7.8620381355285645,-8.800331115722656,11.5199613571167
1179,1,0.7,90,5,22.431433402437023,0.7636797432766524,1,15.672500610351562,-9.29373550415039,11.220178604125977
1180,1,0.7,90,4,21.93046260815845,0.7185671898664306,1,7.484383583068848,-9.554725646972656,11.15821647644043
1181,1,0.7,90,4,23.264087503869323,0.7297105846856141,1,5.004387855529785,-9.58932113647461,10.901387214660645
1182,1,0.7,90,4,17.98968981773592,0.714268148783037,1,13.556758880615234,-10.720455169677734,11.100395202636719
1183,1,0.7,90,9,13.669260750077546,0.7060328743496287,1,11.518746376037598,-10.491753578186035,10.93388843536377
1184,1,0.7,90,10,16.159006930339785,0.7263015692698325,1,17.626354217529297,-10.157106399536133,11.24752140045166
1185,1,0.7,90,5,23.622096509226417,0.7452740696323797,1,11.752819061279297,-10.647850036621094,11.308808326721191
1186,1,0.7,90,7,20.22497652796381,0.750129066743206,1,7.403378486633301,-10.309382438659668,11.142953872680664
1187,1,0.7,90,7,13.91272912935516,0.7245895751242293,1,10.71743392944336,-9.257755279541016,10.867399215698242
1188,1,0.7,90,3,17.45060255082374,0.7285643885895334,1,11.56728744506836,-9.6718111038208,11.206698417663574
1189,1,0.7,90,6,16.521136980436616,0.7008636933923439,1,19.210800170898438,-9.821151733398438,10.934663772583008
1190,1,0.7,90,14,9.714356352717829,0.7042894502107045,1,12.189159393310547,-9.679912567138672,10.948813438415527
1191,1,0.7,90,6,20.902133334400247,0.7516297181361509,1,4.974230766296387,-9.542625427246094,11.133790969848633
1192,1,0.7,90,5,18.896698845508205,0.7128844500463201,1,7.610738754272461,-9.77518081665039,11.057708740234375
1193,1,0.7,90,7,16.601393728388576,0.7066535637089671,1,17.040096282958984,-9.473981857299805,11.3897066116333
1194,1,0.7,90,7,16.330806745560196,0.706793183483006,1,9.725717544555664,-9.407880783081055,10.948328971862793
1195,1,0.7,90,5,18.17990250221235,0.7428857950267986,1,6.6262288093566895,-9.080244064331055,11.050004959106445
1196,1,0.7,90,8,18.919693784480298,0.7082571152783022,1,6.402571678161621,-9.02603530883789,10.975872039794922
1197,1,0.7,90,8,16.74621677158689,0.7301951615093437,1,6.941627502441406,-9.018087387084961,11.113409996032715
1198,1,0.7,90,9,14.895570489331984,0.7082746232732287,1,17.937774658203125,-10.704061508178711,11.499573707580566
1199,1,0.7,90,9,16.972711400405856,0.7166297379147963,1,9.19587516784668,-10.07451057434082,11.125325202941895
1200,1,0.7,90,9,15.873869645463689,0.7172548678069817,1,5.239852428436279,-11.468484878540039,11.395845413208008
1201,1,0.7,90,9,15.589741306955174,0.706995980979166,1,24.608543395996094,-10.682945251464844,11.374157905578613
1202,1,0.7,90,5,22.23102464297162,0.7387670163692748,1,4.3567914962768555,-11.209433555603027,11.14711856842041
1203,1,0.7,90,7,16.34982315099143,0.7039797916693772,1,10.998432159423828,-11.925853729248047,11.414372444152832
1204,1,0.7,90,13,12.702463425854901,0.7181165674722617,1,9.91562557220459,-10.874900817871094,11.347973823547363
1205,1,0.7,90,10,15.39153576200022,0.7293220245222648,1,9.718767166137695,-10.858100891113281,11.27209758758545
1206,1,0.7,90,10,13.856423611931046,0.7086580132558877,1,15.435836791992188,-10.018163681030273,11.108840942382812
1207,1,0.7,90,5,17.79750538183712,0.738869018425425,1,6.113816738128662,-10.274059295654297,11.382746696472168
1208,1,0.7,90,3,17.781719091838166,0.7561583189699626,1,3.142855644226074,-10.19754695892334,10.925394058227539
1209,1,0.7,90,5,20.861998384270528,0.767504265721649,1,14.11967945098877,-10.559476852416992,11.556410789489746
1210,1,0.7,90,5,21.750133738101646,0.7384473584229001,1,16.46407699584961,-10.042213439941406,11.180699348449707
1211,1,0.7,90,4,18.804911913063258,0.7015742132762972,1,8.745068550109863,-10.542573928833008,10.843304634094238
1212,1,0.7,90,14,11.909005329402278,0.7096084243608974,1,18.01235580444336,-11.565670013427734,11.245025634765625
1213,1,0.7,90,5,17.748730260167328,0.7023038623554247,1,5.369665622711182,-10.43515682220459,10.961539268493652
1214,1,0.7,90,4,21.90849310081868,0.7492284013036614,1,13.208349227905273,-10.61962890625,11.1526517868042
1215,1,0.7,90,4,23.017444168849252,0.8052913896539289,1,6.5413970947265625,-9.8026123046875,10.81534194946289
1216,1,0.7,90,2,17.312169950803536,0.7015719968141809,1,6.395544528961182,-10.181463241577148,10.978438377380371
1217,1,0.7,90,6,19.61529829664972,0.7311777142427485,1,14.523999214172363,-10.597785949707031,10.792571067810059
1218,1,0.7,90,9,18.684050807520414,0.717325174083834,1,5.133467674255371,-9.641613960266113,10.520245552062988
1219,1,0.7,90,8,19.31779278848312,0.7000639346898503,1,10.253191947937012,-10.230718612670898,11.065382957458496
1220,1,0.7,90,8,13.863568702614984,0.7042102759172897,1,19.572107315063477,-10.79505729675293,11.331933975219727
1221,1,0.7,90,6,19.891007881447084,0.7220222951858813,1,12.498804092407227,-10.464339256286621,11.099749565124512
1222,1,0.7,90,7,13.423100034393155,0.7046041008261771,1,8.525006294250488,-10.542875289916992,10.60856819152832
1223,1,0.7,90,5,19.381601075163104,0.7233701734624742,1,6.287250518798828,-9.816036224365234,9.914085388183594
1224,1,0.7,90,5,16.765345440768243,0.7130911621857645,1,6.8949432373046875,-9.91434097290039,10.367300033569336
1225,1,0.7,90,7,18.563631588466485,0.7488843609917314,1,13.643178939819336,-10.636491775512695,11.117171287536621
1226,1,0.7,90,5,20.562267645838105,0.765561210197197,1,8.739864349365234,-9.2951078414917,10.53419017791748
1227,1,0.7,90,14,11.781952821008996,0.7028657533896566,1,6.173830032348633,-9.639955520629883,10.903393745422363
1228,1,0.7,90,5,18.442694639108296,0.7343181060614111,1,13.935298919677734,-8.929561614990234,10.27177619934082
1229,1,0.7,90,5,21.03154633012723,0.7637628089317815,1,14.879144668579102,-9.971659660339355,11.477805137634277
1230,1,0.7,90,4,22.947587316747253,0.7595635559886137,1,12.143037796020508,-9.425573348999023,10.264971733093262
1231,1,0.7,90,5,18.288179355605678,0.7316472557949589,1,7.445568084716797,-9.598918914794922,10.8817720413208
1232,1,0.7,90,6,19.256695182423524,0.7007927446170562,1,7.354553699493408,-9.22069263458252,10.911274909973145
1233,1,0.7,90,6,16.540455204375483,0.7384531064962836,1,8.889874458312988,-9.451412200927734,10.718884468078613
1234,1,0.7,90,5,22.617943422679843,0.76566807645314,1,6.404648780822754,-9.225799560546875,10.360514640808105
1235,1,0.7,90,7,19.142965221774734,0.7185385871759548,1,8.624626159667969,-10.365171432495117,10.678336143493652
1236,1,0.7,90,7,15.05309383261498,0.705851737138931,1,9.206249237060547,-10.841928482055664,11.091876029968262
1237,1,0.7,90,12,13.925485345787322,0.7146927314285015,1,12.026191711425781,-11.696243286132812,11.028035163879395
1238,1,0.7,90,9,11.615963211711923,0.7169391741574386,1,23.136974334716797,-11.678394317626953,11.142523765563965
1239,1,0.7,90,4,16.079539208972477,0.7224209667828065,1,3.999091148376465,-10.465587615966797,10.238784790039062
1240,1,0.7,90,5,19.883195658438133,0.7667943641489492,1,7.925987243652344,-11.16142749786377,10.399542808532715
1241,1,0.7,90,6,19.301353923575835,0.7310265570554756,1,5.782496452331543,-10.613767623901367,10.466620445251465
1242,1,0.7,90,7,19.212860095306436,0.7294812993735388,1,6.764072418212891,-10.522754669189453,10.101161003112793
1243,1,0.7,90,4,21.536035505182177,0.7360852009524113,1,5.4580230712890625,-10.2103271484375,10.099230766296387
1244,1,0.7,90,5,23.83524815643238,0.7788877503581785,1,9.972259521484375,-11.437328338623047,10.56884765625
1245,1,0.7,90,2,12.348645406674752,0.7027545609692192,1,5.177868843078613,-10.603315353393555,10.380667686462402
1246,1,0.7,90,3,16.45595147014023,0.7024954419048238,1,7.955790996551514,-10.701688766479492,10.509428977966309
1247,1,0.7,90,7,19.197034922989303,0.7582118781605248,1,7.228875160217285,-11.908956527709961,10.515615463256836
1248,1,0.7,90,3,20.727252372178413,0.7119935936149768,1,8.525896072387695,-11.462841033935547,10.593462944030762
1249,1,0.7,90,15,11.325985098361004,0.7101899166437987,1,13.314085006713867,-11.538227081298828,10.858992576599121
1250,1,0.7,90,6,21.459434783007715,0.7280462926034563,1,31.385650634765625,-10.733097076416016,10.550605773925781
1251,2,0.8,100,8,20.94616992829384,0.8149346196571834,1,10.808675765991211,-9.929755210876465,10.7582426071167
1252,2,0.8,100,7,18.518836220012503,0.8118763895953777,1,7.183155536651611,-9.742517471313477,10.424595832824707
1253,2,0.8,100,9,20.48614686909572,0.8024580470476192,1,20.083736419677734,-11.288748741149902,11.2179594039917
1254,2,0.8,100,9,21.467308420862505,0.80686549846407,1,8.901307106018066,-10.1284761428833,10.738070487976074
1255,2,0.8,100,7,23.72158732612733,0.8206243123805717,1,10.80073070526123,-11.713275909423828,10.799470901489258
1256,2,0.8,100,7,16.376626767651274,0.8081720259440673,1,8.485549926757812,-11.440479278564453,11.142951965332031
1257,2,0.8,100,12,9.005361684232609,0.8193440753494287,1,15.156524658203125,-10.342223167419434,10.85092830657959
1258,2,0.8,100,21,8.188633640083333,0.8039640157216486,1,22.156978607177734,-11.276652336120605,11.107855796813965
1259,2,0.8,100,15,15.500867625656955,0.8111307616234464,1,30.36227035522461,-11.133613586425781,10.846943855285645
1260,2,0.8,100,10,18.349536077170818,0.8038756347383708,1,5.413106918334961,-10.281622886657715,10.67520809173584
1261,2,0.8,100,5,21.261452573412054,0.8190234304718315,1,5.096223831176758,-10.278707504272461,10.58265209197998
1262,2,0.8,100,11,15.515999311679481,0.8164870399879465,1,10.762216567993164,-10.651823043823242,10.790427207946777
1263,2,0.8,100,19,6.860463876721959,0.8073694975292368,1,3.303182601928711,-9.545549392700195,10.582788467407227
1264,2,0.8,100,7,20.40967548433362,0.8251325445913772,1,17.739429473876953,-10.037163734436035,10.343265533447266
1265,2,0.8,100,17,14.55397146183055,0.8540124875973327,1,6.4568305015563965,-10.215180397033691,10.420645713806152
1266,2,0.8,100,6,27.19748695653484,0.8767796291250164,1,13.231164932250977,-11.06540298461914,10.579408645629883
1267,2,0.8,100,10,15.053424120647932,0.8135908320837021,1,11.100434303283691,-12.443012237548828,10.313029289245605
1268,2,0.8,100,12,18.69806807013648,0.8019355908915189,1,11.692220687866211,-10.787117004394531,10.234349250793457
1269,2,0.8,100,7,24.430428309819384,0.8403751363390736,1,12.36439323425293,-12.219937324523926,10.915905952453613
1270,2,0.8,100,6,18.968037151335228,0.8057963327885626,1,11.090112686157227,-10.277099609375,10.603711128234863
1271,2,0.8,100,39,-18.788558292131682,0.8105468947776489,1,6.149796485900879,-9.994331359863281,10.961201667785645
1272,2,0.8,100,18,9.011083038306172,0.8153835664853285,1,15.941819190979004,-9.002714157104492,10.802000999450684
1273,2,0.8,100,11,18.29560197046051,0.8039811713550324,1,5.0363593101501465,-9.182043075561523,10.94821834564209
1274,2,0.8,100,5,21.270111161985227,0.8294968960534783,1,10.966262817382812,-8.67765998840332,10.79649829864502
1275,2,0.8,100,8,23.392748142285498,0.8507711530175771,1,7.864031791687012,-9.195793151855469,10.95982837677002
1276,2,0.8,100,12,16.21416879861303,0.8173685797038754,1,5.73123836517334,-9.150205612182617,10.722260475158691
1277,2,0.8,100,23,3.30790481276763,0.8005174099841574,1,3.79952073097229,-9.694477081298828,10.77232551574707
1278,2,0.8,100,12,15.058683454882988,0.8109718206031794,1,18.740734100341797,-11.117511749267578,11.376457214355469
1279,2,0.8,100,13,11.801910034004996,0.8101193992602177,1,11.71478271484375,-11.156230926513672,11.136092185974121
1280,2,0.8,100,14,14.10688237153298,0.8160288631730281,1,9.749521255493164,-10.654025077819824,11.216058731079102
1281,2,0.8,100,11,15.570362181992094,0.8203781354841806,1,10.153779983520508,-10.467424392700195,10.580595970153809
1282,2,0.8,100,17,9.030730232959659,0.8080319381747897,1,6.11648416519165,-11.034311294555664,11.306986808776855
1283,2,0.8,100,18,11.1615723985465,0.8045424520579799,1,5.409501075744629,-11.460386276245117,10.902300834655762
1284,2,0.8,100,11,21.45295610763778,0.8243861777535934,1,12.435489654541016,-10.321187019348145,10.518791198730469
1285,2,0.8,100,5,26.58125337273837,0.8327587923963017,1,7.743074893951416,-10.263580322265625,11.180445671081543
1286,2,0.8,100,8,20.845705893673653,0.8022628307656259,1,9.725997924804688,-10.23332691192627,10.799483299255371
1287,2,0.8,100,6,24.272745592853756,0.8596674010372023,1,8.696986198425293,-10.11810302734375,10.69347095489502
1288,2,0.8,100,8,18.88756176426898,0.8100426728864424,1,25.510818481445312,-10.419435501098633,10.946446418762207
1289,2,0.8,100,5,21.355157242890034,0.832900213090342,1,6.693442344665527,-11.661951065063477,10.819259643554688
1290,2,0.8,100,8,16.40993876131632,0.803855337311313,1,3.5746912956237793,-13.023091316223145,11.093923568725586
1291,2,0.8,100,5,18.369717178627315,0.8096481801226163,1,11.074237823486328,-12.618682861328125,11.300753593444824
1292,2,0.8,100,7,24.500598490453726,0.8030828552236831,1,6.500129699707031,-11.270700454711914,11.119111061096191
1293,2,0.8,100,11,20.443044257464695,0.8227255006330674,1,9.18204116821289,-13.292913436889648,11.405673027038574
1294,2,0.8,100,10,23.45323299036069,0.8470561858486491,1,7.877754211425781,-12.747303009033203,11.198330879211426
1295,2,0.8,100,8,22.819827851926853,0.8186473901738728,1,8.28519058227539,-11.58237075805664,11.183959007263184
1296,2,0.8,100,12,11.713484070707917,0.8034584120626087,1,7.79993200302124,-11.247727394104004,11.321967124938965
1297,2,0.8,100,9,20.923613934595572,0.8111861874577571,1,22.993438720703125,-10.802294731140137,11.717547416687012
1298,2,0.8,100,8,21.445305508374265,0.805723360586733,1,20.22616195678711,-10.897662162780762,11.510720252990723
1299,2,0.8,100,6,22.728200216939598,0.8557856161078083,1,8.082674026489258,-10.078920364379883,11.372833251953125
1300,2,0.8,100,20,4.454672325583751,0.830376866576484,1,5.519918441772461,-9.767057418823242,11.018064498901367
1301,2,0.8,100,10,20.358001187427448,0.8138727903814518,1,9.48565673828125,-10.992942810058594,11.792654991149902
1302,2,0.8,100,11,16.780262043524864,0.8170604729732577,1,7.402276515960693,-10.565499305725098,11.291208267211914
1303,2,0.8,100,6,19.269994143260366,0.8092889296141621,1,5.286539077758789,-10.813750267028809,11.240824699401855
1304,2,0.8,100,12,17.068680551145363,0.8134921493377264,1,13.538291931152344,-11.659396171569824,11.74862289428711
1305,2,0.8,100,8,17.557084503853012,0.8128102009555632,1,7.7328033447265625,-11.068870544433594,10.857768058776855
1306,2,0.8,100,10,19.002713669839693,0.8002163548272309,1,5.467223167419434,-11.336631774902344,11.2735013961792
1307,2,0.8,100,8,17.934005702698123,0.8068712788272562,1,12.35749340057373,-13.470500946044922,11.580117225646973
1308,2,0.8,100,9,21.681675701163428,0.8160889301587516,1,8.618919372558594,-12.149958610534668,11.367860794067383
1309,2,0.8,100,8,20.997394292717864,0.8071887995840111,1,22.588024139404297,-13.323869705200195,11.706822395324707
1310,2,0.8,100,8,23.752215136638362,0.816898780623366,1,12.38185977935791,-11.955635070800781,11.320857048034668
1311,2,0.8,100,10,14.400245679256795,0.80256665345901,1,7.955748558044434,-11.866737365722656,11.404314994812012
1312,2,0.8,100,12,18.600130739655285,0.8085557649476112,1,16.519126892089844,-10.48731803894043,11.792204856872559
1313,2,0.8,100,21,10.680590689586637,0.8172947536918739,1,6.960824012756348,-10.278825759887695,10.907096862792969
1314,2,0.8,100,8,19.81318133568714,0.8067965477481883,1,10.079093933105469,-9.668328285217285,10.787113189697266
1315,2,0.8,100,7,20.13792608764999,0.825286698434615,1,6.639865875244141,-9.893169403076172,10.594002723693848
1316,2,0.8,100,10,18.374974980210865,0.8066781804335541,1,6.411870002746582,-10.245542526245117,10.693429946899414
1317,2,0.8,100,8,21.747049380231484,0.8043431684980165,1,6.844608306884766,-11.426776885986328,11.01649284362793
1318,2,0.8,100,7,24.82639063727639,0.8150304064111754,1,4.179056167602539,-10.302032470703125,10.180487632751465
1319,2,0.8,100,6,19.632474150520636,0.813118940431121,1,9.518411636352539,-11.723381042480469,10.478545188903809
1320,2,0.8,100,7,19.769700566840356,0.8235112522127789,1,5.005945205688477,-11.740496635437012,10.774444580078125
1321,2,0.8,100,34,-6.590598522512284,0.8141653354753426,1,10.376090049743652,-11.62053108215332,10.472240447998047
1322,2,0.8,100,20,4.974773291136133,0.8026051753515124,1,6.027930736541748,-11.486974716186523,10.569415092468262
1323,2,0.8,100,14,7.914704809782805,0.8043126528408039,1,5.989618301391602,-11.33266830444336,10.571181297302246
1324,2,0.8,100,10,21.476165889326033,0.8069844660562506,1,5.494370460510254,-11.752159118652344,11.058701515197754
1325,2,0.8,100,6,15.519766255692009,0.8018406105108051,1,23.75446891784668,-11.40577507019043,10.699563026428223
1326,2,0.8,100,9,21.04613270563946,0.8162389244482209,1,6.923073768615723,-10.598987579345703,11.045697212219238
1327,2,0.8,100,7,20.365850088026434,0.8020683355730568,1,9.476747512817383,-12.387983322143555,11.604096412658691
1328,2,0.8,100,4,23.546185178786843,0.8068808729612917,1,12.777183532714844,-11.216663360595703,11.222583770751953
1329,2,0.8,100,4,18.030390228506107,0.8157146365094042,1,7.2707014083862305,-10.712814331054688,11.093894004821777
1330,2,0.8,100,26,2.980057453101285,0.8145253442972071,1,6.959049701690674,-11.126032829284668,10.952776908874512
1331,2,0.8,100,11,13.83812146646174,0.8021166945635354,1,10.440629959106445,-10.6517972946167,11.078856468200684
1332,2,0.8,100,21,11.01766141002784,0.8364312665627586,1,8.34489917755127,-10.604923248291016,10.81072998046875
1333,2,0.8,100,5,23.102901311353207,0.8557870323967279,1,21.706825256347656,-10.752730369567871,11.355795860290527
1334,2,0.8,100,14,14.640232997233301,0.8102154603150002,1,9.199261665344238,-10.364424705505371,10.346769332885742
1335,2,0.8,100,6,21.3287402417827,0.8189424209909516,1,7.387734413146973,-10.902887344360352,10.744800567626953
1336,2,0.8,100,7,18.94804041871876,0.8244074534673028,1,8.778156280517578,-11.200735092163086,10.662875175476074
1337,2,0.8,100,21,4.857908078639701,0.810028444704606,1,14.70997142791748,-11.241300582885742,10.951871871948242
1338,2,0.8,100,11,11.505947197906934,0.8092212401795904,1,4.035325050354004,-10.830883979797363,10.00004768371582
1339,2,0.8,100,11,20.336716519635296,0.8143765117424945,1,10.03788948059082,-11.097761154174805,10.771730422973633
1340,2,0.8,100,7,25.969477745537404,0.8225057529568391,1,7.361520767211914,-12.501678466796875,11.193388938903809
1341,2,0.8,100,9,16.355793596740646,0.8073321699153221,1,6.9139580726623535,-11.07758617401123,10.323875427246094
1342,2,0.8,100,10,16.930375221740196,0.8159919879782023,1,8.959358215332031,-11.183777809143066,11.107787132263184
1343,2,0.8,100,9,22.714401803004577,0.8157462894798766,1,5.751047134399414,-11.042472839355469,10.182052612304688
1344,2,0.8,100,12,17.168964586776884,0.8300476447171152,1,3.8167827129364014,-10.905874252319336,10.250678062438965
1345,2,0.8,100,14,16.797071173966266,0.80575828279606,1,8.627248764038086,-12.724601745605469,11.113383293151855
1346,2,0.8,100,24,-4.901783961505316,0.8047449286814232,1,3.371829032897949,-11.11147689819336,10.635027885437012
1347,2,0.8,100,19,9.001763491554055,0.8029965122973935,1,11.323328018188477,-12.44943904876709,11.069540977478027
1348,2,0.8,100,29,-1.3425271241225474,0.818352194335538,1,12.58331298828125,-12.748193740844727,11.362152099609375
1349,2,0.8,100,7,20.368626410101978,0.8042325561984566,1,4.224858283996582,-11.92874813079834,11.587366104125977
1350,2,0.8,100,10,19.09960301966652,0.8316976866484421,1,14.993634223937988,-12.20029067993164,11.274312973022461
1351,2,0.8,100,10,19.14382075384208,0.8024172549527502,1,10.885918617248535,-11.83914566040039,11.051861763000488
1352,2,0.8,100,6,22.157110270171046,0.8082958219761975,1,9.26137638092041,-12.97262954711914,11.468520164489746
1353,2,0.8,100,11,17.57876995230258,0.8103218276657563,1,18.921369552612305,-12.192811965942383,11.453585624694824
1354,2,0.8,100,21,3.6850041818769883,0.8037609097457796,1,2.63626766204834,-10.648494720458984,10.513154029846191
1355,2,0.8,100,5,21.50658824046259,0.8610842880096412,1,4.97795295715332,-11.819581985473633,11.377288818359375
1356,2,0.8,100,19,9.681674711171436,0.803797416602649,1,14.439142227172852,-11.091370582580566,10.288527488708496
1357,2,0.8,100,24,4.587149570106872,0.8156052850463741,1,7.850654602050781,-11.33073616027832,10.779202461242676
1358,2,0.8,100,7,25.15726058978213,0.8024150507355972,1,7.399840354919434,-11.011439323425293,9.675625801086426
1359,2,0.8,100,7,21.00683291127503,0.8017775904122107,1,4.255977630615234,-11.507699966430664,11.033244132995605
1360,2,0.8,100,10,15.87316528790964,0.8015663398746331,1,4.533200263977051,-11.327530860900879,10.644822120666504
1361,2,0.8,100,8,25.61131263367938,0.8422147052664569,1,5.031256198883057,-10.638250350952148,10.279828071594238
1362,2,0.8,100,7,22.7179193902873,0.8188065121350679,1,22.541248321533203,-12.80642032623291,10.940197944641113
1363,2,0.8,100,27,-2.577074604011454,0.8096488861507933,1,14.277957916259766,-12.122093200683594,10.468802452087402
1364,2,0.8,100,7,20.198636362914357,0.8335128462341735,1,3.9252140522003174,-12.141376495361328,10.406277656555176
1365,2,0.8,100,19,4.864397823487825,0.8201432886123258,1,15.680012702941895,-12.41618824005127,10.257926940917969
1366,2,0.8,100,9,20.453660149109417,0.8246886873693727,1,10.188852310180664,-11.871274948120117,10.815373420715332
1367,2,0.8,100,10,17.793446481716394,0.8046052074700022,1,25.648944854736328,-11.49941635131836,10.201987266540527
1368,2,0.8,100,7,17.681497902219817,0.8176512570483323,1,3.7254996299743652,-10.847238540649414,10.052363395690918
1369,2,0.8,100,48,-24.6326744601443,0.8215389633110174,1,5.059084892272949,-10.568326950073242,9.938529014587402
1370,2,0.8,100,14,12.250844776423897,0.8097197576327932,1,5.105270862579346,-10.352534294128418,10.021661758422852
1371,2,0.8,100,28,-8.896942429415061,0.8264632252318761,1,8.674331665039062,-10.315600395202637,10.528022766113281
1372,2,0.8,100,5,18.97171832256022,0.8451654416148088,1,5.309946060180664,-10.538490295410156,10.301961898803711
1373,2,0.8,100,57,-32.43142019106287,0.836811130208663,1,3.9116311073303223,-11.180557250976562,10.323331832885742
1374,2,0.8,100,14,14.980183623039625,0.8349398591027416,1,9.632938385009766,-10.797624588012695,9.979752540588379
1375,2,0.8,100,10,19.78073149767639,0.8162773347804438,1,11.17959976196289,-10.668975830078125,10.437954902648926
1376,2,0.8,100,12,10.110934602293025,0.8013585006018392,1,6.089109897613525,-11.186016082763672,10.361726760864258
1377,2,0.8,100,8,18.365203566817925,0.8005884132187592,1,9.688169479370117,-10.344117164611816,10.211557388305664
1378,2,0.8,100,8,23.82157470628644,0.8211667646321499,1,2.3122620582580566,-9.96870231628418,9.8444185256958
1379,2,0.8,100,8,20.062626250344515,0.8422048252180998,1,8.538326263427734,-9.744007110595703,10.287135124206543
1380,2,0.8,100,8,20.988027761518584,0.8216168300331834,1,14.022884368896484,-10.439413070678711,10.616267204284668
1381,2,0.8,100,7,22.959496670892506,0.8196164310160999,1,18.33346939086914,-10.619379043579102,10.410771369934082
1382,2,0.8,100,11,16.219632756598884,0.8047621121129234,1,13.680309295654297,-11.014808654785156,9.98963451385498
1383,2,0.8,100,7,19.12668933802143,0.8188214462000594,1,16.236129760742188,-11.924650192260742,10.547791481018066
1384,2,0.8,100,11,22.397903180572875,0.8190825405565674,1,11.37076187133789,-11.53839111328125,10.584294319152832
1385,2,0.8,100,8,21.715221695439084,0.8090889123818891,1,5.7372589111328125,-11.637395858764648,9.746963500976562
1386,2,0.8,100,6,24.853557072014283,0.828956447851548,1,10.552777290344238,-12.07723617553711,10.444148063659668
1387,2,0.8,100,4,25.202410946622855,0.8232140417272179,1,10.130194664001465,-11.368766784667969,9.911498069763184
1388,2,0.8,100,8,20.55787362559036,0.8196332945579698,1,7.661345481872559,-11.987504959106445,10.431368827819824
1389,2,0.8,100,12,15.961914883765683,0.8052920882157258,1,5.764163970947266,-11.056403160095215,10.578021049499512
1390,2,0.8,100,6,24.16477141130769,0.8215760914963708,1,5.948785781860352,-12.26717758178711,10.579012870788574
1391,2,0.8,100,25,4.052662143734375,0.8409413758704203,1,6.228759288787842,-12.283092498779297,10.758929252624512
1392,2,0.8,100,20,11.598569390124142,0.803852425090729,1,9.813250541687012,-11.946632385253906,10.973316192626953
1393,2,0.8,100,10,19.139393396838326,0.8157811720522965,1,6.054030418395996,-11.403560638427734,10.346656799316406
1394,2,0.8,100,13,11.581894290321761,0.8248804671832325,1,5.642491340637207,-11.265242576599121,10.516505241394043
1395,2,0.8,100,7,18.868340761289318,0.8003549395938055,1,6.408974647521973,-12.394161224365234,10.933389663696289
1396,2,0.8,100,11,24.696405224203726,0.823461831220244,1,5.624931335449219,-12.023384094238281,10.882777214050293
1397,2,0.8,100,11,22.167903326943815,0.8583397213991079,1,4.116909980773926,-12.073390007019043,10.591914176940918
1398,2,0.8,100,12,20.321837847426956,0.802181453491901,1,12.789344787597656,-13.768729209899902,11.322047233581543
1399,2,0.8,100,11,18.620154395611948,0.8191790753510829,1,4.6739301681518555,-12.814356803894043,10.98743724822998
1400,2,0.8,100,9,21.78729546600126,0.8498937666254631,1,3.798264503479004,-12.166036605834961,11.076212882995605
1401,2,0.8,100,10,18.993479982945452,0.8034153190855546,1,12.375040054321289,-13.667733192443848,11.944046020507812
1402,2,0.8,100,7,22.428410506078187,0.8110404091110657,1,10.892228126525879,-12.086490631103516,11.22619915008545
1403,2,0.8,100,12,19.518692981609718,0.8146758447240005,1,4.226792335510254,-11.068172454833984,10.753369331359863
1404,2,0.8,100,6,22.66820410485478,0.8282496957388084,1,6.317361831665039,-11.268136978149414,11.053857803344727
1405,2,0.8,100,5,24.22297778136403,0.8592385901273273,1,7.6785736083984375,-11.13591194152832,10.4258451461792
1406,2,0.8,100,13,14.988158119332047,0.8178206044862061,1,3.4872984886169434,-10.835779190063477,10.787104606628418
1407,2,0.8,100,10,16.877294724709127,0.8085104452971693,1,9.022278785705566,-12.084656715393066,11.108510971069336
1408,2,0.8,100,19,7.053059872999798,0.8014511168160872,1,7.663692474365234,-11.848130226135254,10.484954833984375
1409,2,0.8,100,10,22.893503613146045,0.8142525529994156,1,7.308310508728027,-11.618541717529297,10.0379638671875
1410,2,0.8,100,4,26.055276967225637,0.8036544307818679,1,6.794534683227539,-11.847213745117188,10.980157852172852
1411,2,0.8,100,7,25.57441064322989,0.8242535537079777,1,6.491515159606934,-11.618654251098633,10.368156433105469
1412,2,0.8,100,9,19.71627598611833,0.806344384208029,1,11.387004852294922,-12.11855411529541,10.514657974243164
1413,2,0.8,100,12,14.799869816102216,0.805481229188164,1,4.582670211791992,-11.352191925048828,10.50193977355957
1414,2,0.8,100,5,17.56135187854938,0.8008422560992402,1,15.742597579956055,-10.975461959838867,10.751686096191406
1415,2,0.8,100,14,12.295848222737682,0.8021391585889124,1,10.907709121704102,-11.265491485595703,10.611407279968262
1416,2,0.8,100,10,18.188065765051793,0.8240734766581495,1,16.982879638671875,-12.256433486938477,10.747625350952148
1417,2,0.8,100,11,17.47699863197729,0.8234502990485962,1,11.768354415893555,-11.468666076660156,10.68724536895752
1418,2,0.8,100,6,24.016649153014495,0.8187621886435509,1,13.58835220336914,-12.801328659057617,10.760272026062012
1419,2,0.8,100,7,25.164491333646595,0.857010899687817,1,14.477113723754883,-14.136909484863281,10.939163208007812
1420,2,0.8,100,8,19.775901063116237,0.8116022008006231,1,6.554259300231934,-13.255434036254883,10.639124870300293
1421,2,0.8,100,7,20.832430137082042,0.8095889770966205,1,8.515249252319336,-13.48359489440918,11.180624961853027
1422,2,0.8,100,13,16.061950232904355,0.8046214835020732,1,8.783740997314453,-12.213016510009766,10.889765739440918
1423,2,0.8,100,8,22.089124724932624,0.8262496534243665,1,5.569382667541504,-11.126389503479004,10.702326774597168
1424,2,0.8,100,11,18.654912270723287,0.8161786768866383,1,9.059000015258789,-10.397027969360352,11.022252082824707
1425,2,0.8,100,16,13.797171129559773,0.804179063849645,1,9.12984848022461,-11.234542846679688,10.773615837097168
1426,2,0.8,100,8,18.837517378675795,0.8109647763453574,1,5.470125198364258,-11.529605865478516,10.779448509216309
1427,2,0.8,100,5,22.918873477743176,0.8237394866217657,1,7.80513334274292,-12.135958671569824,10.96054744720459
1428,2,0.8,100,14,15.13432989742779,0.8062752209670172,1,9.791549682617188,-11.37797737121582,10.542162895202637
1429,2,0.8,100,15,13.48974083133714,0.8108250720837,1,8.118998527526855,-11.63012409210205,10.6949462890625
1430,2,0.8,100,6,23.459594425179418,0.8265307401942387,1,8.85006332397461,-10.38160514831543,10.905989646911621
1431,2,0.8,100,6,19.97193212454641,0.8236499944854606,1,9.301039695739746,-11.021278381347656,10.362985610961914
1432,2,0.8,100,14,15.084643039541207,0.806242721318222,1,6.784503936767578,-10.39474105834961,10.559298515319824
1433,2,0.8,100,10,19.07667359743545,0.8143505710009014,1,8.96259880065918,-10.491558074951172,10.128453254699707
1434,2,0.8,100,5,23.044127176469715,0.8033472665783461,1,6.119631290435791,-9.95726490020752,9.765909194946289
1435,2,0.8,100,9,20.99584411213295,0.8107434623322657,1,4.89887809753418,-9.92752456665039,10.16623592376709
1436,2,0.8,100,8,18.110843533539505,0.8164544182320317,1,7.935108661651611,-10.376777648925781,9.956334114074707
1437,2,0.8,100,5,23.701747836495663,0.8201191369626392,1,7.289907455444336,-10.529193878173828,10.169734001159668
1438,2,0.8,100,8,22.085357231796348,0.8098743673607932,1,9.399829864501953,-11.047979354858398,9.969138145446777
1439,2,0.8,100,4,24.10517116567743,0.8160417588538807,1,6.267727375030518,-10.790006637573242,10.101313591003418
1440,2,0.8,100,6,22.239757098578227,0.8282735067551007,1,3.3789587020874023,-10.995577812194824,9.681605339050293
1441,2,0.8,100,8,23.957508599767408,0.8289509661860454,1,3.9053258895874023,-11.021897315979004,9.939204216003418
1442,2,0.8,100,7,18.28693660313325,0.8218059021667288,1,7.8776092529296875,-10.820526123046875,10.17508602142334
1443,2,0.8,100,12,18.031783459189448,0.8208722479125374,1,10.902671813964844,-11.227617263793945,10.31021499633789
1444,2,0.8,100,10,20.37023105923263,0.8321289444702158,1,7.054501533508301,-11.550468444824219,10.50261116027832
1445,2,0.8,100,8,21.05227485049307,0.8032039201747293,1,8.994569778442383,-11.084785461425781,10.575800895690918
1446,2,0.8,100,9,17.52525149036852,0.8218413339465392,1,11.274675369262695,-11.689886093139648,11.020890235900879
1447,2,0.8,100,39,-14.934169722050022,0.8043741212229704,1,12.220773696899414,-11.021578788757324,10.630215644836426
1448,2,0.8,100,8,16.0191041892113,0.8050184755222057,1,9.722463607788086,-10.724536895751953,10.253859519958496
1449,2,0.8,100,9,24.216289422994947,0.8339699007985002,1,5.164748668670654,-11.820881843566895,10.494312286376953
1450,2,0.8,100,7,19.938358010428225,0.8257732863313062,1,8.80596923828125,-10.784586906433105,9.986739158630371
1451,2,0.8,100,12,15.384440473373186,0.8173226701950553,1,8.525579452514648,-11.309354782104492,10.118414878845215
1452,2,0.8,100,9,19.3411270676306,0.8167725186687095,1,6.209128379821777,-11.183035850524902,10.212726593017578
1453,2,0.8,100,8,19.374312737902493,0.8142332179381336,1,5.662534713745117,-11.5648193359375,9.810279846191406
1454,2,0.8,100,7,24.551324018743607,0.8470138522728808,1,28.700708389282227,-12.252031326293945,9.735498428344727
1455,2,0.8,100,14,12.852336895243702,0.8113034874667898,1,9.709223747253418,-12.032970428466797,9.708852767944336
1456,2,0.8,100,11,14.477418311102063,0.8330000792625625,1,20.36691665649414,-13.236991882324219,9.95976734161377
1457,2,0.8,100,15,16.917672131494054,0.8085470014843104,1,6.279266357421875,-13.139922142028809,9.629364013671875
1458,2,0.8,100,18,12.76938455316258,0.8011305737323675,1,10.2427978515625,-14.102331161499023,10.151331901550293
1459,2,0.8,100,14,12.893258494958676,0.8216885017970965,1,12.069393157958984,-14.328726768493652,9.612442016601562
1460,2,0.8,100,14,22.222391261948808,0.8162636546022308,1,6.991063117980957,-14.559301376342773,9.90558910369873
1461,2,0.8,100,15,9.058082363944738,0.8044222909572747,1,8.508359909057617,-14.755993843078613,9.872549057006836
1462,2,0.8,100,5,19.77957415597788,0.8266045468867653,1,7.815792083740234,-14.680839538574219,9.892060279846191
1463,2,0.8,100,8,21.382735807255514,0.8378530722873806,1,8.294105529785156,-14.164529800415039,9.629508972167969
1464,2,0.8,100,4,25.403941211870155,0.8503724160366797,1,7.875039100646973,-14.118578910827637,10.355419158935547
1465,2,0.8,100,6,25.354797776661954,0.8161857930016779,1,20.897438049316406,-14.31814193725586,10.590694427490234
1466,2,0.8,100,3,20.260505528981053,0.8304859311708,1,8.301140785217285,-13.994806289672852,10.6242036819458
1467,2,0.8,100,14,10.178320578217956,0.8130648676512592,1,15.773250579833984,-13.72192668914795,11.001201629638672
1468,2,0.8,100,6,25.210089983509988,0.803482485166632,1,7.916748046875,-13.983413696289062,11.288450241088867
1469,2,0.8,100,12,15.761014506310895,0.8225675092350422,1,6.824298858642578,-12.79435920715332,10.720442771911621
1470,2,0.8,100,12,21.390503279776905,0.8062474578681958,1,26.290809631347656,-14.219547271728516,11.59903335571289
1471,2,0.8,100,10,20.362060141662994,0.8095340536887967,1,10.961946487426758,-13.792707443237305,11.629725456237793
1472,2,0.8,100,19,14.013375985152717,0.8169640877892355,1,9.856842041015625,-13.926769256591797,11.314801216125488
1473,2,0.8,100,17,16.972836303151073,0.832612780585329,1,3.4909865856170654,-13.556214332580566,11.4479341506958
1474,2,0.8,100,5,21.147976503758365,0.8032633322930449,1,9.224828720092773,-12.994215965270996,11.502223014831543
1475,2,0.8,100,11,19.562650350839263,0.8015285311832092,1,8.949541091918945,-14.083986282348633,11.910979270935059
1476,2,0.8,100,14,15.13659549113154,0.8143949106684903,1,5.747152805328369,-12.181352615356445,11.474017143249512
1477,2,0.8,100,9,21.311990823404578,0.8203854376999108,1,9.71215534210205,-12.784486770629883,11.494719505310059
1478,2,0.8,100,7,19.248958517826168,0.8001738270793866,1,3.042083501815796,-12.03601360321045,11.338133811950684
1479,2,0.8,100,5,22.74132062749893,0.8090001708365623,1,6.714785099029541,-11.590524673461914,11.496535301208496
1480,2,0.8,100,7,21.320694392480192,0.8153017675133996,1,7.225549221038818,-11.999224662780762,12.031523704528809
1481,2,0.8,100,17,13.228162775585243,0.8262479275771502,1,5.455126762390137,-10.274284362792969,11.002432823181152
1482,2,0.8,100,27,-4.967207618595538,0.815600195423297,1,3.427410125732422,-10.762100219726562,11.07579231262207
1483,2,0.8,100,33,-9.508660181420165,0.8033872899275429,1,24.963449478149414,-11.834417343139648,11.81236743927002
1484,2,0.8,100,20,5.604566927023598,0.8252142350129392,1,4.009492874145508,-12.290068626403809,11.511687278747559
1485,2,0.8,100,23,5.91286227464927,0.8233159404887866,1,9.939592361450195,-12.749399185180664,11.611984252929688
1486,2,0.8,100,30,-7.743880194124603,0.8056592616255586,1,9.858602523803711,-13.800978660583496,11.120508193969727
1487,2,0.8,100,13,9.97717539076046,0.8078588841208352,1,7.164250373840332,-13.493017196655273,11.880139350891113
1488,2,0.8,100,16,14.828554748715653,0.8078686647340251,1,8.325210571289062,-13.26901626586914,11.608481407165527
1489,2,0.8,100,9,21.107038804961107,0.8210501102497385,1,5.714458465576172,-12.60384464263916,10.591985702514648
1490,2,0.8,100,7,20.45437467428853,0.8012674723751744,1,3.8100459575653076,-12.44550609588623,11.56649398803711
1491,2,0.8,100,21,6.609722993235343,0.800127502989044,1,9.666356086730957,-14.450521469116211,12.091225624084473
1492,2,0.8,100,9,15.253553534476218,0.8318107224164163,1,23.99057960510254,-11.614215850830078,11.700953483581543
1493,2,0.8,100,20,9.766336283817285,0.8006556785327709,1,5.6466169357299805,-12.084062576293945,10.949739456176758
1494,2,0.8,100,8,20.57310094003277,0.8179574182314575,1,8.639694213867188,-12.422948837280273,11.221911430358887
1495,2,0.8,100,15,19.354832681715003,0.8068445126687542,1,4.085109710693359,-13.002412796020508,11.200648307800293
1496,2,0.8,100,7,22.618980611931466,0.8177183775674202,1,4.555886745452881,-13.427877426147461,11.33236312866211
1497,2,0.8,100,5,24.62630047392937,0.8498527085574039,1,18.672805786132812,-14.368755340576172,11.30918025970459
1498,2,0.8,100,9,15.753555235156568,0.8056402880467576,1,7.015929222106934,-13.950214385986328,11.349650382995605
1499,2,0.8,100,13,16.86354551596199,0.8010708963233034,1,8.47646713256836,-13.082782745361328,10.481536865234375
1500,2,0.8,100,9,25.599206835649795,0.8477616596979622,1,6.090284824371338,-12.400199890136719,10.917801856994629
1501,2,0.8,100,8,23.892471908317894,0.8449063497673804,1,7.074382781982422,-13.687860488891602,11.367988586425781
1502,2,0.8,100,13,16.549202235080426,0.8164821070330807,1,10.426213264465332,-13.413450241088867,11.59720230102539
1503,2,0.8,100,6,23.00093302416948,0.8286872757070314,1,6.892467975616455,-12.54938793182373,11.012338638305664
1504,2,0.8,100,5,19.272965217049887,0.800011310223196,1,4.32515811920166,-11.313163757324219,11.146524429321289
1505,2,0.8,100,12,17.623145150366376,0.8136574271344258,1,18.117456436157227,-12.262412071228027,10.668719291687012
1506,2,0.8,100,11,20.657307782568097,0.8251887811245758,1,5.394920825958252,-13.632095336914062,11.479562759399414
1507,2,0.8,100,13,11.402159622684849,0.8194636393209966,1,4.322183609008789,-14.147181510925293,11.378913879394531
1508,2,0.8,100,8,21.329732463591526,0.8293055016672953,1,9.31576156616211,-13.329575538635254,11.83850383758545
1509,2,0.8,100,16,17.074697276124628,0.8263426634080069,1,6.12064266204834,-13.647916793823242,11.377100944519043
1510,2,0.8,100,6,21.845941678208636,0.8048738227635073,1,3.661895275115967,-13.725055694580078,11.435365676879883
1511,2,0.8,100,6,24.220535667217085,0.8114985048344172,1,16.32152557373047,-14.13020133972168,11.606050491333008
1512,2,0.8,100,11,16.63305681359059,0.8007158031820096,1,21.720230102539062,-13.740893363952637,12.097546577453613
1513,2,0.8,100,8,16.889879303269375,0.8151425723337289,1,19.412395477294922,-12.389448165893555,11.130467414855957
1514,2,0.8,100,13,19.95417200535931,0.8039103388409319,1,4.593362808227539,-12.100045204162598,11.18403148651123
1515,2,0.8,100,19,9.766404766456267,0.8457371298753946,1,3.6983838081359863,-11.863780975341797,11.198973655700684
1516,2,0.8,100,9,19.743841139960615,0.8273221003792898,1,5.874148845672607,-13.167991638183594,11.019227027893066
1517,2,0.8,100,8,24.68641676817107,0.8390334418107167,1,7.624112129211426,-11.098217964172363,11.101685523986816
1518,2,0.8,100,44,-19.672854367531798,0.8052460504289984,1,3.0256540775299072,-11.99781322479248,10.482873916625977
1519,2,0.8,100,23,7.516433503452149,0.8398189001395284,1,11.127002716064453,-12.435638427734375,10.594168663024902
1520,2,0.8,100,6,19.44027991028704,0.8182187641868515,1,9.35072135925293,-12.253751754760742,10.790745735168457
1521,2,0.8,100,5,20.984749437916747,0.8390290889043954,1,5.3848958015441895,-13.034858703613281,10.367691040039062
1522,2,0.8,100,34,-6.89401783499625,0.8048017665500599,1,7.533879280090332,-13.227426528930664,11.22630500793457
1523,2,0.8,100,12,17.58822077771903,0.8028153441523778,1,4.711428642272949,-12.027463912963867,10.438298225402832
1524,2,0.8,100,12,16.435101121280628,0.8039213338410874,1,4.578380107879639,-12.0350341796875,10.234332084655762
1525,2,0.8,100,28,-4.160429287102756,0.8044496030155543,1,8.80939769744873,-12.125516891479492,10.756957054138184
1526,2,0.8,100,5,17.77244931192687,0.8007685037751043,1,4.065420627593994,-12.395733833312988,10.453593254089355
1527,2,0.8,100,9,21.017698675637064,0.8516977700842238,1,8.404342651367188,-12.702707290649414,10.523076057434082
1528,2,0.8,100,44,-10.167928459312149,0.8057301879100295,1,3.769827127456665,-12.412979125976562,10.629518508911133
1529,2,0.8,100,8,13.057091539457147,0.8139842023430829,1,3.113955497741699,-11.455631256103516,10.447379112243652
1530,2,0.8,100,7,16.869434302020206,0.8001805889815802,1,5.0353851318359375,-12.366503715515137,10.297825813293457
1531,2,0.8,100,18,11.50916550474085,0.8054743432411337,1,9.04771614074707,-11.611299514770508,10.707687377929688
1532,2,0.8,100,13,17.116241701919517,0.8157712403265198,1,7.884878158569336,-13.850379943847656,11.42801570892334
1533,2,0.8,100,17,9.040979967634835,0.8009704609316004,1,10.669692039489746,-13.202713012695312,10.698616981506348
1534,2,0.8,100,15,17.03223749128108,0.8134600563677284,1,15.0792236328125,-14.474750518798828,10.929756164550781
1535,2,0.8,100,5,21.512621010289212,0.8482489815249721,1,3.261317253112793,-12.764957427978516,10.37278938293457
1536,2,0.8,100,7,15.95402200813239,0.8104832539315253,1,5.146838188171387,-12.947502136230469,10.137648582458496
1537,2,0.8,100,6,21.61437109517489,0.8019430979927482,1,7.127958297729492,-13.519261360168457,11.308884620666504
1538,2,0.8,100,10,22.509119836141245,0.8434034222239454,1,6.166025161743164,-11.916536331176758,10.25171184539795
1539,2,0.8,100,7,18.164576440956992,0.8123754935040034,1,7.701316833496094,-12.395973205566406,10.8519868850708
1540,2,0.8,100,11,18.89978287454214,0.816979944093287,1,3.975794553756714,-12.601577758789062,10.470271110534668
1541,2,0.8,100,9,15.856714300746596,0.8225876371428263,1,11.350517272949219,-12.072174072265625,10.133536338806152
1542,2,0.8,100,17,15.781590563853321,0.8117293094213989,1,22.105636596679688,-11.618865966796875,10.39310359954834
1543,2,0.8,100,15,12.136667125977043,0.8071716173891549,1,6.685099124908447,-11.513174057006836,10.150751113891602
1544,2,0.8,100,8,20.519092533200727,0.8380223428285901,1,8.951391220092773,-12.119471549987793,10.04940414428711
1545,2,0.8,100,10,17.30073959429567,0.8124380648523233,1,7.635168075561523,-12.013086318969727,9.78624153137207
1546,2,0.8,100,4,22.237730276109467,0.8052216987834504,1,2.425330638885498,-11.855971336364746,10.079975128173828
1547,2,0.8,100,5,17.465139210307445,0.8083898909216027,1,8.554642677307129,-13.286211013793945,10.308825492858887
1548,2,0.8,100,9,17.638740677768453,0.830200416019547,1,12.241604804992676,-13.29173755645752,10.924982070922852
1549,2,0.8,100,17,10.923837519362433,0.8009326151434868,1,11.673219680786133,-12.404960632324219,10.583653450012207
1550,2,0.8,100,14,14.484434261333675,0.810314672627398,1,5.767335891723633,-12.40509033203125,10.19328498840332
1551,2,0.8,100,9,21.269865296447307,0.8354491828137933,1,8.25179672241211,-13.240129470825195,9.889775276184082
1552,2,0.8,100,10,18.714412455803313,0.8213175795348086,1,3.947679042816162,-13.774173736572266,10.019804954528809
1553,2,0.8,100,10,22.052297688471548,0.848272930717852,1,4.873193264007568,-13.914956092834473,10.22702693939209
1554,2,0.8,100,5,24.563859446880475,0.8472979008188859,1,4.706719875335693,-13.511848449707031,10.694190979003906
1555,2,0.8,100,11,19.725232187108176,0.8159224601802993,1,7.078322410583496,-12.368590354919434,10.206839561462402
1556,2,0.8,100,7,19.456843001903216,0.8066464373761006,1,7.146318435668945,-12.69052505493164,10.528656959533691
1557,2,0.8,100,13,17.653616181329127,0.8261163660102121,1,29.3209228515625,-13.654863357543945,10.858434677124023
1558,2,0.8,100,15,9.613810152107716,0.8121039408510421,1,4.1796979904174805,-11.695845603942871,10.745813369750977
1559,2,0.8,100,6,25.657365565201353,0.8066438632150643,1,7.561964511871338,-12.752833366394043,10.497884750366211
1560,2,0.8,100,10,12.415753603129478,0.8093852239851166,1,3.154998779296875,-12.15049934387207,10.93778133392334
1561,2,0.8,100,9,20.332849659689586,0.8224358596256315,1,9.881675720214844,-14.775630950927734,11.201277732849121
1562,2,0.8,100,6,24.433375482588207,0.8458437102842974,1,13.194108009338379,-13.14964771270752,10.812764167785645
1563,2,0.8,100,23,1.6305822320902141,0.8133788158261058,1,6.677659034729004,-12.340618133544922,10.590202331542969
1564,2,0.8,100,4,21.638799698523542,0.8043008579997637,1,16.259178161621094,-12.700065612792969,10.526924133300781
1565,2,0.8,100,13,17.30007491519662,0.8484031024274663,1,16.43215560913086,-12.60544490814209,11.495872497558594
1566,2,0.8,100,8,21.036236145938126,0.803089570502412,1,5.676565170288086,-13.428281784057617,11.623756408691406
1567,2,0.8,100,6,18.650594228347224,0.8003317244091133,1,29.370182037353516,-13.993623733520508,11.056778907775879
1568,2,0.8,100,36,-10.627211043433878,0.8174355693031966,1,15.805885314941406,-12.86497688293457,10.67462158203125
1569,2,0.8,100,7,17.806122278157975,0.8122993760100375,1,25.094528198242188,-14.775716781616211,11.909470558166504
1570,2,0.8,100,30,4.480296730749499,0.819333617811803,1,13.688608169555664,-13.484455108642578,11.526934623718262
1571,2,0.8,100,10,16.87891431819831,0.800894999708379,1,6.189230918884277,-13.619209289550781,11.059755325317383
1572,2,0.8,100,4,20.157704986421464,0.8033115296600664,1,7.169955253601074,-14.68894100189209,11.978795051574707
1573,2,0.8,100,9,20.655846326473775,0.8321222510365787,1,3.2990520000457764,-12.224126815795898,11.486413955688477
1574,2,0.8,100,18,5.5775075507934435,0.8491448587222961,1,6.866344451904297,-13.916316032409668,11.487767219543457
1575,2,0.8,100,16,12.1684137768462,0.8323520874489819,1,3.4491426944732666,-13.062536239624023,11.333258628845215
1576,2,0.8,100,19,9.558265369580845,0.851077799018314,1,8.526458740234375,-14.724456787109375,11.687533378601074
1577,2,0.8,100,36,-11.7332274430391,0.8182308822078334,1,9.053257942199707,-14.870141983032227,12.106941223144531
1578,2,0.8,100,11,16.711399119852203,0.810829840881609,1,7.749658584594727,-15.252731323242188,11.800848960876465
1579,2,0.8,100,6,19.37862817600724,0.8133004976043058,1,15.748540878295898,-13.454599380493164,11.069430351257324
1580,2,0.8,100,8,17.29490059676964,0.8005968628459494,1,4.945908546447754,-13.571660995483398,11.343620300292969
1581,2,0.8,100,16,8.155582701551376,0.8047287530166607,1,7.674921989440918,-14.22334098815918,11.84870719909668
1582,2,0.8,100,6,20.10477467704539,0.8015716166037467,1,8.963409423828125,-13.00537109375,11.036665916442871
1583,2,0.8,100,14,14.240780446863113,0.8000042296224302,1,4.161751747131348,-14.572273254394531,11.476872444152832
1584,2,0.8,100,13,16.688168792009563,0.8311008116183796,1,10.480457305908203,-13.757627487182617,11.197216987609863
1585,2,0.8,100,6,23.322862089307108,0.83077571650047,1,7.5528035163879395,-14.262370109558105,11.610867500305176
1586,2,0.8,100,3,18.142698811216448,0.8008846861173315,1,11.749006271362305,-16.36475372314453,11.95026683807373
1587,2,0.8,100,8,21.504339469733633,0.8036939012738934,1,20.570165634155273,-13.682618141174316,10.908343315124512
1588,2,0.8,100,5,22.111853785827922,0.8298370407361783,1,3.727642297744751,-13.912874221801758,11.44309139251709
1589,2,0.8,100,5,22.45693019357513,0.8062123443346719,1,2.445133686065674,-13.107551574707031,11.020240783691406
1590,2,0.8,100,6,24.406315502297275,0.810435976027274,1,4.70673942565918,-13.629791259765625,11.238282203674316
1591,2,0.8,100,5,22.680355311815507,0.8106055334698861,1,7.98447847366333,-14.629728317260742,11.842010498046875
1592,2,0.8,100,8,26.96213626966818,0.8592397126976239,1,4.528173446655273,-15.35586166381836,11.186934471130371
1593,2,0.8,100,10,21.432220133676214,0.8151619835699115,1,32.40626525878906,-15.709238052368164,11.280757904052734
1594,2,0.8,100,13,9.75862008355716,0.8353757466380678,1,3.475748062133789,-15.503743171691895,10.959232330322266
1595,2,0.8,100,10,15.822632815705916,0.8086499097787478,1,9.347585678100586,-17.46319007873535,12.964831352233887
1596,2,0.8,100,14,11.301175907210485,0.839774254205905,1,8.57768440246582,-14.665594100952148,11.248777389526367
1597,2,0.8,100,12,19.09165193496534,0.8151746798195241,1,2.5696113109588623,-12.302705764770508,10.703468322753906
1598,2,0.8,100,7,25.50972515840079,0.8342646704052052,1,7.055779933929443,-12.708598136901855,11.056693077087402
1599,2,0.8,100,14,19.139795167964017,0.839088951329435,1,6.545603275299072,-12.850434303283691,11.093832015991211
1600,2,0.8,100,12,16.226849125916562,0.8273013975585572,1,8.694854736328125,-13.155098915100098,11.284513473510742
1601,2,0.8,100,7,24.10915346537145,0.8061962085002939,1,7.163132667541504,-12.21099853515625,10.663662910461426
1602,2,0.8,100,7,19.51534604050415,0.8278722097967542,1,5.673008918762207,-12.171243667602539,10.725287437438965
1603,2,0.8,100,10,11.633210316963574,0.8109051539055194,1,8.277145385742188,-12.482812881469727,10.529464721679688
1604,2,0.8,100,10,17.230893371664962,0.8252422135163983,1,7.611387252807617,-13.478815078735352,10.81019115447998
1605,2,0.8,100,7,11.692951994241604,0.8064867252825424,1,5.052700042724609,-12.56850814819336,10.916962623596191
1606,2,0.8,100,5,20.4689726721258,0.8445087961403656,1,23.374839782714844,-13.519674301147461,11.26513671875
1607,2,0.8,100,13,12.598391950814145,0.8012327849049843,1,4.039219856262207,-12.842334747314453,11.56064510345459
1608,2,0.8,100,6,23.861458689414924,0.8101727775999008,1,9.794414520263672,-13.775266647338867,11.793655395507812
1609,2,0.8,100,5,18.28438069567015,0.8196778658144747,1,2.998187780380249,-11.669963836669922,11.356376647949219
1610,2,0.8,100,5,20.19154788840217,0.8113843686697301,1,9.71602725982666,-11.336423873901367,11.226287841796875
1611,2,0.8,100,8,20.787167469129614,0.8027128889480039,1,7.005468845367432,-13.053348541259766,11.860490798950195
1612,2,0.8,100,7,20.78480264276883,0.8327013919395475,1,3.8842854499816895,-12.052003860473633,11.037635803222656
1613,2,0.8,100,24,-4.6152296619561906,0.8120539040515058,1,18.497180938720703,-13.164783477783203,11.666399955749512
1614,2,0.8,100,7,25.418045715916914,0.8332896236309484,1,10.894953727722168,-12.770475387573242,11.484994888305664
1615,2,0.8,100,8,16.261517462584735,0.8409748606267986,1,33.28564453125,-11.941774368286133,11.474801063537598
1616,2,0.8,100,9,16.40893175330379,0.8008484054206881,1,19.675151824951172,-12.661686897277832,11.628636360168457
1617,2,0.8,100,18,4.409261565307536,0.8451405469517752,1,9.91508674621582,-12.960596084594727,11.409518241882324
1618,2,0.8,100,4,21.357672479950736,0.8020852425441732,1,13.153801918029785,-12.409416198730469,11.223849296569824
1619,2,0.8,100,10,15.25467091768863,0.8117686677570305,1,6.860218048095703,-12.113469123840332,10.995997428894043
1620,2,0.8,100,18,11.200825407039966,0.8139543085782588,1,14.237239837646484,-11.930957794189453,11.307899475097656
1621,2,0.8,100,16,15.665204010079332,0.8082015444843292,1,4.507376194000244,-12.333755493164062,11.313173294067383
1622,2,0.8,100,6,21.705250901304176,0.8099484229271852,1,8.861931800842285,-10.781445503234863,10.899364471435547
1623,2,0.8,100,5,22.145400430067383,0.8383770377786106,1,6.313316345214844,-12.300806045532227,11.846531867980957
1624,2,0.8,100,9,19.813928218602307,0.8101607635739871,1,8.130522727966309,-13.708654403686523,11.5807466506958
1625,2,0.8,100,16,15.300096606775178,0.8162848889460612,1,7.4972920417785645,-11.93974494934082,11.155577659606934
1626,2,0.8,100,9,18.772884272161548,0.850443036094857,1,7.790021896362305,-11.682558059692383,11.485605239868164
1627,2,0.8,100,6,22.071331492984832,0.8172819172960538,1,12.87203311920166,-12.213254928588867,11.818910598754883
1628,2,0.8,100,8,19.2245533351957,0.8041725328777334,1,6.325915336608887,-12.343113899230957,12.0762300491333
1629,2,0.8,100,7,21.001378673747045,0.8148610787582323,1,7.577199935913086,-12.722705841064453,12.31238079071045
1630,2,0.8,100,7,22.6305186473338,0.8090696491781814,1,4.595405578613281,-13.481975555419922,11.556536674499512
1631,2,0.8,100,14,11.975276872668811,0.8021630523482661,1,18.797645568847656,-13.609739303588867,12.530261993408203
1632,2,0.8,100,6,20.583553737318116,0.8115045417582125,1,4.616960525512695,-13.494558334350586,12.04563045501709
1633,2,0.8,100,8,22.51544867312574,0.8201671920461275,1,11.198026657104492,-13.528665542602539,12.231620788574219
1634,2,0.8,100,29,-8.469596210622683,0.8102571645735456,1,13.977299690246582,-13.585368156433105,12.033537864685059
1635,2,0.8,100,8,18.510520831436565,0.8129633864409092,1,6.887788772583008,-14.255476951599121,11.993742942810059
1636,2,0.8,100,11,17.053798737219626,0.8028375189136864,1,4.421173095703125,-12.79658031463623,11.663782119750977
1637,2,0.8,100,5,19.105698803195125,0.8018877083608024,1,3.5123090744018555,-12.89742374420166,11.619864463806152
1638,2,0.8,100,25,-0.02381104894477204,0.8282867015689016,1,11.657991409301758,-13.78952407836914,12.295841217041016
1639,2,0.8,100,23,2.657558081527946,0.8050301875961883,1,12.336555480957031,-14.315475463867188,12.347314834594727
1640,2,0.8,100,6,24.749486551378613,0.8303354052899923,1,8.933664321899414,-13.576106071472168,11.638969421386719
1641,2,0.8,100,16,12.215130595897138,0.8073933254761443,1,4.993760108947754,-14.161982536315918,11.757101058959961
1642,2,0.8,100,17,7.9091309851895515,0.8206260114053341,1,11.350259780883789,-14.380046844482422,12.053820610046387
1643,2,0.8,100,3,22.17262213141943,0.8094919301006858,1,10.111945152282715,-13.691518783569336,12.170709609985352
1644,2,0.8,100,17,10.82792993263705,0.8011533489789217,1,6.821977138519287,-11.441347122192383,11.423341751098633
1645,2,0.8,100,8,17.57628028004493,0.8299977690942143,1,5.104824066162109,-12.317829132080078,11.576719284057617
1646,2,0.8,100,31,-0.8652437090757008,0.8038920152644701,1,13.971010208129883,-13.56313419342041,12.122130393981934
1647,2,0.8,100,10,18.943652238926155,0.8286110174268101,1,5.378720760345459,-13.295073509216309,11.426093101501465
1648,2,0.8,100,8,20.136889934838145,0.8036553281486383,1,6.163849830627441,-13.854043960571289,11.409390449523926
1649,2,0.8,100,7,25.01474792952782,0.8318248014516978,1,5.915950775146484,-14.405435562133789,11.411768913269043
1650,2,0.8,100,20,10.307324643902772,0.8090207939612415,1,7.703156471252441,-13.311223030090332,11.348459243774414
1651,2,0.8,100,13,12.211626025240058,0.8090606142412166,1,6.463422775268555,-13.836585998535156,11.877768516540527
1652,2,0.8,100,7,24.00671022583736,0.8033266328156172,1,6.96901798248291,-13.355583190917969,11.94996452331543
1653,2,0.8,100,4,22.490445581919793,0.8159128769950476,1,6.282198429107666,-12.162701606750488,11.071586608886719
1654,2,0.8,100,24,-0.9151103747561518,0.8099302925775962,1,4.771195411682129,-12.613937377929688,11.259591102600098
1655,2,0.8,100,8,24.400037898957038,0.8303364019686125,1,14.029001235961914,-15.19533920288086,12.415678024291992
1656,2,0.8,100,6,25.993275071506552,0.8117648929543491,1,3.3010125160217285,-14.379816055297852,11.74019718170166
1657,2,0.8,100,15,13.48548026011789,0.8062960500451154,1,7.2576823234558105,-16.206497192382812,11.626803398132324
1658,2,0.8,100,9,19.66399510904727,0.8211007774375892,1,27.37030792236328,-15.856817245483398,12.338645935058594
1659,2,0.8,100,8,25.92778860940389,0.8177388977958359,1,9.682860374450684,-14.725404739379883,12.422586441040039
1660,2,0.8,100,5,19.67409538939382,0.8183402764026212,1,12.712610244750977,-15.386558532714844,12.640785217285156
1661,2,0.8,100,13,15.9697141819486,0.8240823561535062,1,5.756649971008301,-14.746206283569336,13.147027969360352
1662,2,0.8,100,5,19.970474788182557,0.802763015239712,1,7.94055700302124,-15.589744567871094,12.867396354675293
1663,2,0.8,100,31,-6.694884163191286,0.8141858660325378,1,7.497384548187256,-12.752828598022461,11.999336242675781
1664,2,0.8,100,9,24.110395742278005,0.8203760317767068,1,5.315935134887695,-13.664266586303711,11.843689918518066
1665,2,0.8,100,8,18.987095957872853,0.804417727640467,1,3.965834379196167,-13.81193733215332,11.968546867370605
1666,2,0.8,100,14,14.749730691049997,0.8040209636843673,1,12.41402816772461,-12.659862518310547,11.293330192565918
1667,2,0.8,100,7,20.78461242882465,0.8161452914705649,1,4.390164375305176,-14.776588439941406,11.816805839538574
1668,2,0.8,100,9,15.820810921268446,0.8081053487808751,1,9.147266387939453,-14.390592575073242,12.1279878616333
1669,2,0.8,100,26,2.437196449861693,0.8161307096927878,1,13.888111114501953,-14.416812896728516,12.525002479553223
1670,2,0.8,100,41,-20.921307449669527,0.8090575209898029,1,3.0233471393585205,-12.448471069335938,11.500046730041504
1671,2,0.8,100,7,20.596422126601475,0.8318355126526632,1,5.499152183532715,-14.073451042175293,12.435742378234863
1672,2,0.8,100,27,-2.2368307120904483,0.8221746544178284,1,2.9855051040649414,-13.146717071533203,12.254671096801758
1673,2,0.8,100,22,9.486059231356995,0.811274366655124,1,4.923102855682373,-11.691629409790039,11.869688987731934
1674,2,0.8,100,32,-5.463929204668327,0.8016363653517432,1,6.988035202026367,-13.138433456420898,11.944121360778809
1675,2,0.8,100,14,15.82866832680838,0.8063449079546725,1,5.458896636962891,-14.419654846191406,11.753201484680176
1676,2,0.8,100,7,18.505894598072267,0.827379453690802,1,6.864148139953613,-13.998132705688477,12.036506652832031
1677,2,0.8,100,9,21.09594594924275,0.8010668869030517,1,38.83285140991211,-15.732305526733398,11.379591941833496
1678,2,0.8,100,7,24.686218646546678,0.8316336290246549,1,11.570451736450195,-17.29531478881836,11.581117630004883
1679,2,0.8,100,21,-1.0832718779277553,0.8031665490444047,1,7.014866828918457,-13.232173919677734,11.078253746032715
1680,2,0.8,100,27,-4.434184680367695,0.8015692370429884,1,12.048855781555176,-13.502616882324219,11.17151927947998
1681,2,0.8,100,25,6.384775361058416,0.8023014300491039,1,3.5326881408691406,-12.997090339660645,11.217419624328613
1682,2,0.8,100,8,15.360716504732238,0.8212184965045818,1,3.3800735473632812,-10.234333038330078,11.234329223632812
1683,2,0.8,100,4,27.005599653681365,0.8708237527917116,1,7.735433578491211,-11.807062149047852,11.221837043762207
1684,2,0.8,100,10,19.822741748849893,0.8136355540248058,1,44.96124267578125,-12.635782241821289,11.234148025512695
1685,2,0.8,100,7,23.395160653235813,0.84335108647149,1,17.995277404785156,-11.846714973449707,11.569201469421387
1686,2,0.8,100,10,20.01539106593369,0.8037661419376217,1,3.6152095794677734,-13.391105651855469,11.37411880493164
1687,2,0.8,100,10,24.418290696041687,0.8169821709120207,1,41.76155090332031,-13.068408966064453,11.228568077087402
1688,2,0.8,100,10,20.52188985712211,0.8314008290614037,1,18.734477996826172,-13.681182861328125,11.380343437194824
1689,2,0.8,100,20,12.673032639909735,0.8025152008351336,1,6.081108093261719,-12.28288459777832,11.046567916870117
1690,2,0.8,100,10,18.77158796075699,0.8313951557874493,1,3.225083827972412,-12.678123474121094,10.862763404846191
1691,2,0.8,100,23,9.558856803103735,0.8387716499686022,1,10.11892318725586,-14.008450508117676,11.470279693603516
1692,2,0.8,100,11,18.850457819628062,0.8313950970066352,1,22.785743713378906,-13.257438659667969,11.46130657196045
1693,2,0.8,100,7,22.645169759875188,0.8312415732009819,1,13.016313552856445,-12.545884132385254,11.184969902038574
1694,2,0.8,100,9,22.091472500603032,0.8148557558218881,1,14.625431060791016,-12.76861572265625,11.1641206741333
1695,2,0.8,100,6,24.652721182938535,0.8032246106031757,1,10.217986106872559,-13.85993766784668,11.852593421936035
1696,2,0.8,100,23,12.178331303267152,0.8183425413244155,1,4.339064121246338,-13.903413772583008,11.036890029907227
1697,2,0.8,100,15,15.453729787086612,0.8068367399324361,1,6.047338008880615,-14.798832893371582,12.222267150878906
1698,2,0.8,100,7,21.035874734828838,0.8044011216640166,1,17.699939727783203,-13.853569030761719,11.793095588684082
1699,2,0.8,100,10,22.055240548564715,0.826335849517217,1,5.524731159210205,-13.017023086547852,11.992236137390137
1700,2,0.8,100,7,26.17851813545314,0.8639165222861578,1,13.779011726379395,-13.573009490966797,12.266823768615723
1701,2,0.8,100,17,14.761385986017093,0.8024708385326971,1,4.060380458831787,-12.024585723876953,12.018813133239746
1702,2,0.8,100,8,21.698800498523553,0.8030479755766415,1,9.681217193603516,-14.63190746307373,12.293049812316895
1703,2,0.8,100,6,18.67780208539689,0.8220194084034339,1,8.292667388916016,-12.991782188415527,12.420929908752441
1704,2,0.8,100,13,19.86298959174418,0.8420853473878894,1,7.70456600189209,-14.847089767456055,12.21564769744873
1705,2,0.8,100,8,20.39636396316378,0.8325833894944381,1,20.810527801513672,-15.914495468139648,12.7413969039917
1706,2,0.8,100,9,20.68831307778552,0.8084934783982253,1,9.286920547485352,-15.13089656829834,12.217703819274902
1707,2,0.8,100,9,24.629419720317323,0.834434361261404,1,6.139486789703369,-15.095010757446289,12.825851440429688
1708,2,0.8,100,7,19.116367557877282,0.8030217798121303,1,10.089639663696289,-17.999540328979492,13.018678665161133
1709,2,0.8,100,7,22.731595391994258,0.812888088148791,1,7.263065338134766,-15.206998825073242,12.790242195129395
1710,2,0.8,100,5,20.17905631938752,0.8272086042665423,1,16.749475479125977,-14.396435737609863,12.752395629882812
1711,2,0.8,100,5,20.429890176312064,0.819231605708899,1,4.1718430519104,-12.169204711914062,11.866782188415527
1712,2,0.8,100,5,23.267861109561657,0.816358915373723,1,4.851985931396484,-12.555459976196289,11.686488151550293
1713,2,0.8,100,12,16.32303047889275,0.8075008719706128,1,16.80903434753418,-12.7510986328125,11.506422996520996
1714,2,0.8,100,13,18.397888368526324,0.8318159318165476,1,10.70667552947998,-13.066156387329102,11.786001205444336
1715,2,0.8,100,5,25.400162663258723,0.8317388972007095,1,6.565671443939209,-13.914989471435547,11.368582725524902
1716,2,0.8,100,8,15.03790440168645,0.8149066485226127,1,11.344655990600586,-14.651912689208984,11.441262245178223
1717,2,0.8,100,11,17.541855520691552,0.8329263480647013,1,51.58378601074219,-14.163557052612305,10.882979393005371
1718,2,0.8,100,14,16.76045167913597,0.8375287993293028,1,9.178125381469727,-15.058443069458008,11.484496116638184
1719,2,0.8,100,6,21.701949584639745,0.8146993755119707,1,3.2624216079711914,-13.091287612915039,10.478564262390137
1720,2,0.8,100,8,22.499900663740743,0.8183331928497574,1,7.063057899475098,-13.419156074523926,10.530060768127441
1721,2,0.8,100,5,23.225185682839083,0.8065672862473301,1,8.515113830566406,-12.332480430603027,10.80022144317627
1722,2,0.8,100,16,13.33137289805684,0.804887249188442,1,7.43571138381958,-13.297333717346191,10.96932601928711
1723,2,0.8,100,11,15.218734651712547,0.8107929273611919,1,12.990437507629395,-15.740594863891602,11.469369888305664
1724,2,0.8,100,9,22.863466052198536,0.8080672069061435,1,4.716073989868164,-13.142251014709473,11.309990882873535
1725,2,0.8,100,9,18.972109231891224,0.8181111490133577,1,11.488853454589844,-15.101093292236328,11.94788646697998
1726,2,0.8,100,12,17.340060302898905,0.8059918487436608,1,7.195864200592041,-16.11978530883789,12.142027854919434
1727,2,0.8,100,8,21.719896807201447,0.8338661814545836,1,5.161107063293457,-15.830991744995117,12.163073539733887
1728,2,0.8,100,6,20.75692834462796,0.8254264694219677,1,5.833506107330322,-14.917531967163086,12.382683753967285
1729,2,0.8,100,10,22.817642997579746,0.8333046862928692,1,4.429919242858887,-15.901347160339355,12.09792423248291
1730,2,0.8,100,12,19.022519607582772,0.8278030683968514,1,18.89629554748535,-14.156522750854492,12.574457168579102
1731,2,0.8,100,15,10.23359294452502,0.8022036406176155,1,3.0957837104797363,-13.351953506469727,12.148459434509277
1732,2,0.8,100,5,19.139753004041992,0.8032851894020049,1,3.8830246925354004,-13.657207489013672,12.726374626159668
1733,2,0.8,100,17,16.078526056403764,0.8363231045875479,1,11.862873077392578,-15.914306640625,12.851963996887207
1734,2,0.8,100,8,23.050416180344047,0.8135457858384101,1,8.232807159423828,-13.582942962646484,12.929034233093262
1735,2,0.8,100,5,26.488444249362132,0.8382957343417484,1,6.370401382446289,-13.791021347045898,12.952447891235352
1736,2,0.8,100,6,22.150667229477218,0.8196842784969924,1,14.260477066040039,-13.908529281616211,13.171478271484375
1737,2,0.8,100,8,18.364756811137077,0.814110175749592,1,4.30342435836792,-13.247258186340332,12.400487899780273
1738,2,0.8,100,5,23.026182500390764,0.8104094899279248,1,7.527133941650391,-15.045557975769043,13.302311897277832
1739,2,0.8,100,21,5.058081647572035,0.802702840999512,1,5.898097991943359,-15.566080093383789,12.396255493164062
1740,2,0.8,100,10,23.611805922879253,0.8237577206221322,1,6.761841297149658,-14.941044807434082,12.345803260803223
1741,2,0.8,100,15,15.807990920888,0.8105025875051842,1,13.771163940429688,-14.814695358276367,12.1852445602417
1742,2,0.8,100,17,13.38757833733082,0.8174857662738542,1,14.763794898986816,-16.670124053955078,13.295493125915527
1743,2,0.8,100,5,22.536075727413472,0.8102350329869104,1,5.4109416007995605,-13.422645568847656,12.061683654785156
1744,2,0.8,100,13,16.512915523922768,0.8190562584259753,1,91.57002258300781,-14.076702117919922,12.4219331741333
1745,2,0.8,100,5,22.418133403512027,0.803613245242312,1,54.01713562011719,-11.4498291015625,11.408638000488281
1746,2,0.8,100,8,23.796086560730195,0.8506078349012983,1,8.612983703613281,-11.254924774169922,11.31359577178955
1747,2,0.8,100,32,-3.858424650303217,0.8265962044474265,1,5.897712230682373,-10.891692161560059,11.349665641784668
1748,2,0.8,100,9,17.529192524468787,0.8104158695848195,1,2.564418315887451,-10.970085144042969,11.147616386413574
1749,2,0.8,100,11,15.43120644026023,0.8101932672370622,1,3.197047710418701,-11.35412883758545,11.160213470458984
1750,2,0.8,100,14,15.190936266131338,0.8047569941791323,1,10.045555114746094,-11.09129524230957,10.897000312805176
1751,2,0.8,100,7,19.30855016859102,0.8010246755828723,1,7.541586875915527,-11.363009452819824,10.843730926513672
1752,2,0.8,100,39,-10.635764492703247,0.8089307836428021,1,9.230752944946289,-10.390191078186035,11.20578670501709
1753,2,0.8,100,14,17.072972167509946,0.8275342822190997,1,13.175094604492188,-10.840898513793945,10.652015686035156
1754,2,0.8,100,48,-32.44422985225891,0.8310278529841368,1,21.552385330200195,-11.06988525390625,10.709699630737305
1755,2,0.8,100,9,20.74545045757692,0.8104164209646891,1,6.9757890701293945,-10.583342552185059,10.305262565612793
1756,2,0.8,100,44,-35.56582334088804,0.8309720468987315,1,4.274267196655273,-11.086572647094727,10.371070861816406
1757,2,0.8,100,12,20.296403147807766,0.8263551666897117,1,7.9012603759765625,-11.204048156738281,10.262449264526367
1758,2,0.8,100,32,-12.745349702852598,0.8047472787378491,1,16.50231170654297,-11.656431198120117,10.205504417419434
1759,2,0.8,100,8,17.24727768010812,0.8110247761982334,1,25.33660125732422,-11.872801780700684,10.463887214660645
1760,2,0.8,100,4,24.21338660140355,0.8134157579282263,1,13.146665573120117,-12.343587875366211,10.067144393920898
1761,2,0.8,100,9,24.26157887751439,0.8587693832753547,1,5.597286701202393,-11.39077377319336,10.290377616882324
1762,2,0.8,100,20,10.998939693814831,0.816124828423244,1,4.553576469421387,-12.069820404052734,9.728860855102539
1763,2,0.8,100,6,22.756734878562533,0.8265837265066793,1,4.616462707519531,-11.237424850463867,10.488190650939941
1764,2,0.8,100,13,15.546044387595888,0.804830457925515,1,5.197137832641602,-12.228673934936523,9.949174880981445
1765,2,0.8,100,12,17.235876723567756,0.8099204245383074,1,6.453999996185303,-11.004863739013672,10.555777549743652
1766,2,0.8,100,7,22.78910431599485,0.8286551892327919,1,7.860706806182861,-11.57387924194336,10.689229011535645
1767,2,0.8,100,12,14.642647818312522,0.8105211064878323,1,4.359942436218262,-11.654962539672852,10.10720443725586
1768,2,0.8,100,12,21.21923916759777,0.8233537075189088,1,6.21333122253418,-10.967950820922852,10.917240142822266
1769,2,0.8,100,18,13.979783939987364,0.8258720893648398,1,3.8807740211486816,-11.692447662353516,10.961219787597656
1770,2,0.8,100,4,21.001791739447363,0.8446735007429751,1,10.974382400512695,-11.716187477111816,10.647421836853027
1771,2,0.8,100,23,12.05295651975516,0.8187623911442178,1,9.62813949584961,-11.921327590942383,11.081053733825684
1772,2,0.8,100,8,20.417887320438233,0.8074440348313557,1,9.350181579589844,-12.369630813598633,10.651866912841797
1773,2,0.8,100,5,22.83703300735135,0.8134254305404203,1,6.315787315368652,-11.711156845092773,10.1753511428833
1774,2,0.8,100,10,20.24814751641518,0.8016843617015988,1,13.591259002685547,-11.739326477050781,10.501306533813477
1775,2,0.8,100,19,14.59684508108886,0.8343022168605962,1,7.704002857208252,-11.043163299560547,11.04620361328125
1776,2,0.8,100,11,17.973154330460304,0.8149372131365585,1,10.73110294342041,-11.351524353027344,11.070194244384766
1777,2,0.8,100,18,13.417657177064704,0.8156885642653094,1,4.547551155090332,-10.667463302612305,10.741545677185059
1778,2,0.8,100,6,25.816651063542487,0.8323884332669125,1,10.02387809753418,-10.686552047729492,11.152918815612793
1779,2,0.8,100,10,23.579981837926994,0.8231211606620095,1,6.630314826965332,-10.955924034118652,10.720267295837402
1780,2,0.8,100,9,20.762373362021417,0.828140014024001,1,5.9231061935424805,-11.69516372680664,10.883482933044434
1781,2,0.8,100,8,22.406122460394265,0.8029576471236338,1,7.261026859283447,-12.347431182861328,10.951932907104492
1782,2,0.8,100,5,18.58474176122846,0.8699484314763902,1,14.367274284362793,-12.253435134887695,10.889513969421387
1783,2,0.8,100,6,20.202161062816216,0.8137339465360008,1,19.562103271484375,-12.730833053588867,11.236157417297363
1784,2,0.8,100,17,9.9557557742499,0.8110348593093458,1,6.1915178298950195,-12.41109848022461,10.884637832641602
1785,2,0.8,100,8,22.315049634390867,0.8053933326990824,1,11.70572280883789,-11.701682090759277,10.674797058105469
1786,2,0.8,100,10,17.658916413090555,0.8014984776618816,1,5.311952590942383,-12.25227165222168,10.80903434753418
1787,2,0.8,100,8,19.594292125317047,0.8019745710234927,1,5.399013519287109,-11.753320693969727,10.633091926574707
1788,2,0.8,100,10,16.35512410123866,0.8124471416957902,1,16.969661712646484,-11.428426742553711,10.977559089660645
1789,2,0.8,100,12,15.3845214770989,0.806425964973919,1,11.734916687011719,-11.53895378112793,10.891399383544922
1790,2,0.8,100,7,23.941984996420086,0.8154480492201688,1,11.673759460449219,-12.095579147338867,11.134909629821777
1791,2,0.8,100,11,17.370744521424356,0.8064538235669727,1,6.53444766998291,-12.412796020507812,10.990876197814941
1792,2,0.8,100,8,18.405766268017686,0.805082651492096,1,3.143864393234253,-12.347654342651367,10.608600616455078
1793,2,0.8,100,7,22.37220122688394,0.8258292955711349,1,9.247038841247559,-12.84498405456543,10.391012191772461
1794,2,0.8,100,17,9.134681962434291,0.8149771090584522,1,8.466650009155273,-12.819976806640625,10.533358573913574
1795,2,0.8,100,13,12.91742508471998,0.8079775393715782,1,15.597883224487305,-12.187812805175781,10.746859550476074
1796,2,0.8,100,11,23.25259077104426,0.8091487208087489,1,7.6630635261535645,-11.57070541381836,11.129413604736328
1797,2,0.8,100,10,24.48271814067548,0.8286046348094531,1,4.066708564758301,-11.929910659790039,10.776215553283691
1798,2,0.8,100,7,18.14090450200915,0.8124387728218148,1,7.372221946716309,-12.405183792114258,11.150395393371582
1799,2,0.8,100,6,25.62556108924601,0.8133164904256394,1,6.634325981140137,-10.077298164367676,10.991857528686523
1800,2,0.8,100,15,11.147737109266854,0.8027861665852435,1,7.797458171844482,-11.983766555786133,11.032678604125977
1801,2,0.8,100,12,19.404339603890865,0.8123525148311176,1,19.016014099121094,-11.843751907348633,10.932101249694824
1802,2,0.8,100,19,5.656073455848995,0.8061722756221962,1,6.469091415405273,-12.859458923339844,10.850671768188477
1803,2,0.8,100,11,14.326934767223891,0.8034284898073795,1,3.9947762489318848,-12.529632568359375,11.224919319152832
1804,2,0.8,100,15,15.31515584414186,0.8475776532942298,1,7.230813026428223,-12.439882278442383,10.51475715637207
1805,2,0.8,100,9,19.250267320386097,0.8066785587340002,1,14.435840606689453,-11.473559379577637,10.888126373291016
1806,2,0.8,100,11,16.738962287910752,0.8249289615228064,1,21.7711181640625,-12.304281234741211,10.715546607971191
1807,2,0.8,100,7,22.559845651558547,0.8242738478654874,1,7.255802154541016,-11.725788116455078,11.048788070678711
1808,2,0.8,100,7,21.59865141795385,0.8258813373555353,1,4.614414691925049,-12.074313163757324,10.747050285339355
1809,2,0.8,100,12,15.359822549388735,0.8251541033633681,1,4.318142890930176,-12.221726417541504,11.306925773620605
1810,2,0.8,100,12,21.00780533475291,0.8151354724872315,1,13.125654220581055,-12.574070930480957,11.423285484313965
1811,2,0.8,100,21,7.439237619536146,0.8104068672367266,1,5.379592418670654,-12.480422019958496,11.239397048950195
1812,2,0.8,100,8,19.13247592340789,0.8087912989528876,1,6.140619277954102,-12.79572582244873,10.805253028869629
1813,2,0.8,100,5,16.972488420120985,0.8114962131639417,1,5.352434158325195,-12.430411338806152,11.30606746673584
1814,2,0.8,100,13,16.65260835680148,0.8067147064156468,1,5.374372482299805,-13.01062297821045,11.159582138061523
1815,2,0.8,100,9,21.585440097557374,0.8509134552127243,1,5.578622817993164,-12.649423599243164,10.957425117492676
1816,2,0.8,100,13,17.958069162127757,0.8161999721934815,1,5.902229309082031,-12.066164016723633,11.42764949798584
1817,2,0.8,100,9,21.300355250827423,0.8067195412895996,1,6.147215843200684,-12.327617645263672,11.384724617004395
1818,2,0.8,100,8,22.46355645243117,0.8131448228004632,1,3.514096975326538,-11.344364166259766,11.349837303161621
1819,2,0.8,100,8,21.006935123399785,0.8198638476240172,1,22.391666412353516,-12.25088882446289,11.602469444274902
1820,2,0.8,100,10,19.55935057072042,0.8216515290267716,1,16.877246856689453,-12.23814582824707,11.705475807189941
1821,2,0.8,100,11,15.353256525465401,0.8150167475683653,1,6.609138488769531,-13.05137825012207,11.963851928710938
1822,2,0.8,100,3,20.375373097078963,0.8234311029280609,1,3.4956517219543457,-12.725851058959961,11.603819847106934
1823,2,0.8,100,8,13.301927076797028,0.8118192390191546,1,12.858262062072754,-11.916135787963867,11.448803901672363
1824,2,0.8,100,4,24.505900820109858,0.8088585025912646,1,3.596928596496582,-11.983734130859375,11.31419563293457
1825,2,0.8,100,9,18.28325885122718,0.8081693448682449,1,7.555048942565918,-11.655868530273438,11.616644859313965
1826,2,0.8,100,11,15.931821400071826,0.8054034751710545,1,5.781346321105957,-12.194698333740234,11.58691692352295
1827,2,0.8,100,8,19.284135982518954,0.8119338514866778,1,10.812433242797852,-13.60469913482666,11.001814842224121
1828,2,0.8,100,3,22.262914210737158,0.8398242733854923,1,17.213199615478516,-13.09040355682373,11.647822380065918
1829,2,0.8,100,9,20.364428931755874,0.8440756003214853,1,8.327604293823242,-12.123958587646484,11.15185832977295
1830,2,0.8,100,6,20.89483374965762,0.801643666240275,1,5.318650245666504,-12.764034271240234,11.321845054626465
1831,2,0.8,100,11,16.40045881956008,0.8124917489759382,1,6.820298671722412,-12.574581146240234,11.139376640319824
1832,2,0.8,100,11,21.929558294493376,0.8334273046746532,1,19.50206756591797,-11.756202697753906,11.503762245178223
1833,2,0.8,100,10,19.775203345050656,0.8188143497239844,1,10.106135368347168,-11.261938095092773,11.265256881713867
1834,2,0.8,100,6,21.252606642414065,0.8242977937175231,1,5.923404216766357,-11.598907470703125,11.403128623962402
1835,2,0.8,100,7,25.38175992800359,0.8230931311579741,1,5.997017860412598,-12.532983779907227,11.624626159667969
1836,2,0.8,100,11,19.10455292192328,0.8081199855100938,1,2.4850387573242188,-12.067968368530273,11.637136459350586
1837,2,0.8,100,13,13.848724223959147,0.8149455414644732,1,13.405460357666016,-11.952471733093262,11.461771011352539
1838,2,0.8,100,8,20.533525391501243,0.8044904933465107,1,12.058021545410156,-12.831055641174316,11.141501426696777
1839,2,0.8,100,8,23.45307845356592,0.8407579086426022,1,22.600934982299805,-12.97007942199707,11.87333869934082
1840,2,0.8,100,12,20.772580590217185,0.8149102207260311,1,11.024523735046387,-12.928958892822266,11.422469139099121
1841,2,0.8,100,6,24.205715524494657,0.8135852418842441,1,13.655668258666992,-12.939237594604492,10.94010066986084
1842,2,0.8,100,7,15.279970416845911,0.8280016653552916,1,24.77175521850586,-12.950234413146973,11.064865112304688
1843,2,0.8,100,11,19.150228118792192,0.8085363941802072,1,6.487383842468262,-12.480283737182617,11.236050605773926
1844,2,0.8,100,10,14.014866157421814,0.8296067351192337,1,3.062028169631958,-12.822126388549805,11.58714485168457
1845,2,0.8,100,6,22.747051447108255,0.8193264290673303,1,12.717302322387695,-12.168317794799805,10.984164237976074
1846,2,0.8,100,13,15.680358649488788,0.8369364585974788,1,9.287704467773438,-13.558755874633789,11.436761856079102
1847,2,0.8,100,8,23.215840075696555,0.8178341036807995,1,11.067292213439941,-13.09605598449707,10.918797492980957
1848,2,0.8,100,4,25.63306381806715,0.8494333055734902,1,4.250802516937256,-12.568330764770508,11.225885391235352
1849,2,0.8,100,9,20.36854829454672,0.8051163358327703,1,7.5019450187683105,-13.257551193237305,11.504368782043457
1850,2,0.8,100,5,26.962312373275978,0.8159859850427323,1,8.26810073852539,-12.961429595947266,11.848954200744629
1851,2,0.8,100,7,23.338574495846032,0.8245441523639991,1,3.7929437160491943,-11.727884292602539,10.846372604370117
1852,2,0.8,100,6,24.795305377890234,0.8552881768178531,1,3.4535162448883057,-12.312906265258789,11.354804039001465
1853,2,0.8,100,8,24.30757705545552,0.8388078888849598,1,21.054550170898438,-14.278193473815918,12.26284408569336
1854,2,0.8,100,18,7.62026836980808,0.8111578070966637,1,6.076636791229248,-12.528886795043945,11.633841514587402
1855,2,0.8,100,13,18.527151468450505,0.8247204655747772,1,12.227716445922852,-13.27401351928711,11.934338569641113
1856,2,0.8,100,6,21.103312974388423,0.8525901640752545,1,16.30782127380371,-13.46237564086914,12.2831392288208
1857,2,0.8,100,15,15.489979116114625,0.8126912759498303,1,16.822921752929688,-12.053976058959961,12.15824031829834
1858,2,0.8,100,22,8.450839143592562,0.8040635030110757,1,12.070314407348633,-13.825287818908691,11.66545581817627
1859,2,0.8,100,10,24.07303517078498,0.8291111221601295,1,4.649907112121582,-12.384221076965332,11.988988876342773
1860,2,0.8,100,6,28.18582280391672,0.8471092089511448,1,7.254848480224609,-13.311524391174316,11.809266090393066
1861,2,0.8,100,10,19.074603731637424,0.8235688920188986,1,5.153478622436523,-12.318525314331055,11.714320182800293
1862,2,0.8,100,10,16.23952498464876,0.8102151434194107,1,3.7843055725097656,-12.418231964111328,11.229208946228027
1863,2,0.8,100,10,21.27065414900195,0.8161410657103717,1,3.844954490661621,-12.728782653808594,11.6568603515625
1864,2,0.8,100,7,23.59386658463447,0.8163793310672879,1,3.9932913780212402,-11.560402870178223,11.561538696289062
1865,2,0.8,100,5,23.001729644686176,0.8049258107766394,1,6.2877197265625,-11.916905403137207,11.23038387298584
1866,2,0.8,100,7,27.092681148718942,0.8446278579037694,1,15.622448921203613,-11.646625518798828,11.26028060913086
1867,2,0.8,100,8,19.942892393455445,0.8030333970405729,1,3.78585147857666,-12.381954193115234,11.560317039489746
1868,2,0.8,100,5,26.50583533833149,0.8409551269003972,1,2.2341437339782715,-12.634012222290039,11.038615226745605
1869,2,0.8,100,8,19.390490119639644,0.8247067503943731,1,5.520907402038574,-13.053228378295898,10.753880500793457
1870,2,0.8,100,7,22.538969675397603,0.8197994977208594,1,5.115355968475342,-12.829586029052734,10.836130142211914
1871,2,0.8,100,4,19.67105742091445,0.8030521135265755,1,3.108365058898926,-12.792027473449707,10.917929649353027
1872,2,0.8,100,7,24.818836241026652,0.8441115634305325,1,4.86307954788208,-13.809377670288086,11.125628471374512
1873,2,0.8,100,10,16.56415293856106,0.8020940527079071,1,5.150259017944336,-13.233006477355957,10.849525451660156
1874,2,0.8,100,15,14.080585830280855,0.815644801094341,1,15.66457748413086,-12.50100040435791,11.127455711364746
1875,2,0.8,100,5,24.781150672201292,0.856707817449617,1,24.95801544189453,-12.311164855957031,11.244773864746094
1876,2,0.8,100,5,20.05372688895792,0.8080319544155582,1,3.2448465824127197,-12.76875114440918,11.228265762329102
1877,2,0.8,100,16,13.560535025461514,0.8074033201265598,1,21.43246078491211,-14.116863250732422,11.1683349609375
1878,2,0.8,100,11,13.136602009890197,0.8200497705004979,1,16.15460205078125,-13.686033248901367,11.561854362487793
1879,2,0.8,100,5,20.92457422751296,0.8174696936636332,1,8.461176872253418,-14.251082420349121,11.833295822143555
1880,2,0.8,100,22,6.76802678405849,0.8008030036510609,1,7.331468105316162,-13.954974174499512,11.235106468200684
1881,2,0.8,100,10,21.12581904461787,0.807419840746287,1,11.295612335205078,-14.726462364196777,12.091692924499512
1882,2,0.8,100,7,22.921960702199517,0.8151188193480273,1,5.8069868087768555,-12.561992645263672,11.537267684936523
1883,2,0.8,100,8,21.57615110473555,0.8147555854120406,1,4.114863872528076,-11.407257080078125,11.857474327087402
1884,2,0.8,100,5,24.182121959063004,0.801177716705238,1,8.456120491027832,-12.507204055786133,12.254974365234375
1885,2,0.8,100,11,21.155016520221178,0.8261449981609295,1,3.8275809288024902,-11.747970581054688,12.01689338684082
1886,2,0.8,100,6,25.28131427922927,0.8400378557510333,1,16.78691864013672,-14.08083724975586,12.553695678710938
1887,2,0.8,100,13,17.11412642636137,0.8204186965163309,1,4.55080509185791,-13.864320755004883,12.05470085144043
1888,2,0.8,100,7,23.894850013600454,0.8339327320185308,1,36.87543869018555,-13.306621551513672,11.517975807189941
1889,2,0.8,100,6,23.1272881569707,0.8289137835125596,1,5.442042350769043,-13.515737533569336,11.265509605407715
1890,2,0.8,100,8,23.916626467370016,0.8180793657295905,1,7.740499496459961,-13.420145034790039,11.517964363098145
1891,2,0.8,100,13,15.807681879596075,0.806314684113304,1,9.995721817016602,-14.046731948852539,11.321791648864746
1892,2,0.8,100,3,21.73850215544381,0.8125274687915242,1,3.617063045501709,-13.441976547241211,11.254959106445312
1893,2,0.8,100,10,21.691741794184207,0.8036842202377944,1,3.6154122352600098,-13.519306182861328,11.117766380310059
1894,2,0.8,100,8,24.11564823574819,0.8478362261497078,1,3.8741066455841064,-12.43786334991455,11.775724411010742
1895,2,0.8,100,6,23.46918393666622,0.8363708482585269,1,16.482460021972656,-13.462898254394531,11.635154724121094
1896,2,0.8,100,7,14.793906181910874,0.8119361554771487,1,5.938647747039795,-12.526073455810547,11.511662483215332
1897,2,0.8,100,12,18.62342231052029,0.8632339044507181,1,8.468517303466797,-11.52772331237793,11.428853988647461
1898,2,0.8,100,9,20.517429321715888,0.814033870610851,1,3.621659278869629,-13.468945503234863,11.964059829711914
1899,2,0.8,100,5,22.173249717159205,0.8004337927546487,1,22.435394287109375,-14.872060775756836,12.217273712158203
1900,2,0.8,100,12,20.61397938746308,0.8039940957813194,1,5.490793228149414,-14.328081130981445,11.724407196044922
1901,2,0.8,100,10,19.567451477776935,0.8144469170073849,1,4.996087074279785,-14.854650497436523,12.206339836120605
1902,2,0.8,100,5,27.091398610530554,0.8266190561493703,1,15.204390525817871,-14.387296676635742,12.189164161682129
1903,2,0.8,100,5,22.82073708896243,0.8014535312204313,1,3.830862522125244,-13.325824737548828,11.305682182312012
1904,2,0.8,100,8,22.468230161836814,0.8046039555058907,1,8.142511367797852,-13.040326118469238,11.639286041259766
1905,2,0.8,100,7,23.738873210946384,0.8550499618436568,1,3.5743253231048584,-13.391593933105469,12.012274742126465
1906,2,0.8,100,14,15.435638340092236,0.8346413925508267,1,3.3342013359069824,-13.08668327331543,12.541160583496094
1907,2,0.8,100,7,26.127621898983094,0.818045755839748,1,6.048317909240723,-11.766921997070312,12.089242935180664
1908,2,0.8,100,22,9.893279483645179,0.81294726275716,1,7.240482330322266,-12.583467483520508,11.764411926269531
1909,2,0.8,100,13,16.358792291435307,0.8153106446531438,1,6.892519950866699,-13.510260581970215,12.054497718811035
1910,2,0.8,100,3,18.272557415085476,0.8129457094728565,1,3.947169780731201,-13.1903715133667,12.167739868164062
1911,2,0.8,100,9,20.599805802538825,0.8374454102505126,1,3.548095226287842,-14.693351745605469,12.338248252868652
1912,2,0.8,100,7,18.936788322167907,0.8043166399494018,1,2.7673304080963135,-15.086374282836914,12.252877235412598
1913,2,0.8,100,7,24.123166964271885,0.8147495203168539,1,9.591106414794922,-14.787376403808594,12.619735717773438
1914,2,0.8,100,13,9.504217338928953,0.8085810683056535,1,3.7994868755340576,-12.40925407409668,11.695027351379395
1915,2,0.8,100,14,15.090073234133303,0.8096264028598705,1,5.866086006164551,-13.094059944152832,11.887845039367676
1916,2,0.8,100,9,20.9163406509512,0.8249950020044158,1,4.638145446777344,-13.830578804016113,12.487972259521484
1917,2,0.8,100,20,8.56048447668607,0.8403305026131801,1,16.303529739379883,-11.329462051391602,11.991456985473633
1918,2,0.8,100,6,23.480891114299105,0.8160079077704232,1,8.342679023742676,-11.117294311523438,11.586983680725098
1919,2,0.8,100,15,15.664439548475954,0.8078266293940924,1,7.622627258300781,-11.980002403259277,11.99311351776123
1920,2,0.8,100,8,18.700865274578327,0.8082031793286502,1,9.679469108581543,-13.259628295898438,12.108019828796387
1921,2,0.8,100,5,17.607765702712285,0.8242021033590552,1,7.862057685852051,-13.831520080566406,11.39631175994873
1922,2,0.8,100,20,6.682695110455072,0.8061910935357324,1,29.42266845703125,-12.73964786529541,11.466853141784668
1923,2,0.8,100,7,19.839094727813073,0.8151769995280642,1,13.14210319519043,-15.644771575927734,11.486581802368164
1924,2,0.8,100,11,20.65034373188879,0.8269520321756031,1,26.945581436157227,-14.834125518798828,10.872340202331543
1925,2,0.8,100,6,21.074489059366847,0.8147078922326645,1,7.211194038391113,-15.302215576171875,10.863433837890625
1926,2,0.8,100,5,21.70407104112117,0.8154227157404447,1,5.256513595581055,-13.733646392822266,11.02592945098877
1927,2,0.8,100,12,19.511927724933674,0.8164128542029748,1,7.365910530090332,-14.133088111877441,11.504636764526367
1928,2,0.8,100,15,15.125722440549412,0.8001401057772153,1,6.472456455230713,-13.703901290893555,11.600127220153809
1929,2,0.8,100,5,23.44801362767113,0.8018860279536857,1,3.8386147022247314,-13.08215045928955,11.21045207977295
1930,2,0.8,100,5,26.779299348764006,0.8328996434791214,1,2.903423309326172,-12.270506858825684,11.18324089050293
1931,2,0.8,100,6,22.66787401862137,0.8308118992870237,1,3.539017677307129,-12.013915061950684,11.54337215423584
1932,2,0.8,100,9,17.14367234240474,0.82088681401234,1,2.6442766189575195,-13.581544876098633,11.677168846130371
1933,2,0.8,100,7,18.56858120686364,0.8058232783453212,1,4.520302772521973,-12.90114974975586,11.506265640258789
1934,2,0.8,100,9,20.782558185394844,0.8005310398233894,1,7.4249467849731445,-13.82368278503418,11.52053165435791
1935,2,0.8,100,7,22.755568409684553,0.8030294953215192,1,4.4514899253845215,-13.783191680908203,11.490683555603027
1936,2,0.8,100,7,18.945182538284424,0.8015187274837153,1,8.16872787475586,-14.094396591186523,11.41079044342041
1937,2,0.8,100,17,17.01660318274579,0.8002953139371042,1,3.164653778076172,-14.125748634338379,11.584498405456543
1938,2,0.8,100,8,23.61795407488593,0.8076042361450216,1,3.119096517562866,-12.856324195861816,10.864582061767578
1939,2,0.8,100,10,18.689209162853164,0.8031300082527647,1,3.464082717895508,-13.452136993408203,11.596573829650879
1940,2,0.8,100,15,17.99911871087833,0.8179666639873754,1,4.543745994567871,-12.883926391601562,11.261031150817871
1941,2,0.8,100,10,17.217942472682193,0.8458635814681938,1,2.337674140930176,-12.611169815063477,10.984102249145508
1942,2,0.8,100,11,18.86789393359105,0.8082719295840035,1,2.395967960357666,-13.890530586242676,11.117585182189941
1943,2,0.8,100,5,19.18108379540272,0.817717518395393,1,4.160553932189941,-12.59030532836914,10.675045013427734
1944,2,0.8,100,10,23.6274691277424,0.8589488184689567,1,7.72955322265625,-14.195083618164062,11.383056640625
1945,2,0.8,100,6,20.80976675201972,0.8153086901791607,1,21.805931091308594,-13.568453788757324,10.857182502746582
1946,2,0.8,100,13,14.869836306698856,0.8098983625678167,1,5.849913597106934,-14.527294158935547,10.923981666564941
1947,2,0.8,100,8,21.494424977617598,0.8254237200538909,1,25.763504028320312,-14.650778770446777,11.133387565612793
1948,2,0.8,100,21,9.845717093299415,0.8355911782914659,1,7.032566070556641,-14.48689079284668,11.255108833312988
1949,2,0.8,100,9,16.809768833135212,0.8060539257857584,1,5.427688121795654,-14.881902694702148,11.322325706481934
1950,2,0.8,100,10,15.599987362541139,0.8028145651843738,1,32.095428466796875,-13.822604179382324,10.959513664245605
1951,2,0.8,100,10,20.277495143534267,0.8132793933273386,1,7.431998252868652,-13.95051097869873,11.668952941894531
1952,2,0.8,100,12,16.169054865970494,0.8155617905441521,1,3.271937847137451,-13.493614196777344,11.488879203796387
1953,2,0.8,100,7,20.96034588775136,0.8092841641804402,1,12.398310661315918,-13.26561164855957,11.481785774230957
1954,2,0.8,100,6,22.93463933203889,0.8427200472878588,1,3.9480624198913574,-12.025022506713867,11.182721138000488
1955,2,0.8,100,4,19.72370771119825,0.8487450267922231,1,10.27385139465332,-14.502046585083008,11.094267845153809
1956,2,0.8,100,6,21.831810932165112,0.8056806288611422,1,4.342998504638672,-14.716867446899414,11.966782569885254
1957,2,0.8,100,7,24.28646795221268,0.8110851197727706,1,9.131689071655273,-13.99277400970459,11.756382942199707
1958,2,0.8,100,9,23.35725300452025,0.8295490278567527,1,4.304800987243652,-14.691350936889648,11.619510650634766
1959,2,0.8,100,13,18.603874639589073,0.8235092512648515,1,9.8042573928833,-14.257648468017578,11.429933547973633
1960,2,0.8,100,11,15.964255747154816,0.8113236700052361,1,13.03620433807373,-14.699870109558105,12.052729606628418
1961,2,0.8,100,5,21.41754140469056,0.802191656315714,1,6.258515357971191,-16.394115447998047,11.967143058776855
1962,2,0.8,100,12,16.944527664997963,0.8293892392480993,1,5.65354061126709,-14.512998580932617,12.175177574157715
1963,2,0.8,100,13,15.801740349731055,0.8053338483238355,1,14.97764778137207,-14.23741340637207,12.351646423339844
1964,2,0.8,100,12,20.385489942525613,0.8189051832467878,1,10.888381958007812,-15.739173889160156,13.22046947479248
1965,2,0.8,100,6,20.80099750189654,0.8213241019021371,1,5.658014297485352,-13.747560501098633,12.4645357131958
1966,2,0.8,100,8,21.89192362960916,0.8007087272339998,1,16.233423233032227,-14.315622329711914,12.813859939575195
1967,2,0.8,100,9,17.96746403709959,0.8021310288491649,1,4.642754554748535,-11.867319107055664,12.032564163208008
1968,2,0.8,100,21,14.189005831247073,0.8003985792335294,1,13.13151741027832,-12.712440490722656,12.107616424560547
1969,2,0.8,100,10,17.227726775755876,0.8026922021312348,1,31.379623413085938,-15.42092227935791,12.884442329406738
1970,2,0.8,100,5,16.317428369523505,0.8057102810072035,1,4.759431838989258,-13.51609992980957,11.793758392333984
1971,2,0.8,100,9,19.16817618728318,0.8002193749051928,1,4.817074298858643,-14.27561092376709,11.956954002380371
1972,2,0.8,100,17,9.461415189104668,0.8040824790679008,1,28.052099227905273,-15.200037002563477,12.80828857421875
1973,2,0.8,100,5,26.033128836327784,0.8205568305321896,1,11.344608306884766,-16.21810531616211,12.874727249145508
1974,2,0.8,100,10,17.590858167665715,0.8171094393885947,1,2.621917724609375,-15.214667320251465,12.055487632751465
1975,2,0.8,100,7,22.24650052447396,0.8192529030754736,1,4.152714729309082,-14.392618179321289,12.23654842376709
1976,2,0.8,100,21,6.984194087280108,0.8084500287333231,1,21.0643367767334,-15.590555191040039,12.508166313171387
1977,2,0.8,100,6,24.964123223025826,0.8481340589093921,1,25.307331085205078,-14.31710433959961,12.215967178344727
1978,2,0.8,100,24,-6.786816976811119,0.8129272518861808,1,3.7476677894592285,-14.67194938659668,12.603377342224121
1979,2,0.8,100,6,22.3770631879104,0.8196857689588881,1,14.475685119628906,-15.255514144897461,12.64117431640625
1980,2,0.8,100,5,21.963357971595443,0.8396207548810432,1,8.940816879272461,-15.603861808776855,12.526668548583984
1981,2,0.8,100,10,21.42256110451097,0.8103162604407358,1,7.371020317077637,-16.111221313476562,12.64164924621582
1982,2,0.8,100,9,21.57688395259543,0.8295474578516399,1,7.435635566711426,-14.869327545166016,11.509866714477539
1983,2,0.8,100,8,21.25720463746933,0.8027359859409983,1,5.105132102966309,-14.252867698669434,11.94213581085205
1984,2,0.8,100,9,21.26158997378718,0.8325002212954218,1,3.2626054286956787,-15.780562400817871,12.529929161071777
1985,2,0.8,100,29,-0.08508866846777963,0.8260681750280972,1,4.115966796875,-15.736400604248047,12.23228931427002
1986,2,0.8,100,18,9.39559411580227,0.8111703600507754,1,3.157876968383789,-14.99156379699707,11.935698509216309
1987,2,0.8,100,7,18.831583504729085,0.8027573648449083,1,5.0976362228393555,-14.045071601867676,12.09107494354248
1988,2,0.8,100,7,25.91172024312514,0.8478341515199718,1,26.20313262939453,-16.672882080078125,13.184442520141602
1989,2,0.8,100,7,21.934015202722108,0.8114015953508525,1,26.401153564453125,-14.719240188598633,12.734192848205566
1990,2,0.8,100,12,19.33963516400769,0.8330824945254754,1,10.830047607421875,-15.033865928649902,12.298311233520508
1991,2,0.8,100,9,14.343164983561024,0.8080381862965426,1,26.345130920410156,-15.616775512695312,11.94980239868164
1992,2,0.8,100,6,18.953409758946854,0.8017585848251094,1,20.74981117248535,-15.149381637573242,12.456378936767578
1993,2,0.8,100,6,20.441215025303173,0.8184824417045236,1,8.652326583862305,-16.051055908203125,12.139284133911133
1994,2,0.8,100,4,22.56369423120138,0.830415074758484,1,4.621426582336426,-14.705465316772461,11.865333557128906
1995,2,0.8,100,14,12.987088026139908,0.809490605583921,1,8.932364463806152,-15.965608596801758,11.759249687194824
1996,2,0.8,100,11,13.903663346442817,0.8286830610513626,1,4.669270992279053,-15.43233871459961,11.940622329711914
1997,2,0.8,100,11,16.812844073741505,0.833244068661072,1,14.894699096679688,-15.921957015991211,11.411283493041992
1998,2,0.8,100,7,21.619076920442893,0.8047076216161885,1,11.142013549804688,-17.17306137084961,12.1740083694458
1999,2,0.8,100,9,23.274810501783385,0.8182183486463657,1,11.517684936523438,-15.533576011657715,11.619552612304688
2000,2,0.8,100,5,19.560553869637204,0.8270917477931491,1,12.655102729797363,-17.499507904052734,12.422015190124512
2001,2,0.8,100,9,20.30711032962034,0.8012701858655369,1,12.276796340942383,-16.529539108276367,12.534893989562988
2002,2,0.8,100,5,22.333967607790168,0.8115832262161238,1,37.48804473876953,-15.591658592224121,12.28433895111084
2003,2,0.8,100,14,10.55652922879587,0.8012166782575162,1,5.79327917098999,-17.742467880249023,13.305853843688965
2004,2,0.8,100,8,21.77940036434377,0.8032597325073656,1,35.4588508605957,-14.728948593139648,13.187216758728027
2005,2,0.8,100,14,18.67423238799428,0.8286069800609809,1,8.474623680114746,-15.730295181274414,13.79013729095459
2006,2,0.8,100,7,17.969363419795755,0.8070851631896477,1,13.511550903320312,-14.793912887573242,13.499078750610352
2007,2,0.8,100,10,22.643576230941957,0.8049654977847559,1,7.288105010986328,-14.177929878234863,13.09180736541748
2008,2,0.8,100,5,20.88102832276045,0.8103058107186341,1,5.021573543548584,-14.223005294799805,12.939859390258789
2009,2,0.8,100,9,19.96731953968628,0.8435817797187483,1,3.4696264266967773,-13.956531524658203,13.046603202819824
2010,2,0.8,100,6,21.48664095969046,0.8137940218441542,1,7.812168121337891,-15.901216506958008,12.790858268737793
2011,2,0.8,100,6,20.959080742632477,0.8061669400430882,1,8.535340309143066,-15.179654121398926,12.662229537963867
2012,2,0.8,100,5,18.713052488764426,0.8142281477016935,1,6.595225811004639,-13.319214820861816,12.566746711730957
2013,2,0.8,100,15,15.059495450636614,0.8177762628813513,1,7.864092826843262,-15.049846649169922,12.829106330871582
2014,2,0.8,100,13,15.35526879224548,0.8121107385138197,1,40.92359161376953,-15.104438781738281,13.09667682647705
2015,2,0.8,100,18,13.507745030637816,0.8016895780052662,1,22.823287963867188,-13.249019622802734,12.478666305541992
2016,2,0.8,100,6,23.11129686181182,0.8303992205282805,1,5.407199382781982,-12.466063499450684,12.555192947387695
2017,2,0.8,100,15,17.648267982895632,0.8195766562105598,1,6.261709690093994,-13.69646167755127,12.66024398803711
2018,2,0.8,100,8,20.6327873551728,0.8056852874129138,1,7.890876770019531,-13.753419876098633,12.57058048248291
2019,2,0.8,100,19,6.455207792325272,0.8189654325641752,1,11.71544075012207,-12.822391510009766,11.893009185791016
2020,2,0.8,100,19,13.799551741884954,0.8107029501692805,1,9.120036125183105,-14.033300399780273,11.70958137512207
2021,2,0.8,100,6,20.30071301853862,0.8198574419317279,1,6.835477352142334,-14.868980407714844,11.091742515563965
2022,2,0.8,100,6,20.143943556628543,0.8040361452362775,1,11.429076194763184,-17.286914825439453,11.346747398376465
2023,2,0.8,100,18,9.737756399096071,0.8308521818057711,1,12.900943756103516,-18.089862823486328,11.928428649902344
2024,2,0.8,100,8,21.9815296516456,0.8125856428213576,1,13.665582656860352,-16.258224487304688,11.35980224609375
2025,2,0.8,100,12,15.6899070692894,0.8047798195214481,1,10.740232467651367,-15.755556106567383,11.22170639038086
2026,2,0.8,100,11,20.961597339249366,0.8202364657217532,1,6.50208854675293,-13.33015251159668,11.586694717407227
2027,2,0.8,100,8,22.00050297392326,0.8311315672653462,1,14.405754089355469,-14.42702579498291,11.86649227142334
2028,2,0.8,100,16,10.069762390884614,0.8007852964394384,1,15.971418380737305,-13.3175048828125,11.563239097595215
2029,2,0.8,100,12,17.11500977468046,0.8031277638841781,1,18.993186950683594,-14.442323684692383,12.37089729309082
2030,2,0.8,100,5,22.765042332970467,0.8325256942691335,1,11.655557632446289,-12.69031810760498,11.718539237976074
2031,2,0.8,100,14,19.003111591577095,0.8341622634310883,1,6.330733299255371,-14.496848106384277,12.199007034301758
2032,2,0.8,100,9,26.043358851127948,0.8558660865335542,1,4.6862287521362305,-15.504781723022461,12.303037643432617
2033,2,0.8,100,8,20.75824848065493,0.8207429407423239,1,33.2083625793457,-15.265776634216309,12.154738426208496
2034,2,0.8,100,5,22.649934225808323,0.8213625407956266,1,7.625661849975586,-15.171001434326172,11.648452758789062
2035,2,0.8,100,14,16.714823205143094,0.8026168643165537,1,10.102272987365723,-15.361735343933105,11.912981986999512
2036,2,0.8,100,9,21.200598262442497,0.8185408312003979,1,4.989475727081299,-17.67879295349121,12.776925086975098
2037,2,0.8,100,7,25.941828117546812,0.8363347181448707,1,12.129671096801758,-14.966964721679688,11.888900756835938
2038,2,0.8,100,11,21.796296032234952,0.804307553611311,1,3.0679612159729004,-13.773868560791016,11.961803436279297
2039,2,0.8,100,6,16.98469024614309,0.8122636159216274,1,6.102116584777832,-15.191004753112793,12.607081413269043
2040,2,0.8,100,6,20.326299298469593,0.8216272889155148,1,12.857858657836914,-13.44447135925293,11.911158561706543
2041,2,0.8,100,10,19.66565484078879,0.8035774904788981,1,4.31612491607666,-14.452136039733887,12.248745918273926
2042,2,0.8,100,12,20.740891032700894,0.8205452820807678,1,6.486629962921143,-14.306319236755371,12.203869819641113
2043,2,0.8,100,12,16.402301304434182,0.8069317126584645,1,55.16339874267578,-12.801464080810547,12.021467208862305
2044,2,0.8,100,6,27.650165173081298,0.8298584659689978,1,6.629054069519043,-13.955134391784668,12.18998908996582
2045,2,0.8,100,6,16.64847414792605,0.8376505664537534,1,7.668132781982422,-15.959914207458496,12.505098342895508
2046,2,0.8,100,13,16.344630298757473,0.8062287088573366,1,5.0933756828308105,-14.53193187713623,11.842229843139648
2047,2,0.8,100,5,22.742145434698188,0.8036757300538347,1,8.250226020812988,-14.798816680908203,11.63969898223877
2048,2,0.8,100,10,20.174433229170205,0.803943593730186,1,39.497894287109375,-14.914459228515625,11.95495319366455
2049,2,0.8,100,11,14.468960445946081,0.8168345664997225,1,4.22009801864624,-14.513174057006836,11.250406265258789
2050,2,0.8,100,7,18.370570158879925,0.808609593472754,1,6.045015811920166,-13.53364372253418,11.630805015563965
2051,2,0.8,100,14,9.762653625231463,0.8056210549074506,1,15.549686431884766,-15.346832275390625,11.473505973815918
2052,2,0.8,100,8,23.846886513677426,0.8184935437520648,1,7.535740852355957,-12.9620361328125,11.068314552307129
2053,2,0.8,100,15,18.404461404847627,0.8008700424393317,1,14.936038970947266,-13.42742919921875,11.454829216003418
2054,2,0.8,100,13,17.224890713415025,0.8054328326970243,1,24.591629028320312,-14.650518417358398,11.725090980529785
2055,2,0.8,100,5,14.354062195889634,0.8018409140349977,1,14.554594039916992,-14.137996673583984,11.263747215270996
2056,2,0.8,100,12,11.383189271998654,0.8036282787755139,1,4.366641044616699,-14.097616195678711,11.386847496032715
2057,2,0.8,100,22,1.2745307261773737,0.8017476120808325,1,7.85197639465332,-14.705001831054688,11.774556159973145
2058,2,0.8,100,11,20.98734261559644,0.8037559078558549,1,2.91617488861084,-13.408478736877441,11.588699340820312
2059,2,0.8,100,6,21.095327093290116,0.8105327471319413,1,37.57838439941406,-13.999150276184082,11.469779014587402
2060,2,0.8,100,6,18.829945425029564,0.8004316555844138,1,6.549768447875977,-15.336281776428223,11.783509254455566
2061,2,0.8,100,5,27.749040813939843,0.8392735842834471,1,5.219475269317627,-13.715221405029297,11.336764335632324
2062,2,0.8,100,7,23.79662798569629,0.8723117667716295,1,6.7592854499816895,-13.87877082824707,11.446028709411621
2063,2,0.8,100,13,17.01667545751583,0.8118307714291915,1,2.7054214477539062,-13.98387336730957,11.455777168273926
2064,2,0.8,100,15,16.607418481253507,0.8188410213219929,1,4.395122051239014,-13.664109230041504,11.305109024047852
2065,2,0.8,100,7,20.001023302288473,0.8448616941427042,1,8.247711181640625,-13.302069664001465,10.622037887573242
2066,2,0.8,100,4,22.925710480240674,0.816157285075732,1,13.349281311035156,-14.050868034362793,10.969931602478027
2067,2,0.8,100,13,11.55706279744775,0.8007580130030638,1,39.22834777832031,-14.14732551574707,11.157565116882324
2068,2,0.8,100,8,15.808305301243854,0.8110629503676724,1,9.060714721679688,-15.191291809082031,11.160629272460938
2069,2,0.8,100,15,12.309667660505987,0.8122826907797251,1,7.97163200378418,-13.675225257873535,11.024250984191895
2070,2,0.8,100,7,25.459182225615915,0.8517276664312979,1,9.228458404541016,-17.31148338317871,11.489581108093262
2071,2,0.8,100,7,22.94901781968919,0.8289924996476753,1,35.849910736083984,-14.954071044921875,11.2127685546875
2072,2,0.8,100,10,22.541544725430327,0.8140577976428981,1,14.156232833862305,-13.563294410705566,11.1884183883667
2073,2,0.8,100,15,13.026326927021408,0.8018411254439176,1,7.442835807800293,-15.539896011352539,11.129581451416016
2074,2,0.8,100,8,18.343591171401293,0.8166870081659396,1,4.7943644523620605,-15.12607192993164,11.665547370910645
2075,2,0.8,100,15,8.44971993853098,0.8004517409220676,1,1.8145277500152588,-13.276205062866211,10.83387279510498
2076,2,0.8,100,6,25.433926210846312,0.8425706868907767,1,6.819309234619141,-15.908687591552734,11.93066692352295
2077,2,0.8,100,6,18.20214365697209,0.8056607008110497,1,6.716095924377441,-15.145854949951172,11.599589347839355
2078,2,0.8,100,6,22.538793169557415,0.8049771988996416,1,11.226181030273438,-14.718549728393555,11.368318557739258
2079,2,0.8,100,9,18.92954122805187,0.8062425696506813,1,3.730011463165283,-13.685203552246094,11.17896842956543
2080,2,0.8,100,16,11.913124477526045,0.8164213026572992,1,13.93726921081543,-15.357413291931152,10.965542793273926
2081,2,0.8,100,6,22.03661103644637,0.8037581516027079,1,30.70687484741211,-14.498318672180176,10.9158935546875
2082,2,0.8,100,9,22.526624944181172,0.8377222485964183,1,9.05729866027832,-15.428211212158203,11.520689964294434
2083,2,0.8,100,21,12.569833994976927,0.8106611412601296,1,4.624441623687744,-13.849960327148438,10.865756034851074
2084,2,0.8,100,8,21.4344769448805,0.8013406693892628,1,2.778244972229004,-12.612419128417969,10.75712776184082
2085,2,0.8,100,8,18.39508014374804,0.8063217449329672,1,10.564229011535645,-14.948670387268066,10.934149742126465
2086,2,0.8,100,9,20.30710202733338,0.8070942875956264,1,7.961212635040283,-15.000053405761719,11.026037216186523
2087,2,0.8,100,12,14.594913486526384,0.8041494924404655,1,4.737020969390869,-14.336292266845703,10.905792236328125
2088,2,0.8,100,10,18.031955496992982,0.8156147613601781,1,5.580288410186768,-12.85090446472168,10.62535285949707
2089,2,0.8,100,9,17.28412262959381,0.8254886849142606,1,2.471304416656494,-13.782571792602539,10.7745361328125
2090,2,0.8,100,13,16.927888495958715,0.8395439553640401,1,6.762543678283691,-14.308158874511719,11.18912410736084
2091,2,0.8,100,9,18.350919153712066,0.8026098967977676,1,4.378673553466797,-14.187864303588867,10.775423049926758
2092,2,0.8,100,9,19.628320056957683,0.8385505734367285,1,7.455926895141602,-16.09299087524414,11.197895050048828
2093,2,0.8,100,5,21.740784035923795,0.801209736462282,1,13.108268737792969,-13.695202827453613,11.220860481262207
2094,2,0.8,100,6,22.692399584410463,0.8264845073100634,1,3.930983543395996,-13.875837326049805,10.92668342590332
2095,2,0.8,100,7,21.051878173669316,0.8205197870467834,1,10.967081069946289,-13.335952758789062,10.861281394958496
2096,2,0.8,100,6,19.235491571724594,0.8026408906172339,1,7.489508628845215,-14.183056831359863,11.283225059509277
2097,2,0.8,100,6,20.287177090157428,0.800300364373163,1,3.553194284439087,-12.953271865844727,10.95480728149414
2098,2,0.8,100,19,10.73953904396177,0.811863680822679,1,3.340549945831299,-13.186166763305664,11.77521800994873
2099,2,0.8,100,10,20.580217121390714,0.8195175672398385,1,4.674952030181885,-12.906869888305664,11.54373836517334
2100,2,0.8,100,12,16.573898536892223,0.8108639066578913,1,6.4641289710998535,-13.780500411987305,11.085259437561035
2101,2,0.8,100,7,23.744525656911932,0.8189628057707725,1,6.3744635581970215,-13.351469039916992,11.150797843933105
2102,2,0.8,100,10,23.35172650224584,0.8268997109397681,1,2.5482726097106934,-12.622800827026367,10.634355545043945
2103,2,0.8,100,8,18.683432646875172,0.8241089690904798,1,6.360024452209473,-12.032499313354492,10.965971946716309
2104,2,0.8,100,7,21.97450955199492,0.8157241428576522,1,4.400117874145508,-11.915326118469238,11.158568382263184
2105,2,0.8,100,20,5.585422226502205,0.800561967328964,1,9.168514251708984,-14.577030181884766,11.63364315032959
2106,2,0.8,100,7,25.668549850044123,0.8256496116447013,1,5.074306964874268,-13.644445419311523,11.172308921813965
2107,2,0.8,100,14,13.238486725162876,0.808267003841988,1,7.723710060119629,-17.758403778076172,12.067343711853027
2108,2,0.8,100,9,22.531569913809587,0.8082371173011573,1,3.823033332824707,-14.15026569366455,11.052142143249512
2109,2,0.8,100,8,20.879984823005472,0.8308244487778564,1,48.87281799316406,-14.756671905517578,11.409697532653809
2110,2,0.8,100,8,20.384120586992026,0.8267715918592562,1,2.7819037437438965,-13.006275177001953,11.34892463684082
2111,2,0.8,100,22,2.3362480717697647,0.8144836710889136,1,6.195937156677246,-13.632956504821777,10.59454345703125
2112,2,0.8,100,6,17.786654780630556,0.8154026627444816,1,2.666740655899048,-12.057387351989746,10.559501647949219
2113,2,0.8,100,10,18.27449412853772,0.8162837651005507,1,3.819385528564453,-13.25788402557373,10.895341873168945
2114,2,0.8,100,8,22.01857614758933,0.8211678905869391,1,4.151393413543701,-13.537160873413086,11.24504566192627
2115,2,0.8,100,23,3.302486554943016,0.805193158009729,1,4.445209980010986,-13.116487503051758,10.723127365112305
2116,2,0.8,100,9,21.838446673872188,0.8280426847788206,1,12.153392791748047,-13.654823303222656,10.618465423583984
2117,2,0.8,100,8,21.277694275006276,0.8002303031113748,1,11.618534088134766,-12.903312683105469,10.943476676940918
2118,2,0.8,100,10,11.193837496404303,0.8019691124805111,1,2.7404234409332275,-12.798460960388184,10.95141315460205
2119,2,0.8,100,13,16.715752174989024,0.8119286841329288,1,3.6720075607299805,-13.02122688293457,10.758308410644531
2120,2,0.8,100,9,18.305133273715818,0.8205740338643849,1,9.641380310058594,-12.948713302612305,10.683717727661133
2121,2,0.8,100,7,21.857414372702216,0.8056898113054087,1,5.4480085372924805,-13.795104026794434,10.652328491210938
2122,2,0.8,100,8,24.27411442447655,0.8430920221377273,1,1.889639973640442,-13.307223320007324,10.713683128356934
2123,2,0.8,100,9,19.38802083661554,0.8043291502776541,1,3.436610460281372,-12.3406400680542,10.483270645141602
2124,2,0.8,100,9,19.851665494421795,0.8153682728078601,1,11.892555236816406,-12.800251960754395,10.505827903747559
2125,2,0.8,100,9,18.158067358845717,0.8217944751242586,1,7.077591896057129,-13.941787719726562,11.454005241394043
2126,2,0.8,100,23,0.5254898896868934,0.8015696984742258,1,8.628120422363281,-12.412443161010742,11.03711986541748
2127,2,0.8,100,12,13.760080373030123,0.8305825744587226,1,11.248111724853516,-12.349674224853516,11.213020324707031
2128,2,0.8,100,11,18.970834162374395,0.8208974531933086,1,22.936748504638672,-12.47472858428955,11.207415580749512
2129,2,0.8,100,15,11.915217496929708,0.8032056596566591,1,2.167821168899536,-12.925506591796875,10.872633934020996
2130,2,0.8,100,15,12.379610856621676,0.8280397324373232,1,16.522605895996094,-12.323773384094238,10.861287117004395
2131,2,0.8,100,10,23.744455710688158,0.8190058419747145,1,5.542194366455078,-13.078227996826172,10.973092079162598
2132,2,0.8,100,4,18.709037942046614,0.8175671590423566,1,4.861928939819336,-12.873964309692383,10.919651985168457
2133,2,0.8,100,7,22.87543136466479,0.8208010779154,1,3.8349523544311523,-12.327597618103027,11.02814769744873
2134,2,0.8,100,8,21.314446877559483,0.8219109340541411,1,2.9413228034973145,-12.856504440307617,11.007475852966309
2135,2,0.8,100,12,14.788580460459826,0.8165631074749058,1,3.4284064769744873,-12.438962936401367,11.016571044921875
2136,2,0.8,100,12,15.890361128443732,0.8298911349906442,1,2.474400520324707,-14.051141738891602,11.648273468017578
2137,2,0.8,100,11,15.12548859154986,0.8074834360038667,1,2.6642868518829346,-14.403459548950195,11.44613265991211
2138,2,0.8,100,6,21.92051550425601,0.8126206386616894,1,2.3280763626098633,-12.531997680664062,11.128679275512695
2139,2,0.8,100,8,20.339921804460722,0.807482044632985,1,7.323417663574219,-13.583816528320312,11.841522216796875
2140,2,0.8,100,12,16.322229474066383,0.8016295047581787,1,5.451062202453613,-12.465629577636719,11.30140209197998
2141,2,0.8,100,13,21.072380783930754,0.8039627123111766,1,5.173232555389404,-13.855807304382324,12.070784568786621
2142,2,0.8,100,8,20.78119096961678,0.8020354577272777,1,3.6463165283203125,-12.934428215026855,11.58790397644043
2143,2,0.8,100,10,21.005723876428128,0.8043954459434224,1,5.292388916015625,-13.04494857788086,11.225618362426758
2144,2,0.8,100,4,18.391952907761212,0.8349588458409838,1,2.8122198581695557,-13.30487060546875,11.057367324829102
2145,2,0.8,100,10,19.827334582001207,0.8030717238615771,1,2.5166845321655273,-12.779155731201172,11.695839881896973
2146,2,0.8,100,10,18.627065844386067,0.8082302027276752,1,6.001692295074463,-13.895368576049805,11.688899040222168
2147,2,0.8,100,7,20.022095013920783,0.8078044275876635,1,8.24650764465332,-12.94296932220459,11.138339042663574
2148,2,0.8,100,5,23.950440591612235,0.8136589235320536,1,6.985774040222168,-15.372573852539062,11.879420280456543
2149,2,0.8,100,18,13.420061632621547,0.8074845533438111,1,4.738000869750977,-12.746246337890625,11.361189842224121
2150,2,0.8,100,19,8.231729939296788,0.8185140769225387,1,19.560279846191406,-13.420047760009766,11.541502952575684
2151,2,0.8,100,5,21.80234742889293,0.8453803252576018,1,14.744417190551758,-11.925886154174805,11.354890823364258
2152,2,0.8,100,7,22.389863978746966,0.8155275993580392,1,5.19026517868042,-12.40999984741211,11.225550651550293
2153,2,0.8,100,9,16.483296001624517,0.804040734388272,1,4.261641025543213,-12.519710540771484,11.255196571350098
2154,2,0.8,100,14,8.837972236145948,0.8111430877047703,1,16.13229751586914,-13.083935737609863,11.043033599853516
2155,2,0.8,100,6,22.32140977333217,0.8157203810960546,1,5.580867767333984,-13.483853340148926,11.694601058959961
2156,2,0.8,100,7,24.669604971686653,0.8372641247000787,1,14.68763256072998,-14.71740436553955,11.404483795166016
2157,2,0.8,100,12,18.29499392547906,0.8080656407635641,1,3.4564621448516846,-13.805304527282715,11.222098350524902
2158,2,0.8,100,15,10.430988176362419,0.8044543618641369,1,5.382837295532227,-12.752342224121094,11.065495491027832
2159,2,0.8,100,24,6.528875328934726,0.8046775231585195,1,8.033140182495117,-13.1422119140625,11.263185501098633
2160,2,0.8,100,15,17.334817391362698,0.8068121948811375,1,12.570274353027344,-13.779367446899414,11.749922752380371
2161,2,0.8,100,9,15.623743099731913,0.8032690445604659,1,39.875831604003906,-12.485318183898926,11.218745231628418
2162,2,0.8,100,7,19.808295424445696,0.8255585127040592,1,9.270425796508789,-14.29318618774414,11.528246879577637
2163,2,0.8,100,10,16.237051259242037,0.8014979248490267,1,17.502302169799805,-12.64789867401123,11.074458122253418
2164,2,0.8,100,5,23.856592325602566,0.8093829501879327,1,5.37015438079834,-13.977095603942871,11.40585994720459
2165,2,0.8,100,10,18.159881281976837,0.8259276753366902,1,7.6760478019714355,-13.194623947143555,11.29716968536377
2166,2,0.8,100,11,21.757751113839277,0.8066220467636877,1,10.523147583007812,-14.517698287963867,11.1920804977417
2167,2,0.8,100,5,23.550228121923553,0.8064739949613797,1,13.389619827270508,-14.03309440612793,11.120670318603516
2168,2,0.8,100,13,14.136921815734231,0.8069583128060958,1,3.97817063331604,-15.669355392456055,11.392929077148438
2169,2,0.8,100,5,25.387953604434934,0.8135536093977312,1,4.370520114898682,-15.813919067382812,11.715065002441406
2170,2,0.8,100,4,28.5954777000195,0.8667062305663575,1,3.349494695663452,-14.557872772216797,11.7586088180542
2171,2,0.8,100,16,16.827967344581495,0.8079306494467073,1,7.550176620483398,-12.969331741333008,11.481494903564453
2172,2,0.8,100,17,14.66043140585316,0.8028338392748753,1,3.856813669204712,-12.60745620727539,11.704569816589355
2173,2,0.8,100,9,23.41051645200786,0.8170045701318249,1,11.639386177062988,-14.911874771118164,12.728513717651367
2174,2,0.8,100,7,16.0764311362914,0.8172574229491362,1,5.610933780670166,-13.775988578796387,12.359055519104004
2175,2,0.8,100,20,7.718424640740011,0.8161877537986444,1,6.346429347991943,-14.177679061889648,12.424164772033691
2176,2,0.8,100,4,17.762787354168886,0.8064745255197433,1,9.968194961547852,-15.896559715270996,12.812909126281738
2177,2,0.8,100,11,18.599086689874632,0.8052230673317979,1,11.60952091217041,-14.28901195526123,12.20029067993164
2178,2,0.8,100,12,11.719072316430763,0.8323752509407214,1,2.5685670375823975,-13.477376937866211,11.431073188781738
2179,2,0.8,100,12,20.45631584884819,0.8331269144520103,1,4.550764083862305,-14.76475715637207,11.93217658996582
2180,2,0.8,100,8,23.808210659551925,0.8242782175921789,1,4.65631103515625,-15.849444389343262,12.244481086730957
2181,2,0.8,100,9,23.224524216832684,0.8217298164596603,1,5.381971836090088,-13.438859939575195,12.004329681396484
2182,2,0.8,100,15,15.811220785019387,0.8301096265846051,1,3.19785737991333,-13.926301956176758,12.051742553710938
2183,2,0.8,100,17,17.695502757594088,0.8112961768007988,1,20.932851791381836,-13.019370079040527,11.310153007507324
2184,2,0.8,100,12,20.968183963276047,0.8108547690104564,1,4.864752769470215,-14.484170913696289,12.201471328735352
2185,2,0.8,100,5,24.932121143606807,0.833586608793642,1,7.728177547454834,-17.009010314941406,12.362943649291992
2186,2,0.8,100,4,23.74159598484067,0.8009801403474993,1,8.975268363952637,-14.416595458984375,11.63835620880127
2187,2,0.8,100,7,18.670879872605283,0.8108414369118232,1,4.208218574523926,-13.959030151367188,11.166220664978027
2188,2,0.8,100,11,18.51397569617971,0.810953129391749,1,11.621797561645508,-14.480335235595703,11.257866859436035
2189,2,0.8,100,6,18.34831045969778,0.8063218326023328,1,6.54019021987915,-15.346909523010254,11.073674201965332
2190,2,0.8,100,8,22.26749482605955,0.8077135803174137,1,7.047983646392822,-15.65097427368164,11.06560230255127
2191,2,0.8,100,13,17.213105134485037,0.8288464631566916,1,4.180173397064209,-14.649412155151367,10.98202133178711
2192,2,0.8,100,7,25.619942571704463,0.8245192781352932,1,2.6017234325408936,-14.015721321105957,10.438941955566406
2193,2,0.8,100,5,19.0825878830444,0.8128602592128117,1,15.932141304016113,-13.01992416381836,10.748265266418457
2194,2,0.8,100,11,17.438473137736544,0.8210204458887363,1,4.405369758605957,-12.559680938720703,10.69445514678955
2195,2,0.8,100,13,20.349714427166944,0.8080382867386836,1,12.405313491821289,-13.768838882446289,11.240906715393066
2196,2,0.8,100,10,20.11818025769899,0.8046583800673273,1,9.670486450195312,-12.291289329528809,10.801064491271973
2197,2,0.8,100,15,12.627715697488071,0.8015538754103271,1,5.049015522003174,-12.057016372680664,10.273167610168457
2198,2,0.8,100,7,24.520603093866406,0.8363167300264309,1,6.738245964050293,-13.659659385681152,11.003747940063477
2199,2,0.8,100,4,23.445062569623545,0.8255721438423753,1,6.447271823883057,-15.044626235961914,10.587566375732422
2200,2,0.8,100,12,18.513862723720123,0.8044748817459791,1,8.433536529541016,-14.7235689163208,10.830592155456543
2201,2,0.8,100,14,12.633801959844778,0.8097652337656674,1,6.874650001525879,-15.15066146850586,10.344045639038086
2202,2,0.8,100,13,14.462091572578206,0.8117415568330116,1,15.704951286315918,-14.854875564575195,10.82071590423584
2203,2,0.8,100,9,21.292062161093575,0.8138703343627004,1,9.838534355163574,-14.803260803222656,10.657828330993652
2204,2,0.8,100,9,12.072355158100592,0.8094502664979133,1,2.766575574874878,-14.629780769348145,10.540096282958984
2205,2,0.8,100,16,13.074493085926374,0.8052657590421868,1,3.7379441261291504,-12.788877487182617,10.72150707244873
2206,2,0.8,100,10,22.95529686820396,0.8017719875039413,1,3.3330352306365967,-13.549604415893555,11.326403617858887
2207,2,0.8,100,7,25.873663620360837,0.8366264182048525,1,8.586932182312012,-12.8228178024292,10.480639457702637
2208,2,0.8,100,8,20.778705635408777,0.817191342980226,1,10.418279647827148,-13.308492660522461,10.746270179748535
2209,2,0.8,100,9,23.46801090700231,0.8189135626804451,1,4.15186882019043,-13.088789939880371,10.731908798217773
2210,2,0.8,100,10,22.99788169250684,0.8181847245964979,1,7.647491455078125,-14.661555290222168,11.072890281677246
2211,2,0.8,100,29,1.6864394691106224,0.8041178620985536,1,5.805588722229004,-14.04774284362793,11.038357734680176
2212,2,0.8,100,6,23.582204954861997,0.8269227863054665,1,4.761076927185059,-14.360495567321777,10.995285034179688
2213,2,0.8,100,9,21.810183347738942,0.8347924482962754,1,3.827909231185913,-13.949018478393555,11.276690483093262
2214,2,0.8,100,20,8.238464797046715,0.8122439395687743,1,7.340214729309082,-13.464021682739258,10.663654327392578
2215,2,0.8,100,5,24.36580460322268,0.8104830409051987,1,3.531298875808716,-13.180166244506836,11.087092399597168
2216,2,0.8,100,7,21.52082247444332,0.8082649160968528,1,5.959961891174316,-12.022305488586426,11.074865341186523
2217,2,0.8,100,5,20.22636116265533,0.8098943765155335,1,3.7837271690368652,-13.026013374328613,10.749377250671387
2218,2,0.8,100,19,7.685665429360969,0.8208788621204258,1,3.342846632003784,-14.020161628723145,11.435458183288574
2219,2,0.8,100,11,20.433634615539827,0.8274275900934429,1,6.399651527404785,-14.306794166564941,11.314608573913574
2220,2,0.8,100,5,20.901892635897244,0.811967234395103,1,4.363123893737793,-12.751906394958496,11.395359992980957
2221,2,0.8,100,6,24.473280353221163,0.8546404155515219,1,5.326215744018555,-15.802152633666992,11.325429916381836
2222,2,0.8,100,5,26.253728893558588,0.853574946640245,1,9.355409622192383,-15.865337371826172,11.328649520874023
2223,2,0.8,100,4,20.202934713928208,0.8178839125441241,1,6.492599964141846,-14.763572692871094,11.231215476989746
2224,2,0.8,100,7,22.030497111961925,0.8100309231344616,1,5.433274269104004,-14.198972702026367,11.560147285461426
2225,2,0.8,100,23,3.114991260225878,0.8097496943085685,1,10.6083984375,-15.270038604736328,11.495043754577637
2226,2,0.8,100,11,14.566231033124623,0.8083750261864442,1,5.013248443603516,-13.705556869506836,11.586567878723145
2227,2,0.8,100,6,22.79187271557779,0.8432695609083558,1,17.439224243164062,-16.480804443359375,12.016242027282715
2228,2,0.8,100,5,22.38267571363804,0.8247544886045501,1,10.278602600097656,-13.191118240356445,11.441307067871094
2229,2,0.8,100,7,24.96212047019415,0.8089307950492067,1,15.041114807128906,-13.505989074707031,11.475993156433105
2230,2,0.8,100,20,9.606782416793136,0.8017409505577825,1,4.022058486938477,-15.29036808013916,12.035717964172363
2231,2,0.8,100,5,26.621560315298503,0.8538989711317226,1,3.5722570419311523,-12.572071075439453,11.306049346923828
2232,2,0.8,100,14,17.66714803632584,0.8063541130881672,1,3.0415430068969727,-12.87575912475586,11.363551139831543
2233,2,0.8,100,8,22.14819617047547,0.800659767333394,1,3.9710636138916016,-14.02502727508545,11.311009407043457
2234,2,0.8,100,11,20.97696792004125,0.8089277458774159,1,3.174159526824951,-13.186222076416016,11.14742660522461
2235,2,0.8,100,10,13.99596758494173,0.8065013662273315,1,3.2311320304870605,-15.15031623840332,11.636919975280762
2236,2,0.8,100,15,18.674988710134283,0.8095824276169562,1,9.403399467468262,-14.128129959106445,11.384997367858887
2237,2,0.8,100,21,9.415752301501302,0.8232341930436265,1,2.5099081993103027,-12.773709297180176,11.038329124450684
2238,2,0.8,100,21,2.190320214986343,0.8017120444554242,1,13.566534042358398,-13.68498420715332,11.20732307434082
2239,2,0.8,100,11,12.832785132488095,0.8098719073468137,1,19.804244995117188,-13.080465316772461,11.13339614868164
2240,2,0.8,100,7,22.259129844288108,0.803662086117019,1,2.2583060264587402,-12.633638381958008,11.091641426086426
2241,2,0.8,100,7,23.682932541824094,0.8661252930952225,1,2.614605665206909,-13.223690032958984,11.1242094039917
2242,2,0.8,100,7,21.4286222086101,0.8300995636502725,1,3.46596622467041,-14.210119247436523,10.88151741027832
2243,2,0.8,100,12,21.04839104509288,0.8074263904462772,1,7.144070148468018,-14.63124942779541,11.451760292053223
2244,2,0.8,100,11,15.275619936107216,0.8369666826185594,1,2.228832721710205,-14.756534576416016,11.214387893676758
2245,2,0.8,100,17,13.14153498170139,0.8040007217439009,1,4.183751106262207,-13.457085609436035,10.702518463134766
2246,2,0.8,100,9,11.474372584996399,0.8111132390950375,1,7.337218284606934,-13.874191284179688,11.23982048034668
2247,2,0.8,100,9,21.896386051202757,0.8175046380093283,1,8.040597915649414,-13.527107238769531,11.126083374023438
2248,2,0.8,100,16,15.315253198763864,0.8437786094202544,1,5.4781389236450195,-13.207995414733887,11.337788581848145
2249,2,0.8,100,8,18.928022349648607,0.8253688520362592,1,4.441460609436035,-13.428560256958008,11.110417366027832
2250,2,0.8,100,17,7.384997735728263,0.8179032010106974,1,2.4737508296966553,-13.454987525939941,11.210970878601074
2251,2,0.8,100,6,16.583137445446127,0.8046706382097976,1,1.0341004133224487,-12.055597305297852,10.812231063842773
2252,2,0.8,100,6,19.982896607883873,0.8392767392463647,1,4.492607116699219,-12.686755180358887,11.115452766418457
2253,2,0.8,100,17,13.714556311594611,0.8152605679536791,1,3.5944175720214844,-13.722942352294922,11.25876522064209
2254,2,0.8,100,12,23.836859472099377,0.8544076668870915,1,4.4057230949401855,-12.808332443237305,11.310568809509277
2255,2,0.8,100,5,19.24961664915518,0.8116703143799324,1,4.199370861053467,-13.497970581054688,11.642168998718262
2256,2,0.8,100,6,22.31654613642265,0.816174869757759,1,2.616288661956787,-13.825582504272461,11.0186185836792
2257,2,0.8,100,12,17.85982218528736,0.8144033257771307,1,4.899562835693359,-13.886259078979492,11.121986389160156
2258,2,0.8,100,8,19.7524460856622,0.8208327237961878,1,9.765796661376953,-13.680242538452148,11.149104118347168
2259,2,0.8,100,7,23.891887576026587,0.8304291798671897,1,3.1373114585876465,-13.776450157165527,10.904618263244629
2260,2,0.8,100,4,25.744896357943734,0.8814729236064944,1,3.8163509368896484,-12.9374361038208,10.792828559875488
2261,2,0.8,100,14,22.38097062132904,0.810651728189834,1,10.119952201843262,-12.622014999389648,10.936957359313965
2262,2,0.8,100,20,4.033708030812108,0.8027221815385729,1,5.217961311340332,-13.949254989624023,10.887240409851074
2263,2,0.8,100,8,14.545656281444455,0.815742802501779,1,10.550886154174805,-13.434688568115234,11.08000373840332
2264,2,0.8,100,11,20.737402884777232,0.8007118067838214,1,11.334844589233398,-13.864824295043945,11.432967185974121
2265,2,0.8,100,15,9.745031168682182,0.8100143265964137,1,14.18315315246582,-13.045807838439941,11.309849739074707
2266,2,0.8,100,9,23.27768508553921,0.8302492470449614,1,3.228001594543457,-13.329702377319336,11.450451850891113
2267,2,0.8,100,7,20.235028954017743,0.8205663083956106,1,3.2684807777404785,-14.697165489196777,11.457231521606445
2268,2,0.8,100,7,22.8227076220086,0.8221330926656194,1,6.50571346282959,-13.323864936828613,11.440025329589844
2269,2,0.8,100,5,20.243060487223524,0.8084648492996526,1,2.4313583374023438,-14.485677719116211,11.969217300415039
2270,2,0.8,100,11,21.524246410679332,0.8364353109900773,1,4.48343563079834,-13.212818145751953,11.629374504089355
2271,2,0.8,100,17,14.196788393871998,0.8225800260707381,1,3.321901321411133,-12.911449432373047,11.017853736877441
2272,2,0.8,100,5,24.464606098014734,0.8161522711341713,1,4.3443169593811035,-12.654187202453613,11.080622673034668
2273,2,0.8,100,5,24.97886143821237,0.8447173525850478,1,2.6765875816345215,-14.150402069091797,11.575357437133789
2274,2,0.8,100,6,26.896698436941477,0.8330557699300223,1,3.0824761390686035,-16.756975173950195,12.208605766296387
2275,2,0.8,100,7,25.51249388603147,0.8376406367233783,1,3.3091678619384766,-14.820094108581543,11.50947380065918
2276,2,0.8,100,4,20.906117907994975,0.838932859896142,1,4.649869441986084,-14.86633586883545,12.05300521850586
2277,2,0.8,100,16,11.322534575444244,0.801652478768253,1,5.865373134613037,-14.958776473999023,11.859526634216309
2278,2,0.8,100,10,19.684928750337185,0.8228161075774458,1,5.567595481872559,-15.595938682556152,11.968128204345703
2279,2,0.8,100,7,25.944745233541568,0.8423353451874741,1,4.349298000335693,-14.648773193359375,11.847518920898438
2280,2,0.8,100,15,11.604779747403404,0.8128539563269123,1,20.58495330810547,-13.235864639282227,11.956741333007812
2281,2,0.8,100,6,20.684185024664778,0.821852946406595,1,9.647760391235352,-15.214945793151855,11.689531326293945
2282,2,0.8,100,8,20.176135308891077,0.8118571232348791,1,6.995847702026367,-15.101999282836914,12.376845359802246
2283,2,0.8,100,12,15.380621347423475,0.8149117743817726,1,5.441105842590332,-13.968332290649414,11.30239486694336
2284,2,0.8,100,11,19.990748566375878,0.8014591120868881,1,4.822205543518066,-14.743369102478027,11.748931884765625
2285,2,0.8,100,10,21.682669485305105,0.8126536835930857,1,4.135054588317871,-14.721675872802734,11.769830703735352
2286,2,0.8,100,14,12.198865082516933,0.8231927782400618,1,6.822463035583496,-15.545339584350586,12.10511302947998
2287,2,0.8,100,7,21.528580787674144,0.8452950893717351,1,2.8468527793884277,-12.98696517944336,11.609689712524414
2288,2,0.8,100,5,20.235541146307046,0.843094530162759,1,4.353472709655762,-14.064275741577148,11.685214042663574
2289,2,0.8,100,8,20.428593829578986,0.8120498795219335,1,5.742297649383545,-15.224138259887695,12.1065034866333
2290,2,0.8,100,14,15.3070097801596,0.8002136818748049,1,2.8312859535217285,-13.54865550994873,11.346267700195312
2291,2,0.8,100,9,18.7929423159456,0.8144694502217072,1,4.266932010650635,-15.539420127868652,11.883376121520996
2292,2,0.8,100,7,21.265111044791453,0.8246032786343196,1,6.471052169799805,-15.812906265258789,11.573188781738281
2293,2,0.8,100,4,25.16029110637689,0.8000821757154931,1,5.086989402770996,-14.725728988647461,11.610655784606934
2294,2,0.8,100,8,25.151896981789463,0.8363271099960351,1,4.223409652709961,-14.838865280151367,11.558682441711426
2295,2,0.8,100,13,20.64141676813569,0.8103698965666595,1,18.745132446289062,-14.732013702392578,11.394064903259277
2296,2,0.8,100,5,23.22301416529195,0.8188492230954121,1,8.937746047973633,-12.877153396606445,10.966307640075684
2297,2,0.8,100,4,21.645750862781348,0.8191844086817238,1,32.47966766357422,-13.939765930175781,11.552481651306152
2298,2,0.8,100,7,23.40523803559345,0.8240221411839728,1,7.108776092529297,-13.527223587036133,11.402363777160645
2299,2,0.8,100,6,23.023067338210918,0.8061040660415609,1,5.463239669799805,-13.20423698425293,11.0966796875
2300,2,0.8,100,12,20.007326389018754,0.804125247818675,1,3.773894786834717,-12.685697555541992,11.225594520568848
2301,2,0.8,100,22,8.508574966999024,0.8189584418834994,1,5.211936950683594,-14.552776336669922,11.554391860961914
2302,2,0.8,100,5,22.181477817381218,0.8006954671102,1,4.685083866119385,-14.44595718383789,10.787242889404297
2303,2,0.8,100,16,17.243074586070648,0.8006825916130079,1,8.371644020080566,-14.692792892456055,11.312880516052246
2304,2,0.8,100,18,9.40936679748455,0.805278400141951,1,6.921486854553223,-14.008157730102539,10.811446189880371
2305,2,0.8,100,7,24.10111536588602,0.8304583716983194,1,7.828676700592041,-13.961467742919922,11.313605308532715
2306,2,0.8,100,14,17.186323821159633,0.8011997324946449,1,3.8152503967285156,-13.024341583251953,11.748575210571289
2307,2,0.8,100,17,8.587432153974248,0.8296950604933607,1,2.708906888961792,-11.867731094360352,11.457697868347168
2308,2,0.8,100,6,20.58404926736338,0.8019920783264566,1,6.125667095184326,-11.977396011352539,11.499503135681152
2309,2,0.8,100,8,22.60836075374823,0.8150045483087464,1,4.005536079406738,-13.479246139526367,11.543715476989746
2310,2,0.8,100,4,23.92404862390316,0.8240416403504641,1,4.295487403869629,-13.791679382324219,11.968329429626465
2311,2,0.8,100,8,24.15978818850406,0.8566809690772084,1,3.9121642112731934,-12.870508193969727,11.722023010253906
2312,2,0.8,100,12,19.059788336422514,0.8111608934156007,1,4.350682258605957,-14.997014999389648,12.29780387878418
2313,2,0.8,100,7,17.630264910760143,0.8156652131433846,1,3.638840913772583,-14.30367660522461,12.457730293273926
2314,2,0.8,100,20,6.540157003637328,0.800518765964374,1,5.940946578979492,-16.931163787841797,12.637750625610352
2315,2,0.8,100,8,20.187740327921226,0.8115611519365536,1,8.482514381408691,-14.622468948364258,12.497110366821289
2316,2,0.8,100,12,14.367792373480954,0.8062443061826212,1,2.7781496047973633,-13.774971961975098,12.072771072387695
2317,2,0.8,100,17,9.522728794255837,0.8165013258635058,1,11.33773422241211,-12.858749389648438,12.201205253601074
2318,2,0.8,100,8,23.536478815425596,0.8286060711261242,1,5.972214221954346,-15.247138023376465,13.050520896911621
2319,2,0.8,100,11,19.86622160361858,0.8047012868177742,1,40.94029998779297,-14.198969841003418,12.44654655456543
2320,2,0.8,100,5,19.81067667419201,0.8053772462238281,1,12.93478775024414,-15.919211387634277,13.095710754394531
2321,2,0.8,100,12,20.15846144434876,0.8284138328932962,1,10.321064949035645,-16.52783203125,12.881723403930664
2322,2,0.8,100,12,13.651720557674013,0.8161851648969081,1,10.51024055480957,-14.172061920166016,12.42955207824707
2323,2,0.8,100,4,22.422577806303735,0.8065340758072412,1,5.234525680541992,-14.738649368286133,12.513117790222168
2324,2,0.8,100,7,20.839047057426697,0.8376964712421605,1,4.12524938583374,-15.880010604858398,12.60581111907959
2325,2,0.8,100,8,20.16619368535737,0.801298466971273,1,3.8801491260528564,-14.567218780517578,12.10098934173584
2326,2,0.8,100,5,25.519813175242795,0.8100573097424638,1,4.0519795417785645,-12.859992027282715,11.770689964294434
2327,2,0.8,100,7,25.544727842053963,0.8431876637268679,1,10.868558883666992,-16.092803955078125,12.810254096984863
2328,2,0.8,100,4,24.38531676089848,0.8086226293782759,1,6.422806739807129,-14.506135940551758,12.290255546569824
2329,2,0.8,100,6,23.139648895300226,0.8040993896609405,1,11.319156646728516,-14.155293464660645,12.219233512878418
2330,2,0.8,100,8,25.831936779109753,0.8246925816619561,1,7.091650009155273,-12.462919235229492,11.76319408416748
2331,2,0.8,100,8,24.55524684953906,0.8079478414317581,1,5.669991493225098,-14.458792686462402,12.059968948364258
2332,2,0.8,100,6,20.025395492606037,0.8565264219497113,1,5.589282989501953,-14.70100212097168,11.963678359985352
2333,2,0.8,100,8,20.67311971966859,0.8313900072889684,1,3.0269060134887695,-12.372339248657227,11.366605758666992
2334,2,0.8,100,16,12.017370644007919,0.8027580756021384,1,13.555960655212402,-13.444416046142578,10.95201587677002
2335,2,0.8,100,9,21.529333013442994,0.8097164968739705,1,7.61467170715332,-13.868206024169922,11.200346946716309
2336,2,0.8,100,15,12.664738437748971,0.8117230343893913,1,12.547014236450195,-14.388050079345703,10.97446346282959
2337,2,0.8,100,6,23.29277156775011,0.8054790870057913,1,5.635542869567871,-13.785642623901367,11.041287422180176
2338,2,0.8,100,14,16.29337208129591,0.8082497562423844,1,3.9044816493988037,-13.793445587158203,11.505087852478027
2339,2,0.8,100,4,20.619070839865316,0.849185989922233,1,5.439116477966309,-12.39319133758545,10.700887680053711
2340,2,0.8,100,7,22.14938646525738,0.8084861803174209,1,7.530375957489014,-13.893646240234375,11.004199981689453
2341,2,0.8,100,7,21.382143161142324,0.8076455674572578,1,5.834555625915527,-12.77479076385498,10.81175708770752
2342,2,0.8,100,10,18.81344624443223,0.8065666061508232,1,13.841911315917969,-14.809654235839844,11.430734634399414
2343,2,0.8,100,5,24.881333568844834,0.808614896276075,1,6.330928802490234,-14.348331451416016,11.168009757995605
2344,2,0.8,100,7,19.20081190907028,0.8253871409137791,1,6.2895588874816895,-15.480049133300781,11.216522216796875
2345,2,0.8,100,9,19.951230166333374,0.8087335912362049,1,6.3249359130859375,-13.99101448059082,10.79704761505127
2346,2,0.8,100,11,20.333734407992623,0.8083134479008124,1,7.3846540451049805,-14.711372375488281,10.931151390075684
2347,2,0.8,100,5,22.1706073730843,0.8215430639184615,1,30.79534912109375,-13.946762084960938,11.383551597595215
2348,2,0.8,100,7,25.848704257914637,0.8138202783399501,1,26.627220153808594,-14.169858932495117,11.386877059936523
2349,2,0.8,100,8,23.32224700218797,0.8286996089288179,1,5.870534896850586,-11.47804069519043,10.583613395690918
2350,2,0.8,100,8,25.37083384101433,0.8011676167080376,1,5.596763610839844,-14.326505661010742,10.765230178833008
2351,2,0.8,100,14,18.252557623639323,0.8090171973654977,1,3.5106468200683594,-13.534289360046387,10.351364135742188
2352,2,0.8,100,16,18.73291233441769,0.821493898824003,1,4.504648208618164,-13.870469093322754,10.229568481445312
2353,2,0.8,100,11,17.058974378469383,0.8255792513225644,1,23.37002944946289,-13.603893280029297,10.079041481018066
2354,2,0.8,100,8,24.653036473854243,0.8056849634920095,1,8.73931884765625,-13.833702087402344,10.192296028137207
2355,2,0.8,100,5,23.39381586928672,0.8259072737430736,1,2.938793182373047,-13.08139705657959,10.11081600189209
2356,2,0.8,100,8,21.668728065304737,0.8007137748861343,1,6.215864658355713,-12.384500503540039,10.170109748840332
2357,2,0.8,100,16,18.930597452689483,0.8234628036794802,1,7.858467102050781,-13.445075988769531,10.30577278137207
2358,2,0.8,100,7,21.494366934433707,0.821262883452031,1,8.546931266784668,-14.305017471313477,10.348685264587402
2359,2,0.8,100,6,21.87607426813142,0.8075838739398633,1,5.320220947265625,-14.639694213867188,10.203085899353027
2360,2,0.8,100,7,20.78193232678493,0.8107173991475699,1,42.1807861328125,-15.036816596984863,10.484646797180176
2361,2,0.8,100,5,20.76289903089527,0.8167982164436703,1,5.825329780578613,-14.110480308532715,10.280692100524902
2362,2,0.8,100,5,21.405267861770568,0.8076162014342254,1,4.714332580566406,-14.10623550415039,10.241683006286621
2363,2,0.8,100,9,15.537347129035556,0.8004089138212207,1,2.721818685531616,-13.523214340209961,9.857551574707031
2364,2,0.8,100,6,22.392765459023224,0.8007357761952368,1,3.0348761081695557,-12.530728340148926,10.031947135925293
2365,2,0.8,100,18,17.38790674600337,0.8225513882148625,1,12.033258438110352,-13.5105562210083,10.349527359008789
2366,2,0.8,100,4,18.990423596238614,0.8300823169364516,1,7.920392036437988,-15.809486389160156,11.10152530670166
2367,2,0.8,100,6,19.910596492432646,0.8406699011193969,1,6.428610801696777,-13.87686538696289,10.577323913574219
2368,2,0.8,100,9,20.615536438504584,0.8019523894452634,1,5.011384010314941,-13.674812316894531,10.462791442871094
2369,2,0.8,100,4,19.22142483381825,0.8047968525041248,1,7.847609519958496,-13.452583312988281,10.552949905395508
2370,2,0.8,100,13,19.686623071252246,0.8089463338475612,1,5.373933792114258,-14.21272087097168,11.102030754089355
2371,2,0.8,100,10,14.076438002580012,0.8084268025688683,1,5.437141418457031,-14.534185409545898,11.04328441619873
2372,2,0.8,100,10,18.4235465170239,0.8074466269575541,1,3.6574089527130127,-11.607439041137695,10.56894588470459
2373,2,0.8,100,9,21.459264212985268,0.8235531645749334,1,6.70699405670166,-14.331938743591309,11.417323112487793
2374,2,0.8,100,9,19.543142730443662,0.8034175185449293,1,5.726208209991455,-13.141372680664062,11.902705192565918
2375,2,0.8,100,9,18.39727991092255,0.8038565691912167,1,4.1391754150390625,-15.512311935424805,11.986340522766113
2376,2,0.8,100,14,13.727130979979604,0.8001161853789409,1,13.892061233520508,-14.851089477539062,11.897462844848633
2377,2,0.8,100,8,23.16077302406863,0.816406391577246,1,25.845027923583984,-11.63229751586914,11.447174072265625
2378,2,0.8,100,18,11.778464404470146,0.8216103723999694,1,4.128997325897217,-14.710761070251465,12.019715309143066
2379,2,0.8,100,8,18.83698040410288,0.821007935670496,1,3.4552478790283203,-14.124523162841797,11.687609672546387
2380,2,0.8,100,10,17.67273274522842,0.8105552889718498,1,8.968674659729004,-15.43748664855957,12.132296562194824
2381,2,0.8,100,11,16.71243080852711,0.8164905411222979,1,11.364039421081543,-12.954733848571777,11.865615844726562
2382,2,0.8,100,7,23.710426306894483,0.804690995018117,1,6.552997589111328,-14.629439353942871,12.083597183227539
2383,2,0.8,100,13,11.253717768986677,0.8239317319471061,1,22.633684158325195,-14.552999496459961,12.208444595336914
2384,2,0.8,100,9,17.132431325374142,0.8213966059288234,1,6.036133766174316,-14.243253707885742,12.211875915527344
2385,2,0.8,100,9,17.543379180306296,0.8059498227483725,1,3.7134499549865723,-13.951513290405273,11.642818450927734
2386,2,0.8,100,19,12.122328389075562,0.818426033559345,1,5.207845687866211,-14.133306503295898,12.159431457519531
2387,2,0.8,100,12,14.97474451110538,0.8040773463457933,1,6.273989677429199,-13.423849105834961,12.185574531555176
2388,2,0.8,100,23,5.9376482725379365,0.8241550582275479,1,6.327262878417969,-14.47353744506836,12.2765474319458
2389,2,0.8,100,13,16.101365319475626,0.8130911510671666,1,7.213972091674805,-13.385772705078125,11.66692066192627
2390,2,0.8,100,9,19.837708663027957,0.8382601808689522,1,5.08774995803833,-13.458534240722656,11.422114372253418
2391,2,0.8,100,14,19.003405781680588,0.8145954704070991,1,4.028800964355469,-12.177384376525879,11.3331937789917
2392,2,0.8,100,7,22.64551369556709,0.8288114857812886,1,4.582049369812012,-12.960183143615723,11.157766342163086
2393,2,0.8,100,9,18.67390072211094,0.801767146813997,1,3.692927598953247,-15.778619766235352,11.68768310546875
2394,2,0.8,100,8,24.81848046864556,0.8262433518087087,1,7.5894551277160645,-14.89254379272461,11.602675437927246
2395,2,0.8,100,14,19.483294275631085,0.8486569438900683,1,4.102128028869629,-13.010242462158203,11.093214988708496
2396,2,0.8,100,27,1.9484764045223528,0.8156394099306693,1,3.864359140396118,-12.97337818145752,11.081172943115234
2397,2,0.8,100,15,10.98033365890487,0.803695027365602,1,19.874797821044922,-13.276274681091309,11.528800964355469
2398,2,0.8,100,18,11.850680129761361,0.8524048024753776,1,4.69254732131958,-12.684694290161133,11.08145809173584
2399,2,0.8,100,8,27.150630799237575,0.8247099643003573,1,5.508012771606445,-12.272012710571289,10.99273681640625
2400,2,0.8,100,13,16.469326046095794,0.8061878622961641,1,2.6619949340820312,-13.371158599853516,11.242033958435059
2401,2,0.8,100,30,1.8967079709875563,0.8295007067047341,1,6.3681182861328125,-13.186066627502441,11.459879875183105
2402,2,0.8,100,9,16.958857571294747,0.8212957998863527,1,35.9995002746582,-13.502928733825684,10.833012580871582
2403,2,0.8,100,7,16.411853246844522,0.833746977006103,1,5.727206230163574,-12.78661823272705,10.57292366027832
2404,2,0.8,100,8,22.861573021154623,0.8494253975005919,1,38.45768356323242,-13.469106674194336,10.916918754577637
2405,2,0.8,100,18,15.522081710949024,0.8157807709208359,1,7.510833740234375,-12.194665908813477,10.841797828674316
2406,2,0.8,100,11,17.806598950902597,0.8020306442887064,1,8.038516998291016,-13.524032592773438,10.4132661819458
2407,2,0.8,100,9,21.135261203715267,0.8118645909147459,1,19.803752899169922,-13.654945373535156,10.71485424041748
2408,2,0.8,100,15,14.534949303645059,0.8167546017793513,1,31.07403564453125,-13.230331420898438,10.445100784301758
2409,2,0.8,100,17,10.652333769657055,0.8118143992769427,1,5.364138603210449,-14.639938354492188,10.70532512664795
2410,2,0.8,100,13,22.625017245770444,0.8377872930029869,1,9.635354042053223,-14.17870044708252,10.207079887390137
2411,2,0.8,100,6,18.880138895728752,0.8177373031957157,1,18.443735122680664,-14.964256286621094,11.677634239196777
2412,2,0.8,100,11,15.439115841833406,0.8044352569641147,1,8.807328224182129,-13.447649955749512,10.667365074157715
2413,2,0.8,100,9,17.65727958819793,0.8212959403481266,1,15.166309356689453,-12.936378479003906,10.747271537780762
2414,2,0.8,100,6,24.38348169412376,0.834536935448968,1,16.52161979675293,-13.939980506896973,11.123977661132812
2415,2,0.8,100,7,17.76758284282224,0.8021136224362625,1,3.5152230262756348,-13.472017288208008,11.29509449005127
2416,2,0.8,100,19,8.443545033255987,0.8024468973889323,1,4.318655967712402,-12.738649368286133,10.751799583435059
2417,2,0.8,100,6,23.307985408248868,0.8011547321155053,1,15.300284385681152,-13.069730758666992,11.04285717010498
2418,2,0.8,100,12,13.832249074733966,0.8033943009949721,1,20.15894317626953,-13.76276969909668,11.600981712341309
2419,2,0.8,100,7,18.342304959960927,0.8012079308849981,1,18.278888702392578,-14.917177200317383,11.539241790771484
2420,2,0.8,100,6,20.695167553521433,0.8179150113899906,1,12.339353561401367,-16.822757720947266,12.126274108886719
2421,2,0.8,100,15,14.981442111882973,0.8160160335295796,1,7.374637603759766,-15.293971061706543,11.347673416137695
2422,2,0.8,100,20,6.832358836711124,0.8100670642375547,1,10.095504760742188,-13.623861312866211,11.12790298461914
2423,2,0.8,100,15,11.52177396392644,0.8019362913771811,1,5.845952987670898,-13.720392227172852,11.987378120422363
2424,2,0.8,100,6,24.271481822362386,0.8224450419481629,1,7.027055740356445,-14.175281524658203,11.74454116821289
2425,2,0.8,100,7,19.14099582188902,0.8107317435985865,1,5.360212326049805,-12.267362594604492,11.35819149017334
2426,2,0.8,100,10,22.677733507744797,0.809987944407703,1,10.118756294250488,-12.936840057373047,11.991994857788086
2427,2,0.8,100,5,26.05939769925181,0.8530454696242287,1,15.487872123718262,-15.991755485534668,12.587459564208984
2428,2,0.8,100,7,23.245895288079343,0.8095728242143528,1,9.283353805541992,-13.148971557617188,11.576385498046875
2429,2,0.8,100,10,15.26348014261453,0.8020470380083499,1,5.17548942565918,-12.604915618896484,11.566629409790039
2430,2,0.8,100,12,19.072891643962784,0.8161490911234782,1,11.777639389038086,-14.56609058380127,12.064943313598633
2431,2,0.8,100,8,17.70757770807988,0.8065851601187085,1,4.746944904327393,-14.789533615112305,11.813006401062012
2432,2,0.8,100,5,23.732099278229335,0.8475723965046927,1,7.5794572830200195,-13.71116828918457,12.058418273925781
2433,2,0.8,100,22,0.3765990643156112,0.815610115759678,1,9.270095825195312,-16.078224182128906,11.952407836914062
2434,2,0.8,100,12,19.713552868709204,0.8067363933854306,1,3.7503981590270996,-13.50761604309082,11.717439651489258
2435,2,0.8,100,8,20.455065755679296,0.8035498602824716,1,4.977309703826904,-13.497679710388184,12.061481475830078
2436,2,0.8,100,9,21.623234438118537,0.8427591884172361,1,11.652366638183594,-13.005563735961914,11.789843559265137
2437,2,0.8,100,7,21.959436214727997,0.8307253991398591,1,2.9094905853271484,-12.23606014251709,11.777589797973633
2438,2,0.8,100,14,19.53954702963533,0.8150839149866485,1,8.35601806640625,-12.810009002685547,11.45165729522705
2439,2,0.8,100,5,27.736718402688787,0.8150337358029709,1,3.602877378463745,-12.50499153137207,11.35846996307373
2440,2,0.8,100,7,24.462587993467636,0.8117213946570664,1,4.804128646850586,-11.942338943481445,11.285990715026855
2441,2,0.8,100,8,22.68570279919564,0.8569338325822459,1,6.689062118530273,-14.548284530639648,11.651881217956543
2442,2,0.8,100,7,21.00026555713599,0.8249782644301299,1,5.029367923736572,-14.88647747039795,11.234574317932129
2443,2,0.8,100,8,21.391985917351903,0.8184880710591945,1,17.294586181640625,-13.935765266418457,11.53154182434082
2444,2,0.8,100,8,21.35353878400781,0.8124595453477413,1,11.775212287902832,-13.901020050048828,11.523430824279785
2445,2,0.8,100,6,23.864752026359483,0.8074788417051852,1,8.986000061035156,-13.206541061401367,11.284464836120605
2446,2,0.8,100,10,19.962391527049533,0.8171629629102044,1,15.450605392456055,-14.337602615356445,11.942816734313965
2447,2,0.8,100,8,19.147876197313504,0.8090352665652912,1,9.362842559814453,-11.536327362060547,10.890536308288574
2448,2,0.8,100,7,19.323393654448036,0.8031775427077289,1,5.518528461456299,-12.682463645935059,10.862829208374023
2449,2,0.8,100,6,20.45951081115728,0.8000655808772392,1,7.713956832885742,-12.730428695678711,11.924537658691406
2450,2,0.8,100,5,20.411430875843905,0.8191421694130775,1,2.249758720397949,-12.336289405822754,11.32767391204834
2451,2,0.8,100,6,24.41738590151188,0.8076384142696635,1,5.122218132019043,-13.712112426757812,11.039105415344238
2452,2,0.8,100,14,17.210498900177406,0.8405575989000174,1,4.470632553100586,-13.662637710571289,11.436010360717773
2453,2,0.8,100,7,22.479010843371476,0.8144393574662158,1,5.651392936706543,-13.379833221435547,11.662070274353027
2454,2,0.8,100,5,24.384433128329007,0.8277882432361973,1,12.502253532409668,-12.817035675048828,11.398062705993652
2455,2,0.8,100,4,24.574377270865085,0.8343522224856954,1,5.863886833190918,-13.276432037353516,11.393108367919922
2456,2,0.8,100,14,17.198435194010358,0.811073082583167,1,6.079440593719482,-12.735286712646484,11.4850435256958
2457,2,0.8,100,10,16.820051723120415,0.8157011086878538,1,15.162371635437012,-13.042753219604492,11.6290922164917
2458,2,0.8,100,9,21.166525215822766,0.807297177021379,1,3.0781636238098145,-12.366432189941406,11.517510414123535
2459,2,0.8,100,5,24.656479464940944,0.8214626072802956,1,12.296667098999023,-13.35002613067627,12.283509254455566
2460,2,0.8,100,9,23.865977173604954,0.8359567056905126,1,4.936581611633301,-13.458718299865723,11.948168754577637
2461,2,0.8,100,14,19.56615983422058,0.8254238590721871,1,16.594715118408203,-15.472095489501953,12.397096633911133
2462,2,0.8,100,9,20.1401108043472,0.8048334458953249,1,8.001494407653809,-14.496480941772461,11.84351921081543
2463,2,0.8,100,7,21.11594017138678,0.8218506073343754,1,3.8138608932495117,-12.69990348815918,11.636435508728027
2464,2,0.8,100,19,13.441826193375418,0.8088971985784799,1,6.376588821411133,-14.147109031677246,12.402111053466797
2465,2,0.8,100,15,13.802597776615105,0.8021181319815669,1,7.482436180114746,-16.55596351623535,12.72632122039795
2466,2,0.8,100,6,20.55853371164484,0.8030746668845777,1,5.4856276512146,-13.97750473022461,12.058650016784668
2467,2,0.8,100,8,24.092726897221873,0.8083537262599344,1,4.6987528800964355,-13.34103775024414,12.204551696777344
2468,2,0.8,100,13,16.769912234538396,0.8174880824191938,1,9.079452514648438,-14.695901870727539,12.885986328125
2469,2,0.8,100,10,16.0546675638875,0.8154447710031456,1,6.392682075500488,-12.412628173828125,12.529448509216309
2470,2,0.8,100,9,20.053054047467,0.8092096060646417,1,3.440239429473877,-11.978872299194336,11.664196968078613
2471,2,0.8,100,12,15.152154533078901,0.8055837370234952,1,3.1690969467163086,-13.993289947509766,12.301177978515625
2472,2,0.8,100,6,23.64961806857855,0.8102548464817765,1,5.282488822937012,-15.545270919799805,12.470593452453613
2473,2,0.8,100,15,14.303953641342744,0.8015257525186531,1,3.8998990058898926,-13.02680778503418,12.306354522705078
2474,2,0.8,100,26,-0.594777895273797,0.8128186523333325,1,1.864513635635376,-13.05092716217041,11.299749374389648
2475,2,0.8,100,5,26.118267668166165,0.8546754537699673,1,6.498464584350586,-14.567440032958984,11.998086929321289
2476,2,0.8,100,11,17.864160054063603,0.8059560978585042,1,3.2016189098358154,-12.999589920043945,11.75090503692627
2477,2,0.8,100,6,24.07533359298623,0.8278388965103084,1,3.16019344329834,-11.699370384216309,11.48546314239502
2478,2,0.8,100,7,23.506465038293335,0.8046334520116158,1,16.825557708740234,-12.354019165039062,11.650971412658691
2479,2,0.8,100,4,17.09234316878808,0.8238924313244491,1,5.006246566772461,-12.34811019897461,11.614114761352539
2480,2,0.8,100,6,20.145153816135412,0.8294130159651943,1,2.659789562225342,-11.833428382873535,11.581844329833984
2481,2,0.8,100,10,16.170160495366233,0.8223046480950318,1,4.369195938110352,-12.487305641174316,11.54552173614502
2482,2,0.8,100,5,25.1208932588995,0.8348151898861483,1,9.605611801147461,-14.006509780883789,12.054309844970703
2483,2,0.8,100,3,22.139394767745713,0.859739243662836,1,4.953304290771484,-13.181093215942383,11.462281227111816
2484,2,0.8,100,16,13.672614239440529,0.8144600503468874,1,11.214669227600098,-13.553157806396484,11.675239562988281
2485,2,0.8,100,7,19.418936288004534,0.8268609898411217,1,4.499084949493408,-15.593968391418457,11.984644889831543
2486,2,0.8,100,6,22.06867005110975,0.8496058089409066,1,5.315165042877197,-14.270626068115234,11.528473854064941
2487,2,0.8,100,7,24.752735699786907,0.800103585477759,1,2.2861146926879883,-12.623533248901367,11.312379837036133
2488,2,0.8,100,20,10.034058116858954,0.8172006409607583,1,3.685823440551758,-11.686162948608398,11.353075981140137
2489,2,0.8,100,7,23.092996730014345,0.8557347319238944,1,4.642952919006348,-11.810526847839355,11.486645698547363
2490,2,0.8,100,7,21.352518747912196,0.8366615249754076,1,3.5977425575256348,-11.328518867492676,12.083609580993652
2491,2,0.8,100,9,18.72735562264333,0.832432004515989,1,5.597774982452393,-13.179353713989258,12.20885181427002
2492,2,0.8,100,12,17.370602491526242,0.8030870075912243,1,10.92490005493164,-12.89261245727539,12.24222469329834
2493,2,0.8,100,6,22.475554395606522,0.8278324161419311,1,10.231136322021484,-14.329155921936035,12.507257461547852
2494,2,0.8,100,12,16.387699608426516,0.8471144770354215,1,8.510698318481445,-13.64455795288086,12.082962036132812
2495,2,0.8,100,7,20.5549003791988,0.8080895940822869,1,2.996283531188965,-11.9163818359375,11.648147583007812
2496,2,0.8,100,14,16.613248991905962,0.8280835286081355,1,6.166953086853027,-12.740866661071777,11.857882499694824
2497,2,0.8,100,4,25.532420514399494,0.8147639537881504,1,7.0422163009643555,-13.899679183959961,12.165672302246094
2498,2,0.8,100,13,18.670515540616982,0.8031993702163006,1,3.4359560012817383,-12.512163162231445,11.890785217285156
2499,2,0.8,100,6,17.889140281807553,0.8167381400195307,1,4.763750076293945,-12.953609466552734,12.076327323913574
2500,2,0.8,100,10,17.64959344416426,0.8014749375170153,1,4.59975528717041,-12.46674919128418,11.9964599609375
2501,3,0.85,110,8,21.666009933796545,0.8601472500757639,1,3.6027398109436035,-12.066082954406738,12.029234886169434
2502,3,0.85,110,14,16.867085481032593,0.855776783071811,1,4.129560947418213,-11.583060264587402,11.889469146728516
2503,3,0.85,110,12,21.612721124915772,0.8667263167133431,1,24.180095672607422,-12.882915496826172,12.292724609375
2504,3,0.85,110,9,22.790724424850936,0.8801451015920951,1,3.5487685203552246,-12.291893005371094,11.781271934509277
2505,3,0.85,110,6,24.48294940035254,0.8616542794791988,1,4.0838165283203125,-12.366242408752441,12.170655250549316
2506,3,0.85,110,16,17.069065084451797,0.8799111651771481,1,5.640547752380371,-11.64739990234375,12.382736206054688
2507,3,0.85,110,13,14.638269010278798,0.8523421936379096,1,20.749629974365234,-12.568918228149414,11.770834922790527
2508,3,0.85,110,12,19.344913759606165,0.8533209698098548,1,14.413917541503906,-14.102605819702148,12.65887451171875
2509,3,0.85,110,17,20.422080656660043,0.8510882644428299,1,4.7600226402282715,-12.319610595703125,11.779227256774902
2510,3,0.85,110,18,14.518296839320058,0.8765834353704532,1,6.347628593444824,-13.030288696289062,11.610759735107422
2511,3,0.85,110,17,14.701155912483912,0.8604738769068591,1,6.088040828704834,-12.429821014404297,12.106700897216797
2512,3,0.85,110,9,23.38390899076461,0.8673792279282782,1,2.644620180130005,-11.23514175415039,11.754849433898926
2513,3,0.85,110,7,19.634780190833226,0.8640365177722008,1,7.542440414428711,-13.368754386901855,12.002690315246582
2514,3,0.85,110,11,13.887620366732211,0.8505702979593955,1,13.158195495605469,-12.53457260131836,12.030138969421387
2515,3,0.85,110,10,18.360607934498937,0.8514649324771857,1,4.449683666229248,-12.96605110168457,12.023646354675293
2516,3,0.85,110,7,23.8146888665607,0.8557716444641263,1,3.64684796333313,-14.150209426879883,12.333529472351074
2517,3,0.85,110,17,17.424902981044816,0.8822084284017061,1,5.672191619873047,-13.029023170471191,12.040972709655762
2518,3,0.85,110,18,14.32246502447924,0.8636945626185577,1,11.710405349731445,-14.611827850341797,12.262361526489258
2519,3,0.85,110,34,0.27834499739382146,0.8588593562006536,1,4.500570297241211,-13.117984771728516,11.748614311218262
2520,3,0.85,110,10,20.624849220743464,0.864200347837155,1,9.634628295898438,-14.669129371643066,12.560700416564941
2521,3,0.85,110,11,20.5489430430688,0.8755198023317313,1,6.423210144042969,-12.728691101074219,12.161969184875488
2522,3,0.85,110,12,27.147601561666043,0.8735020388347993,1,6.342306613922119,-14.26199722290039,12.932992935180664
2523,3,0.85,110,7,23.32852100128624,0.8610425938217273,1,5.797226905822754,-12.977607727050781,12.676214218139648
2524,3,0.85,110,10,15.447303423749124,0.8511660634503587,1,4.013857841491699,-13.917421340942383,12.816812515258789
2525,3,0.85,110,6,19.688491259502438,0.8730399560674875,1,5.773568630218506,-15.218561172485352,13.195891380310059
2526,3,0.85,110,11,22.954156063603705,0.8596900148273917,1,4.632160663604736,-13.440958023071289,12.548236846923828
2527,3,0.85,110,21,13.719673071409444,0.8712359882032045,1,3.2790656089782715,-12.344295501708984,12.482582092285156
2528,3,0.85,110,7,21.762047738675975,0.8681190550220541,1,4.301305770874023,-12.708110809326172,12.787884712219238
2529,3,0.85,110,5,23.77720694431271,0.874117440821588,1,3.8453502655029297,-13.108428955078125,12.0694580078125
2530,3,0.85,110,5,20.71276310074833,0.8512947081057987,1,7.6976637840271,-17.23870277404785,13.081664085388184
2531,3,0.85,110,30,-0.8975000162387357,0.8659200767890504,1,3.5984859466552734,-12.590066909790039,12.428502082824707
2532,3,0.85,110,19,19.940040144348657,0.8688731475463027,1,3.4438610076904297,-13.25377082824707,12.27969741821289
2533,3,0.85,110,12,18.021764882193786,0.8781204999150272,1,4.899038314819336,-13.861983299255371,12.280451774597168
2534,3,0.85,110,12,22.748731950421572,0.862077289095194,1,3.8882434368133545,-12.776973724365234,12.186583518981934
2535,3,0.85,110,14,12.437297885037804,0.8827077365993615,1,2.874253273010254,-12.27080249786377,12.331832885742188
2536,3,0.85,110,12,19.213077053936512,0.8781679957197319,1,3.0487380027770996,-12.808636665344238,11.93552303314209
2537,3,0.85,110,6,22.03931576060551,0.8584062626727175,1,5.756998062133789,-13.038414001464844,12.016860961914062
2538,3,0.85,110,26,2.915231232543224,0.8641083091663165,1,6.066154956817627,-13.49776840209961,12.156085014343262
2539,3,0.85,110,14,12.158563669543101,0.8682909607839615,1,5.39670991897583,-14.583240509033203,12.033045768737793
2540,3,0.85,110,15,17.793531865429856,0.8585364856165036,1,4.201448917388916,-12.700907707214355,11.525225639343262
2541,3,0.85,110,5,26.738561854459892,0.8516150193655708,1,3.6130170822143555,-14.36094856262207,11.93101692199707
2542,3,0.85,110,12,18.52838648393667,0.8649485599717431,1,5.530651092529297,-12.616523742675781,11.67648983001709
2543,3,0.85,110,14,12.403134957801413,0.8696269008709202,1,3.0644941329956055,-12.195064544677734,11.56564998626709
2544,3,0.85,110,20,6.529831671503022,0.85520353340954,1,5.26082706451416,-13.64062786102295,12.14551830291748
2545,3,0.85,110,10,19.111856550546314,0.8549675012844762,1,3.8912405967712402,-12.330114364624023,11.925704002380371
2546,3,0.85,110,12,20.77932676486955,0.8678080577285079,1,5.595977783203125,-11.58090591430664,11.83059024810791
2547,3,0.85,110,4,23.507459396385983,0.8539037481179726,1,2.7132720947265625,-12.507697105407715,11.77832317352295
2548,3,0.85,110,6,24.21049252681943,0.8683217664542073,1,4.608492851257324,-15.049072265625,12.080170631408691
2549,3,0.85,110,11,21.002270954404278,0.8550340046389924,1,5.6227312088012695,-13.388893127441406,12.195243835449219
2550,3,0.85,110,19,5.397650160321143,0.8564914605293739,1,4.928985595703125,-13.504135131835938,12.035957336425781
2551,3,0.85,110,9,25.958613433854318,0.8592751956037922,1,3.327615976333618,-13.267474174499512,11.586607933044434
2552,3,0.85,110,15,17.66609431570045,0.8549776346351868,1,3.6477930545806885,-14.455652236938477,12.628589630126953
2553,3,0.85,110,8,25.19713778007871,0.8621447924071095,1,5.798853874206543,-12.576784133911133,12.047672271728516
2554,3,0.85,110,16,18.114625065090255,0.8752923050412874,1,3.4628312587738037,-11.939248085021973,11.56912899017334
2555,3,0.85,110,9,25.178643948880747,0.8552208907867905,1,5.235991477966309,-12.887901306152344,11.639345169067383
2556,3,0.85,110,5,26.63708215611292,0.8628192729951516,1,4.13827657699585,-13.526956558227539,11.338467597961426
2557,3,0.85,110,15,17.020036794084255,0.8646927997406808,1,6.463187217712402,-13.835047721862793,11.54056453704834
2558,3,0.85,110,7,22.421284669583684,0.850254607728728,1,24.36505889892578,-15.141077041625977,12.184966087341309
2559,3,0.85,110,18,13.586447256866531,0.8502026029729254,1,8.911099433898926,-14.162383079528809,11.35956859588623
2560,3,0.85,110,14,18.093974494610947,0.886939532625922,1,3.670835494995117,-14.758072853088379,11.692143440246582
2561,3,0.85,110,5,26.02665297024589,0.8673478800465207,1,5.34647274017334,-13.126484870910645,11.794670104980469
2562,3,0.85,110,6,25.227784409951727,0.8745947824643415,1,3.957378387451172,-12.41960334777832,11.811347007751465
2563,3,0.85,110,11,18.69517605997654,0.8557109526339162,1,9.398701667785645,-14.02780532836914,12.313207626342773
2564,3,0.85,110,9,19.49686697999396,0.8828632699501665,1,3.624274730682373,-14.363083839416504,11.994392395019531
2565,3,0.85,110,36,-5.681555708978454,0.8853333496750954,1,9.140813827514648,-12.975265502929688,12.0462064743042
2566,3,0.85,110,6,26.508391040616225,0.8621125117153645,1,4.607356548309326,-13.521623611450195,12.07804012298584
2567,3,0.85,110,9,26.056756494532998,0.8835598379638849,1,4.822517395019531,-15.176839828491211,12.54205322265625
2568,3,0.85,110,5,27.544005841862372,0.8742016201683616,1,3.3282642364501953,-12.590810775756836,11.79072093963623
2569,3,0.85,110,6,24.634210829548778,0.9038709612868294,1,6.74543571472168,-14.876387596130371,12.279679298400879
2570,3,0.85,110,23,9.803305308283342,0.8613435684513735,1,7.8280792236328125,-13.67031192779541,12.184918403625488
2571,3,0.85,110,10,19.64365292342887,0.8545141392421443,1,6.907029151916504,-16.128082275390625,12.87310791015625
2572,3,0.85,110,13,21.971661338178652,0.8699471368578373,1,4.614604949951172,-12.109749794006348,11.996722221374512
2573,3,0.85,110,6,21.413497524590348,0.8555601129484957,1,4.043747901916504,-14.211479187011719,12.365450859069824
2574,3,0.85,110,13,21.037712077042457,0.8555856843362898,1,4.699099540710449,-13.54924201965332,11.810942649841309
2575,3,0.85,110,28,0.6095997124113488,0.8631045252910445,1,40.03895568847656,-13.905904769897461,11.964706420898438
2576,3,0.85,110,14,15.147810296651155,0.8567495325231346,1,3.628973960876465,-12.963390350341797,11.17056655883789
2577,3,0.85,110,11,16.681864152078088,0.8547507328234549,1,5.195839881896973,-14.214494705200195,12.019265174865723
2578,3,0.85,110,22,7.259860608865693,0.853756033182427,1,3.662644624710083,-13.838720321655273,11.26878833770752
2579,3,0.85,110,12,17.862392754714037,0.8922138917116605,1,6.48024320602417,-13.904879570007324,11.452046394348145
2580,3,0.85,110,18,13.203443506249993,0.8605609464887259,1,3.456613063812256,-12.865972518920898,11.20430850982666
2581,3,0.85,110,8,24.18394457430218,0.8599478414457615,1,2.992034912109375,-12.653318405151367,10.65447998046875
2582,3,0.85,110,21,9.448081998787655,0.8528605411118587,1,4.275906562805176,-13.973986625671387,11.362895965576172
2583,3,0.85,110,20,5.079408227372016,0.8883974554872199,1,1.855252981185913,-13.291446685791016,10.854093551635742
2584,3,0.85,110,23,7.27663552137435,0.8640985111534749,1,2.4826102256774902,-13.113021850585938,11.032361030578613
2585,3,0.85,110,26,9.060997651171007,0.862382538091013,1,16.53875160217285,-14.704660415649414,11.81067180633545
2586,3,0.85,110,11,20.96419284119868,0.8655887051782354,1,21.810455322265625,-14.496713638305664,11.082540512084961
2587,3,0.85,110,13,17.86204772560711,0.8569050500560886,1,8.393492698669434,-14.525267601013184,10.702908515930176
2588,3,0.85,110,15,14.839979053217679,0.8678506283740374,1,10.018986701965332,-16.25827407836914,11.24940013885498
2589,3,0.85,110,17,14.68516211772991,0.8556709933383922,1,8.447521209716797,-14.147260665893555,10.914651870727539
2590,3,0.85,110,8,20.922852814998997,0.851239520068702,1,2.531416654586792,-13.665319442749023,10.864190101623535
2591,3,0.85,110,9,21.96469403691373,0.8597076477725878,1,2.54939603805542,-12.15018367767334,10.90357494354248
2592,3,0.85,110,14,16.97429797874129,0.8694046954893085,1,13.206241607666016,-12.789815902709961,11.585992813110352
2593,3,0.85,110,10,19.819626313843514,0.8729888348348678,1,6.3624677658081055,-13.442243576049805,11.683222770690918
2594,3,0.85,110,10,20.110275947228352,0.8798449150715875,1,4.176405906677246,-11.88907241821289,11.199625968933105
2595,3,0.85,110,13,21.917960995534216,0.865809302474447,1,8.20626449584961,-14.318220138549805,12.520393371582031
2596,3,0.85,110,12,24.76729001256649,0.8517727472503384,1,4.995498180389404,-13.89241886138916,11.95108699798584
2597,3,0.85,110,13,16.374036117940307,0.8571145411814381,1,2.6182990074157715,-14.431615829467773,12.39653205871582
2598,3,0.85,110,8,24.074035277562906,0.8887385357109082,1,4.990311622619629,-14.265270233154297,12.263358116149902
2599,3,0.85,110,10,19.772040629593256,0.8719498445074892,1,5.202516555786133,-13.24596881866455,11.886423110961914
2600,3,0.85,110,27,8.826975767380526,0.8533332340587705,1,7.320008754730225,-14.616544723510742,12.726778030395508
2601,3,0.85,110,8,24.672753334246877,0.8661488159786184,1,13.753246307373047,-17.22984504699707,13.228293418884277
2602,3,0.85,110,14,24.152731753796253,0.876114434171188,1,10.493545532226562,-15.77186107635498,13.100886344909668
2603,3,0.85,110,19,11.718144065626417,0.8595821934809115,1,4.491037368774414,-12.44919204711914,12.146750450134277
2604,3,0.85,110,19,8.069058327323791,0.8533569132702772,1,9.950094223022461,-13.397500991821289,12.558320999145508
2605,3,0.85,110,9,26.96422988191497,0.8807441863596764,1,4.148517608642578,-14.543771743774414,12.297175407409668
2606,3,0.85,110,19,17.91247975647871,0.8524988365510141,1,4.158788681030273,-14.047739028930664,12.517939567565918
2607,3,0.85,110,20,8.63966476130346,0.858528162194081,1,11.293863296508789,-14.88367748260498,12.776686668395996
2608,3,0.85,110,36,-10.488036945228632,0.8538640547895635,1,6.748970031738281,-12.967428207397461,12.6664457321167
2609,3,0.85,110,5,24.728643144678387,0.8584429597422338,1,7.080923080444336,-13.633809089660645,12.335489273071289
2610,3,0.85,110,11,19.43203489898887,0.8693772787300797,1,2.751805305480957,-12.574544906616211,12.286489486694336
2611,3,0.85,110,11,13.399738215445538,0.8604644138886993,1,10.056811332702637,-14.556402206420898,12.357975959777832
2612,3,0.85,110,16,13.163050014316331,0.851381751689785,1,3.37667179107666,-13.941853523254395,12.621466636657715
2613,3,0.85,110,56,-35.045020522152186,0.883792153888615,1,3.847890853881836,-13.278363227844238,12.267081260681152
2614,3,0.85,110,11,15.953746233882239,0.8509494910191717,1,9.781275749206543,-13.256204605102539,12.429442405700684
2615,3,0.85,110,21,10.083257873149087,0.870871645210801,1,2.928222179412842,-13.370020866394043,12.159152030944824
2616,3,0.85,110,18,11.174786415927429,0.8560349276001343,1,9.907129287719727,-14.578651428222656,12.08494758605957
2617,3,0.85,110,5,26.21292760622587,0.8933406427043654,1,3.4819724559783936,-13.642111778259277,12.358089447021484
2618,3,0.85,110,14,17.14779865696839,0.8753562334118978,1,4.649456024169922,-15.183320999145508,12.33582592010498
2619,3,0.85,110,5,24.96642594758597,0.8652542334695448,1,5.583052635192871,-13.318000793457031,11.861632347106934
2620,3,0.85,110,14,18.42722154316358,0.8673715211370333,1,4.906184196472168,-14.529537200927734,12.492819786071777
2621,3,0.85,110,19,8.199930534759725,0.8534738044604779,1,6.409296989440918,-13.440759658813477,12.178141593933105
2622,3,0.85,110,19,12.493026261889264,0.8845367034553681,1,3.9205775260925293,-12.769637107849121,12.30323314666748
2623,3,0.85,110,21,11.602879530458454,0.8707523591211395,1,3.5157504081726074,-12.888928413391113,12.347297668457031
2624,3,0.85,110,9,24.144746045441067,0.8775879892995609,1,5.145823955535889,-13.802623748779297,12.909781455993652
2625,3,0.85,110,14,18.167997864109708,0.854959823248151,1,4.148582935333252,-12.824838638305664,12.556936264038086
2626,3,0.85,110,12,19.391968209716246,0.8832061093504102,1,5.231689453125,-12.104366302490234,11.960631370544434
2627,3,0.85,110,13,16.83648537906162,0.880891766029058,1,4.236164093017578,-14.246536254882812,12.21498966217041
2628,3,0.85,110,9,24.605970631258913,0.868445816103464,1,5.025643348693848,-13.85017204284668,12.541282653808594
2629,3,0.85,110,23,10.745195770921267,0.8632897329911331,1,3.460188150405884,-13.949325561523438,12.239533424377441
2630,3,0.85,110,9,22.428506252005576,0.8566682745732835,1,5.20535945892334,-14.330520629882812,12.883880615234375
2631,3,0.85,110,10,22.181492209647693,0.8637700512657681,1,6.2467474937438965,-14.437971115112305,12.561017036437988
2632,3,0.85,110,11,18.841804432692477,0.8569939107834263,1,3.374919891357422,-12.277153015136719,11.84755802154541
2633,3,0.85,110,14,18.553518590977458,0.87397307862512,1,2.220082998275757,-12.857205390930176,12.469768524169922
2634,3,0.85,110,16,10.529515143493029,0.8557337679613368,1,6.277291774749756,-14.51854133605957,12.47486400604248
2635,3,0.85,110,18,12.36508460774708,0.8736695577145543,1,5.956701278686523,-14.336947441101074,12.75195598602295
2636,3,0.85,110,18,9.131325342551229,0.8540669916520082,1,3.8999481201171875,-12.834484100341797,12.2319974899292
2637,3,0.85,110,29,-4.660270697758657,0.8744711666691591,1,2.870603084564209,-12.774898529052734,12.19517707824707
2638,3,0.85,110,11,20.9661871738385,0.8534807988170069,1,6.0636372566223145,-14.697355270385742,12.75745964050293
2639,3,0.85,110,29,5.012845786011059,0.8500642546512713,1,6.827457904815674,-13.538846969604492,12.354182243347168
2640,3,0.85,110,20,11.90422825784879,0.8793677061945312,1,16.625904083251953,-13.22704029083252,11.900954246520996
2641,3,0.85,110,4,23.886687496788763,0.8872875005692538,1,12.359344482421875,-12.748698234558105,11.91063117980957
2642,3,0.85,110,38,-8.964822145591496,0.8754564482925017,1,3.744947671890259,-12.9398193359375,12.281835556030273
2643,3,0.85,110,18,20.784982095338876,0.8601962239681412,1,6.31287145614624,-11.925552368164062,12.172700881958008
2644,3,0.85,110,16,18.892915866579425,0.8637343822612503,1,2.422415256500244,-12.34583854675293,11.986398696899414
2645,3,0.85,110,27,7.12218639806441,0.8619094924687963,1,13.771297454833984,-12.544513702392578,12.206463813781738
2646,3,0.85,110,10,21.068794910248293,0.8670661534994706,1,2.657336473464966,-12.90869140625,12.333795547485352
2647,3,0.85,110,20,9.138851689239871,0.8628125508586927,1,6.696412086486816,-14.249811172485352,12.20186710357666
2648,3,0.85,110,10,20.045859934742637,0.8554362745810509,1,6.319416522979736,-13.871437072753906,12.289989471435547
2649,3,0.85,110,19,9.50874393284635,0.8758513354027295,1,7.259027481079102,-13.581680297851562,11.804158210754395
2650,3,0.85,110,20,8.924579309294344,0.8544736480675716,1,5.002346038818359,-12.957077026367188,11.262394905090332
2651,3,0.85,110,8,23.18465156195677,0.8562302799286183,1,10.42249870300293,-13.055659294128418,12.043057441711426
2652,3,0.85,110,13,17.425501344724573,0.858541130239443,1,2.6916894912719727,-13.877847671508789,11.764044761657715
2653,3,0.85,110,11,20.34712131358433,0.8552356273308949,1,7.878921031951904,-13.378700256347656,12.312232971191406
2654,3,0.85,110,8,14.970627282340404,0.8561934075520389,1,3.97698712348938,-14.60376262664795,12.673819541931152
2655,3,0.85,110,7,21.702127745457652,0.8554549751889855,1,1.6787298917770386,-12.235038757324219,11.958674430847168
2656,3,0.85,110,16,12.205705868609346,0.8578060074984795,1,17.328031539916992,-12.960105895996094,11.902109146118164
2657,3,0.85,110,7,22.952816665820812,0.8589453530626084,1,3.1359050273895264,-12.433120727539062,11.513508796691895
2658,3,0.85,110,13,19.73635337950205,0.8722860823768254,1,2.452894449234009,-12.545522689819336,11.97854995727539
2659,3,0.85,110,20,15.951573202795336,0.8666990177957973,1,3.459866523742676,-12.963258743286133,12.022055625915527
2660,3,0.85,110,14,18.73815161482191,0.8565910966977207,1,7.987864017486572,-12.22730541229248,12.31790828704834
2661,3,0.85,110,8,17.641960585559985,0.8772673885181477,1,5.40890645980835,-14.358306884765625,12.053532600402832
2662,3,0.85,110,9,23.20481023526365,0.8667454503506911,1,4.450196266174316,-14.403409004211426,12.491291046142578
2663,3,0.85,110,13,21.644027065135965,0.8776012070946424,1,3.6776862144470215,-12.351390838623047,11.656744003295898
2664,3,0.85,110,11,19.35974789328148,0.8621355156550947,1,3.197986364364624,-13.158023834228516,12.048018455505371
2665,3,0.85,110,5,26.944762249256776,0.8536141178365368,1,6.044384956359863,-12.89462947845459,12.507265090942383
2666,3,0.85,110,34,-6.427971917847266,0.8544619547303058,1,3.53234601020813,-13.569191932678223,11.892919540405273
2667,3,0.85,110,11,11.455984411387435,0.8570919088544094,1,3.4968583583831787,-13.274383544921875,11.772351264953613
2668,3,0.85,110,10,23.805058224587903,0.8619202743495605,1,5.059722900390625,-14.152225494384766,12.371195793151855
2669,3,0.85,110,23,6.1034250188531685,0.8686997822776915,1,4.7446794509887695,-15.264531135559082,12.181706428527832
2670,3,0.85,110,13,16.30062580450146,0.890506832816605,1,24.82297134399414,-12.458255767822266,12.065393447875977
2671,3,0.85,110,17,10.159323027259955,0.861882018345076,1,13.338926315307617,-13.502640724182129,12.364618301391602
2672,3,0.85,110,18,13.267132050837992,0.8522046571388197,1,5.614060401916504,-14.745882034301758,12.652175903320312
2673,3,0.85,110,18,11.841279725979472,0.8535169558043103,1,7.181024551391602,-14.131525039672852,12.364293098449707
2674,3,0.85,110,7,25.09057920133516,0.8633363374121853,1,4.39725399017334,-12.1427001953125,11.752656936645508
2675,3,0.85,110,7,26.225408004108395,0.8520693980283366,1,3.922117233276367,-12.967519760131836,12.234526634216309
2676,3,0.85,110,8,24.662893056348544,0.8678957449492896,1,6.777005672454834,-14.737059593200684,12.372883796691895
2677,3,0.85,110,12,20.934440486393928,0.861665737288487,1,4.577991485595703,-13.818302154541016,12.315245628356934
2678,3,0.85,110,5,25.75461503104926,0.8538721440303302,1,7.5633134841918945,-14.155269622802734,11.764613151550293
2679,3,0.85,110,11,22.58031602697787,0.8882428410265901,1,4.107539653778076,-14.296896934509277,11.720503807067871
2680,3,0.85,110,10,21.541358562801342,0.8613633213103887,1,3.9881815910339355,-14.60628604888916,11.879249572753906
2681,3,0.85,110,10,24.209683410834312,0.8592965477584609,1,2.9657769203186035,-12.940364837646484,11.701921463012695
2682,3,0.85,110,4,21.74909797360518,0.8525417057029842,1,6.03018856048584,-12.489679336547852,11.85792064666748
2683,3,0.85,110,40,-2.884847567960085,0.8617313510953222,1,3.412770986557007,-11.93258285522461,11.582769393920898
2684,3,0.85,110,21,4.430065611718178,0.8626934357472517,1,5.299694061279297,-12.132481575012207,11.800918579101562
2685,3,0.85,110,6,21.319857704139885,0.8507875091084361,1,3.174412727355957,-13.129358291625977,12.184447288513184
2686,3,0.85,110,10,27.65192933485266,0.8558265386701861,1,5.155014991760254,-14.209981918334961,12.289684295654297
2687,3,0.85,110,12,16.128108855090748,0.8570911311769374,1,3.3199496269226074,-12.267950057983398,11.560571670532227
2688,3,0.85,110,7,24.723424859905776,0.8883913718454571,1,5.290317535400391,-14.647469520568848,11.968074798583984
2689,3,0.85,110,19,8.708884991792766,0.8522620428690603,1,5.157337188720703,-13.491301536560059,11.53845500946045
2690,3,0.85,110,12,19.594993659710056,0.8619660191428888,1,2.8444604873657227,-13.609521865844727,11.832982063293457
2691,3,0.85,110,13,16.423024361417042,0.8563283675737104,1,6.997979640960693,-13.595422744750977,11.39348316192627
2692,3,0.85,110,15,16.185338190540293,0.8536597960364112,1,3.2772269248962402,-13.86199951171875,11.92459487915039
2693,3,0.85,110,10,25.941777691244415,0.8643971409449536,1,3.6232666969299316,-12.672715187072754,11.670720100402832
2694,3,0.85,110,12,16.65807104160673,0.8606377364405595,1,17.62668228149414,-12.673829078674316,11.762499809265137
2695,3,0.85,110,19,8.545638278253369,0.8519147638902916,1,16.068279266357422,-13.019933700561523,11.954687118530273
2696,3,0.85,110,21,7.95595077558769,0.8554743289483012,1,3.512681484222412,-13.692093849182129,12.14001750946045
2697,3,0.85,110,33,1.3397996584706906,0.8781660440608814,1,3.2076945304870605,-12.5015287399292,11.597872734069824
2698,3,0.85,110,14,11.754875582844864,0.860382296732842,1,4.3918023109436035,-12.807504653930664,12.15689468383789
2699,3,0.85,110,7,26.761573497349758,0.8664405197920617,1,2.2373013496398926,-12.485337257385254,11.633586883544922
2700,3,0.85,110,8,23.965449105507798,0.8501386857634315,1,2.9547882080078125,-13.995462417602539,11.507965087890625
2701,3,0.85,110,28,2.192359110961765,0.8612089249236657,1,3.1347427368164062,-14.650368690490723,12.244349479675293
2702,3,0.85,110,4,24.674843068695957,0.8837427498756132,1,6.785415172576904,-15.051054954528809,12.026845932006836
2703,3,0.85,110,12,16.430300989517534,0.8825070181050131,1,4.985045433044434,-13.251666069030762,12.038811683654785
2704,3,0.85,110,7,24.08195714069838,0.8639259318628634,1,14.843002319335938,-13.904642105102539,11.370894432067871
2705,3,0.85,110,11,20.686787669345485,0.8596155410747653,1,3.002244472503662,-13.347225189208984,11.485934257507324
2706,3,0.85,110,8,23.393897234407987,0.8516881061476456,1,5.406551361083984,-13.123326301574707,11.608619689941406
2707,3,0.85,110,21,0.9989702948476538,0.8681759326243206,1,4.161247253417969,-13.836577415466309,12.295256614685059
2708,3,0.85,110,12,21.572580527683655,0.8501595752931301,1,1.961459755897522,-12.467426300048828,11.516314506530762
2709,3,0.85,110,8,21.2320843480785,0.851672076278733,1,2.547250509262085,-13.71168327331543,11.509559631347656
2710,3,0.85,110,15,16.370561224277544,0.8649040436459126,1,5.644608497619629,-15.382529258728027,11.998735427856445
2711,3,0.85,110,12,13.50529858483347,0.8529872274048551,1,16.053977966308594,-12.734660148620605,11.777750968933105
2712,3,0.85,110,6,24.57822803565572,0.8687924562052285,1,32.35730743408203,-13.042353630065918,11.660937309265137
2713,3,0.85,110,16,13.27026254939023,0.8600588959615588,1,5.769347190856934,-12.748252868652344,12.234280586242676
2714,3,0.85,110,11,23.218839019928772,0.8536033094452643,1,3.018233299255371,-12.561515808105469,11.650568962097168
2715,3,0.85,110,16,12.303139951522038,0.8841992422946049,1,5.774961471557617,-13.304344177246094,11.997197151184082
2716,3,0.85,110,20,7.882543001464487,0.8603048933271993,1,19.22576141357422,-13.518651008605957,12.094468116760254
2717,3,0.85,110,5,26.150772177516004,0.8682833208976085,1,5.71777868270874,-13.655313491821289,11.169941902160645
2718,3,0.85,110,10,21.00447314078471,0.8622362823780738,1,6.231437683105469,-12.744478225708008,11.776782035827637
2719,3,0.85,110,13,16.156734205682916,0.8517591339234887,1,2.6079094409942627,-12.595359802246094,11.257501602172852
2720,3,0.85,110,14,13.99502538660882,0.8671419928525764,1,10.311091423034668,-13.343013763427734,11.70566463470459
2721,3,0.85,110,11,20.24783668673961,0.8531391796175876,1,4.121588706970215,-13.368032455444336,11.520041465759277
2722,3,0.85,110,7,26.571432479106292,0.8668087319040658,1,9.517148971557617,-14.976554870605469,12.074131965637207
2723,3,0.85,110,10,20.03053652069763,0.8696716396963513,1,6.082069396972656,-14.069211959838867,12.103679656982422
2724,3,0.85,110,7,14.835242293263018,0.8525476807876269,1,11.64703369140625,-14.48908805847168,12.25644302368164
2725,3,0.85,110,8,25.012747950258728,0.8656060620088094,1,5.7842183113098145,-11.985029220581055,11.880630493164062
2726,3,0.85,110,16,15.931238877745912,0.8513050517379409,1,9.675825119018555,-13.467772483825684,12.473596572875977
2727,3,0.85,110,8,25.450432496192725,0.8593975318226187,1,5.011880874633789,-14.450973510742188,12.790087699890137
2728,3,0.85,110,9,24.947355488498197,0.8514962500345292,1,7.730960845947266,-13.975749015808105,13.301907539367676
2729,3,0.85,110,27,7.63375818707422,0.8538529799270721,1,5.6837873458862305,-11.723983764648438,12.609248161315918
2730,3,0.85,110,10,20.43287765313257,0.8650174341815786,1,10.796417236328125,-13.808184623718262,13.188150405883789
2731,3,0.85,110,16,12.906266855251872,0.8561081818985614,1,6.110804557800293,-16.222089767456055,13.489007949829102
2732,3,0.85,110,25,3.044502480997755,0.8515321537502956,1,5.279064655303955,-12.448360443115234,12.573878288269043
2733,3,0.85,110,10,17.751320685670493,0.8605016275219867,1,5.549592018127441,-15.683626174926758,12.899177551269531
2734,3,0.85,110,16,8.897487603639036,0.864935004177364,1,3.1061463356018066,-14.83520793914795,13.140832901000977
2735,3,0.85,110,7,16.240073737265593,0.8531557071935433,1,5.456879615783691,-14.297638893127441,12.115354537963867
2736,3,0.85,110,17,11.777257428066982,0.8695425419197442,1,4.675025463104248,-13.081872940063477,12.274554252624512
2737,3,0.85,110,10,19.12367601658751,0.8529340022371634,1,26.947975158691406,-16.303075790405273,13.108967781066895
2738,3,0.85,110,18,12.502864101188644,0.8718981426946535,1,6.602148532867432,-15.968918800354004,13.738720893859863
2739,3,0.85,110,14,15.736976934211864,0.8647106671543671,1,2.992377758026123,-15.173526763916016,13.341830253601074
2740,3,0.85,110,9,20.8975011979855,0.8737991376657406,1,18.657262802124023,-11.978506088256836,13.11893367767334
2741,3,0.85,110,17,7.73737211851089,0.8501367854008799,1,4.686297416687012,-13.92123031616211,13.222824096679688
2742,3,0.85,110,9,24.330852687374108,0.8650105992951875,1,10.398941993713379,-15.034107208251953,13.14280891418457
2743,3,0.85,110,9,25.629190744780374,0.857095715742686,1,7.888147354125977,-13.95105266571045,13.508284568786621
2744,3,0.85,110,15,14.932863187050168,0.8673649391510818,1,5.419906139373779,-17.43252182006836,13.963637351989746
2745,3,0.85,110,13,16.822199924407975,0.8526113779145461,1,4.510811805725098,-15.107420921325684,12.989224433898926
2746,3,0.85,110,24,14.075996218438092,0.8759417931597276,1,5.541664123535156,-18.108299255371094,14.266932487487793
2747,3,0.85,110,7,25.309859481897398,0.8754470663268883,1,6.987393856048584,-14.261346817016602,12.936713218688965
2748,3,0.85,110,8,25.491260071519463,0.8776766006919887,1,3.3989930152893066,-15.443958282470703,13.4699125289917
2749,3,0.85,110,11,17.973410832468893,0.8648756787569514,1,3.270822525024414,-15.69762897491455,13.555068969726562
2750,3,0.85,110,10,18.999885397150443,0.8524342867897918,1,7.9720964431762695,-17.143150329589844,14.266337394714355
2751,3,0.85,110,17,17.73649896098485,0.8562843069530559,1,10.263195991516113,-14.517831802368164,14.112253189086914
2752,3,0.85,110,16,9.79173686961641,0.8532923516798249,1,8.690835952758789,-14.212998390197754,13.361804008483887
2753,3,0.85,110,14,19.83843608970722,0.8512497906741138,1,6.371311187744141,-13.60654067993164,13.01572322845459
2754,3,0.85,110,18,15.086731635701472,0.8548768136486543,1,4.127536773681641,-15.991608619689941,13.560931205749512
2755,3,0.85,110,6,23.81173469684116,0.8691577160296671,1,3.702132225036621,-16.558076858520508,13.33881664276123
2756,3,0.85,110,24,3.031861611987037,0.8744167729463082,1,3.427926540374756,-15.464306831359863,12.661030769348145
2757,3,0.85,110,12,14.908176869876195,0.8745304829167687,1,5.6169633865356445,-17.06899642944336,13.118313789367676
2758,3,0.85,110,13,16.144515215725164,0.8670745896278388,1,43.60401916503906,-16.059280395507812,12.728922843933105
2759,3,0.85,110,9,26.015858973515726,0.8622559421224459,1,34.41305160522461,-15.380834579467773,12.668972969055176
2760,3,0.85,110,6,22.817027595372394,0.8647513580796055,1,33.87677764892578,-13.702400207519531,12.860391616821289
2761,3,0.85,110,14,17.973818788908638,0.8500450257618,1,6.3620195388793945,-13.208539962768555,12.025349617004395
2762,3,0.85,110,10,23.93858481823893,0.8554447611596078,1,5.288332462310791,-14.45798110961914,12.846417427062988
2763,3,0.85,110,11,18.966918596937354,0.8548656572360118,1,4.978826522827148,-14.344731330871582,12.442097663879395
2764,3,0.85,110,7,18.11699638131893,0.861666814550461,1,6.2850022315979,-13.734789848327637,12.757052421569824
2765,3,0.85,110,12,18.894819255493616,0.8684548015693884,1,4.128195762634277,-14.878382682800293,11.89858341217041
2766,3,0.85,110,12,22.07390834730031,0.8595514652933157,1,13.408230781555176,-14.595198631286621,12.15190315246582
2767,3,0.85,110,9,21.925704756356367,0.8532292110172425,1,5.930066108703613,-15.656696319580078,11.711673736572266
2768,3,0.85,110,14,21.765341248078254,0.8600970443017615,1,3.559232711791992,-15.415655136108398,11.518394470214844
2769,3,0.85,110,16,16.967099575225173,0.8529304075619325,1,3.585726261138916,-14.166913986206055,12.068264961242676
2770,3,0.85,110,18,14.984974505453636,0.8569582716347316,1,4.667623043060303,-14.116182327270508,12.095728874206543
2771,3,0.85,110,9,23.541300826887543,0.8543012296858248,1,4.413862228393555,-14.051517486572266,11.374629020690918
2772,3,0.85,110,7,19.78053845419104,0.8770957812622889,1,2.797135591506958,-13.78718090057373,11.496688842773438
2773,3,0.85,110,10,22.800600702245422,0.8585215487120255,1,6.347079277038574,-13.650775909423828,12.371499061584473
2774,3,0.85,110,14,13.818508972462151,0.8599528744956982,1,6.463748931884766,-12.161699295043945,11.167440414428711
2775,3,0.85,110,8,23.9122842802487,0.8614099220923757,1,3.054842472076416,-13.508330345153809,11.896541595458984
2776,3,0.85,110,15,16.523506343553848,0.8559791067943986,1,5.140867233276367,-13.092819213867188,11.641875267028809
2777,3,0.85,110,14,17.666929918731725,0.8550773379790774,1,3.759256362915039,-14.140674591064453,11.341842651367188
2778,3,0.85,110,11,20.164473581171634,0.850052009651371,1,8.624482154846191,-15.799753189086914,12.443004608154297
2779,3,0.85,110,21,1.7948767082360586,0.8503338609439822,1,6.09429407119751,-16.579973220825195,11.903518676757812
2780,3,0.85,110,17,16.41848783885889,0.8597705264860609,1,5.35030460357666,-14.825235366821289,11.929414749145508
2781,3,0.85,110,6,21.647741561350017,0.8520661664225179,1,5.522137641906738,-13.699346542358398,11.871703147888184
2782,3,0.85,110,6,20.28707219481699,0.850671265890133,1,5.850384712219238,-14.631309509277344,11.9202880859375
2783,3,0.85,110,26,7.115126766412414,0.8505069607312261,1,5.028077125549316,-12.548120498657227,12.215167045593262
2784,3,0.85,110,18,8.933167050735046,0.8531315915614628,1,3.4673922061920166,-13.447681427001953,12.382120132446289
2785,3,0.85,110,21,15.869525342061618,0.8560014206790917,1,5.771861553192139,-14.042245864868164,12.7858247756958
2786,3,0.85,110,31,-7.205777384316631,0.857990125189266,1,3.6446962356567383,-13.008803367614746,12.218865394592285
2787,3,0.85,110,9,23.34264763590332,0.9112496493117535,1,8.458944320678711,-13.904497146606445,12.479475975036621
2788,3,0.85,110,24,-4.231866621470594,0.856974976712133,1,4.423426628112793,-11.833518981933594,11.940681457519531
2789,3,0.85,110,15,16.630965828974247,0.8809685513324355,1,8.572169303894043,-14.072135925292969,12.848502159118652
2790,3,0.85,110,20,10.43878609149785,0.8573598177116389,1,3.7159955501556396,-13.687215805053711,12.015562057495117
2791,3,0.85,110,18,11.611236435783962,0.854341255560346,1,4.286859512329102,-13.852656364440918,11.99084758758545
2792,3,0.85,110,9,20.78430552655803,0.8587359532580531,1,5.825981616973877,-13.608072280883789,12.035822868347168
2793,3,0.85,110,13,13.422307238090523,0.8517606801166748,1,3.179319381713867,-13.524402618408203,12.315142631530762
2794,3,0.85,110,12,19.51029585553573,0.863670537536317,1,5.081006050109863,-13.314458847045898,12.113893508911133
2795,3,0.85,110,9,22.653241634085933,0.8725601455640036,1,3.612966299057007,-14.746983528137207,13.129648208618164
2796,3,0.85,110,19,12.311698479483411,0.8564748850706964,1,7.903393745422363,-11.870945930480957,12.19177532196045
2797,3,0.85,110,20,11.417570395783054,0.8561851876937714,1,4.634748935699463,-14.113658905029297,12.795762062072754
2798,3,0.85,110,9,15.963147277403445,0.8829136271936441,1,3.913191795349121,-13.056461334228516,12.669428825378418
2799,3,0.85,110,13,20.46789800715885,0.8514405088525431,1,5.402920246124268,-14.987131118774414,12.865567207336426
2800,3,0.85,110,34,1.0203863444637502,0.8528567100763557,1,4.6001410484313965,-14.663056373596191,12.673274040222168
2801,3,0.85,110,5,24.54306775065097,0.8565715829832672,1,3.7034149169921875,-12.68435287475586,12.02001953125
2802,3,0.85,110,12,19.678480146371292,0.871935592338856,1,8.137451171875,-15.180824279785156,12.56141185760498
2803,3,0.85,110,7,27.14925851513467,0.8574248870441329,1,4.250149250030518,-14.429655075073242,12.3049955368042
2804,3,0.85,110,14,12.460879995895219,0.8752896625970753,1,4.047609329223633,-13.23477840423584,11.7204008102417
2805,3,0.85,110,25,0.10347857461278487,0.8609413813399192,1,8.532804489135742,-13.693277359008789,12.310699462890625
2806,3,0.85,110,6,21.313612914630248,0.8704589979116574,1,4.665427207946777,-12.546606063842773,11.402678489685059
2807,3,0.85,110,15,19.465770837932066,0.8594567455013994,1,8.524331092834473,-15.085187911987305,12.324348449707031
2808,3,0.85,110,14,17.82173762476765,0.8591583499581881,1,10.323331832885742,-14.08825969696045,11.956087112426758
2809,3,0.85,110,6,25.17642964207353,0.8761855493492465,1,5.150257110595703,-13.614964485168457,11.483977317810059
2810,3,0.85,110,10,21.23270936496028,0.8605767030418948,1,4.65546989440918,-13.45901107788086,11.50348949432373
2811,3,0.85,110,7,20.51988385963468,0.8562159335270393,1,4.598949909210205,-14.346490859985352,11.577676773071289
2812,3,0.85,110,8,23.30531018112368,0.8689390487999499,1,3.0475029945373535,-12.735095977783203,11.593920707702637
2813,3,0.85,110,7,28.66359644072548,0.879435774442384,1,3.52028751373291,-12.752897262573242,11.487326622009277
2814,3,0.85,110,10,22.53753488696497,0.855844166983532,1,5.598608016967773,-14.639350891113281,12.068563461303711
2815,3,0.85,110,20,16.81338610780777,0.8512890775179923,1,30.984161376953125,-13.06210708618164,11.487573623657227
2816,3,0.85,110,21,9.520825346882056,0.8556953093300821,1,9.773622512817383,-15.363832473754883,12.561999320983887
2817,3,0.85,110,8,14.83147449470393,0.8509695445534047,1,4.281208038330078,-13.820554733276367,11.113842964172363
2818,3,0.85,110,6,21.506371526594158,0.8525822690927731,1,5.636675834655762,-15.298419952392578,11.76513385772705
2819,3,0.85,110,8,19.892199656445097,0.8510717206813376,1,7.806889057159424,-15.823995590209961,12.433913230895996
2820,3,0.85,110,12,22.459811177614423,0.8541213860476173,1,5.291601657867432,-16.135860443115234,12.282217025756836
2821,3,0.85,110,11,18.734943092741286,0.8726168325645428,1,2.650158643722534,-12.876688003540039,11.845280647277832
2822,3,0.85,110,25,5.369286155357516,0.8535850815299034,1,11.558874130249023,-14.366769790649414,12.598616600036621
2823,3,0.85,110,11,24.681061819528267,0.8655856303144861,1,19.356040954589844,-14.443161010742188,12.408882141113281
2824,3,0.85,110,15,15.985986107312952,0.8635389745023943,1,7.5307936668396,-13.803995132446289,12.022993087768555
2825,3,0.85,110,15,13.51005463436277,0.8754208590916285,1,35.60101318359375,-12.782808303833008,12.374317169189453
2826,3,0.85,110,17,12.905289918109826,0.8672472213221227,1,6.752081394195557,-13.435932159423828,12.44049072265625
2827,3,0.85,110,13,19.308450698921593,0.8597247126109031,1,4.349470138549805,-13.186923027038574,12.56114387512207
2828,3,0.85,110,9,21.013894162359804,0.8555487772435733,1,4.819499492645264,-15.791935920715332,11.88400936126709
2829,3,0.85,110,11,24.832832587629817,0.8818675919713025,1,2.8265905380249023,-13.220024108886719,12.032251358032227
2830,3,0.85,110,23,7.182691355049904,0.8591243601606637,1,4.825122833251953,-13.658853530883789,11.872862815856934
2831,3,0.85,110,12,16.132637039684816,0.8638622931082941,1,16.199546813964844,-14.577432632446289,11.866462707519531
2832,3,0.85,110,21,10.70725569772395,0.8623673748040296,1,5.607889652252197,-16.51317596435547,12.561003684997559
2833,3,0.85,110,12,21.430592728874274,0.8567039112531872,1,4.0850934982299805,-12.61539077758789,11.794032096862793
2834,3,0.85,110,10,22.61220578253375,0.8564367374324444,1,2.466679573059082,-12.695862770080566,11.313920021057129
2835,3,0.85,110,15,14.7660526447094,0.8505171657099465,1,5.186604022979736,-13.439372062683105,12.205646514892578
2836,3,0.85,110,10,17.206340005889345,0.8702136073218362,1,14.914545059204102,-14.258339881896973,12.504345893859863
2837,3,0.85,110,8,19.23513397107924,0.8512609349428125,1,4.593151092529297,-12.303804397583008,11.60194206237793
2838,3,0.85,110,11,20.66936483426303,0.8667302886078039,1,36.388702392578125,-12.787670135498047,12.217100143432617
2839,3,0.85,110,10,27.814567251134164,0.8909456234281108,1,4.045149803161621,-14.79764461517334,12.047751426696777
2840,3,0.85,110,13,21.458863072323936,0.8596919439327522,1,2.7585527896881104,-13.750688552856445,11.879666328430176
2841,3,0.85,110,11,22.019297131304008,0.855536325237877,1,3.6370415687561035,-13.91220760345459,12.267409324645996
2842,3,0.85,110,9,22.10097862160599,0.8681430396307653,1,6.566651821136475,-16.75521469116211,12.547048568725586
2843,3,0.85,110,12,21.35414977174898,0.8837932419103222,1,6.728693008422852,-15.110926628112793,11.734356880187988
2844,3,0.85,110,20,14.668930325408171,0.8582613445476078,1,4.9406938552856445,-13.48657512664795,11.7532958984375
2845,3,0.85,110,9,27.41421536360304,0.8704206207858795,1,3.6107892990112305,-12.965476989746094,11.839005470275879
2846,3,0.85,110,10,23.732211489548508,0.852555104900194,1,8.968170166015625,-13.632051467895508,12.152402877807617
2847,3,0.85,110,6,23.56844003625894,0.8511234400982638,1,7.0747270584106445,-11.734899520874023,12.13415241241455
2848,3,0.85,110,9,22.29461533805882,0.8742335180947215,1,3.2646052837371826,-13.80833625793457,12.238008499145508
2849,3,0.85,110,13,17.45288587660019,0.8571522211611144,1,3.1126279830932617,-13.14634895324707,11.534113883972168
2850,3,0.85,110,6,25.95094786860816,0.8897645064422822,1,9.519538879394531,-14.9082670211792,12.535426139831543
2851,3,0.85,110,16,10.272715933350407,0.8822076099405856,1,3.972506523132324,-14.424309730529785,11.860809326171875
2852,3,0.85,110,7,22.776166548340317,0.851018735669702,1,6.414867401123047,-13.955408096313477,11.607319831848145
2853,3,0.85,110,9,21.780457189026325,0.8696781405338745,1,6.079767227172852,-13.485103607177734,11.553980827331543
2854,3,0.85,110,7,27.309484496872088,0.8767969649205274,1,2.8108713626861572,-12.727587699890137,11.562576293945312
2855,3,0.85,110,21,5.539433969011486,0.860455408470852,1,4.6110734939575195,-11.882474899291992,11.766919136047363
2856,3,0.85,110,13,23.694097994429633,0.8807802803484077,1,4.822882652282715,-13.272310256958008,11.962910652160645
2857,3,0.85,110,9,24.51121691993064,0.8631244489349247,1,5.083426475524902,-13.653502464294434,12.15512752532959
2858,3,0.85,110,5,18.008706478006722,0.8722157591572396,1,4.610321998596191,-13.201766967773438,11.606149673461914
2859,3,0.85,110,17,12.073012112884035,0.8577560975918493,1,5.675710678100586,-13.46147346496582,12.420344352722168
2860,3,0.85,110,19,14.316812761785284,0.8670193614954583,1,15.227569580078125,-13.972567558288574,12.809103965759277
2861,3,0.85,110,11,18.834868810598202,0.8752735610540551,1,5.497241973876953,-12.943982124328613,11.80145263671875
2862,3,0.85,110,23,6.356140248197344,0.8505001138783337,1,5.872663497924805,-14.333191871643066,12.108171463012695
2863,3,0.85,110,14,22.23700976529036,0.9161689889963213,1,6.452752113342285,-15.574701309204102,12.846526145935059
2864,3,0.85,110,19,12.529699448838269,0.8806758062843618,1,6.596864700317383,-16.982587814331055,12.906885147094727
2865,3,0.85,110,9,19.798806006703565,0.8595945615632952,1,4.44068717956543,-13.03830623626709,12.005500793457031
2866,3,0.85,110,13,20.589741994776873,0.8699525616737022,1,9.81313419342041,-13.743790626525879,12.140253067016602
2867,3,0.85,110,11,21.122877789851557,0.8545611908976185,1,3.79884934425354,-12.017402648925781,12.06377124786377
2868,3,0.85,110,16,12.464438549836892,0.8679434489230423,1,3.802504301071167,-11.413506507873535,11.746925354003906
2869,3,0.85,110,11,23.5024179611106,0.8686265248803001,1,18.74292755126953,-14.675338745117188,13.283403396606445
2870,3,0.85,110,7,29.541922086426958,0.868744489723497,1,4.737424850463867,-13.007291793823242,12.299101829528809
2871,3,0.85,110,6,25.407364930358632,0.8554176228041955,1,6.481115341186523,-12.224319458007812,12.438389778137207
2872,3,0.85,110,20,8.876966435175541,0.8682318902249535,1,7.072230339050293,-12.822349548339844,12.389656066894531
2873,3,0.85,110,8,20.130496204355076,0.8684009661995824,1,26.16064453125,-12.793654441833496,11.759516716003418
2874,3,0.85,110,4,24.39492794779428,0.8586706260496355,1,5.829854965209961,-14.031841278076172,11.78786849975586
2875,3,0.85,110,14,20.680895150769302,0.856970794926694,1,4.137965202331543,-12.277261734008789,11.668545722961426
2876,3,0.85,110,22,8.726774503365352,0.8514306055908505,1,7.234804153442383,-16.554725646972656,12.384716987609863
2877,3,0.85,110,8,26.888308673915247,0.8534544040936531,1,12.942498207092285,-14.510988235473633,11.553888320922852
2878,3,0.85,110,14,18.507030937439907,0.8728590183450738,1,12.108638763427734,-15.133783340454102,12.278897285461426
2879,3,0.85,110,6,18.142317309861326,0.8528376535372769,1,3.744605541229248,-13.700971603393555,12.038299560546875
2880,3,0.85,110,14,18.666159755598215,0.8578143066820214,1,55.58407974243164,-16.43927574157715,12.613494873046875
2881,3,0.85,110,10,21.35724462978251,0.8647772404811838,1,14.13028335571289,-13.436687469482422,12.196165084838867
2882,3,0.85,110,15,18.154831019369404,0.853933481060648,1,32.19620132446289,-13.739441871643066,12.344797134399414
2883,3,0.85,110,24,6.030418854086916,0.8732036111048357,1,8.8203125,-14.794486045837402,12.603049278259277
2884,3,0.85,110,9,23.1985373393224,0.8574321619293527,1,5.38947057723999,-12.575213432312012,11.957152366638184
2885,3,0.85,110,28,0.18340389404121815,0.8677242394548337,1,12.651896476745605,-20.163782119750977,13.483133316040039
2886,3,0.85,110,9,18.316791326517723,0.8661363976379197,1,9.61400032043457,-12.884077072143555,11.77530574798584
2887,3,0.85,110,9,22.085387575277828,0.8725903740485761,1,9.588239669799805,-14.550638198852539,12.087536811828613
2888,3,0.85,110,7,16.295374202255736,0.8683997221504623,1,3.3700318336486816,-14.608948707580566,12.302462577819824
2889,3,0.85,110,10,20.73807707192626,0.8601816399945743,1,5.344715118408203,-15.910348892211914,12.077542304992676
2890,3,0.85,110,7,26.20236177433205,0.8778649014948797,1,5.222867965698242,-13.972607612609863,11.948958396911621
2891,3,0.85,110,12,14.98544627979673,0.8561848073644096,1,30.70435333251953,-14.633711814880371,11.261503219604492
2892,3,0.85,110,17,12.652135836164655,0.8500045601254197,1,6.749645709991455,-17.118698120117188,12.236591339111328
2893,3,0.85,110,9,25.31073038808912,0.8616380230662883,1,4.027752876281738,-15.895675659179688,11.956811904907227
2894,3,0.85,110,13,19.10736523941191,0.8711073438455191,1,3.7316722869873047,-13.265827178955078,11.254210472106934
2895,3,0.85,110,12,20.59775405920597,0.8541689758876976,1,2.627639055252075,-14.746245384216309,11.570795059204102
2896,3,0.85,110,9,22.506914392203303,0.8729307057479577,1,6.917057037353516,-14.014341354370117,11.371231079101562
2897,3,0.85,110,9,25.629729460373483,0.8597718064744795,1,6.573966979980469,-13.311161041259766,11.100458145141602
2898,3,0.85,110,17,10.689499137856366,0.8675551333719259,1,8.171524047851562,-15.350011825561523,11.97373104095459
2899,3,0.85,110,12,17.970331670292772,0.8626552701802551,1,10.708361625671387,-13.606316566467285,11.154467582702637
2900,3,0.85,110,5,24.85791167339967,0.8531095422064365,1,5.081994533538818,-13.463947296142578,11.04177474975586
2901,3,0.85,110,15,19.669682142745593,0.8531583691561035,1,8.198575973510742,-14.392355918884277,11.240242004394531
2902,3,0.85,110,9,21.54691622735985,0.8911598379135734,1,23.056400299072266,-14.032942771911621,11.0322904586792
2903,3,0.85,110,11,20.43904820121422,0.8621873226069583,1,3.597527027130127,-12.983692169189453,10.729412078857422
2904,3,0.85,110,11,16.95016593858844,0.8709508357738611,1,1.7169322967529297,-12.937131881713867,10.926791191101074
2905,3,0.85,110,8,26.194274515879613,0.884653194196763,1,5.94215726852417,-13.386834144592285,11.142814636230469
2906,3,0.85,110,16,16.88006059527803,0.8871400207118504,1,5.965295314788818,-13.90919303894043,10.828974723815918
2907,3,0.85,110,8,19.88584975658651,0.8591843548476454,1,3.241302251815796,-13.456575393676758,11.15470027923584
2908,3,0.85,110,6,28.073309162761426,0.8546264692783124,1,7.906588077545166,-13.757615089416504,10.792956352233887
2909,3,0.85,110,5,24.380222928221883,0.8645593172755165,1,3.4435553550720215,-12.933595657348633,11.183964729309082
2910,3,0.85,110,12,20.676962077897027,0.8581564203004337,1,27.505332946777344,-13.699679374694824,10.818394660949707
2911,3,0.85,110,9,22.964446606742676,0.8513039223245282,1,3.6371095180511475,-12.232917785644531,11.046113967895508
2912,3,0.85,110,9,22.91386907198335,0.8886653118871041,1,13.77652359008789,-12.923810958862305,10.722278594970703
2913,3,0.85,110,8,20.292792999175276,0.8515137903948793,1,2.921708106994629,-13.728652000427246,10.8286714553833
2914,3,0.85,110,10,23.739754800681197,0.8596999299998583,1,14.32052230834961,-12.933247566223145,10.823509216308594
2915,3,0.85,110,21,12.035660286199503,0.8563997493414045,1,13.87454605102539,-13.029067039489746,11.306660652160645
2916,3,0.85,110,6,25.34911587857822,0.8709740730005407,1,3.3216538429260254,-13.610791206359863,10.618550300598145
2917,3,0.85,110,20,10.137462015925548,0.8627315031095967,1,2.5196495056152344,-12.623172760009766,11.369424819946289
2918,3,0.85,110,6,24.97382542183521,0.8500020320278252,1,2.8572709560394287,-12.1043119430542,10.974575996398926
2919,3,0.85,110,6,27.966638053071556,0.8878562485495703,1,3.0196592807769775,-11.898366928100586,10.934999465942383
2920,3,0.85,110,10,20.15194302445516,0.8547225926471407,1,24.749271392822266,-12.980684280395508,11.427545547485352
2921,3,0.85,110,21,8.911960967622838,0.8584893649693746,1,10.189842224121094,-13.14366340637207,11.718666076660156
2922,3,0.85,110,14,20.288152259232085,0.8675776807777754,1,8.033119201660156,-13.989192008972168,11.520103454589844
2923,3,0.85,110,14,17.12122463142774,0.8552641034960908,1,3.975294589996338,-12.942205429077148,11.323429107666016
2924,3,0.85,110,15,20.869636318040474,0.8615127147504688,1,3.095083236694336,-14.181139945983887,11.61011028289795
2925,3,0.85,110,16,16.539876695673385,0.8584544472023294,1,13.5606689453125,-13.614389419555664,11.86795711517334
2926,3,0.85,110,8,19.185515938704285,0.8657312021376314,1,5.632234573364258,-12.882978439331055,11.837065696716309
2927,3,0.85,110,17,17.02168407164304,0.8627439009331919,1,8.535022735595703,-11.782161712646484,12.324568748474121
2928,3,0.85,110,17,6.975826424584737,0.8591502066452069,1,3.710129976272583,-12.03303337097168,12.196757316589355
2929,3,0.85,110,11,19.188605690403143,0.8627907798718841,1,6.143734931945801,-12.974946975708008,12.218318939208984
2930,3,0.85,110,10,23.007725736520584,0.8746807447538797,1,8.353182792663574,-11.98952865600586,12.045809745788574
2931,3,0.85,110,8,23.968080941781686,0.86263136245235,1,7.663681983947754,-13.647586822509766,12.414855003356934
2932,3,0.85,110,9,24.69748753399068,0.8663177974821115,1,3.652967691421509,-11.722976684570312,12.066835403442383
2933,3,0.85,110,18,9.732099840780839,0.8520044728064837,1,3.8576102256774902,-12.904970169067383,12.477072715759277
2934,3,0.85,110,19,14.023968291440154,0.8616683775674331,1,6.690508842468262,-13.900898933410645,12.479640007019043
2935,3,0.85,110,7,25.58611253829806,0.864495911392823,1,6.462422847747803,-13.089348793029785,12.3160400390625
2936,3,0.85,110,4,25.593092325915748,0.8594024563284528,1,7.115839004516602,-13.250532150268555,12.801513671875
2937,3,0.85,110,7,27.549801785092825,0.8834638482753282,1,35.510929107666016,-14.030848503112793,12.944543838500977
2938,3,0.85,110,18,15.443339414293337,0.8623366849086975,1,15.424568176269531,-15.243289947509766,13.046034812927246
2939,3,0.85,110,12,18.03487227164671,0.8520946897278565,1,2.115170478820801,-12.069202423095703,12.501883506774902
2940,3,0.85,110,7,21.807510075107462,0.8629953949718665,1,31.459707260131836,-13.931801795959473,12.849283218383789
2941,3,0.85,110,8,22.55004497835604,0.8646778286941951,1,8.27196979522705,-11.662528991699219,12.6295747756958
2942,3,0.85,110,15,18.841234615918665,0.8604885883370621,1,6.220063209533691,-11.878571510314941,12.62613296508789
2943,3,0.85,110,8,20.819532863427334,0.8827560101849721,1,5.250933647155762,-12.66686725616455,12.403358459472656
2944,3,0.85,110,18,8.064676165766377,0.8535613925246971,1,4.892492294311523,-12.828389167785645,12.498407363891602
2945,3,0.85,110,27,2.2948704551848618,0.863302566769642,1,3.7594411373138428,-13.679496765136719,12.144726753234863
2946,3,0.85,110,11,18.509072505547017,0.8669470150913593,1,6.047083854675293,-14.518898010253906,12.845369338989258
2947,3,0.85,110,7,23.58278084910745,0.8509614644168759,1,5.248656749725342,-13.31668472290039,12.182963371276855
2948,3,0.85,110,6,22.213212615195904,0.8654810102152111,1,4.473592758178711,-13.489297866821289,12.772429466247559
2949,3,0.85,110,13,19.167179964996677,0.8609892515001933,1,5.109463691711426,-13.736034393310547,12.348261833190918
2950,3,0.85,110,10,17.275626502368812,0.8510091877903542,1,3.824650287628174,-13.46135139465332,12.503259658813477
2951,3,0.85,110,9,21.503302236125172,0.8549567440912288,1,4.774763107299805,-13.455698013305664,12.539340019226074
2952,3,0.85,110,6,21.356921375865824,0.8639520034763918,1,4.256155490875244,-12.183094024658203,12.308627128601074
2953,3,0.85,110,6,26.641198387319083,0.8847706123652431,1,7.0282063484191895,-12.970575332641602,12.2927885055542
2954,3,0.85,110,15,19.451389495555368,0.8769931068818325,1,2.303166627883911,-15.136890411376953,12.66073226928711
2955,3,0.85,110,7,23.09445717905156,0.8841484542509264,1,3.382687568664551,-13.76659107208252,12.317065238952637
2956,3,0.85,110,18,13.467397095213013,0.852159527389515,1,6.289102554321289,-13.562252044677734,12.200910568237305
2957,3,0.85,110,13,17.42129107771887,0.8591704741606885,1,4.757749557495117,-12.826577186584473,12.090704917907715
2958,3,0.85,110,13,21.353160925315247,0.8509375940093807,1,5.180633068084717,-13.250143051147461,12.15201187133789
2959,3,0.85,110,21,10.925771931707466,0.8505067278846193,1,4.478014945983887,-12.980680465698242,12.27381420135498
2960,3,0.85,110,6,28.735843457533072,0.8834525764156729,1,4.8550310134887695,-13.193872451782227,12.342902183532715
2961,3,0.85,110,31,-6.740679150727189,0.8643664139632394,1,5.204405307769775,-12.223060607910156,12.213703155517578
2962,3,0.85,110,10,20.20145345904377,0.860322073279635,1,6.018952369689941,-14.279338836669922,12.574378967285156
2963,3,0.85,110,24,11.204378143322215,0.864593056875838,1,49.520347595214844,-12.962905883789062,12.175169944763184
2964,3,0.85,110,5,23.971943079472688,0.8607234249652423,1,3.2153806686401367,-14.506916046142578,12.149463653564453
2965,3,0.85,110,9,18.556065097851956,0.8501621705647714,1,4.196596622467041,-13.416971206665039,12.059046745300293
2966,3,0.85,110,8,24.757363854907716,0.8662509892762361,1,6.296747207641602,-14.324604034423828,11.881422996520996
2967,3,0.85,110,9,21.70945565004175,0.8529725844404163,1,16.503986358642578,-13.958364486694336,11.974287986755371
2968,3,0.85,110,13,23.188795888545922,0.8757679281872541,1,4.233380317687988,-12.363212585449219,12.037399291992188
2969,3,0.85,110,13,18.335139316563456,0.8568921907995594,1,17.288597106933594,-14.001426696777344,12.343364715576172
2970,3,0.85,110,7,18.37987584229977,0.8501116266498772,1,15.676593780517578,-12.016782760620117,11.930099487304688
2971,3,0.85,110,10,23.140729658899623,0.8626574322004126,1,13.37276840209961,-11.85604476928711,12.309228897094727
2972,3,0.85,110,11,20.068866390546425,0.8562852606293992,1,3.9743523597717285,-11.87435531616211,12.107375144958496
2973,3,0.85,110,6,26.00971662902898,0.8502973162719389,1,5.126065254211426,-13.631088256835938,11.902359962463379
2974,3,0.85,110,13,17.081717204040245,0.8757452289339982,1,2.2645461559295654,-14.219715118408203,11.869206428527832
2975,3,0.85,110,7,21.58019875093175,0.8596775390859568,1,2.8847429752349854,-14.029011726379395,12.086702346801758
2976,3,0.85,110,16,11.135872257988968,0.8571891161291366,1,3.4500443935394287,-13.591612815856934,11.791705131530762
2977,3,0.85,110,11,18.654342951784194,0.8572628768138194,1,5.547893524169922,-16.262340545654297,12.626632690429688
2978,3,0.85,110,12,20.392988112201696,0.8759811147252776,1,2.6576030254364014,-13.70815658569336,11.77687931060791
2979,3,0.85,110,11,24.373762026436353,0.8684273083715115,1,4.310047149658203,-12.591466903686523,11.785575866699219
2980,3,0.85,110,7,21.129770178648545,0.8640394634259375,1,3.3873329162597656,-14.66286849975586,12.871874809265137
2981,3,0.85,110,5,19.33883716088903,0.8638429202518615,1,9.757331848144531,-13.718002319335938,12.340662956237793
2982,3,0.85,110,10,22.108621714003704,0.8533628271559865,1,7.420198440551758,-14.040459632873535,11.979982376098633
2983,3,0.85,110,7,20.20478578952531,0.8678036308419559,1,3.8719398975372314,-13.972081184387207,11.79810619354248
2984,3,0.85,110,8,23.35427082135311,0.8868819505016303,1,5.373873710632324,-11.542184829711914,11.786036491394043
2985,3,0.85,110,13,16.72822263052395,0.8570563365316411,1,3.555555820465088,-15.098064422607422,11.904494285583496
2986,3,0.85,110,8,26.181881881632307,0.8527538994335129,1,7.05626106262207,-14.720852851867676,12.304931640625
2987,3,0.85,110,13,21.264283648788798,0.8675219408893414,1,8.67548942565918,-15.091995239257812,11.907042503356934
2988,3,0.85,110,11,19.968647772841045,0.8832384177192155,1,5.689601898193359,-15.687623023986816,12.215642929077148
2989,3,0.85,110,10,22.71146438140528,0.87482915459904,1,5.10587215423584,-13.606485366821289,12.028464317321777
2990,3,0.85,110,14,15.472666440615557,0.8520030862583058,1,2.9897937774658203,-12.671455383300781,12.207761764526367
2991,3,0.85,110,19,8.317496554946803,0.8527026225691037,1,5.4652276039123535,-11.872952461242676,11.684677124023438
2992,3,0.85,110,7,21.138808130941033,0.8739925035388513,1,10.413933753967285,-14.71334457397461,12.940340042114258
2993,3,0.85,110,5,29.107885915994597,0.8771869967543916,1,7.647892951965332,-12.30954360961914,12.659065246582031
2994,3,0.85,110,17,12.475827435363845,0.8550115040299825,1,11.00487232208252,-13.328218460083008,12.202249526977539
2995,3,0.85,110,11,20.430533756357164,0.8547069343286643,1,3.4045772552490234,-13.97363567352295,12.655033111572266
2996,3,0.85,110,8,24.568365119388076,0.8650484219600639,1,10.179767608642578,-14.060935974121094,12.501460075378418
2997,3,0.85,110,16,13.640974654940049,0.8638386396670299,1,5.218569755554199,-12.188515663146973,11.971842765808105
2998,3,0.85,110,17,4.413056467336319,0.855820624583417,1,4.97627067565918,-15.897332191467285,12.770791053771973
2999,3,0.85,110,9,13.48060520420707,0.874663333242199,1,13.446206092834473,-14.656512260437012,12.136881828308105
3000,3,0.85,110,9,20.11678295369994,0.8654512932556384,1,3.2926900386810303,-13.679525375366211,11.914163589477539
3001,3,0.85,110,13,15.022539199036562,0.8541425735455055,1,4.564376354217529,-15.061460494995117,11.704500198364258
3002,3,0.85,110,8,19.6331018727787,0.8580753755342712,1,10.583333969116211,-12.397294998168945,11.481379508972168
3003,3,0.85,110,7,25.772391967158267,0.8767506500607272,1,4.315401077270508,-13.163883209228516,11.45461368560791
3004,3,0.85,110,13,11.870667290207802,0.850897635236259,1,5.109373092651367,-14.209558486938477,11.148624420166016
3005,3,0.85,110,10,20.072004138911787,0.8608087396036276,1,6.721426010131836,-13.446189880371094,11.671661376953125
3006,3,0.85,110,8,24.852820481314513,0.8688445576668802,1,3.0371241569519043,-13.118642807006836,11.374552726745605
3007,3,0.85,110,8,22.52220727644187,0.8503576003297978,1,5.880136489868164,-13.032899856567383,11.259101867675781
3008,3,0.85,110,15,15.322014090400273,0.8506453412380784,1,4.32389497756958,-13.918383598327637,11.385334968566895
3009,3,0.85,110,13,15.816636300069,0.87333382194514,1,4.706606388092041,-13.88547420501709,11.157389640808105
3010,3,0.85,110,15,18.790224656218246,0.8698430330018124,1,2.8366708755493164,-12.701580047607422,11.268584251403809
3011,3,0.85,110,16,20.85354416324763,0.8526712752851083,1,3.279409170150757,-13.793695449829102,11.29493236541748
3012,3,0.85,110,14,13.776030053691414,0.8518202929784147,1,2.2741870880126953,-13.808082580566406,11.37279987335205
3013,3,0.85,110,24,7.988949603044626,0.8615782402050304,1,2.505978584289551,-13.313878059387207,11.378570556640625
3014,3,0.85,110,12,20.18438993773183,0.8520546978200567,1,5.017766952514648,-13.182838439941406,11.550860404968262
3015,3,0.85,110,16,17.758255873439236,0.8672665514602871,1,2.8596506118774414,-12.535351753234863,11.308649063110352
3016,3,0.85,110,15,15.355356194151488,0.8612300082397545,1,3.5825881958007812,-12.827241897583008,11.349868774414062
3017,3,0.85,110,3,21.93208930607941,0.8523106142962678,1,13.031497955322266,-13.937118530273438,11.838299751281738
3018,3,0.85,110,18,14.506205101152679,0.8523877521804841,1,6.9427337646484375,-14.429439544677734,11.673890113830566
3019,3,0.85,110,10,19.451090430486147,0.8696227976515616,1,3.4707698822021484,-12.873126983642578,11.493846893310547
3020,3,0.85,110,33,-1.2552579612397086,0.8583460732830839,1,5.114497661590576,-13.037569046020508,11.835611343383789
3021,3,0.85,110,4,26.659640515189196,0.8599015193542562,1,13.163116455078125,-14.494224548339844,11.894883155822754
3022,3,0.85,110,17,18.357222239300814,0.8601577535162218,1,7.616478443145752,-15.84083366394043,11.968393325805664
3023,3,0.85,110,9,22.386515841664746,0.8619378461100902,1,13.754022598266602,-14.544368743896484,11.755934715270996
3024,3,0.85,110,5,25.931788846762622,0.8632476429263297,1,25.48413848876953,-15.22471809387207,12.240168571472168
3025,3,0.85,110,13,19.829108014054874,0.8655208665731629,1,5.493679046630859,-13.781763076782227,11.701136589050293
3026,3,0.85,110,14,18.311864882743738,0.8571260871618146,1,2.80141019821167,-12.873636245727539,11.87598991394043
3027,3,0.85,110,9,18.892397141576666,0.8514550786021698,1,19.189258575439453,-13.285419464111328,12.405230522155762
3028,3,0.85,110,15,14.805296744146814,0.8573175341002544,1,9.60059928894043,-13.568344116210938,12.425493240356445
3029,3,0.85,110,17,16.010416956544336,0.8521513455657185,1,4.938673973083496,-13.255474090576172,12.442842483520508
3030,3,0.85,110,20,10.954289686488355,0.8700652106587056,1,18.29582977294922,-14.822602272033691,12.792769432067871
3031,3,0.85,110,7,29.10886577306777,0.8756620972386848,1,8.742446899414062,-13.29956340789795,12.679986000061035
3032,3,0.85,110,20,11.265569599542067,0.8592682875928216,1,4.240494728088379,-12.934523582458496,11.895605087280273
3033,3,0.85,110,6,26.083039128664417,0.869155137505227,1,3.4422101974487305,-13.927871704101562,11.821822166442871
3034,3,0.85,110,14,21.569639769434062,0.8581393105344006,1,3.426741600036621,-13.236017227172852,11.804954528808594
3035,3,0.85,110,11,20.52233181806209,0.866369468727874,1,3.085571765899658,-14.945027351379395,12.358637809753418
3036,3,0.85,110,18,12.661072669170824,0.8532303320257786,1,4.074139595031738,-14.113485336303711,12.082661628723145
3037,3,0.85,110,11,23.820818649318486,0.8503065286695641,1,6.253584861755371,-13.553926467895508,11.596364974975586
3038,3,0.85,110,10,25.221674690334844,0.8667800208928624,1,4.315718650817871,-14.188820838928223,11.690144538879395
3039,3,0.85,110,13,21.458607381363887,0.8572626945303573,1,3.4582676887512207,-13.912176132202148,11.97773265838623
3040,3,0.85,110,7,26.228240827832614,0.8589720547131815,1,16.275331497192383,-15.41899299621582,11.93355655670166
3041,3,0.85,110,9,22.524304182944242,0.8655618145658273,1,2.2670249938964844,-12.679906845092773,11.301085472106934
3042,3,0.85,110,7,24.633741212907783,0.8512137406344401,1,5.065005302429199,-14.794686317443848,11.597006797790527
3043,3,0.85,110,14,18.41813011673168,0.8646248102064538,1,4.426490306854248,-12.884648323059082,11.187090873718262
3044,3,0.85,110,6,29.192815973409388,0.89368846084651,1,46.740135192871094,-13.321087837219238,11.248804092407227
3045,3,0.85,110,9,22.963330483216957,0.8525104913773376,1,8.053808212280273,-12.951522827148438,11.6141357421875
3046,3,0.85,110,18,13.860395608341388,0.8512951235246872,1,4.309061050415039,-12.244134902954102,11.304608345031738
3047,3,0.85,110,21,8.39583738881216,0.860149239509604,1,12.022238731384277,-12.853818893432617,11.288593292236328
3048,3,0.85,110,8,24.107738509397137,0.8619585172268931,1,3.2039685249328613,-12.387152671813965,11.004528999328613
3049,3,0.85,110,4,22.762067054430506,0.8703936504504135,1,9.892641067504883,-14.38945484161377,11.040657997131348
3050,3,0.85,110,23,7.0583764661674895,0.8618153237940832,1,4.952669143676758,-13.617934226989746,11.532803535461426
3051,3,0.85,110,9,24.132186060059624,0.8509076502727719,1,8.104501724243164,-13.9973726272583,10.91968059539795
3052,3,0.85,110,18,12.120365401007911,0.8606917590043355,1,3.130716323852539,-13.166190147399902,11.08655071258545
3053,3,0.85,110,8,20.87683726997318,0.8543625322735343,1,5.699672698974609,-13.246243476867676,11.486483573913574
3054,3,0.85,110,18,10.114107498423703,0.8761540262883475,1,4.03932523727417,-12.014131546020508,11.072955131530762
3055,3,0.85,110,7,23.54015621279118,0.8593614469217935,1,4.0633649826049805,-12.928890228271484,11.558212280273438
3056,3,0.85,110,5,23.56513886030283,0.8605215361673968,1,3.5468573570251465,-12.920211791992188,11.803895950317383
3057,3,0.85,110,6,25.290715802836427,0.8620606867920236,1,9.371999740600586,-13.399618148803711,11.609694480895996
3058,3,0.85,110,8,19.48751921508268,0.8686858332766885,1,5.567790985107422,-13.293734550476074,11.521970748901367
3059,3,0.85,110,18,16.36330861351088,0.8649122461247974,1,3.7185909748077393,-14.783884048461914,11.48177719116211
3060,3,0.85,110,9,25.113441945899634,0.8830238132364363,1,7.287168979644775,-13.647202491760254,11.951956748962402
3061,3,0.85,110,11,19.07331722482266,0.8525144195654001,1,7.392243385314941,-15.571450233459473,12.416653633117676
3062,3,0.85,110,16,16.189423908793472,0.8559530367369599,1,3.035796642303467,-13.072895050048828,11.755105018615723
3063,3,0.85,110,18,19.637508111737617,0.8550048105353966,1,1.7097275257110596,-13.17904281616211,11.933438301086426
3064,3,0.85,110,12,21.226588857697276,0.8542467633255924,1,5.918053150177002,-12.874174118041992,12.067976951599121
3065,3,0.85,110,7,24.14232053303561,0.8524698121957162,1,1.829948902130127,-11.936933517456055,11.65590763092041
3066,3,0.85,110,13,21.005586744558506,0.8588281599329196,1,2.6224703788757324,-13.476308822631836,12.494952201843262
3067,3,0.85,110,7,21.076630091643132,0.8513538382795582,1,3.750861167907715,-12.429098129272461,12.002107620239258
3068,3,0.85,110,21,9.164719688553996,0.8526925512784219,1,8.958369255065918,-14.17597770690918,12.742583274841309
3069,3,0.85,110,7,24.6687759289042,0.8588269171189985,1,4.391984939575195,-13.42759895324707,12.514086723327637
3070,3,0.85,110,3,22.923165681799762,0.8596616601144584,1,4.4857497215271,-13.664811134338379,12.369702339172363
3071,3,0.85,110,14,18.391789078557537,0.8507128946622454,1,8.509069442749023,-13.882462501525879,12.537047386169434
3072,3,0.85,110,9,22.85338133865702,0.8635883878775541,1,3.2484865188598633,-11.860782623291016,12.116620063781738
3073,3,0.85,110,11,17.40150866026199,0.8649523634730295,1,3.921781539916992,-15.189699172973633,13.072494506835938
3074,3,0.85,110,15,17.108416714747076,0.8602099071001236,1,4.266324520111084,-13.079414367675781,12.269941329956055
3075,3,0.85,110,10,16.96797587596194,0.889353753970165,1,2.8876686096191406,-14.243659019470215,13.206679344177246
3076,3,0.85,110,19,9.033581604271816,0.8532744445682365,1,4.875041961669922,-13.70543384552002,12.580856323242188
3077,3,0.85,110,11,20.69098055950523,0.8606718024714375,1,3.104574203491211,-13.507086753845215,13.056421279907227
3078,3,0.85,110,12,22.122925382154534,0.8503365096147629,1,2.3736283779144287,-14.624079704284668,13.104728698730469
3079,3,0.85,110,16,15.14007971864556,0.8667838922741385,1,2.288154125213623,-13.531267166137695,12.489885330200195
3080,3,0.85,110,11,16.810709638375467,0.8690294257149326,1,6.166612148284912,-13.222965240478516,12.765484809875488
3081,3,0.85,110,17,11.640997911490484,0.8694716431245824,1,6.3350982666015625,-14.147302627563477,12.60046100616455
3082,3,0.85,110,15,21.066151645505908,0.8626037855853902,1,4.309040069580078,-15.966926574707031,13.119738578796387
3083,3,0.85,110,21,11.580833761356516,0.8668635792854699,1,5.835359573364258,-15.584273338317871,13.394183158874512
3084,3,0.85,110,17,16.100490508780233,0.8579565174926609,1,5.056990623474121,-13.287667274475098,12.877036094665527
3085,3,0.85,110,34,-10.963211134699645,0.8730964246202846,1,7.061701774597168,-13.415529251098633,12.688281059265137
3086,3,0.85,110,7,25.55194080229502,0.8769000603994612,1,23.494544982910156,-13.880826950073242,12.552319526672363
3087,3,0.85,110,10,23.583667294034733,0.8542649293219915,1,5.3644843101501465,-14.19005012512207,13.10626220703125
3088,3,0.85,110,26,5.758463050116738,0.8596714508896987,1,2.864758253097534,-12.097532272338867,12.508889198303223
3089,3,0.85,110,17,18.600460693373158,0.8617738935959852,1,6.090456008911133,-13.418046951293945,12.421607971191406
3090,3,0.85,110,11,18.55546495445318,0.8506678131014244,1,24.190284729003906,-11.456966400146484,12.57827091217041
3091,3,0.85,110,11,19.94499023745046,0.8617786878084656,1,6.271467685699463,-11.621367454528809,12.205296516418457
3092,3,0.85,110,9,15.130834238531799,0.8631226830614123,1,11.107142448425293,-14.827080726623535,12.701489448547363
3093,3,0.85,110,11,19.328136855335224,0.8535664157974248,1,5.9045281410217285,-14.331108093261719,11.591018676757812
3094,3,0.85,110,5,18.993904832567665,0.8527666628485059,1,7.064666748046875,-14.889854431152344,12.363648414611816
3095,3,0.85,110,9,24.35134319400554,0.870260954856463,1,3.832477569580078,-15.07279109954834,12.099154472351074
3096,3,0.85,110,12,15.773663749340756,0.8708533997775155,1,4.4144673347473145,-12.365005493164062,11.645316123962402
3097,3,0.85,110,13,18.251546908445004,0.8539462310334485,1,6.8305206298828125,-13.333995819091797,11.734015464782715
3098,3,0.85,110,10,18.157401174798906,0.8620017568267598,1,3.786032199859619,-10.770343780517578,11.948715209960938
3099,3,0.85,110,17,17.39498235542552,0.8738991041999369,1,3.354717254638672,-13.091480255126953,12.120237350463867
3100,3,0.85,110,8,24.12098209118475,0.8653522162106317,1,6.169125080108643,-13.314404487609863,12.013803482055664
3101,3,0.85,110,13,21.614542048498613,0.8736571201451989,1,3.666741371154785,-15.634568214416504,12.071383476257324
3102,3,0.85,110,15,15.829636834421922,0.8739595234519371,1,3.119633197784424,-12.863754272460938,11.300694465637207
3103,3,0.85,110,16,15.171418162429859,0.8524561543460769,1,3.826594829559326,-14.29387092590332,11.384127616882324
3104,3,0.85,110,8,21.353209601894633,0.886958217354614,1,5.095288276672363,-14.791646957397461,11.861933708190918
3105,3,0.85,110,19,10.648051942030525,0.8739500532800006,1,6.412254810333252,-15.281344413757324,11.575087547302246
3106,3,0.85,110,9,24.62409796041105,0.8778115396507125,1,5.118655204772949,-14.445563316345215,11.71325969696045
3107,3,0.85,110,13,15.19861760371646,0.8600713112715345,1,3.87744140625,-14.357669830322266,11.703574180603027
3108,3,0.85,110,7,30.468873674259306,0.8688583299657685,1,4.5897016525268555,-13.750455856323242,11.923956871032715
3109,3,0.85,110,6,27.29414312190488,0.8577715503484561,1,4.2626237869262695,-13.627054214477539,11.979939460754395
3110,3,0.85,110,10,21.96996117371885,0.8590779402102632,1,4.298247337341309,-11.058087348937988,11.722073554992676
3111,3,0.85,110,7,24.91660085730436,0.8712833531458934,1,3.492313861846924,-11.872817993164062,12.104527473449707
3112,3,0.85,110,27,4.732565648035424,0.8717764567480186,1,2.3947973251342773,-12.715112686157227,12.480666160583496
3113,3,0.85,110,8,23.36705099511152,0.8867685371938503,1,5.0676774978637695,-13.459528923034668,12.315301895141602
3114,3,0.85,110,7,21.74386557257401,0.85191434742769,1,8.811905860900879,-12.364034652709961,12.399988174438477
3115,3,0.85,110,7,23.663004474715237,0.8607165625408599,1,21.354354858398438,-13.723466873168945,12.584064483642578
3116,3,0.85,110,9,19.578199849796434,0.8669766382587207,1,10.85213851928711,-14.54263687133789,12.494770050048828
3117,3,0.85,110,14,20.05626807603278,0.8574952550654671,1,3.327216148376465,-13.480445861816406,11.954068183898926
3118,3,0.85,110,10,22.872224476878337,0.8733163059233352,1,5.515059947967529,-14.966150283813477,12.482254981994629
3119,3,0.85,110,9,15.172161894631383,0.8670914569555789,1,5.337449073791504,-13.382089614868164,12.146608352661133
3120,3,0.85,110,5,18.884810236524714,0.8522133181571362,1,5.155535697937012,-13.583688735961914,11.995074272155762
3121,3,0.85,110,6,27.204449803602586,0.8539453762216276,1,3.4685122966766357,-12.547775268554688,12.053947448730469
3122,3,0.85,110,10,21.310190151377647,0.8674552745963409,1,2.809331178665161,-12.107933044433594,12.248261451721191
3123,3,0.85,110,6,27.252213188569456,0.88243481439577,1,3.310011625289917,-12.73298168182373,12.309834480285645
3124,3,0.85,110,7,19.96609135080432,0.8659146841994397,1,3.987194299697876,-11.261665344238281,11.89972972869873
3125,3,0.85,110,13,15.283645369934142,0.8532759523218894,1,3.2982192039489746,-12.563423156738281,12.405665397644043
3126,3,0.85,110,12,22.825261659930433,0.8726848809071116,1,3.415015935897827,-14.142871856689453,12.520041465759277
3127,3,0.85,110,6,21.608077323224247,0.8726206635048459,1,3.1206674575805664,-12.819272994995117,11.93152904510498
3128,3,0.85,110,8,22.80108906161672,0.8622701846837736,1,6.508904457092285,-14.20640754699707,12.101384162902832
3129,3,0.85,110,6,24.316469843025274,0.8730621956453929,1,9.272096633911133,-15.0383939743042,11.887653350830078
3130,3,0.85,110,16,20.36534616082988,0.8693925332330343,1,5.0711259841918945,-13.82414722442627,11.830759048461914
3131,3,0.85,110,8,23.377845899597524,0.8639030966500095,1,4.258709907531738,-12.836441993713379,11.826188087463379
3132,3,0.85,110,16,15.564522333204666,0.8581206741912925,1,4.256533622741699,-12.958115577697754,11.799083709716797
3133,3,0.85,110,8,25.131671651819445,0.8588471339871376,1,3.6769638061523438,-13.176069259643555,11.882051467895508
3134,3,0.85,110,12,18.154141863975532,0.8679105000370414,1,6.134554862976074,-13.648448944091797,12.012177467346191
3135,3,0.85,110,9,22.0454871690632,0.8508770896284156,1,6.309215545654297,-13.858378410339355,11.952685356140137
3136,3,0.85,110,17,20.359748260741604,0.8603447424466797,1,15.47875690460205,-12.621411323547363,11.894930839538574
3137,3,0.85,110,7,22.549047593572347,0.8749725522360433,1,2.4919302463531494,-13.011187553405762,11.469691276550293
3138,3,0.85,110,6,23.045267214096494,0.874397746296217,1,4.5810747146606445,-12.35323429107666,11.601223945617676
3139,3,0.85,110,7,27.408071605805137,0.8569511977254123,1,3.290233612060547,-13.301525115966797,11.789674758911133
3140,3,0.85,110,10,23.642808917754856,0.8705934398955496,1,4.957729339599609,-12.843782424926758,11.885530471801758
3141,3,0.85,110,15,16.1240548534018,0.8808877215649155,1,4.191409111022949,-13.031368255615234,11.610230445861816
3142,3,0.85,110,15,19.043173751034324,0.8806780691894261,1,4.446988582611084,-12.860832214355469,12.192767143249512
3143,3,0.85,110,21,10.430911734701755,0.8618461224157381,1,5.98672342300415,-14.230694770812988,12.07577896118164
3144,3,0.85,110,13,20.25665384630026,0.871959818747139,1,4.7720794677734375,-15.023673057556152,12.015707015991211
3145,3,0.85,110,5,27.06909829479767,0.8924219668880017,1,38.985008239746094,-14.537973403930664,11.888473510742188
3146,3,0.85,110,6,24.736911553060416,0.8707796535684363,1,3.0817744731903076,-13.520991325378418,11.563114166259766
3147,3,0.85,110,23,9.568025768937662,0.8665366608206937,1,3.2155542373657227,-15.103565216064453,12.479397773742676
3148,3,0.85,110,24,4.027592431711324,0.8670643974130738,1,4.53270149230957,-13.656501770019531,11.937807083129883
3149,3,0.85,110,8,24.494853041360283,0.8536229794803968,1,6.729392051696777,-14.02509593963623,12.475558280944824
3150,3,0.85,110,14,15.756229426151524,0.8539516588134166,1,11.623443603515625,-13.26108169555664,12.460957527160645
3151,3,0.85,110,5,22.003035805439033,0.850395431249463,1,6.755610466003418,-12.960587501525879,12.263617515563965
3152,3,0.85,110,4,20.415457944765944,0.8590535138273625,1,8.055572509765625,-14.308637619018555,12.300833702087402
3153,3,0.85,110,9,21.512862457806783,0.8670477960114885,1,6.151460647583008,-11.496467590332031,11.469778060913086
3154,3,0.85,110,10,25.403397750186215,0.8636979501467189,1,3.604829788208008,-12.947341918945312,11.691734313964844
3155,3,0.85,110,12,20.418712701677705,0.8504445371452334,1,5.644098281860352,-13.803678512573242,11.773808479309082
3156,3,0.85,110,15,20.888564010492246,0.8547246045142038,1,3.7247605323791504,-13.67959976196289,11.388039588928223
3157,3,0.85,110,9,21.127804347805906,0.8536515530589213,1,39.9820556640625,-12.884462356567383,11.554510116577148
3158,3,0.85,110,12,19.140403805952463,0.853179221350228,1,3.155479907989502,-14.344194412231445,12.098126411437988
3159,3,0.85,110,16,18.6581350619561,0.8805237858993888,1,5.704024314880371,-15.925580978393555,12.042571067810059
3160,3,0.85,110,9,23.319339760915305,0.865637314881982,1,7.006843566894531,-12.617849349975586,11.527275085449219
3161,3,0.85,110,15,20.95663570395008,0.892747133895892,1,9.267786026000977,-13.114701271057129,11.533349990844727
3162,3,0.85,110,9,22.337714184089172,0.8555129822434551,1,4.978970050811768,-14.185291290283203,11.88588809967041
3163,3,0.85,110,11,21.631909829968365,0.8840097842941853,1,6.575234889984131,-13.695785522460938,11.804924011230469
3164,3,0.85,110,13,15.1863491645261,0.8554362139644222,1,3.6194064617156982,-13.57823371887207,11.773821830749512
3165,3,0.85,110,10,24.95962955262226,0.8741656327020021,1,4.14837646484375,-14.016475677490234,11.526551246643066
3166,3,0.85,110,9,21.788578724397066,0.8530918627226096,1,9.904865264892578,-14.725028991699219,12.078904151916504
3167,3,0.85,110,8,26.806461486030294,0.8585204963522688,1,3.6508944034576416,-12.86253547668457,11.47010326385498
3168,3,0.85,110,18,15.204450923749448,0.851610480166029,1,5.326485633850098,-13.299985885620117,11.270034790039062
3169,3,0.85,110,8,25.301148712331845,0.8507092069029212,1,3.5602686405181885,-12.987617492675781,11.592153549194336
3170,3,0.85,110,6,20.675016933914016,0.8598974834569361,1,14.128641128540039,-15.752080917358398,12.270703315734863
3171,3,0.85,110,14,13.47644134700018,0.8799631381780282,1,3.4159069061279297,-14.33622932434082,11.327467918395996
3172,3,0.85,110,17,13.41448761558031,0.862873330274653,1,4.217913627624512,-14.394258499145508,11.840860366821289
3173,3,0.85,110,13,22.116960943660438,0.8702104714741818,1,6.326632022857666,-12.95386791229248,11.257438659667969
3174,3,0.85,110,17,15.577778684730504,0.862051076227401,1,6.982524871826172,-15.34009838104248,11.528657913208008
3175,3,0.85,110,16,15.287998200635524,0.8667353296329217,1,4.260969638824463,-13.049362182617188,11.327570915222168
3176,3,0.85,110,10,23.706376335586256,0.8635233212273761,1,3.7557873725891113,-15.197227478027344,12.066472053527832
3177,3,0.85,110,10,23.426146602526693,0.8629091739234576,1,2.3105406761169434,-13.077865600585938,11.04017162322998
3178,3,0.85,110,11,22.083743829343824,0.8565708877993005,1,3.259568214416504,-13.027066230773926,11.442028045654297
3179,3,0.85,110,6,23.643190893783974,0.8715458783750432,1,4.629744529724121,-13.881150245666504,11.8351469039917
3180,3,0.85,110,7,23.98596277831942,0.8545105227605463,1,2.9395971298217773,-12.534622192382812,11.643194198608398
3181,3,0.85,110,7,27.223104184238558,0.8670741702622153,1,5.361564636230469,-14.737060546875,11.845648765563965
3182,3,0.85,110,6,23.627451968885758,0.8591235422594609,1,4.645981788635254,-14.360128402709961,11.097808837890625
3183,3,0.85,110,10,20.094599271357225,0.8552210636226101,1,4.726985931396484,-13.802499771118164,11.520865440368652
3184,3,0.85,110,21,10.032613657596372,0.8560505393655251,1,3.0552978515625,-13.631528854370117,11.526183128356934
3185,3,0.85,110,7,27.290469197389456,0.8735232345388494,1,2.129711866378784,-12.913532257080078,11.26240062713623
3186,3,0.85,110,9,23.46186366975467,0.87476823347365,1,4.257265090942383,-12.725702285766602,11.043481826782227
3187,3,0.85,110,9,19.87382612681588,0.8605864439484238,1,2.6608777046203613,-12.206528663635254,11.295475959777832
3188,3,0.85,110,20,15.879242580900819,0.8832001862750876,1,11.00372314453125,-12.19948959350586,11.360810279846191
3189,3,0.85,110,12,20.82228086008955,0.8706690881350212,1,4.877685070037842,-14.353912353515625,11.903117179870605
3190,3,0.85,110,4,22.647013040843582,0.8545023425104216,1,16.33307647705078,-12.726051330566406,11.519370079040527
3191,3,0.85,110,12,19.739930877940186,0.8561404737695806,1,2.8918542861938477,-11.72147274017334,11.013895988464355
3192,3,0.85,110,7,26.011517192619294,0.8603682319106011,1,3.5105414390563965,-12.816020965576172,11.660614013671875
3193,3,0.85,110,6,24.524084521108108,0.8779088237437818,1,3.8074893951416016,-13.286102294921875,11.293082237243652
3194,3,0.85,110,21,14.715233861458712,0.8543503840146308,1,4.366756439208984,-13.607616424560547,11.251543045043945
3195,3,0.85,110,13,22.24600163884027,0.8788400743611038,1,18.84825325012207,-13.694713592529297,11.866381645202637
3196,3,0.85,110,16,19.992583339238834,0.8771600483396822,1,6.8146257400512695,-13.403398513793945,11.190033912658691
3197,3,0.85,110,10,22.02525187924358,0.8677424992639903,1,2.786761999130249,-12.279581069946289,11.341160774230957
3198,3,0.85,110,8,19.028511058622385,0.8701882352080886,1,3.6265108585357666,-13.831376075744629,11.846163749694824
3199,3,0.85,110,19,15.055675707574151,0.8520673951294299,1,2.731822967529297,-13.791563034057617,11.762808799743652
3200,3,0.85,110,14,22.679591013860485,0.8535212065468522,1,9.882293701171875,-13.122671127319336,11.441036224365234
3201,3,0.85,110,14,20.90311222488982,0.8597705892439466,1,4.615087509155273,-13.604643821716309,11.762266159057617
3202,3,0.85,110,7,26.222783640470247,0.85691716395332,1,3.953070640563965,-14.322150230407715,12.092844009399414
3203,3,0.85,110,6,19.154062040683876,0.8596274696909502,1,7.484489440917969,-13.014002799987793,11.70909595489502
3204,3,0.85,110,8,21.70033084830896,0.8603724994984201,1,7.397351264953613,-13.055020332336426,11.777371406555176
3205,3,0.85,110,6,26.488219640773483,0.8655108753095431,1,5.104117393493652,-12.32464599609375,12.024310111999512
3206,3,0.85,110,6,25.577125971540013,0.8984356926442791,1,5.701535224914551,-13.838687896728516,12.208571434020996
3207,3,0.85,110,22,7.573766734277504,0.8768890093650555,1,4.397336959838867,-14.490191459655762,11.71293830871582
3208,3,0.85,110,14,14.118715476094444,0.8655404147603645,1,4.129595756530762,-13.206306457519531,11.99904727935791
3209,3,0.85,110,14,18.293986709624342,0.8629365899559321,1,3.984510660171509,-14.340187072753906,12.629780769348145
3210,3,0.85,110,11,22.267078764668824,0.8821329680442169,1,5.321621894836426,-14.744668960571289,12.206168174743652
3211,3,0.85,110,13,18.38688707497876,0.8707773142251366,1,5.933342456817627,-12.809045791625977,12.08149242401123
3212,3,0.85,110,15,12.670321760694437,0.8566897784999782,1,6.3511457443237305,-12.526061058044434,11.895002365112305
3213,3,0.85,110,9,18.938928100185244,0.8640478336100524,1,5.854856967926025,-14.29279899597168,12.57938003540039
3214,3,0.85,110,22,13.017177034903987,0.8700744866855153,1,3.700727939605713,-13.67363452911377,12.1658296585083
3215,3,0.85,110,7,19.491398067297958,0.8500395318373081,1,12.345968246459961,-11.849595069885254,11.853910446166992
3216,3,0.85,110,8,25.027227899785792,0.8639389127147796,1,3.7843289375305176,-12.568182945251465,12.657042503356934
3217,3,0.85,110,6,22.153102314064967,0.8563292619269608,1,5.673011779785156,-15.107701301574707,12.87170124053955
3218,3,0.85,110,9,17.24734093287075,0.8693113164166988,1,19.625579833984375,-13.025843620300293,12.374460220336914
3219,3,0.85,110,5,26.846008480285896,0.8684335956298675,1,11.886798858642578,-11.841886520385742,12.11400032043457
3220,3,0.85,110,14,13.131075110992219,0.8575522312925297,1,5.262782096862793,-11.579843521118164,12.219231605529785
3221,3,0.85,110,6,25.86198450935907,0.8583194977262163,1,4.531017780303955,-12.07069206237793,11.77519416809082
3222,3,0.85,110,8,14.00195645567689,0.8550682634479354,1,7.041079998016357,-13.67408561706543,12.465851783752441
3223,3,0.85,110,22,10.68883571764347,0.8563076084984235,1,4.418437480926514,-14.243856430053711,12.1128511428833
3224,3,0.85,110,26,2.973943612410938,0.85466496169089,1,4.75076961517334,-13.790325164794922,11.876994132995605
3225,3,0.85,110,9,27.229079895733925,0.8547646352246526,1,2.5796287059783936,-13.170303344726562,11.586244583129883
3226,3,0.85,110,11,23.32582819023513,0.8753871957040688,1,8.209498405456543,-12.910533905029297,11.646743774414062
3227,3,0.85,110,15,18.569746611456484,0.8635864062522131,1,37.10464096069336,-13.58706283569336,11.942254066467285
3228,3,0.85,110,15,15.58282522036599,0.8555416568887924,1,2.9835100173950195,-12.559364318847656,11.958454132080078
3229,3,0.85,110,11,18.954762524342687,0.8545620929881906,1,6.30409049987793,-14.314496994018555,12.307914733886719
3230,3,0.85,110,13,19.28107499335521,0.8631180207786507,1,6.751462936401367,-14.031367301940918,12.222589492797852
3231,3,0.85,110,5,26.252038756859935,0.8665649660427599,1,6.111274242401123,-13.00881576538086,11.839018821716309
3232,3,0.85,110,11,21.493562702796318,0.8694705263007367,1,5.178040504455566,-14.747312545776367,12.27098560333252
3233,3,0.85,110,13,18.300835437594024,0.8623719443444017,1,5.706104278564453,-15.043606758117676,12.303755760192871
3234,3,0.85,110,8,23.384831262205843,0.8558404070505659,1,2.9020118713378906,-13.701504707336426,11.878313064575195
3235,3,0.85,110,24,3.751951526769152,0.8741137703125297,1,4.654638290405273,-14.522762298583984,12.196734428405762
3236,3,0.85,110,9,20.976277838848524,0.8656920853807475,1,3.1030502319335938,-14.12613296508789,12.163551330566406
3237,3,0.85,110,5,20.780981403655076,0.8566565210656503,1,3.127389430999756,-11.42329216003418,11.965216636657715
3238,3,0.85,110,13,16.678842266535305,0.8699888068804146,1,3.323592185974121,-14.122129440307617,12.287236213684082
3239,3,0.85,110,26,2.1855780207098556,0.8532294465078966,1,3.4703986644744873,-11.918072700500488,11.756403923034668
3240,3,0.85,110,9,21.290532301432304,0.8840466997606612,1,5.515316963195801,-12.604461669921875,12.104243278503418
3241,3,0.85,110,17,15.139046596630052,0.8789000543727813,1,2.9864540100097656,-11.694290161132812,11.744627952575684
3242,3,0.85,110,9,16.735570553645452,0.853412892776999,1,6.254079818725586,-12.50525951385498,12.015581130981445
3243,3,0.85,110,8,21.820526852856986,0.8525945519371297,1,3.9510788917541504,-15.377546310424805,12.288257598876953
3244,3,0.85,110,12,17.684960680552088,0.856295939903883,1,4.639908790588379,-13.145889282226562,11.891798973083496
3245,3,0.85,110,10,22.809646207748305,0.8610508251050578,1,4.097977161407471,-13.424200057983398,11.70006275177002
3246,3,0.85,110,6,26.68105214795249,0.8973190418967047,1,2.9841537475585938,-15.455411911010742,12.239190101623535
3247,3,0.85,110,13,15.629276893313575,0.8504133303925391,1,3.30578875541687,-11.785307884216309,11.425130844116211
3248,3,0.85,110,5,20.856889412725103,0.8504779341573449,1,3.8426103591918945,-13.680364608764648,11.35688304901123
3249,3,0.85,110,11,17.39282584578516,0.8564918763952118,1,3.9690308570861816,-13.41430950164795,12.046046257019043
3250,3,0.85,110,10,13.814094021368936,0.8645609708200382,1,4.505176067352295,-12.854928970336914,11.490854263305664
3251,3,0.85,110,6,21.778205865909918,0.8586409223325631,1,2.302932024002075,-12.903215408325195,11.810856819152832
3252,3,0.85,110,9,18.319462539716465,0.8674269982033777,1,4.85345458984375,-13.861696243286133,11.91953182220459
3253,3,0.85,110,10,24.25956215494217,0.8520193726971962,1,11.372424125671387,-14.30429458618164,11.78812313079834
3254,3,0.85,110,9,22.08211274661648,0.8507645688522912,1,6.869930744171143,-15.423213005065918,12.2312650680542
3255,3,0.85,110,23,2.158144945208461,0.8690793558029571,1,3.822561740875244,-14.434480667114258,12.159613609313965
3256,3,0.85,110,18,13.041304882051207,0.856358119085166,1,6.944087028503418,-14.974372863769531,12.046538352966309
3257,3,0.85,110,16,18.954480719854892,0.8543225354956127,1,3.4970250129699707,-13.359097480773926,12.226408004760742
3258,3,0.85,110,13,11.272019363584667,0.8638490700944145,1,1.957420825958252,-11.34341812133789,11.612316131591797
3259,3,0.85,110,10,16.069765981580815,0.8614161944803318,1,3.511371612548828,-12.863058090209961,12.463833808898926
3260,3,0.85,110,9,23.229091689243404,0.8658234703099597,1,3.633802652359009,-11.371524810791016,11.630147933959961
3261,3,0.85,110,14,18.370226743443773,0.8522763559313747,1,8.904102325439453,-13.947872161865234,12.1557035446167
3262,3,0.85,110,12,19.16658833211099,0.8678805962651676,1,4.869386672973633,-13.899070739746094,12.252379417419434
3263,3,0.85,110,12,20.66752637966701,0.8506920284332915,1,3.6551904678344727,-12.938980102539062,12.171107292175293
3264,3,0.85,110,7,23.766139630699193,0.8539332365585427,1,3.122675895690918,-14.797293663024902,11.853498458862305
3265,3,0.85,110,9,26.02066145146392,0.8584715723513036,1,2.9995241165161133,-12.753110885620117,11.450518608093262
3266,3,0.85,110,19,13.59005656312378,0.8595827856342921,1,5.213432788848877,-14.013864517211914,11.916168212890625
3267,3,0.85,110,12,19.127545082228444,0.8513171216114942,1,4.231654167175293,-13.07286262512207,11.72395133972168
3268,3,0.85,110,15,11.73695248096703,0.8559216105167384,1,4.544271469116211,-12.773448944091797,11.614885330200195
3269,3,0.85,110,10,18.48706500565001,0.8606547863716129,1,2.2672009468078613,-12.214805603027344,11.239554405212402
3270,3,0.85,110,16,17.40629613994096,0.8608894661641393,1,3.3647708892822266,-12.521197319030762,11.697916984558105
3271,3,0.85,110,11,24.687720705750372,0.8645605327280188,1,2.5690643787384033,-12.739020347595215,11.400558471679688
3272,3,0.85,110,6,29.48687477298105,0.878343510487832,1,6.608436584472656,-12.918992042541504,11.746561050415039
3273,3,0.85,110,12,17.69018582972444,0.8639648266129112,1,6.324082374572754,-13.296331405639648,11.774995803833008
3274,3,0.85,110,17,12.073651670254444,0.8608263696354534,1,7.037864685058594,-14.038026809692383,11.557777404785156
3275,3,0.85,110,7,26.070797224062964,0.8509882340529615,1,5.417016983032227,-13.034027099609375,11.821168899536133
3276,3,0.85,110,13,13.843553043707892,0.857401882813053,1,3.5764288902282715,-12.753856658935547,11.263110160827637
3277,3,0.85,110,9,22.94722844520338,0.8920941735159424,1,7.001982688903809,-16.894819259643555,12.326754570007324
3278,3,0.85,110,14,18.058068948889336,0.8521467822709855,1,6.210224628448486,-15.881126403808594,11.832499504089355
3279,3,0.85,110,10,25.27555969858451,0.8809716720103011,1,9.601858139038086,-13.703065872192383,12.018534660339355
3280,3,0.85,110,22,11.408882039069,0.8629450433253582,1,9.917864799499512,-12.25183391571045,11.634235382080078
3281,3,0.85,110,7,18.232778606803784,0.855124321918081,1,3.243208885192871,-13.21400260925293,11.432680130004883
3282,3,0.85,110,13,20.28738429907388,0.8754742488990277,1,2.813385009765625,-13.43763542175293,11.865735054016113
3283,3,0.85,110,7,21.67364025925987,0.8713581610642347,1,1.833903431892395,-12.65284538269043,11.794866561889648
3284,3,0.85,110,9,19.52964074237481,0.8735038885550074,1,11.473706245422363,-13.20737075805664,12.247767448425293
3285,3,0.85,110,19,16.432574774425536,0.854508521262147,1,3.7373080253601074,-11.86215877532959,12.25388240814209
3286,3,0.85,110,7,25.260200411781028,0.8573140970239687,1,9.125197410583496,-14.548567771911621,12.376696586608887
3287,3,0.85,110,12,17.551211710634412,0.8599504195445483,1,9.384031295776367,-13.911375045776367,12.304442405700684
3288,3,0.85,110,10,18.287135731201857,0.8536487805490104,1,3.0001118183135986,-14.393301010131836,12.190618515014648
3289,3,0.85,110,7,22.864050692459013,0.875409320470222,1,7.4095869064331055,-13.092893600463867,11.906340599060059
3290,3,0.85,110,25,9.550189710228597,0.8585829181459127,1,50.658470153808594,-14.377378463745117,12.322336196899414
3291,3,0.85,110,9,27.429794629436287,0.8747204279474968,1,5.671811580657959,-12.875706672668457,12.225783348083496
3292,3,0.85,110,13,20.66827873749156,0.877813981658474,1,5.766998291015625,-13.207204818725586,11.996625900268555
3293,3,0.85,110,8,24.69912637281343,0.8722460795482626,1,6.486507415771484,-11.760963439941406,11.73759651184082
3294,3,0.85,110,24,1.4010311013725172,0.850441376719987,1,3.8517799377441406,-12.25937271118164,11.500452995300293
3295,3,0.85,110,13,17.01848156646669,0.8505404209374777,1,10.419258117675781,-11.746068954467773,11.699854850769043
3296,3,0.85,110,10,25.858411744850066,0.8618075306064432,1,5.395914077758789,-15.288603782653809,12.282782554626465
3297,3,0.85,110,9,25.15383125613576,0.8642148000085779,1,3.5293874740600586,-15.143433570861816,12.46506118774414
3298,3,0.85,110,24,10.454475546831077,0.8528600449860323,1,4.27764892578125,-14.223556518554688,11.59001350402832
3299,3,0.85,110,12,15.169682806046033,0.8611934118409481,1,6.704172611236572,-11.864203453063965,11.3524751663208
3300,3,0.85,110,20,12.463205696623843,0.8510375586040728,1,4.089903354644775,-13.621988296508789,11.457771301269531
3301,3,0.85,110,10,21.560412115582977,0.8514395638664131,1,4.226337432861328,-12.90577507019043,11.522777557373047
3302,3,0.85,110,13,15.539876902802547,0.8550416213163945,1,4.298366546630859,-13.468725204467773,11.689173698425293
3303,3,0.85,110,8,21.29699833780448,0.8741839122846875,1,2.314849376678467,-12.736412048339844,11.477710723876953
3304,3,0.85,110,13,22.511843069881024,0.8600304549328591,1,4.495641231536865,-13.254884719848633,11.595681190490723
3305,3,0.85,110,16,20.159952927381255,0.8573188036345516,1,3.438279867172241,-14.186050415039062,11.767220497131348
3306,3,0.85,110,5,22.90637879685706,0.8583246135109125,1,1.7532243728637695,-12.282045364379883,11.233309745788574
3307,3,0.85,110,8,23.094772382001768,0.8618019657258351,1,4.110202789306641,-12.737180709838867,11.223196983337402
3308,3,0.85,110,6,21.123235649109294,0.8667591109896821,1,3.6577415466308594,-13.577411651611328,11.283294677734375
3309,3,0.85,110,11,21.66809856039685,0.8588475820636077,1,4.721527099609375,-12.790128707885742,11.477660179138184
3310,3,0.85,110,8,20.969108199754782,0.860742969002849,1,2.7712361812591553,-12.411226272583008,11.27820110321045
3311,3,0.85,110,11,17.973518257478904,0.8534468942925498,1,16.409568786621094,-14.142663955688477,11.707893371582031
3312,3,0.85,110,7,24.32819028482638,0.8573846604807546,1,2.789125680923462,-13.139741897583008,11.569012641906738
3313,3,0.85,110,11,21.868994082052524,0.8593927791836958,1,12.175934791564941,-13.549921035766602,11.51884651184082
3314,3,0.85,110,13,16.559271847539968,0.8582861847328842,1,2.502539873123169,-12.404485702514648,11.260889053344727
3315,3,0.85,110,9,26.51694365730932,0.8693128870686644,1,3.4173948764801025,-13.350723266601562,11.502053260803223
3316,3,0.85,110,8,24.150390181755803,0.8506587985476537,1,3.7805593013763428,-12.512956619262695,11.55224323272705
3317,3,0.85,110,5,26.743297607597405,0.8796438467423875,1,5.297776222229004,-12.995283126831055,11.797751426696777
3318,3,0.85,110,12,17.833588666114366,0.8601600263742358,1,7.7166337966918945,-13.217787742614746,11.965117454528809
3319,3,0.85,110,10,25.73977044326353,0.8657792910038913,1,3.3029348850250244,-13.450922966003418,11.528834342956543
3320,3,0.85,110,11,20.739380725585214,0.8578994854210656,1,2.94677472114563,-13.872509956359863,11.797175407409668
3321,3,0.85,110,11,15.201931997634798,0.8571501197549447,1,11.917903900146484,-12.88845443725586,11.366560935974121
3322,3,0.85,110,14,17.522905781207424,0.8645355855305573,1,2.2301430702209473,-12.047137260437012,11.334810256958008
3323,3,0.85,110,5,20.1194137191412,0.8520044466275014,1,4.593225002288818,-13.313096046447754,11.915623664855957
3324,3,0.85,110,6,20.982223950270402,0.8641424285285063,1,3.7020959854125977,-13.963459014892578,12.043007850646973
3325,3,0.85,110,9,23.256691254556586,0.8568350718371245,1,4.068149089813232,-12.972734451293945,11.661328315734863
3326,3,0.85,110,7,28.646109051560202,0.8717321732700207,1,6.310347557067871,-12.059239387512207,11.792013168334961
3327,3,0.85,110,22,5.167371815616069,0.8662928777004198,1,5.381972312927246,-14.027265548706055,12.008075714111328
3328,3,0.85,110,8,23.307867160969913,0.8871696991443058,1,5.51802396774292,-12.574525833129883,11.609572410583496
3329,3,0.85,110,7,25.171798147119468,0.8677235993603356,1,10.076597213745117,-13.354076385498047,11.997340202331543
3330,3,0.85,110,9,21.34085727000177,0.857765139403933,1,2.672358751296997,-14.248852729797363,12.097784042358398
3331,3,0.85,110,7,25.159349310875598,0.8542076196232633,1,4.469940662384033,-12.470178604125977,11.767168998718262
3332,3,0.85,110,6,29.725581417551712,0.8889011223210108,1,5.065681457519531,-12.703414916992188,11.775605201721191
3333,3,0.85,110,6,27.05391597436252,0.859354542746315,1,4.376287460327148,-13.840290069580078,12.164421081542969
3334,3,0.85,110,20,13.130999965382959,0.8769990923728676,1,4.757783889770508,-11.671735763549805,11.799357414245605
3335,3,0.85,110,8,17.447996618221215,0.8502483384877136,1,7.219528675079346,-14.055818557739258,12.350428581237793
3336,3,0.85,110,17,14.718102914922905,0.8530801407208591,1,3.6414566040039062,-11.651284217834473,12.015810012817383
3337,3,0.85,110,9,22.725015235631044,0.8888296837030841,1,9.39068603515625,-12.56369400024414,11.915912628173828
3338,3,0.85,110,18,11.491846386189412,0.853536079646626,1,4.653463363647461,-13.034863471984863,12.478922843933105
3339,3,0.85,110,5,23.667729991631923,0.8557946692117513,1,5.014098167419434,-13.374442100524902,11.933405876159668
3340,3,0.85,110,22,10.806167509250637,0.8573102817433221,1,8.949687957763672,-14.327892303466797,12.019699096679688
3341,3,0.85,110,25,7.292246460971432,0.8535513394146224,1,4.188943862915039,-14.638551712036133,11.790911674499512
3342,3,0.85,110,14,19.366273958980553,0.861768384878318,1,7.528329849243164,-15.593116760253906,12.206620216369629
3343,3,0.85,110,19,14.87115365992034,0.8591411424063589,1,18.279743194580078,-13.801108360290527,11.807188034057617
3344,3,0.85,110,8,22.286952612944344,0.8713320569458286,1,4.7026848793029785,-13.749960899353027,11.720366477966309
3345,3,0.85,110,7,22.85737591631761,0.8538138708213797,1,3.569082260131836,-12.199230194091797,11.63907527923584
3346,3,0.85,110,8,20.64831819636656,0.8650317985068073,1,3.5515966415405273,-11.946189880371094,11.394160270690918
3347,3,0.85,110,12,22.970945961196318,0.8657197194028102,1,3.2824277877807617,-12.205808639526367,11.505285263061523
3348,3,0.85,110,10,22.82844485430077,0.8589952924627352,1,10.633914947509766,-14.134544372558594,11.309712409973145
3349,3,0.85,110,9,18.933876198022716,0.8539990343519742,1,6.115387439727783,-14.08828353881836,11.414558410644531
3350,3,0.85,110,6,23.81024885727751,0.8547369695626456,1,4.650808811187744,-14.004022598266602,11.491249084472656
3351,3,0.85,110,12,17.359797957288663,0.853369349109107,1,6.639573097229004,-13.861928939819336,11.609576225280762
3352,3,0.85,110,5,26.831112746741248,0.8612558090995229,1,5.543468475341797,-14.05069351196289,11.549399375915527
3353,3,0.85,110,5,24.22790619607768,0.8514038274930494,1,3.8295154571533203,-15.083242416381836,11.882116317749023
3354,3,0.85,110,8,23.346641801318263,0.868710886521435,1,9.993387222290039,-15.504850387573242,12.121684074401855
3355,3,0.85,110,9,17.1225046290667,0.888923544853847,1,5.278200149536133,-15.485420227050781,12.50626277923584
3356,3,0.85,110,12,22.090904426658025,0.8523611840379877,1,7.145198345184326,-14.814311027526855,12.23078441619873
3357,3,0.85,110,12,19.99980837231081,0.8596567041074665,1,5.279458045959473,-11.73603343963623,11.713164329528809
3358,3,0.85,110,13,22.92792025684399,0.8759614460324695,1,4.570672035217285,-14.652349472045898,12.301584243774414
3359,3,0.85,110,17,9.979243262724182,0.8652286239962076,1,2.8667845726013184,-14.112508773803711,11.93060302734375
3360,3,0.85,110,6,19.84821015852757,0.8551512843392128,1,6.157428741455078,-14.522075653076172,12.162839889526367
3361,3,0.85,110,20,12.378225699489565,0.8719399569768691,1,3.4660844802856445,-14.158012390136719,12.082212448120117
3362,3,0.85,110,19,11.368909171217537,0.8540859015328344,1,4.145989894866943,-14.268413543701172,12.003284454345703
3363,3,0.85,110,13,23.90274737462596,0.8690423942222456,1,9.301584243774414,-15.185110092163086,12.083220481872559
3364,3,0.85,110,16,9.825867198064769,0.8520179033322124,1,4.317803382873535,-12.910749435424805,12.047614097595215
3365,3,0.85,110,7,27.378108153074308,0.8899751543590008,1,15.830745697021484,-13.661304473876953,11.985560417175293
3366,3,0.85,110,12,18.07410641312795,0.8515581944306242,1,5.268890857696533,-12.059728622436523,11.955926895141602
3367,3,0.85,110,5,25.403309106578078,0.8756726294125652,1,5.343364715576172,-12.338769912719727,12.167976379394531
3368,3,0.85,110,15,20.882815703515323,0.8628883210197827,1,3.1879162788391113,-12.276206970214844,12.076576232910156
3369,3,0.85,110,8,20.339610484741065,0.8648556956292353,1,3.7031636238098145,-12.152070045471191,12.51804256439209
3370,3,0.85,110,5,26.833053520107892,0.853803420639829,1,30.288375854492188,-15.071913719177246,13.527536392211914
3371,3,0.85,110,6,16.067146898181047,0.8600933014812552,1,3.3162429332733154,-13.407659530639648,13.01084041595459
3372,3,0.85,110,5,25.64550156991786,0.8595054189586713,1,3.9158616065979004,-15.775895118713379,12.925765037536621
3373,3,0.85,110,6,27.281444729703175,0.880643899017297,1,5.875220775604248,-14.939730644226074,13.132338523864746
3374,3,0.85,110,6,25.795629735481235,0.8789837059623061,1,4.231139183044434,-14.160720825195312,12.834381103515625
3375,3,0.85,110,11,21.754151329363623,0.8787717441525477,1,4.705585479736328,-14.093917846679688,12.947776794433594
3376,3,0.85,110,13,19.86292303248875,0.8500975341422482,1,3.9749984741210938,-13.449675559997559,12.538256645202637
3377,3,0.85,110,13,13.668492087601262,0.853117363399819,1,8.247081756591797,-14.961798667907715,13.175251960754395
3378,3,0.85,110,11,18.54159499514711,0.8634206488187919,1,4.082742691040039,-13.403185844421387,13.21827220916748
3379,3,0.85,110,7,24.589117356739273,0.8544429283493118,1,2.7908267974853516,-12.630510330200195,13.275911331176758
3380,3,0.85,110,10,21.203670062846673,0.8665860374848648,1,5.692377090454102,-12.833490371704102,13.134671211242676
3381,3,0.85,110,6,24.161342277346016,0.8545705911327118,1,8.834028244018555,-13.074935913085938,13.107263565063477
3382,3,0.85,110,7,24.645485410766394,0.8579659129853121,1,6.089502334594727,-11.758378982543945,12.518653869628906
3383,3,0.85,110,7,23.30280965624307,0.8747777806120715,1,4.843099594116211,-12.854833602905273,12.948226928710938
3384,3,0.85,110,10,18.968291411919555,0.8590273104842956,1,3.8517212867736816,-14.016084671020508,12.783851623535156
3385,3,0.85,110,21,12.680723761959896,0.8862383021411528,1,5.0396623611450195,-16.28473663330078,13.22474193572998
3386,3,0.85,110,17,15.184208367180782,0.8614965412050034,1,6.185199737548828,-14.327886581420898,12.388663291931152
3387,3,0.85,110,16,16.892389051342793,0.8722065796064433,1,5.968132972717285,-16.210304260253906,13.1712007522583
3388,3,0.85,110,19,15.619985021830614,0.8578653513437008,1,3.2003931999206543,-14.570261001586914,13.009703636169434
3389,3,0.85,110,18,16.734558859693628,0.8775591071308843,1,6.697193145751953,-12.792434692382812,12.725947380065918
3390,3,0.85,110,10,24.411935564530864,0.8534747349626619,1,4.44189453125,-11.962488174438477,12.439254760742188
3391,3,0.85,110,10,24.984561678193536,0.8731563132947475,1,3.7091221809387207,-12.850367546081543,12.474739074707031
3392,3,0.85,110,20,11.71494233879186,0.8520040319485653,1,10.821015357971191,-13.228784561157227,12.55570125579834
3393,3,0.85,110,14,18.805901971687863,0.8500137285078962,1,6.849974632263184,-13.785017013549805,12.424135208129883
3394,3,0.85,110,15,16.94249675353717,0.8529886721765526,1,4.832923889160156,-12.970283508300781,12.055718421936035
3395,3,0.85,110,6,23.8093497294427,0.8703262564659827,1,4.722588539123535,-12.922819137573242,12.191519737243652
3396,3,0.85,110,8,26.737359112133703,0.8922827519331357,1,3.8521807193756104,-13.288581848144531,12.633288383483887
3397,3,0.85,110,7,28.148252062373643,0.8851218759890553,1,9.479313850402832,-13.619293212890625,11.958624839782715
3398,3,0.85,110,5,23.945791683488686,0.8657890498627681,1,8.345684051513672,-12.445253372192383,12.050314903259277
3399,3,0.85,110,13,14.820083116336502,0.8632762364058739,1,3.836169958114624,-13.014820098876953,12.308432579040527
3400,3,0.85,110,11,20.1263797851448,0.8541021299454297,1,3.6059389114379883,-14.614347457885742,12.401507377624512
3401,3,0.85,110,18,17.15639200492771,0.8543513940283332,1,6.887255668640137,-12.406750679016113,12.246658325195312
3402,3,0.85,110,13,14.05071102412585,0.8668130960482398,1,5.591428279876709,-13.990310668945312,12.265510559082031
3403,3,0.85,110,14,22.33875703478013,0.8863319062621259,1,12.13729476928711,-13.578642845153809,12.454176902770996
3404,3,0.85,110,11,21.12530307834669,0.8512073630286737,1,63.486717224121094,-14.2042875289917,12.665450096130371
3405,3,0.85,110,12,17.840147030481653,0.8516386195130891,1,5.179006576538086,-14.006705284118652,12.954266548156738
3406,3,0.85,110,27,3.038050237173514,0.852271244110641,1,7.210854530334473,-12.351274490356445,12.522246360778809
3407,3,0.85,110,20,12.658884586537921,0.8554860309365329,1,7.213549613952637,-14.925317764282227,13.064343452453613
3408,3,0.85,110,21,6.567134203050254,0.8655942039510879,1,7.500401973724365,-17.14325714111328,13.537035942077637
3409,3,0.85,110,9,22.571597240324564,0.8723009723983389,1,20.942344665527344,-12.60609245300293,12.68763256072998
3410,3,0.85,110,29,4.404908156402153,0.8634697432127643,1,5.078366279602051,-14.061736106872559,13.137797355651855
3411,3,0.85,110,12,21.40581424317684,0.8594440307393483,1,5.77804708480835,-13.478048324584961,12.446846008300781
3412,3,0.85,110,19,11.629372735225722,0.8506533321749056,1,10.039522171020508,-15.765022277832031,13.275668144226074
3413,3,0.85,110,10,19.79180766967376,0.8514986937557293,1,5.063608169555664,-14.270496368408203,12.727644920349121
3414,3,0.85,110,12,18.584081843389843,0.8712578676147581,1,9.17060375213623,-15.509849548339844,13.293710708618164
3415,3,0.85,110,10,21.54328949930856,0.8685819246858814,1,4.575265407562256,-14.623714447021484,12.988232612609863
3416,3,0.85,110,14,17.691960360778705,0.8590456614292954,1,5.030369758605957,-13.444317817687988,12.679105758666992
3417,3,0.85,110,6,30.42885442415553,0.8910132251023085,1,9.260091781616211,-14.115047454833984,12.615482330322266
3418,3,0.85,110,29,-6.906375023253567,0.8604396805519684,1,2.816418170928955,-13.264854431152344,12.615364074707031
3419,3,0.85,110,7,28.074874378950263,0.9027149095141607,1,3.9824953079223633,-14.13740062713623,12.625192642211914
3420,3,0.85,110,18,13.954170290855354,0.8609693139082049,1,5.559799671173096,-12.461976051330566,12.364212036132812
3421,3,0.85,110,6,25.31078341793262,0.8665680009961314,1,6.356010913848877,-14.123079299926758,12.806164741516113
3422,3,0.85,110,13,17.571763198308737,0.8507118227276351,1,2.8437142372131348,-13.100128173828125,12.252192497253418
3423,3,0.85,110,8,22.29164366633134,0.8638007063768274,1,5.237007141113281,-12.854019165039062,11.960326194763184
3424,3,0.85,110,29,-4.592317922926872,0.8500691460848053,1,5.3448076248168945,-13.969493865966797,12.550697326660156
3425,3,0.85,110,15,15.47641900492466,0.8586437142635786,1,3.6766176223754883,-12.891403198242188,12.490113258361816
3426,3,0.85,110,13,21.988711890318967,0.878116057583335,1,3.6528730392456055,-13.099242210388184,12.858160972595215
3427,3,0.85,110,5,24.773264007987738,0.868886411052737,1,4.565938949584961,-14.192046165466309,13.001193046569824
3428,3,0.85,110,5,29.27887996374013,0.8890764685971932,1,6.6819748878479,-15.355072975158691,13.282724380493164
3429,3,0.85,110,5,23.099410202205082,0.8752163419160919,1,10.531953811645508,-12.269325256347656,12.61008358001709
3430,3,0.85,110,11,17.509962379737978,0.8647119702157988,1,3.938563823699951,-14.177734375,12.814262390136719
3431,3,0.85,110,9,20.80200830387092,0.8593528943790704,1,3.291276454925537,-12.333782196044922,12.759421348571777
3432,3,0.85,110,9,24.371152175616988,0.8700661603521378,1,9.997175216674805,-13.973800659179688,12.49774169921875
3433,3,0.85,110,24,8.253725714871413,0.8528746354742657,1,3.53249454498291,-16.77903175354004,13.300409317016602
3434,3,0.85,110,11,23.288335548622918,0.8546148028950317,1,18.17345428466797,-12.544102668762207,12.63201904296875
3435,3,0.85,110,23,3.7446340531565756,0.8644860571712853,1,5.015970230102539,-14.944637298583984,12.740604400634766
3436,3,0.85,110,6,25.20220621654878,0.8772584455683463,1,2.8579161167144775,-13.900596618652344,12.516410827636719
3437,3,0.85,110,6,24.26706981398071,0.8541384404648206,1,4.6310014724731445,-13.584283828735352,12.392132759094238
3438,3,0.85,110,9,23.26842729055405,0.8528355519829428,1,5.1088056564331055,-12.359009742736816,12.2467679977417
3439,3,0.85,110,15,20.04226884111644,0.8643950096843424,1,3.844423294067383,-12.786849975585938,12.184660911560059
3440,3,0.85,110,18,11.086913301042598,0.8612880908653905,1,3.487452983856201,-12.539416313171387,11.7900972366333
3441,3,0.85,110,8,23.812587980531312,0.8881233053546139,1,3.746041774749756,-13.335227012634277,12.497246742248535
3442,3,0.85,110,5,26.314462613335586,0.8746594628276486,1,4.174930572509766,-13.026544570922852,11.935271263122559
3443,3,0.85,110,8,24.230628672343833,0.8806253918658701,1,6.741200923919678,-14.44346809387207,12.358485221862793
3444,3,0.85,110,4,22.993235402338303,0.8642765714262605,1,5.19709587097168,-13.822280883789062,12.135478019714355
3445,3,0.85,110,8,20.77597181139719,0.8559720048340924,1,24.89189910888672,-13.824209213256836,12.470894813537598
3446,3,0.85,110,15,20.323673231339413,0.8556035150576455,1,15.144416809082031,-13.499561309814453,12.282690048217773
3447,3,0.85,110,8,27.05382162058396,0.8856397648312232,1,4.722566604614258,-14.086709976196289,12.386148452758789
3448,3,0.85,110,14,17.657899197789007,0.8556621324206838,1,11.893428802490234,-14.751399993896484,12.207182884216309
3449,3,0.85,110,11,16.585012966737526,0.8559173111476053,1,5.696437835693359,-15.324204444885254,12.551051139831543
3450,3,0.85,110,7,24.319930773201285,0.8629199178788692,1,3.638857364654541,-13.331096649169922,11.76729679107666
3451,3,0.85,110,7,24.473558092712032,0.8596629082618463,1,8.587381362915039,-14.417564392089844,12.217524528503418
3452,3,0.85,110,9,18.580070277637574,0.8596648375573951,1,4.377623558044434,-13.262125015258789,12.231600761413574
3453,3,0.85,110,9,20.04604481320266,0.85954644481657,1,16.18706703186035,-13.954780578613281,12.494009971618652
3454,3,0.85,110,8,20.505353884961192,0.870603228150684,1,4.259455680847168,-12.525341033935547,12.391517639160156
3455,3,0.85,110,9,22.012110590729357,0.8559814449314658,1,5.346626281738281,-16.281391143798828,12.956840515136719
3456,3,0.85,110,9,21.713614320822934,0.8672741593414887,1,2.08032488822937,-12.952606201171875,12.285338401794434
3457,3,0.85,110,13,19.567552537456756,0.8655475059839013,1,5.253747940063477,-15.222871780395508,12.754071235656738
3458,3,0.85,110,27,5.045144511725024,0.8693896120092681,1,6.659908294677734,-15.026285171508789,12.818313598632812
3459,3,0.85,110,6,23.5681694743504,0.8582347342180926,1,7.141366958618164,-18.866905212402344,13.553155899047852
3460,3,0.85,110,12,18.717748293411873,0.8512605741350373,1,23.908546447753906,-15.136524200439453,12.808337211608887
3461,3,0.85,110,8,22.385949800265045,0.8601623909632795,1,5.37418270111084,-13.788559913635254,13.108054161071777
3462,3,0.85,110,11,19.029491337385036,0.8501724376631906,1,5.6527628898620605,-15.60087776184082,13.182662963867188
3463,3,0.85,110,12,14.367863555552441,0.8685121879147123,1,8.10645580291748,-14.450174331665039,12.85954761505127
3464,3,0.85,110,9,20.730391729042886,0.861895275690664,1,10.857696533203125,-13.170144081115723,12.988507270812988
3465,3,0.85,110,14,13.88402393976699,0.8647945284782999,1,46.06830596923828,-14.426219940185547,12.84477710723877
3466,3,0.85,110,17,19.03302423618428,0.8512177359579707,1,7.638092994689941,-15.723734855651855,12.822539329528809
3467,3,0.85,110,19,9.085602243261162,0.8511746474418779,1,3.272310733795166,-13.50529670715332,12.071990013122559
3468,3,0.85,110,9,21.094137523940475,0.8620626347516669,1,6.385321617126465,-15.836956024169922,12.552048683166504
3469,3,0.85,110,4,28.92439984934552,0.8698959545708362,1,5.214920520782471,-12.975454330444336,11.894424438476562
3470,3,0.85,110,16,11.546068423996788,0.8635083899292447,1,9.122844696044922,-13.564640045166016,12.18078899383545
3471,3,0.85,110,11,19.859569063007896,0.8822549745929755,1,5.119307518005371,-12.84130859375,12.264811515808105
3472,3,0.85,110,12,22.192008419822145,0.8805018967593554,1,9.125606536865234,-14.074792861938477,12.448981285095215
3473,3,0.85,110,6,27.357151509421726,0.8544932487876997,1,1.9488111734390259,-13.961682319641113,12.498931884765625
3474,3,0.85,110,20,14.320496209275607,0.8595100325978441,1,9.139955520629883,-13.072608947753906,12.092097282409668
3475,3,0.85,110,16,20.210738767216743,0.8587045108968291,1,3.3477540016174316,-14.250999450683594,12.952873229980469
3476,3,0.85,110,15,18.604778756793863,0.8625011693673079,1,5.303990364074707,-13.029088973999023,12.177855491638184
3477,3,0.85,110,7,26.196858384779745,0.86860239419528,1,3.1825525760650635,-13.92144775390625,12.623832702636719
3478,3,0.85,110,14,23.13854241132377,0.8628908107620696,1,4.959847450256348,-12.785423278808594,12.503043174743652
3479,3,0.85,110,5,21.772793480238597,0.8741202472516628,1,40.76459503173828,-15.977384567260742,13.340822219848633
3480,3,0.85,110,15,17.099928395957207,0.8740256462289936,1,11.934728622436523,-14.94533634185791,12.656672477722168
3481,3,0.85,110,13,21.97200550160862,0.8535972543528902,1,5.266171455383301,-14.423893928527832,12.927891731262207
3482,3,0.85,110,15,17.395830498633003,0.85901247706129,1,2.677734375,-12.05613899230957,12.77193546295166
3483,3,0.85,110,9,15.753603639553967,0.8662978015900542,1,3.432570695877075,-13.578102111816406,12.744003295898438
3484,3,0.85,110,17,14.511171181408718,0.8635063604320822,1,4.469646453857422,-13.34002685546875,12.605398178100586
3485,3,0.85,110,14,14.635871685319763,0.8630527465110819,1,2.969487428665161,-12.96422290802002,12.787110328674316
3486,3,0.85,110,18,14.957275499933424,0.8554029507452439,1,20.078914642333984,-14.997703552246094,12.809676170349121
3487,3,0.85,110,10,23.916573314089682,0.8566898555538244,1,3.7308292388916016,-12.990936279296875,12.604125022888184
3488,3,0.85,110,10,20.96514208579751,0.8614337464081574,1,8.558551788330078,-14.087013244628906,12.909161567687988
3489,3,0.85,110,28,3.8681134861623256,0.863709129741275,1,8.391057968139648,-13.812235832214355,13.043716430664062
3490,3,0.85,110,10,24.675312277449535,0.8650394360378943,1,8.711224555969238,-15.645514488220215,12.907866477966309
3491,3,0.85,110,11,21.313740118460615,0.8807908737501262,1,5.450679779052734,-14.352087020874023,12.884905815124512
3492,3,0.85,110,6,25.28289977346011,0.852459109485625,1,4.3030595779418945,-14.454187393188477,13.050102233886719
3493,3,0.85,110,10,27.249947135920504,0.8686469936992297,1,3.0054426193237305,-12.866610527038574,12.913989067077637
3494,3,0.85,110,10,23.94774949100119,0.8501318649883852,1,5.873835563659668,-15.641883850097656,13.301864624023438
3495,3,0.85,110,22,9.657896000379736,0.8552447181308519,1,12.02175521850586,-12.521785736083984,12.962844848632812
3496,3,0.85,110,41,-17.411942654683678,0.8664974555526959,1,3.771820545196533,-12.359112739562988,13.152613639831543
3497,3,0.85,110,16,14.175148097908815,0.8663667085712115,1,5.538575172424316,-14.920448303222656,13.596722602844238
3498,3,0.85,110,4,22.252153387980318,0.8812572667496108,1,3.7833197116851807,-11.194662094116211,12.611690521240234
3499,3,0.85,110,12,20.130259856614252,0.898131773399579,1,6.362202167510986,-16.528236389160156,13.956578254699707
3500,3,0.85,110,11,20.290977938162776,0.8531441354265366,1,6.080684185028076,-13.217860221862793,12.605223655700684
3501,3,0.85,110,11,21.45101255339732,0.862018505015472,1,4.177859783172607,-14.532588958740234,12.633284568786621
3502,3,0.85,110,25,3.296275460443825,0.8802169120788472,1,9.303998947143555,-19.61894989013672,13.937202453613281
3503,3,0.85,110,14,21.021340968326136,0.8751476999668996,1,5.452861309051514,-14.49892520904541,12.222342491149902
3504,3,0.85,110,6,25.360595160028407,0.8681950937343881,1,7.909280776977539,-14.527328491210938,12.583630561828613
3505,3,0.85,110,13,16.669458727141446,0.8725942351851093,1,5.157956123352051,-13.826330184936523,12.314478874206543
3506,3,0.85,110,8,21.08436661159555,0.8699755357665342,1,5.660653114318848,-13.880288124084473,12.5992431640625
3507,3,0.85,110,9,20.89637955145932,0.873552666313885,1,4.217062473297119,-16.953039169311523,13.015360832214355
3508,3,0.85,110,12,16.71541830563251,0.8545449141712107,1,4.360914707183838,-14.570547103881836,12.199748039245605
3509,3,0.85,110,12,21.301044714552596,0.8676103040641456,1,16.97784996032715,-14.37860107421875,11.832454681396484
3510,3,0.85,110,8,16.941998770813026,0.8561475635510448,1,39.451324462890625,-15.1124267578125,11.799731254577637
3511,3,0.85,110,6,23.301099566480797,0.8571435740438792,1,11.891899108886719,-13.221799850463867,11.874085426330566
3512,3,0.85,110,7,24.5307515301739,0.8568814242653968,1,3.961826801300049,-13.714705467224121,11.503791809082031
3513,3,0.85,110,11,20.379443852215946,0.8885911458278096,1,2.155379056930542,-13.087177276611328,11.652716636657715
3514,3,0.85,110,9,25.66263800892529,0.8689087103300194,1,5.952472686767578,-13.93835163116455,12.01929759979248
3515,3,0.85,110,14,14.579519032593723,0.8626603434017757,1,15.45809268951416,-15.77029037475586,12.282031059265137
3516,3,0.85,110,16,18.946261599338946,0.871234206516991,1,5.761460304260254,-13.264379501342773,11.7944917678833
3517,3,0.85,110,12,19.645973208858067,0.8729454532720095,1,4.958844184875488,-13.492513656616211,11.362276077270508
3518,3,0.85,110,8,19.368787697756822,0.8500918325326442,1,14.831835746765137,-16.331045150756836,12.261560440063477
3519,3,0.85,110,9,23.715483242324375,0.864508228162265,1,8.415868759155273,-15.8348388671875,11.943638801574707
3520,3,0.85,110,13,21.066039564127234,0.85152796800134,1,4.410842418670654,-12.429178237915039,11.203139305114746
3521,3,0.85,110,7,23.421982417278663,0.8772936844511756,1,5.958705902099609,-12.059982299804688,11.426836013793945
3522,3,0.85,110,7,20.983073194818978,0.8713405097399042,1,4.208850860595703,-15.085826873779297,12.204955101013184
3523,3,0.85,110,12,19.083940314324387,0.8708685040877692,1,4.1164984703063965,-12.235668182373047,11.566802978515625
3524,3,0.85,110,4,20.973777879849074,0.8741191121521971,1,5.343318462371826,-15.299079895019531,12.191381454467773
3525,3,0.85,110,10,24.48734940867137,0.864951467562869,1,6.846779823303223,-14.211213111877441,12.272819519042969
3526,3,0.85,110,17,15.674078264415993,0.8522658384828702,1,7.037328720092773,-12.77587890625,11.880499839782715
3527,3,0.85,110,18,16.36767822953561,0.8630894031947303,1,6.050225257873535,-12.25175952911377,11.634674072265625
3528,3,0.85,110,11,21.41111964658805,0.8640285478650769,1,14.941465377807617,-14.027793884277344,12.128003120422363
3529,3,0.85,110,8,21.09723452904408,0.8721803177902349,1,4.749402046203613,-14.11886978149414,12.268072128295898
3530,3,0.85,110,5,18.619436247595907,0.8714761447669918,1,30.480836868286133,-14.568516731262207,12.340079307556152
3531,3,0.85,110,7,23.56163118829503,0.8595903786382344,1,31.73430824279785,-14.484235763549805,12.655431747436523
3532,3,0.85,110,17,15.424434546011867,0.8629210126481698,1,7.713986396789551,-13.838631629943848,12.38871955871582
3533,3,0.85,110,16,13.653595814855048,0.850430276207015,1,5.067331314086914,-14.245763778686523,12.533961296081543
3534,3,0.85,110,18,12.557882223790287,0.8670120602694414,1,7.014959812164307,-12.640130043029785,12.434928894042969
3535,3,0.85,110,6,24.561198379418787,0.871619161140891,1,7.296510219573975,-13.455526351928711,12.29863452911377
3536,3,0.85,110,20,13.889574858502051,0.8742406440248437,1,9.267145156860352,-13.41343879699707,12.522587776184082
3537,3,0.85,110,8,21.162936272480252,0.8567378406823261,1,3.2410404682159424,-13.953187942504883,12.47358226776123
3538,3,0.85,110,14,16.499063251225934,0.8503053517727123,1,4.67671012878418,-12.951802253723145,12.584999084472656
3539,3,0.85,110,7,23.445092928158196,0.8696872772301686,1,11.819720268249512,-13.69819164276123,12.357413291931152
3540,3,0.85,110,23,8.554484073944234,0.8838073668464238,1,5.147250175476074,-14.819350242614746,12.941482543945312
3541,3,0.85,110,21,7.104408369302272,0.8544044948739851,1,8.631757736206055,-13.366798400878906,12.168212890625
3542,3,0.85,110,20,12.176481292448603,0.8778640539829197,1,8.715537071228027,-13.676989555358887,12.549799919128418
3543,3,0.85,110,16,13.982086363736613,0.8763207323536489,1,6.164041519165039,-17.84178924560547,13.553552627563477
3544,3,0.85,110,20,11.46361197578122,0.8728219308660681,1,4.973733901977539,-13.951613426208496,12.728283882141113
3545,3,0.85,110,14,18.342409968653563,0.8971954461273379,1,4.811043739318848,-14.065824508666992,12.617766380310059
3546,3,0.85,110,6,25.625277434200555,0.8575177786999598,1,6.873701095581055,-15.512434005737305,13.164178848266602
3547,3,0.85,110,13,18.867472308847105,0.8909176298875946,1,6.310232162475586,-14.632529258728027,13.015433311462402
3548,3,0.85,110,11,19.03658317565837,0.8595457933606847,1,3.5633485317230225,-12.725136756896973,12.372735023498535
3549,3,0.85,110,13,17.99773118768779,0.8606299592320094,1,3.5858163833618164,-12.138555526733398,12.42544174194336
3550,3,0.85,110,14,17.46653449727411,0.8729074800358103,1,6.6879730224609375,-11.980709075927734,12.617276191711426
3551,3,0.85,110,15,14.715728282940175,0.8728768844924113,1,3.5213871002197266,-13.5633544921875,12.455388069152832
3552,3,0.85,110,11,19.279861875756627,0.8622146256021624,1,3.386237144470215,-12.770986557006836,12.538973808288574
3553,3,0.85,110,21,13.08181017395324,0.8787810783729602,1,6.6163554191589355,-16.628658294677734,13.004557609558105
3554,3,0.85,110,6,28.212898316248424,0.8892409908401189,1,5.741146087646484,-14.34393310546875,12.634593963623047
3555,3,0.85,110,8,22.096226578690477,0.8591178373813965,1,9.242752075195312,-14.325634002685547,12.138232231140137
3556,3,0.85,110,16,17.52036745442254,0.858832964560364,1,2.834458827972412,-13.828107833862305,12.07274055480957
3557,3,0.85,110,11,20.71047586750573,0.8593830045214477,1,2.674589157104492,-12.81240463256836,11.626578330993652
3558,3,0.85,110,10,23.922601355623424,0.8748759417149637,1,3.6049346923828125,-13.201347351074219,12.060256004333496
3559,3,0.85,110,6,25.63205306658646,0.8613926084331701,1,17.031333923339844,-13.495824813842773,11.672469139099121
3560,3,0.85,110,7,26.8266794929206,0.8776892772944515,1,4.232479572296143,-13.692827224731445,11.98334789276123
3561,3,0.85,110,13,20.940446491155022,0.8953459813922203,1,26.203311920166016,-13.798004150390625,12.01758861541748
3562,3,0.85,110,11,21.09662488729736,0.8619086239725254,1,5.655378341674805,-14.436176300048828,11.700091361999512
3563,3,0.85,110,8,23.664400851876625,0.8633538928723926,1,9.8484525680542,-14.491602897644043,11.751494407653809
3564,3,0.85,110,6,21.28160991469131,0.856111543552107,1,3.376934289932251,-13.496331214904785,11.681851387023926
3565,3,0.85,110,10,18.305280295139863,0.8899615146240043,1,13.808237075805664,-13.384132385253906,11.944483757019043
3566,3,0.85,110,8,22.64590530550906,0.8760807940609852,1,8.623130798339844,-16.540847778320312,12.27911376953125
3567,3,0.85,110,7,21.743411795630777,0.8589646211129728,1,3.3250701427459717,-13.957018852233887,11.93105697631836
3568,3,0.85,110,14,15.18858422258968,0.8562825610959575,1,1.4238333702087402,-12.474527359008789,11.575045585632324
3569,3,0.85,110,10,16.266524086485898,0.8629979058848298,1,7.305194854736328,-14.75876522064209,12.336087226867676
3570,3,0.85,110,13,19.64689404153519,0.8719076525723709,1,2.6685872077941895,-12.680112838745117,11.753679275512695
3571,3,0.85,110,7,22.28322879482065,0.8531059233502193,1,7.184887886047363,-14.769857406616211,12.038455963134766
3572,3,0.85,110,19,15.696912895350552,0.8601670120473143,1,14.813009262084961,-13.985387802124023,12.169852256774902
3573,3,0.85,110,17,15.001969110226508,0.8693675878436877,1,4.985023021697998,-13.460580825805664,12.172943115234375
3574,3,0.85,110,8,23.84039384701179,0.8575670592450121,1,3.4627647399902344,-12.30224895477295,11.528620719909668
3575,3,0.85,110,10,19.734423946598618,0.8596580022189146,1,4.618202209472656,-12.211172103881836,11.67541790008545
3576,3,0.85,110,13,16.329565429888866,0.8544831481554191,1,2.4955954551696777,-11.94057846069336,11.713459014892578
3577,3,0.85,110,5,21.189637252858148,0.8687672462321375,1,11.006308555603027,-13.453479766845703,11.87414264678955
3578,3,0.85,110,8,17.54158376599618,0.855739831129584,1,3.670809268951416,-14.811880111694336,12.137743949890137
3579,3,0.85,110,21,6.569738846665782,0.8566987927199246,1,8.392303466796875,-15.715629577636719,12.151847839355469
3580,3,0.85,110,16,12.11913649408565,0.8610971855586242,1,4.337743759155273,-14.30123519897461,11.584982872009277
3581,3,0.85,110,7,26.933246544408803,0.8598116415757289,1,4.390033721923828,-12.97243881225586,11.701613426208496
3582,3,0.85,110,16,14.852217023604894,0.8549672731893503,1,5.727600574493408,-14.963079452514648,12.135590553283691
3583,3,0.85,110,11,21.33209651233717,0.8649901669948812,1,16.522924423217773,-13.270456314086914,11.687225341796875
3584,3,0.85,110,5,22.201439299735867,0.8575552307800023,1,5.667986869812012,-14.748739242553711,12.311430931091309
3585,3,0.85,110,16,9.295625309800958,0.8563552185955102,1,4.839193344116211,-12.503959655761719,11.97642707824707
3586,3,0.85,110,20,13.322622824344942,0.8508741610028848,1,12.449949264526367,-13.629189491271973,12.099266052246094
3587,3,0.85,110,24,3.6813597207477216,0.8727283119655503,1,11.439453125,-12.731794357299805,12.202017784118652
3588,3,0.85,110,10,27.89759841569545,0.8800736438234582,1,2.6743931770324707,-12.827754974365234,12.114145278930664
3589,3,0.85,110,23,3.0597685230590583,0.854077238149624,1,5.662497520446777,-13.558941841125488,12.358723640441895
3590,3,0.85,110,11,21.127489620132508,0.871027341621469,1,18.35118293762207,-13.75898265838623,12.73478889465332
3591,3,0.85,110,8,21.318441827167014,0.8725106422066302,1,10.008400917053223,-13.63637924194336,12.510187149047852
3592,3,0.85,110,8,26.758298871991332,0.8725669142356139,1,3.3509693145751953,-12.657374382019043,12.503782272338867
3593,3,0.85,110,14,19.369528069724566,0.8632779000188501,1,3.174654960632324,-12.141212463378906,12.235102653503418
3594,3,0.85,110,7,23.537154399470786,0.8516965029655498,1,8.562652587890625,-13.997491836547852,12.966097831726074
3595,3,0.85,110,7,24.16696820774962,0.8519401912642252,1,4.439614295959473,-11.893104553222656,12.187873840332031
3596,3,0.85,110,5,23.96468682002454,0.8605723764491908,1,4.728570461273193,-14.39708137512207,12.853131294250488
3597,3,0.85,110,6,20.57207314137039,0.8547166376436479,1,8.699996948242188,-13.114507675170898,12.421317100524902
3598,3,0.85,110,12,15.30098797983457,0.851725927947272,1,2.8020741939544678,-12.446249008178711,12.571589469909668
3599,3,0.85,110,7,21.797321303522345,0.8522298471773817,1,5.100932598114014,-14.05124282836914,12.953147888183594
3600,3,0.85,110,5,23.43855649291644,0.8584914318547678,1,4.729576587677002,-13.781340599060059,13.23054027557373
3601,3,0.85,110,9,16.053017728738592,0.8705620806476456,1,3.2114667892456055,-12.382926940917969,12.859387397766113
3602,3,0.85,110,17,18.946746874848294,0.8509099292180912,1,4.0846710205078125,-11.37237548828125,12.587170600891113
3603,3,0.85,110,24,2.8712295834554196,0.8599274755415093,1,3.7097692489624023,-14.097049713134766,12.95556926727295
3604,3,0.85,110,20,9.777354833523967,0.8533120883231182,1,6.089203834533691,-11.791272163391113,12.33621883392334
3605,3,0.85,110,12,18.103892591342085,0.8529475379649123,1,4.992972373962402,-12.638460159301758,12.676268577575684
3606,3,0.85,110,22,9.673325595394298,0.8856360002492993,1,4.858939170837402,-12.320966720581055,12.495094299316406
3607,3,0.85,110,7,24.96265471959185,0.8519240088409341,1,6.3503217697143555,-14.017619132995605,12.874336242675781
3608,3,0.85,110,19,14.277012575539413,0.8570925468160878,1,5.9295973777771,-13.030155181884766,12.598512649536133
3609,3,0.85,110,10,15.450970315589998,0.8631107122029438,1,6.990187168121338,-12.705564498901367,12.693809509277344
3610,3,0.85,110,19,11.155936956714129,0.8598279832117196,1,5.094560146331787,-11.451507568359375,12.37425422668457
3611,3,0.85,110,14,16.457950737885028,0.8518877310553694,1,5.997469902038574,-15.068946838378906,12.70443344116211
3612,3,0.85,110,12,22.71896422218512,0.8616249798742632,1,6.799996376037598,-12.698437690734863,12.205204010009766
3613,3,0.85,110,6,24.756906914145784,0.8549051905806113,1,12.565906524658203,-14.6674222946167,12.41127872467041
3614,3,0.85,110,16,16.355220610881847,0.8709931269456518,1,4.370343208312988,-12.230314254760742,12.053911209106445
3615,3,0.85,110,8,22.968195046106842,0.8519986207823895,1,4.036089897155762,-12.254727363586426,12.082185745239258
3616,3,0.85,110,13,20.46059009732815,0.8545399747568976,1,33.42282485961914,-13.527057647705078,12.226696968078613
3617,3,0.85,110,6,21.28554678124165,0.8695061016953758,1,7.081578254699707,-12.898027420043945,12.690587043762207
3618,3,0.85,110,11,24.232477818618882,0.8519388867354807,1,3.590041160583496,-11.845342636108398,12.33506965637207
3619,3,0.85,110,8,23.348605549698735,0.8768532759266251,1,1.899237871170044,-12.553633689880371,12.14371395111084
3620,3,0.85,110,20,8.647667151429136,0.8532572032742236,1,5.874271392822266,-13.081168174743652,12.66535472869873
3621,3,0.85,110,14,18.552040821470467,0.8659085219332185,1,23.521364212036133,-15.465886116027832,13.085619926452637
3622,3,0.85,110,11,21.00724341424254,0.8505658085149701,1,22.93583869934082,-13.134572982788086,12.53522777557373
3623,3,0.85,110,10,20.375708855333954,0.8634670053583888,1,40.05712890625,-14.369415283203125,12.96703052520752
3624,3,0.85,110,24,6.773410634721307,0.8568291330638259,1,8.984368324279785,-14.686439514160156,12.921037673950195
3625,3,0.85,110,19,10.428938869415546,0.8713100248640004,1,6.048784255981445,-14.262121200561523,12.67075252532959
3626,3,0.85,110,12,23.747972833040414,0.8724478932233287,1,26.600143432617188,-14.23233699798584,12.918173789978027
3627,3,0.85,110,28,5.914533397515912,0.8522138373563826,1,22.436534881591797,-12.652691841125488,12.856697082519531
3628,3,0.85,110,8,21.643423876032976,0.8537414769524894,1,6.298057556152344,-13.68299674987793,13.23406982421875
3629,3,0.85,110,7,27.992205382263997,0.8697625856147908,1,27.537635803222656,-14.258939743041992,13.408462524414062
3630,3,0.85,110,3,21.0042758208727,0.8657957403345045,1,9.259897232055664,-11.6181058883667,12.68348503112793
3631,3,0.85,110,7,25.344396016308885,0.8574916829096234,1,3.1429762840270996,-13.230305671691895,13.177721977233887
3632,3,0.85,110,7,26.031920834677592,0.8632791762740085,1,3.1317636966705322,-11.821489334106445,12.787701606750488
3633,3,0.85,110,5,26.159595341746776,0.8533003787897032,1,4.018370628356934,-14.511434555053711,13.313641548156738
3634,3,0.85,110,7,29.018325432926062,0.8688803026397527,1,12.148031234741211,-12.846920013427734,12.473588943481445
3635,3,0.85,110,5,27.69501542003694,0.8521876494681307,1,6.085249900817871,-13.299753189086914,12.634056091308594
3636,3,0.85,110,9,21.322531222388086,0.8813194028457646,1,18.70520782470703,-12.555091857910156,12.719459533691406
3637,3,0.85,110,19,9.040837309592032,0.853978699059714,1,9.466562271118164,-13.94711971282959,13.149515151977539
3638,3,0.85,110,13,16.892895595354577,0.8516378743090465,1,6.308035850524902,-11.487931251525879,12.572819709777832
3639,3,0.85,110,7,27.964019503154734,0.8923028838259596,1,5.752708435058594,-13.236235618591309,12.849618911743164
3640,3,0.85,110,33,-5.126909688383273,0.8629237388700693,1,6.164828300476074,-13.309659004211426,13.422525405883789
3641,3,0.85,110,7,24.931402961947796,0.8593483986546646,1,2.9474034309387207,-11.674552917480469,12.804664611816406
3642,3,0.85,110,8,24.1924912784405,0.9024280371179194,1,10.917203903198242,-12.318035125732422,12.8633451461792
3643,3,0.85,110,14,18.778357273222426,0.8587186392361904,1,8.223630905151367,-14.085441589355469,13.28001880645752
3644,3,0.85,110,17,15.253545653130415,0.85567016037189,1,6.811267375946045,-13.45453929901123,13.13672924041748
3645,3,0.85,110,16,12.681382874743045,0.8508222280017845,1,7.35589599609375,-13.388538360595703,12.739407539367676
3646,3,0.85,110,42,-19.36530265047736,0.8666398941548525,1,5.101245880126953,-15.292451858520508,13.292189598083496
3647,3,0.85,110,29,-4.811070147954332,0.8589636155492262,1,5.046450138092041,-14.215744972229004,12.692023277282715
3648,3,0.85,110,9,22.116554845853145,0.8630731148838587,1,5.879852294921875,-13.187112808227539,12.64664077758789
3649,3,0.85,110,13,17.853326263830276,0.8529029582186994,1,6.8201422691345215,-13.575532913208008,12.808038711547852
3650,3,0.85,110,9,21.437484226056867,0.8727609506007656,1,2.805367946624756,-13.965804100036621,13.032706260681152
3651,3,0.85,110,9,26.61287205019563,0.9013793319629497,1,2.5645322799682617,-11.90296745300293,12.77391529083252
3652,3,0.85,110,11,20.87063502155397,0.8635244538914104,1,9.772027969360352,-13.079570770263672,12.773201942443848
3653,3,0.85,110,10,22.065408901339545,0.854257589363918,1,5.0407915115356445,-11.804226875305176,12.656725883483887
3654,3,0.85,110,7,20.719899391134398,0.8712886108378278,1,13.334425926208496,-14.404303550720215,13.31103515625
3655,3,0.85,110,11,18.72119003929776,0.8520556869119637,1,5.714332580566406,-12.849481582641602,12.478416442871094
3656,3,0.85,110,19,10.181099328216218,0.8607961660119904,1,5.106603622436523,-13.455886840820312,12.669039726257324
3657,3,0.85,110,6,19.583598960386066,0.8713700519471422,1,3.410508155822754,-14.827042579650879,12.885368347167969
3658,3,0.85,110,9,20.8307472509983,0.881338042740978,1,3.0483455657958984,-13.673312187194824,12.460898399353027
3659,3,0.85,110,8,19.40534735872202,0.8873618504963957,1,18.76972198486328,-13.06845760345459,12.589138984680176
3660,3,0.85,110,10,15.753871485280728,0.8702150350014267,1,5.964534759521484,-11.297412872314453,12.256452560424805
3661,3,0.85,110,11,21.380430375231555,0.8617936562769256,1,8.272783279418945,-14.908937454223633,12.987467765808105
3662,3,0.85,110,8,17.752276757468135,0.8577522854353276,1,4.086843490600586,-11.760615348815918,11.99662971496582
3663,3,0.85,110,19,7.138468201178308,0.8547935444824986,1,6.135318279266357,-14.000858306884766,12.943272590637207
3664,3,0.85,110,10,20.952726544658084,0.867360976638188,1,2.652972936630249,-12.315156936645508,12.347468376159668
3665,3,0.85,110,6,28.12841830960346,0.8589719803323131,1,19.750411987304688,-13.23277473449707,12.342900276184082
3666,3,0.85,110,14,12.379649336148596,0.8717565097579352,1,2.817938804626465,-14.195904731750488,12.358059883117676
3667,3,0.85,110,8,25.454944081018095,0.86604088425166,1,16.83141326904297,-16.95237159729004,12.786539077758789
3668,3,0.85,110,16,10.523823913521536,0.8603451443624687,1,4.797223091125488,-12.150714874267578,12.352496147155762
3669,3,0.85,110,9,17.270698023872598,0.850475913687694,1,17.30840301513672,-14.5423002243042,12.72065258026123
3670,3,0.85,110,5,22.757041594300986,0.8538181951201205,1,3.6322579383850098,-13.236955642700195,12.608307838439941
3671,3,0.85,110,10,24.03316121927613,0.8646188855273355,1,7.189958572387695,-13.950167655944824,12.887428283691406
3672,3,0.85,110,9,26.977914293330514,0.8808366804990685,1,5.658393383026123,-13.986053466796875,12.519872665405273
3673,3,0.85,110,22,8.295583157366991,0.8629022379920868,1,7.327908515930176,-13.573540687561035,12.956501960754395
3674,3,0.85,110,12,22.623291357263973,0.869557081734181,1,12.38703441619873,-14.369619369506836,13.45630168914795
3675,3,0.85,110,13,20.889555450420175,0.886034868622865,1,5.060303688049316,-14.374659538269043,13.25621509552002
3676,3,0.85,110,6,23.203738972510358,0.8595029205423028,1,3.3093347549438477,-10.810052871704102,12.470032691955566
3677,3,0.85,110,15,15.509384907554288,0.8531349328984821,1,6.359832763671875,-11.304326057434082,11.96306037902832
3678,3,0.85,110,9,23.633491295777823,0.8526229856189843,1,3.3479254245758057,-14.871084213256836,12.752887725830078
3679,3,0.85,110,12,12.30228417237992,0.8618815241313946,1,5.785242557525635,-12.694278717041016,12.311985969543457
3680,3,0.85,110,13,15.13239721386041,0.8649593949514094,1,11.902975082397461,-15.814597129821777,12.810447692871094
3681,3,0.85,110,10,17.869041240302025,0.8626327489397974,1,4.994462966918945,-15.665755271911621,12.760634422302246
3682,3,0.85,110,8,17.804302881989393,0.872234759125826,1,25.958341598510742,-13.12375259399414,12.063087463378906
3683,3,0.85,110,28,5.169858266164264,0.858467972766723,1,4.197596073150635,-11.91963005065918,11.934185028076172
3684,3,0.85,110,8,25.54715216660987,0.8708316546985603,1,5.882475852966309,-13.748281478881836,12.40011978149414
3685,3,0.85,110,6,24.521454372994654,0.8707844805350727,1,3.8531265258789062,-12.287679672241211,12.005110740661621
3686,3,0.85,110,16,14.707148223191918,0.8516699594258994,1,5.163168907165527,-13.689689636230469,12.353676795959473
3687,3,0.85,110,11,20.014752385269958,0.8538083268149222,1,15.561464309692383,-14.977005004882812,12.174274444580078
3688,3,0.85,110,10,23.66967104230686,0.8658828299120974,1,6.24168586730957,-12.027732849121094,11.299520492553711
3689,3,0.85,110,18,12.748704386006303,0.8585118527592122,1,18.229236602783203,-13.540501594543457,11.438000679016113
3690,3,0.85,110,13,21.519688164937225,0.8811222531350507,1,6.277004241943359,-13.607649803161621,11.5103178024292
3691,3,0.85,110,5,23.31161933784722,0.854605637204674,1,7.173040390014648,-15.104153633117676,11.573405265808105
3692,3,0.85,110,5,25.358124367663848,0.8505158342161316,1,5.873534679412842,-14.13278579711914,11.508489608764648
3693,3,0.85,110,5,25.158648878533903,0.8842513730760316,1,6.033780574798584,-15.033529281616211,11.325838088989258
3694,3,0.85,110,12,18.649125568500228,0.8734659820390007,1,13.291358947753906,-11.997236251831055,11.400758743286133
3695,3,0.85,110,8,23.631287252680025,0.8860749226112287,1,13.458878517150879,-14.078839302062988,11.754897117614746
3696,3,0.85,110,5,22.903114347271643,0.8655957002127737,1,10.426469802856445,-13.673067092895508,11.499274253845215
3697,3,0.85,110,11,22.52119714396786,0.8930105998401447,1,7.682392120361328,-11.703729629516602,11.398158073425293
3698,3,0.85,110,6,22.818573078562082,0.8640974776183956,1,10.406875610351562,-14.807394027709961,11.875296592712402
3699,3,0.85,110,20,10.992760264322415,0.8559682002838501,1,7.084732532501221,-14.704345703125,11.970189094543457
3700,3,0.85,110,9,24.027350002003992,0.8675657168959336,1,66.16586303710938,-14.924688339233398,11.562777519226074
3701,3,0.85,110,13,19.529557717375063,0.8580583561680014,1,7.638024806976318,-15.90048885345459,12.283578872680664
3702,3,0.85,110,25,9.031200979639532,0.8503865631341654,1,36.62493896484375,-13.907058715820312,11.756281852722168
3703,3,0.85,110,15,17.976113069037748,0.8741754020823288,1,21.501415252685547,-13.789079666137695,12.43259334564209
3704,3,0.85,110,4,22.600708716164405,0.8538149387525829,1,5.539497375488281,-10.987432479858398,11.200601577758789
3705,3,0.85,110,8,16.35070695410924,0.8537360999520329,1,4.318899631500244,-10.914791107177734,11.747172355651855
3706,3,0.85,110,13,17.546595793427166,0.8534972275431331,1,3.7903175354003906,-10.932332038879395,11.480448722839355
3707,3,0.85,110,4,23.9527648187539,0.8630317058846789,1,6.107115745544434,-13.865633010864258,11.979058265686035
3708,3,0.85,110,11,21.763512320101057,0.869674275757713,1,8.722955703735352,-13.467580795288086,11.466973304748535
3709,3,0.85,110,14,12.528934524470293,0.8573336851395124,1,3.473381519317627,-12.838468551635742,11.541375160217285
3710,3,0.85,110,5,22.955525245044296,0.8589187446862029,1,21.766902923583984,-12.992292404174805,11.259185791015625
3711,3,0.85,110,7,27.767602369059958,0.856335019517716,1,3.578371047973633,-14.599124908447266,11.509663581848145
3712,3,0.85,110,8,24.2033939228851,0.8687718309059346,1,5.890904426574707,-13.365724563598633,11.368939399719238
3713,3,0.85,110,7,22.855806987017218,0.8833598417979094,1,9.037158966064453,-11.886119842529297,11.268126487731934
3714,3,0.85,110,21,6.710701671899698,0.8558067739798698,1,10.626676559448242,-12.349432945251465,11.569865226745605
3715,3,0.85,110,19,12.645726424373446,0.8539393269697462,1,2.624725580215454,-12.905821800231934,11.552603721618652
3716,3,0.85,110,39,-10.488382309155496,0.8635383917578418,1,7.3374786376953125,-12.45374870300293,11.628338813781738
3717,3,0.85,110,11,18.388219673689193,0.8534155260344304,1,5.6768598556518555,-13.94827651977539,11.886792182922363
3718,3,0.85,110,8,24.249773269862878,0.8538840385526735,1,13.32197380065918,-12.955606460571289,11.231772422790527
3719,3,0.85,110,7,22.09750453259912,0.8548333795102137,1,3.2012405395507812,-12.741483688354492,11.041937828063965
3720,3,0.85,110,22,5.3666036073981545,0.8564932585093393,1,5.228246688842773,-13.132381439208984,11.673274040222168
3721,3,0.85,110,8,22.948096207503273,0.8657975969098148,1,3.288637399673462,-13.645940780639648,11.16455078125
3722,3,0.85,110,7,25.023826560746173,0.8648318222562729,1,3.8134520053863525,-13.06142807006836,11.459797859191895
3723,3,0.85,110,30,-1.0917640506546054,0.8604103358107528,1,4.373366832733154,-12.488911628723145,10.997456550598145
3724,3,0.85,110,15,12.318639245001958,0.8515119160981021,1,6.4476470947265625,-12.837175369262695,11.169013023376465
3725,3,0.85,110,34,-7.4943506541194544,0.8535547729179305,1,28.572444915771484,-13.278946876525879,11.457727432250977
3726,3,0.85,110,19,10.940587003759733,0.8555128967742175,1,4.638900279998779,-12.077425003051758,11.001832962036133
3727,3,0.85,110,21,12.22068845530023,0.8602163585888638,1,8.039156913757324,-13.913252830505371,12.228888511657715
3728,3,0.85,110,8,22.70832007776074,0.8584174167565767,1,15.430696487426758,-13.055597305297852,12.037040710449219
3729,3,0.85,110,7,25.17514622303008,0.8781838779410723,1,7.097296714782715,-13.720024108886719,12.097686767578125
3730,3,0.85,110,6,28.463659433670372,0.9014970724493991,1,5.936318397521973,-12.209468841552734,11.369803428649902
3731,3,0.85,110,6,25.045033293483318,0.8770025260024185,1,4.07516622543335,-12.344940185546875,12.099686622619629
3732,3,0.85,110,11,20.239998027803274,0.8725501895086278,1,3.936984062194824,-14.199363708496094,11.957169532775879
3733,3,0.85,110,15,23.859546531428506,0.8662373818197625,1,2.4432106018066406,-12.205459594726562,11.459502220153809
3734,3,0.85,110,5,27.036944524622783,0.8751647854697648,1,20.105716705322266,-14.043609619140625,11.805890083312988
3735,3,0.85,110,8,18.106675893577716,0.8642971015037416,1,3.9781007766723633,-12.763383865356445,11.933571815490723
3736,3,0.85,110,5,21.286516691263856,0.8514851790433542,1,5.799103736877441,-12.040580749511719,11.769227027893066
3737,3,0.85,110,26,6.525255639591854,0.8587450547567,1,124.84441375732422,-14.618861198425293,12.25621509552002
3738,3,0.85,110,8,27.185384860385042,0.8793161214403851,1,3.659475088119507,-10.367537498474121,11.490962982177734
3739,3,0.85,110,8,25.022440526292527,0.8743859035624695,1,5.051701545715332,-12.545888900756836,12.043405532836914
3740,3,0.85,110,9,22.863436288970902,0.8551743679019668,1,4.769045352935791,-13.298490524291992,12.235931396484375
3741,3,0.85,110,11,23.16934444702077,0.887489177639791,1,18.202667236328125,-12.472756385803223,12.294294357299805
3742,3,0.85,110,15,18.225727944539848,0.8540914850966267,1,4.555087566375732,-12.701236724853516,11.580924034118652
3743,3,0.85,110,11,19.17748782150781,0.8691546911650392,1,4.213766098022461,-13.048927307128906,11.757256507873535
3744,3,0.85,110,9,21.050104043130055,0.8504798905941449,1,5.355808734893799,-14.602231979370117,12.005426406860352
3745,3,0.85,110,16,14.681748509983677,0.8533553373042669,1,3.3530378341674805,-12.612222671508789,11.694079399108887
3746,3,0.85,110,8,24.054845236970742,0.8554334234023997,1,16.195098876953125,-13.768463134765625,12.167490005493164
3747,3,0.85,110,9,23.357162394343163,0.8508730194723456,1,4.457268714904785,-14.202173233032227,12.197917938232422
3748,3,0.85,110,7,24.50747562759733,0.9184693151111044,1,3.406242609024048,-12.77099609375,12.061857223510742
3749,3,0.85,110,8,20.00794279815147,0.8567121660030994,1,3.256138324737549,-12.510941505432129,11.74613094329834
3750,3,0.85,110,18,18.07031848925198,0.8623377256893777,1,4.129108905792236,-12.227975845336914,12.083271980285645
3751,4,0.9,120,21,15.112545065505518,0.9010912814141353,1,4.9899396896362305,-12.82805347442627,12.411544799804688
3752,4,0.9,120,120,-115.19022098401379,0.8707443714772285,0,7.839139938354492,-13.139122009277344,12.371176719665527
3753,4,0.9,120,24,17.123089279928394,0.9013169239689145,1,4.469295978546143,-12.776832580566406,12.069178581237793
3754,4,0.9,120,17,15.90800247240102,0.9096008495639113,1,4.292718887329102,-12.098981857299805,12.154754638671875
3755,4,0.9,120,42,-11.080183768081616,0.9008314892062583,1,9.051815032958984,-15.807405471801758,12.834818840026855
3756,4,0.9,120,85,-70.50783540428597,0.9012063426140003,1,2.791276454925537,-14.8259916305542,12.75915241241455
3757,4,0.9,120,120,-138.7367427942215,0.8383147412390355,0,6.216151237487793,-13.965901374816895,12.258646011352539
3758,4,0.9,120,120,-207.98472592745173,0.0,0,5.570206165313721,-13.377614974975586,12.64301586151123
3759,4,0.9,120,18,17.17025399675829,0.9213319325329536,1,4.126723766326904,-12.87390422821045,12.292448043823242
3760,4,0.9,120,12,17.431690949409315,0.9091738742349244,1,4.659923076629639,-12.54859447479248,12.396232604980469
3761,4,0.9,120,33,1.7929277486025423,0.9056899680299881,1,9.413992881774902,-16.301799774169922,13.170950889587402
3762,4,0.9,120,14,23.275474550577975,0.9075722928223768,1,11.102544784545898,-16.058902740478516,12.837671279907227
3763,4,0.9,120,31,-5.547697909503869,0.9052629894038092,1,8.929641723632812,-14.994881629943848,13.182944297790527
3764,4,0.9,120,21,15.446448975432524,0.9051070061966989,1,4.428736209869385,-12.75704574584961,12.699873924255371
3765,4,0.9,120,11,24.988398019604965,0.9027960795523808,1,6.19336462020874,-12.802431106567383,12.35303783416748
3766,4,0.9,120,12,25.27180690202495,0.9092854484354201,1,4.391321182250977,-11.475086212158203,12.251321792602539
3767,4,0.9,120,120,-111.14252288702416,0.8359984384076986,0,16.170207977294922,-12.021615982055664,12.567904472351074
3768,4,0.9,120,37,-10.852211825899312,0.9031686959152855,1,4.467895984649658,-13.211296081542969,12.542393684387207
3769,4,0.9,120,120,-105.73792292693629,0.8585582796931082,0,8.439600944519043,-14.166617393493652,12.445382118225098
3770,4,0.9,120,28,2.769239327922387,0.9043649739192058,1,6.355510711669922,-14.365073204040527,12.694161415100098
3771,4,0.9,120,21,10.950928955480059,0.9082574199495065,1,8.321727752685547,-13.992010116577148,12.647383689880371
3772,4,0.9,120,42,-4.709796251668752,0.9003893253526819,1,9.381566047668457,-13.498919486999512,12.179710388183594
3773,4,0.9,120,38,-8.276797688881581,0.9001817866657926,1,5.037643909454346,-12.053296089172363,12.001718521118164
3774,4,0.9,120,17,14.248584140523327,0.9007966390094292,1,5.742016792297363,-12.992210388183594,12.25421142578125
3775,4,0.9,120,120,-115.37725584377431,0.8112182605673489,0,9.803363800048828,-11.967806816101074,12.10412311553955
3776,4,0.9,120,98,-100.01497567217422,0.9033064925582509,1,4.3418426513671875,-11.800382614135742,12.331338882446289
3777,4,0.9,120,120,-128.7546845825775,0.8500884562394452,0,5.896352767944336,-11.44875717163086,12.054466247558594
3778,4,0.9,120,120,-120.41716758791333,0.7356557864077641,0,5.636063575744629,-12.693492889404297,12.026412963867188
3779,4,0.9,120,120,-128.80481907803085,0.7822655492834327,0,15.203908920288086,-12.421171188354492,12.185065269470215
3780,4,0.9,120,120,-107.53086984041285,0.7934459216132069,0,7.163146495819092,-12.424687385559082,12.122184753417969
3781,4,0.9,120,120,-100.5128942541303,0.7484497388218241,0,6.670456886291504,-13.76534366607666,12.48194694519043
3782,4,0.9,120,120,-127.1925726900827,0.8286862399315921,0,5.688508987426758,-14.007024765014648,12.277770042419434
3783,4,0.9,120,120,-101.73434484972367,0.8251427746614078,0,5.713172912597656,-13.781299591064453,12.17017936706543
3784,4,0.9,120,99,-68.42523168548682,0.917873652086619,1,6.417182922363281,-13.5789213180542,11.938423156738281
3785,4,0.9,120,120,-113.6565365782201,0.8197870475700203,0,4.460963249206543,-12.874988555908203,12.262694358825684
3786,4,0.9,120,120,-167.8069714552266,0.8464362873418199,0,31.17420196533203,-12.868738174438477,11.98878288269043
3787,4,0.9,120,120,-126.33532081948287,0.8466855105412099,0,9.334214210510254,-12.132487297058105,12.045771598815918
3788,4,0.9,120,30,-0.8776378605109549,0.9035140539854429,1,8.673073768615723,-15.175727844238281,12.354145050048828
3789,4,0.9,120,120,-112.35909272538294,0.8675484537223052,0,92.98604583740234,-13.478403091430664,12.275655746459961
3790,4,0.9,120,120,-135.84617274088,0.4336910684248486,0,4.28365421295166,-14.255297660827637,12.22277545928955
3791,4,0.9,120,35,1.012322321936571,0.9058069111141844,1,9.069925308227539,-15.185705184936523,12.059289932250977
3792,4,0.9,120,120,-120.71580525938005,0.7093523879601716,0,5.092364311218262,-12.646055221557617,11.77028751373291
3793,4,0.9,120,120,-120.84273082249241,0.8194861100283679,0,3.8290531635284424,-13.420877456665039,11.727951049804688
3794,4,0.9,120,17,12.206058782775383,0.9008990756020137,1,9.655122756958008,-14.399649620056152,12.052647590637207
3795,4,0.9,120,43,-18.544796705213884,0.9000015717100415,1,7.088109493255615,-15.628591537475586,11.996113777160645
3796,4,0.9,120,120,-111.24009373693646,0.8918624011930965,0,3.4748096466064453,-12.537166595458984,11.931312561035156
3797,4,0.9,120,70,-42.549964580570105,0.907037489500423,1,17.690982818603516,-15.319046020507812,12.438484191894531
3798,4,0.9,120,120,-98.92620509120047,0.8755942134402687,0,6.187893390655518,-15.098621368408203,12.023465156555176
3799,4,0.9,120,120,-113.97630343439296,0.8734037895936625,0,6.237280368804932,-15.697293281555176,12.12553596496582
3800,4,0.9,120,25,7.406523682617554,0.9104972821257779,1,3.4299817085266113,-13.307027816772461,11.93537425994873
3801,4,0.9,120,23,10.012316733381864,0.9033527478839308,1,6.228160858154297,-13.556925773620605,12.115267753601074
3802,4,0.9,120,28,4.101255851418815,0.9005235425066702,1,4.605000019073486,-14.264403343200684,12.30768871307373
3803,4,0.9,120,120,-137.14873474686024,0.869338221639615,0,3.7185676097869873,-12.803072929382324,11.736587524414062
3804,4,0.9,120,13,21.86587146494466,0.9046104676484015,1,4.152722358703613,-13.030444145202637,12.537617683410645
3805,4,0.9,120,120,-91.85786042857157,0.864999669093707,0,7.615383148193359,-13.746089935302734,11.879884719848633
3806,4,0.9,120,11,18.433188810035553,0.9245222941480936,1,4.908047676086426,-13.716582298278809,12.260490417480469
3807,4,0.9,120,36,-3.717030789167918,0.9012847591958411,1,5.137561798095703,-14.832401275634766,12.032174110412598
3808,4,0.9,120,15,19.558898988410483,0.9005431964147419,1,7.193402290344238,-14.450157165527344,12.12890911102295
3809,4,0.9,120,67,-33.49775397861383,0.9005852178227347,1,5.491639137268066,-15.24189567565918,12.644624710083008
3810,4,0.9,120,47,-4.832631854376816,0.9003851532642686,1,3.978353500366211,-13.060234069824219,12.410518646240234
3811,4,0.9,120,12,16.83049281015856,0.9098100589577404,1,5.884936332702637,-14.458559036254883,12.830528259277344
3812,4,0.9,120,10,22.94745981431045,0.9052296865801865,1,4.794893741607666,-13.241965293884277,12.43437671661377
3813,4,0.9,120,22,10.489738939966953,0.9039076614785264,1,4.449189186096191,-12.533976554870605,12.533469200134277
3814,4,0.9,120,17,18.1212735606299,0.9169110515711644,1,5.120700359344482,-14.378606796264648,12.522669792175293
3815,4,0.9,120,18,16.86799110831908,0.9000803329984105,1,4.83656120300293,-14.079896926879883,12.268259048461914
3816,4,0.9,120,85,-63.474284363320294,0.9018394318025984,1,3.2423934936523438,-12.868354797363281,12.446121215820312
3817,4,0.9,120,120,-101.37945221367141,0.8393788570919793,0,10.382410049438477,-16.136537551879883,13.004965782165527
3818,4,0.9,120,120,-139.15774513942077,0.8766405993106933,0,4.157572269439697,-13.669702529907227,12.511423110961914
3819,4,0.9,120,26,6.49700866408865,0.9026906852584716,1,9.871580123901367,-14.491433143615723,12.446870803833008
3820,4,0.9,120,18,16.679138154941263,0.9037777281205004,1,15.294939041137695,-13.296768188476562,12.603293418884277
3821,4,0.9,120,50,-14.097708235949556,0.9045594699351257,1,10.18096923828125,-12.7025785446167,12.663229942321777
3822,4,0.9,120,73,-38.40313903174232,0.9004990211705027,1,3.8803279399871826,-14.456314086914062,12.775707244873047
3823,4,0.9,120,53,-28.609230945092516,0.9064359202249865,1,5.10041618347168,-13.06650161743164,12.26798152923584
3824,4,0.9,120,120,-136.8489778512478,0.8391937406354822,0,8.16174030303955,-13.157724380493164,12.319731712341309
3825,4,0.9,120,120,-126.4054368659065,0.8491564225876178,0,3.341493606567383,-13.172863006591797,12.07275390625
3826,4,0.9,120,54,-27.087104932266804,0.9036771472676463,1,2.84450626373291,-13.940995216369629,12.002840042114258
3827,4,0.9,120,73,-36.68517172231116,0.9055348171073988,1,3.831542491912842,-14.473654747009277,12.292094230651855
3828,4,0.9,120,71,-50.634860491049096,0.9016977222440992,1,3.5625832080841064,-14.315505981445312,11.721659660339355
3829,4,0.9,120,35,-4.30506797314149,0.9096436591936813,1,2.4571938514709473,-13.017330169677734,11.920150756835938
3830,4,0.9,120,100,-71.57947697090354,0.9016605296670002,1,5.876890659332275,-14.411954879760742,11.981237411499023
3831,4,0.9,120,19,15.591412301172863,0.915752497523699,1,3.699568033218384,-13.715790748596191,11.572283744812012
3832,4,0.9,120,10,21.42277116353963,0.9007289281820217,1,4.206965923309326,-12.683114051818848,11.578725814819336
3833,4,0.9,120,120,-81.67258190586799,0.8416603102103796,0,4.804540157318115,-13.576494216918945,11.660356521606445
3834,4,0.9,120,120,-108.07690706659623,0.5641212162793273,0,4.701427459716797,-14.54743480682373,12.138960838317871
3835,4,0.9,120,59,-34.40695630995472,0.9112567859623967,1,3.2031631469726562,-11.775327682495117,11.645106315612793
3836,4,0.9,120,120,-110.6336384844644,0.8513380746931491,0,4.691590309143066,-12.690813064575195,11.65410041809082
3837,4,0.9,120,27,7.687887667085064,0.9076799218817937,1,3.6123437881469727,-13.12708854675293,11.432588577270508
3838,4,0.9,120,49,-16.888092490418057,0.9063354227563821,1,6.15828800201416,-13.914266586303711,11.60782527923584
3839,4,0.9,120,15,16.306115326602093,0.9027528275525973,1,4.878551959991455,-15.278865814208984,11.456075668334961
3840,4,0.9,120,13,19.245315383659257,0.9015098877538852,1,2.4377591609954834,-14.156031608581543,11.654587745666504
3841,4,0.9,120,120,-105.99587659222432,0.8788687456476052,0,8.63154411315918,-14.354762077331543,11.8121919631958
3842,4,0.9,120,14,16.911279460804806,0.9022557616327049,1,3.1696109771728516,-13.165414810180664,11.559893608093262
3843,4,0.9,120,32,5.6062170727066505,0.9068979627039634,1,4.625577926635742,-13.526115417480469,11.507118225097656
3844,4,0.9,120,17,14.324509538216745,0.9104366831225543,1,2.4020214080810547,-13.203346252441406,11.41150188446045
3845,4,0.9,120,32,-1.0553565578586284,0.9022034196244187,1,6.718477249145508,-14.138875961303711,12.238390922546387
3846,4,0.9,120,17,17.168434010546193,0.9057123910633026,1,2.992729663848877,-14.955024719238281,11.796173095703125
3847,4,0.9,120,120,-81.04245529897081,0.8260141901179644,0,10.352093696594238,-13.84789752960205,11.715582847595215
3848,4,0.9,120,120,-93.24856620276475,0.8324292537043183,0,3.20168399810791,-12.714864730834961,11.558985710144043
3849,4,0.9,120,23,2.3838843436778046,0.900759851603118,1,10.585996627807617,-12.130494117736816,11.738128662109375
3850,4,0.9,120,19,20.945238192025663,0.9125989637446187,1,10.715675354003906,-14.638909339904785,12.291543960571289
3851,4,0.9,120,45,-8.843338593319558,0.9026226298093925,1,2.249622344970703,-12.413881301879883,11.689288139343262
3852,4,0.9,120,42,-5.786519428430413,0.9021398026381996,1,6.207914352416992,-14.605243682861328,12.331404685974121
3853,4,0.9,120,36,-0.2870591899337729,0.9073603745969208,1,4.529477119445801,-14.370770454406738,12.240935325622559
3854,4,0.9,120,120,-106.86006377426776,0.8727132185032466,0,7.370858669281006,-15.399725914001465,12.599345207214355
3855,4,0.9,120,22,12.677416183841911,0.9001216832226503,1,2.7422189712524414,-12.248998641967773,11.94404411315918
3856,4,0.9,120,23,7.456818046944495,0.905124791248473,1,5.871722221374512,-13.278959274291992,11.971141815185547
3857,4,0.9,120,13,21.734044270859382,0.9082572299322613,1,5.963662624359131,-12.365503311157227,12.449241638183594
3858,4,0.9,120,23,13.831122684330392,0.9088388943345703,1,14.618335723876953,-15.44758415222168,12.75991439819336
3859,4,0.9,120,116,-80.53443131279077,0.9014585904958464,1,4.6506452560424805,-13.77522087097168,12.539093017578125
3860,4,0.9,120,43,-2.784975524854291,0.9044771398956436,1,4.2960638999938965,-14.087982177734375,12.60546588897705
3861,4,0.9,120,10,24.543204087492825,0.9013963527060632,1,15.997861862182617,-13.500845909118652,12.328782081604004
3862,4,0.9,120,120,-138.46100798747756,0.2502302129039205,0,4.390293121337891,-13.041423797607422,12.138975143432617
3863,4,0.9,120,42,-4.21743756993048,0.9011837490365413,1,5.640533447265625,-14.510946273803711,12.875109672546387
3864,4,0.9,120,120,-105.04871981640102,0.8790095595459234,0,23.15207862854004,-13.051965713500977,12.542572021484375
3865,4,0.9,120,32,-2.613045645636481,0.9057405428788766,1,6.609683036804199,-11.560585021972656,12.479823112487793
3866,4,0.9,120,7,25.881233328865694,0.9018505562131324,1,6.790080547332764,-13.757208824157715,12.8324613571167
3867,4,0.9,120,120,-154.0626600969294,0.0,0,5.490289211273193,-12.952449798583984,12.243019104003906
3868,4,0.9,120,16,14.91175574887557,0.9023658932732543,1,4.786646366119385,-12.440914154052734,12.249361038208008
3869,4,0.9,120,120,-222.94117370914483,0.0,0,9.506974220275879,-13.160623550415039,12.254345893859863
3870,4,0.9,120,64,-36.07267532374193,0.9040346626060226,1,2.5090465545654297,-13.864940643310547,12.228975296020508
3871,4,0.9,120,26,8.949487747723355,0.9144140619074183,1,30.719940185546875,-15.05803108215332,12.237826347351074
3872,4,0.9,120,16,17.45094727324461,0.9024221653661558,1,7.665766716003418,-13.881875038146973,11.770922660827637
3873,4,0.9,120,51,-13.850561808892072,0.9101240214065008,1,4.532077312469482,-14.908590316772461,12.204222679138184
3874,4,0.9,120,20,10.558478447440939,0.9079107122034369,1,56.95198059082031,-14.518951416015625,12.344496726989746
3875,4,0.9,120,47,-18.012065547495677,0.9069892370463575,1,2.2558634281158447,-12.395694732666016,11.774683952331543
3876,4,0.9,120,24,5.003359745023527,0.90325036104879,1,2.9480714797973633,-12.349781036376953,11.62909984588623
3877,4,0.9,120,24,3.625289990719028,0.9010440098763265,1,7.967859745025635,-12.191347122192383,11.55908203125
3878,4,0.9,120,25,3.3821298955305528,0.9124843311349231,1,3.4664158821105957,-12.390484809875488,11.4440279006958
3879,4,0.9,120,6,26.964198408310285,0.9008791362641707,1,7.899848937988281,-12.742578506469727,11.432472229003906
3880,4,0.9,120,6,27.413871129949143,0.9000586879592302,1,4.981698989868164,-12.984905242919922,11.360078811645508
3881,4,0.9,120,22,9.807699613606646,0.9087726135797345,1,3.700082540512085,-14.51268196105957,11.14865493774414
3882,4,0.9,120,8,25.572493189477818,0.9039673821974794,1,3.432124137878418,-12.788993835449219,11.139204978942871
3883,4,0.9,120,25,15.031902491661437,0.9054220471870263,1,14.625073432922363,-14.797538757324219,11.34968376159668
3884,4,0.9,120,17,16.039456936517936,0.9060079294051181,1,5.542341232299805,-14.392814636230469,11.182731628417969
3885,4,0.9,120,11,22.010888584636973,0.9127918855109324,1,9.980316162109375,-14.268977165222168,11.410792350769043
3886,4,0.9,120,120,-98.19666145926983,0.8069490157199202,0,4.647031307220459,-13.144485473632812,11.543451309204102
3887,4,0.9,120,39,-4.660152586857251,0.9006473430232379,1,9.14732551574707,-13.88046646118164,11.919987678527832
3888,4,0.9,120,26,3.7981164212865464,0.9008385220339963,1,7.393526077270508,-14.085887908935547,12.08801555633545
3889,4,0.9,120,120,-110.19673417508083,0.8826265330656541,0,3.6983933448791504,-13.577221870422363,11.414101600646973
3890,4,0.9,120,45,-9.95119493055545,0.901399671151579,1,4.198395252227783,-12.842179298400879,11.988525390625
3891,4,0.9,120,17,14.232630126474186,0.9018952540685247,1,6.506776332855225,-12.2560396194458,11.874403953552246
3892,4,0.9,120,16,22.38675835585554,0.9111601806000786,1,3.221560001373291,-12.74311637878418,11.710349082946777
3893,4,0.9,120,15,16.875444600670548,0.9001381912154177,1,3.3418259620666504,-13.83590316772461,12.277772903442383
3894,4,0.9,120,27,10.3355875452432,0.9059849122313192,1,17.857723236083984,-13.793066024780273,12.719141006469727
3895,4,0.9,120,17,21.289413810479907,0.9075446950135349,1,20.588071823120117,-13.550485610961914,12.701939582824707
3896,4,0.9,120,23,19.526864544793817,0.9155608054006957,1,4.017947196960449,-12.022997856140137,12.044440269470215
3897,4,0.9,120,19,14.627171510645173,0.9069628959447357,1,3.234218120574951,-12.718021392822266,12.36653995513916
3898,4,0.9,120,52,-23.72892679953069,0.9074888504517883,1,6.115095615386963,-13.377447128295898,12.38537883758545
3899,4,0.9,120,7,28.60732003902502,0.9049542193789423,1,8.305582046508789,-13.246671676635742,12.387046813964844
3900,4,0.9,120,17,18.08941665408749,0.9150661829963805,1,3.530240058898926,-12.98225212097168,12.477145195007324
3901,4,0.9,120,28,4.823332524998983,0.901715235380745,1,4.764545440673828,-11.516237258911133,12.443343162536621
3902,4,0.9,120,64,-29.97004305165404,0.9026870511833902,1,9.487820625305176,-12.40580940246582,12.912701606750488
3903,4,0.9,120,67,-32.54137903602367,0.9018306723909777,1,6.388075828552246,-12.608388900756836,12.568099021911621
3904,4,0.9,120,28,4.493462403268055,0.9039002596910073,1,2.984569549560547,-12.322578430175781,12.607837677001953
3905,4,0.9,120,16,14.385997822476199,0.9044186995666144,1,19.71136474609375,-12.35654067993164,12.591558456420898
3906,4,0.9,120,18,17.68980874153922,0.9051694408826206,1,3.094304084777832,-12.385443687438965,12.411859512329102
3907,4,0.9,120,120,-114.9215522680468,0.8329978725680004,0,27.534257888793945,-14.60521411895752,12.792930603027344
3908,4,0.9,120,9,22.069579311913895,0.9081731718365142,1,4.68873929977417,-10.720351219177246,12.508859634399414
3909,4,0.9,120,8,24.09432349855402,0.905786546530282,1,5.230136871337891,-15.47878360748291,13.065253257751465
3910,4,0.9,120,29,0.7183419073064261,0.9015521195056336,1,9.487082481384277,-13.673641204833984,12.664095878601074
3911,4,0.9,120,18,7.643136995251187,0.9009591673480625,1,6.997350215911865,-14.759562492370605,13.003178596496582
3912,4,0.9,120,35,-11.65305834954062,0.9014185684211989,1,3.403022289276123,-15.036975860595703,12.964500427246094
3913,4,0.9,120,72,-39.40177111266881,0.9056753649085026,1,5.017518997192383,-11.330087661743164,12.519148826599121
3914,4,0.9,120,24,11.20345056953689,0.910266976971667,1,6.189118385314941,-11.418733596801758,12.367544174194336
3915,4,0.9,120,120,-109.67633788240647,0.8715282489712629,0,6.242570877075195,-11.551196098327637,12.665522575378418
3916,4,0.9,120,10,22.901992202832492,0.9069650345928866,1,6.234491348266602,-11.322202682495117,12.546916007995605
3917,4,0.9,120,58,-39.21666683541178,0.9010589353957357,1,23.891048431396484,-12.31035041809082,12.627169609069824
3918,4,0.9,120,120,-114.76758127808552,0.8727294626501517,0,4.91016960144043,-13.204568862915039,12.674845695495605
3919,4,0.9,120,120,-131.97078920426662,0.8723757277498813,0,9.85400390625,-12.150834083557129,12.5623197555542
3920,4,0.9,120,32,-9.233193403237225,0.9056581038321541,1,3.73726224899292,-13.485612869262695,12.43454647064209
3921,4,0.9,120,25,10.081289332455155,0.9017160517811297,1,7.265057563781738,-12.673257827758789,12.400489807128906
3922,4,0.9,120,106,-102.72849749442351,0.902261870913364,1,4.524012565612793,-12.342462539672852,12.246162414550781
3923,4,0.9,120,120,-121.09571457600705,0.8554198860298484,0,2.7489938735961914,-10.98585319519043,12.212157249450684
3924,4,0.9,120,120,-103.86882885141164,0.8747998113379843,0,4.305356025695801,-12.754706382751465,12.434439659118652
3925,4,0.9,120,74,-35.21437211770935,0.900175977285073,1,2.755821704864502,-13.080387115478516,12.679827690124512
3926,4,0.9,120,18,19.977372596903002,0.9053416663649367,1,5.644861221313477,-12.420092582702637,12.22331428527832
3927,4,0.9,120,120,-106.08107116654455,0.8632061344047013,0,14.998605728149414,-13.530855178833008,12.77942943572998
3928,4,0.9,120,25,2.4076663223064863,0.916038231844619,1,4.068142414093018,-13.545904159545898,12.55855655670166
3929,4,0.9,120,120,-127.84181798000704,0.8667674657571228,0,4.854533672332764,-12.996232986450195,12.261488914489746
3930,4,0.9,120,18,17.104268145162884,0.9078027207707113,1,4.440871715545654,-12.669726371765137,12.118698120117188
3931,4,0.9,120,53,-26.490597618018203,0.9064712614355557,1,13.002840995788574,-12.167705535888672,12.197247505187988
3932,4,0.9,120,21,6.033700570208385,0.9028405462573396,1,2.4661686420440674,-12.22917366027832,12.136881828308105
3933,4,0.9,120,55,-28.78715395461246,0.9004834725214238,1,4.838274002075195,-12.01309585571289,12.28606128692627
3934,4,0.9,120,120,-105.31944393780763,0.8743008710391754,0,10.548336029052734,-13.442591667175293,12.872873306274414
3935,4,0.9,120,120,-132.5890673703249,0.8299822299301917,0,6.261715888977051,-11.954931259155273,12.167741775512695
3936,4,0.9,120,120,-125.11783939822735,0.856117506577593,0,2.829660415649414,-13.122014045715332,12.629034996032715
3937,4,0.9,120,120,-104.06693271545035,0.8264671736288047,0,6.9755330085754395,-13.149222373962402,12.654261589050293
3938,4,0.9,120,13,12.524423811404587,0.905295014122573,1,9.943039894104004,-11.843709945678711,12.01187515258789
3939,4,0.9,120,11,25.37615167224994,0.9000297198880384,1,5.94771671295166,-14.059558868408203,12.142857551574707
3940,4,0.9,120,120,-140.9480385064479,0.8707432073541006,0,11.924156188964844,-13.65846061706543,12.385224342346191
3941,4,0.9,120,16,18.41249867018104,0.9038225565431693,1,4.749872207641602,-12.685142517089844,12.145694732666016
3942,4,0.9,120,6,24.512378289404687,0.9010078484397258,1,9.55136489868164,-14.073068618774414,12.845480918884277
3943,4,0.9,120,90,-62.76646993426035,0.9005663385570627,1,5.234343528747559,-13.741249084472656,12.42512321472168
3944,4,0.9,120,120,-116.81492995756601,0.8419180813254222,0,4.373502731323242,-11.539268493652344,12.42368221282959
3945,4,0.9,120,20,10.721493939612705,0.9070268335121998,1,3.1621928215026855,-10.839776992797852,12.227594375610352
3946,4,0.9,120,120,-125.28300122393651,0.8142930724431104,0,5.4558186531066895,-11.403712272644043,11.733760833740234
3947,4,0.9,120,13,15.147218191520434,0.9018970903183257,1,5.223617076873779,-12.032915115356445,12.019103050231934
3948,4,0.9,120,94,-85.38097892985375,0.91337090215395,1,5.1610870361328125,-11.147375106811523,11.925803184509277
3949,4,0.9,120,120,-104.79050120772862,0.837296442648938,0,5.806177139282227,-14.576485633850098,11.709468841552734
3950,4,0.9,120,40,-8.74923960821707,0.9008062840568364,1,4.702609539031982,-12.871344566345215,11.52139663696289
3951,4,0.9,120,120,-120.94249478663966,0.8245349717757047,0,21.530691146850586,-13.578390121459961,12.117263793945312
3952,4,0.9,120,14,22.829481518747237,0.9094219930103374,1,4.175587177276611,-13.03679370880127,11.694253921508789
3953,4,0.9,120,120,-140.81426320792912,0.3771922027478451,0,9.037208557128906,-14.262661933898926,12.076249122619629
3954,4,0.9,120,20,11.16018292059405,0.9040186989030714,1,7.8317461013793945,-14.57038688659668,12.143510818481445
3955,4,0.9,120,54,-23.47612639707331,0.9108285990145195,1,4.472324371337891,-13.633583068847656,11.403511047363281
3956,4,0.9,120,120,-114.3923632769213,0.5793002400723655,0,5.766379356384277,-14.192893981933594,11.524126052856445
3957,4,0.9,120,42,-15.075594300927971,0.9067882848875127,1,21.001487731933594,-14.854520797729492,11.487931251525879
3958,4,0.9,120,120,-127.25252539151018,0.8529732823145703,0,6.27122688293457,-14.053382873535156,11.343220710754395
3959,4,0.9,120,11,25.728769415753575,0.9168273440731644,1,6.360978126525879,-14.890043258666992,11.500676155090332
3960,4,0.9,120,120,-122.65133732829855,0.8472635822729805,0,8.634511947631836,-14.666672706604004,11.248368263244629
3961,4,0.9,120,22,11.063613990486761,0.9013876018218571,1,2.935563087463379,-13.729887962341309,10.899165153503418
3962,4,0.9,120,13,16.68155435954925,0.9068533741830563,1,3.221583843231201,-13.890270233154297,11.752089500427246
3963,4,0.9,120,34,-5.232969354759302,0.90203212770837,1,2.7178635597229004,-13.158195495605469,10.803339958190918
3964,4,0.9,120,22,9.530738741334376,0.9021486954594173,1,15.4837064743042,-13.421420097351074,11.055922508239746
3965,4,0.9,120,35,-1.7206726035777304,0.9019463077888179,1,2.3471477031707764,-14.314979553222656,11.063003540039062
3966,4,0.9,120,34,-11.34406402581124,0.9062302098870055,1,10.714412689208984,-15.03661823272705,11.146987915039062
3967,4,0.9,120,120,-148.10545557534897,0.8334160534389607,0,10.023313522338867,-15.489701271057129,11.112593650817871
3968,4,0.9,120,90,-51.51442012878657,0.905549751286174,1,5.767806053161621,-14.640024185180664,10.990880966186523
3969,4,0.9,120,21,11.806428502963962,0.9119880236280572,1,12.51097297668457,-14.009275436401367,11.357157707214355
3970,4,0.9,120,18,20.736242572298657,0.906529318721283,1,5.647023677825928,-13.225954055786133,11.33380126953125
3971,4,0.9,120,36,3.3944182271433974,0.9012076553408768,1,3.7303688526153564,-12.315116882324219,11.349668502807617
3972,4,0.9,120,26,8.459938025870883,0.9000669317001825,1,6.093481063842773,-11.626914978027344,11.929831504821777
3973,4,0.9,120,26,10.568272593209857,0.9037123428733915,1,6.307388782501221,-10.640178680419922,11.41209602355957
3974,4,0.9,120,23,12.449022938450991,0.9058401384784024,1,6.095999717712402,-10.963504791259766,11.506397247314453
3975,4,0.9,120,11,25.94263117199865,0.9021979337145076,1,4.48133659362793,-14.20196533203125,11.951476097106934
3976,4,0.9,120,38,-0.8709355097325968,0.9003267391828113,1,4.587434768676758,-12.028491020202637,11.382142066955566
3977,4,0.9,120,120,-100.16834279677701,0.739498257662084,0,3.9255824089050293,-13.36129379272461,11.43981647491455
3978,4,0.9,120,15,22.353058712764174,0.9041963911335639,1,37.706214904785156,-15.070524215698242,12.043185234069824
3979,4,0.9,120,14,21.753557851079236,0.9099514553476252,1,43.887237548828125,-12.868648529052734,11.804035186767578
3980,4,0.9,120,86,-48.08902614363143,0.9033217526693593,1,14.353666305541992,-12.516716957092285,11.471319198608398
3981,4,0.9,120,120,-115.76614335835251,0.8555539751318542,0,4.233930587768555,-12.229418754577637,11.689752578735352
3982,4,0.9,120,32,-5.55241518313872,0.9055531780847449,1,4.131039619445801,-11.975472450256348,11.743547439575195
3983,4,0.9,120,21,9.084534998701361,0.9064270537726786,1,5.568386554718018,-11.037718772888184,11.933006286621094
3984,4,0.9,120,17,17.186023148167514,0.9103608966374541,1,7.652412414550781,-11.59831428527832,12.069918632507324
3985,4,0.9,120,120,-144.46378910633365,0.41255988846684627,0,4.661285400390625,-12.05801010131836,11.85340404510498
3986,4,0.9,120,120,-132.92735219243517,0.39307023815764724,0,4.992321968078613,-11.789648056030273,11.776728630065918
3987,4,0.9,120,120,-155.67126899480948,0.2716022918494381,0,4.310205936431885,-13.352243423461914,12.07824993133545
3988,4,0.9,120,120,-153.80076582740116,0.4349421755763966,0,4.103344440460205,-12.091390609741211,12.04593276977539
3989,4,0.9,120,120,-140.5119849457389,0.613670094655909,0,16.95371437072754,-12.962163925170898,12.032475471496582
3990,4,0.9,120,120,-158.12940357012226,0.27678600034048834,0,4.370981693267822,-12.441078186035156,11.812583923339844
3991,4,0.9,120,120,-190.04468057935125,0.09691577087281561,0,5.067602634429932,-14.447755813598633,12.021270751953125
3992,4,0.9,120,120,-166.0973300496188,0.0,0,5.1844072341918945,-13.361013412475586,12.138954162597656
3993,4,0.9,120,51,-18.545796091254193,0.9026261654953776,1,4.330875396728516,-11.654195785522461,11.57813549041748
3994,4,0.9,120,120,-163.38899343308975,0.23843907464217656,0,3.3557004928588867,-10.710099220275879,11.7974214553833
3995,4,0.9,120,120,-157.62189005018752,0.28101674061149884,0,4.295145511627197,-11.121822357177734,11.621317863464355
3996,4,0.9,120,120,-145.93906693855115,0.19852385073984616,0,7.326227188110352,-10.659669876098633,11.99760913848877
3997,4,0.9,120,8,23.53278577253684,0.9119289806129078,1,6.4350385665893555,-13.715890884399414,12.571497917175293
3998,4,0.9,120,29,6.0914580867437955,0.9013462507252872,1,5.431182861328125,-11.677591323852539,12.43095874786377
3999,4,0.9,120,21,5.077349002400419,0.9068500012484166,1,13.940505981445312,-14.593505859375,12.628630638122559
4000,4,0.9,120,120,-114.29355335633436,0.8833268626220757,0,4.41225528717041,-15.663888931274414,12.547401428222656
4001,4,0.9,120,120,-170.19183705817423,0.6712582102561673,0,4.599991798400879,-13.289999008178711,12.325174331665039
4002,4,0.9,120,119,-135.73056317458088,0.9139054712860173,1,8.12729263305664,-14.075790405273438,12.571036338806152
4003,4,0.9,120,120,-133.32758339603748,0.8933396113578936,0,5.089595794677734,-13.061625480651855,12.478663444519043
4004,4,0.9,120,120,-86.2034440634382,0.8619041827746212,0,3.970550060272217,-13.025189399719238,12.461989402770996
4005,4,0.9,120,120,-115.82470654288304,0.8498000861488341,0,5.0418877601623535,-11.65971565246582,12.106791496276855
4006,4,0.9,120,120,-118.88586382346746,0.8445885488037231,0,8.324224472045898,-11.83696174621582,12.240002632141113
4007,4,0.9,120,120,-130.34826059098503,0.8211970198198649,0,4.71822452545166,-10.22364330291748,11.7430419921875
4008,4,0.9,120,111,-107.98674536289582,0.9006930035412235,1,5.93910551071167,-12.06367015838623,12.181282043457031
4009,4,0.9,120,120,-143.39361257140249,0.8558700570500525,0,3.9607834815979004,-10.789106369018555,11.985029220581055
4010,4,0.9,120,52,-32.24986567599598,0.9149984404922769,1,13.22720718383789,-10.978580474853516,11.587681770324707
4011,4,0.9,120,120,-129.99029198812548,0.8089398671180921,0,4.810811996459961,-12.224899291992188,11.878880500793457
4012,4,0.9,120,86,-67.72432562156851,0.9004627409588114,1,5.394378662109375,-12.49748420715332,11.84855842590332
4013,4,0.9,120,120,-166.70041716197744,0.8784417916509029,0,3.7438669204711914,-12.618390083312988,11.195536613464355
4014,4,0.9,120,120,-102.68559142971861,0.7944814353680324,0,4.078845024108887,-11.642915725708008,11.343037605285645
4015,4,0.9,120,120,-96.93914498438272,0.8610620273446231,0,11.132902145385742,-13.038429260253906,11.290151596069336
4016,4,0.9,120,23,6.487406325763731,0.9042178725241022,1,2.8149352073669434,-10.255840301513672,11.363081932067871
4017,4,0.9,120,11,16.915890615372604,0.9136548041677962,1,4.168067932128906,-11.753231048583984,11.440088272094727
4018,4,0.9,120,14,15.991917924041589,0.9071516514705672,1,2.8474457263946533,-12.092840194702148,11.48914909362793
4019,4,0.9,120,120,-133.66208968780396,0.8643765605179511,0,3.597386121749878,-13.18440055847168,11.218889236450195
4020,4,0.9,120,120,-102.36986059612951,0.7338024628655581,0,2.4683995246887207,-11.57890510559082,11.375457763671875
4021,4,0.9,120,14,21.63678457382276,0.9018811076274921,1,3.564411163330078,-11.726337432861328,11.326045036315918
4022,4,0.9,120,120,-117.06352213680313,0.8544534912166766,0,5.080507755279541,-12.415029525756836,11.401798248291016
4023,4,0.9,120,120,-135.09719973198793,0.8758076421302966,0,6.627508163452148,-11.310970306396484,11.144429206848145
4024,4,0.9,120,49,-25.367969626425097,0.9004870548753254,1,7.597448348999023,-12.201715469360352,11.577376365661621
4025,4,0.9,120,120,-123.00145195783244,0.8702339017622351,0,3.10162353515625,-11.897050857543945,11.579127311706543
4026,4,0.9,120,120,-119.6732530010247,0.6323088529786944,0,3.8362948894500732,-10.498306274414062,11.208683967590332
4027,4,0.9,120,120,-124.40361991627857,0.891361030493321,0,2.434954881668091,-10.869906425476074,10.974759101867676
4028,4,0.9,120,32,-3.9581159421434258,0.9005571883358187,1,9.146390914916992,-11.984819412231445,11.497440338134766
4029,4,0.9,120,15,8.893691864917013,0.9072467130759049,1,4.5003814697265625,-12.180625915527344,11.66910457611084
4030,4,0.9,120,19,11.076167495769546,0.9081572311155922,1,2.9984397888183594,-12.579404830932617,11.413398742675781
4031,4,0.9,120,14,18.795010823353646,0.9094690900421165,1,5.498083591461182,-13.55781364440918,11.487650871276855
4032,4,0.9,120,13,19.484480934992355,0.9024326712091477,1,4.476661682128906,-12.896678924560547,11.211852073669434
4033,4,0.9,120,120,-114.80862729789013,0.8529205003507162,0,5.260201454162598,-13.10876178741455,11.27905559539795
4034,4,0.9,120,13,24.239280740873923,0.9003459042219182,1,7.19918155670166,-13.188916206359863,11.336811065673828
4035,4,0.9,120,12,18.68713156871035,0.9053640628162999,1,3.1772890090942383,-12.828323364257812,11.000069618225098
4036,4,0.9,120,13,17.413207483391417,0.900020163879575,1,4.817646026611328,-12.78687858581543,11.576420783996582
4037,4,0.9,120,7,21.158033507308886,0.9156067756605313,1,5.987499237060547,-11.332971572875977,11.363741874694824
4038,4,0.9,120,14,19.88059793304948,0.9002850083047595,1,5.847080707550049,-11.032182693481445,11.302789688110352
4039,4,0.9,120,120,-95.16980672453288,0.8180454215194471,0,4.8127946853637695,-11.61645793914795,11.490886688232422
4040,4,0.9,120,86,-48.55474673923982,0.9009889374212252,1,4.75726318359375,-11.540510177612305,11.666657447814941
4041,4,0.9,120,27,0.09283783099423815,0.9082627489526045,1,12.95001220703125,-11.903738021850586,11.73578929901123
4042,4,0.9,120,14,19.08454103789493,0.9061186986951301,1,4.527250289916992,-11.69074821472168,11.550392150878906
4043,4,0.9,120,103,-87.85848584034304,0.9023657652119562,1,2.4257755279541016,-13.799015045166016,11.638041496276855
4044,4,0.9,120,19,14.677238785641036,0.9003573397633863,1,7.723944664001465,-13.210748672485352,11.562846183776855
4045,4,0.9,120,120,-111.09901097900861,0.8334161265211546,0,4.134250640869141,-12.565397262573242,11.546137809753418
4046,4,0.9,120,5,24.918757485244612,0.9022246294276759,1,14.573776245117188,-13.723867416381836,11.483271598815918
4047,4,0.9,120,27,7.125338181681666,0.9045780139399031,1,4.616833209991455,-12.957862854003906,11.543437004089355
4048,4,0.9,120,30,8.116060313747418,0.9073362657970877,1,4.588868141174316,-12.767966270446777,11.420218467712402
4049,4,0.9,120,120,-160.61081568662763,0.035880117192330904,0,3.0597338676452637,-11.34628677368164,11.492871284484863
4050,4,0.9,120,21,15.229673130725995,0.9029269935000869,1,4.133492469787598,-12.32313060760498,11.539084434509277
4051,4,0.9,120,22,15.0804750137881,0.9001826233232079,1,2.710387706756592,-13.027182579040527,11.401545524597168
4052,4,0.9,120,13,17.704289123424182,0.9091423563212206,1,3.1659555435180664,-11.726734161376953,11.494587898254395
4053,4,0.9,120,19,14.748785885862945,0.9006120470903509,1,4.741689205169678,-13.54874038696289,11.889620780944824
4054,4,0.9,120,6,27.68417811082593,0.9034976076932549,1,11.27314281463623,-13.15818977355957,11.61637020111084
4055,4,0.9,120,33,3.7910102988764836,0.904591604128206,1,3.6969895362854004,-13.136835098266602,11.357558250427246
4056,4,0.9,120,43,-6.757452358994456,0.9016560483725559,1,3.9760677814483643,-13.778653144836426,11.599912643432617
4057,4,0.9,120,24,5.048551157041551,0.9000246003934221,1,16.670730590820312,-12.792102813720703,11.432036399841309
4058,4,0.9,120,17,15.912735390223053,0.9140291130328692,1,10.470168113708496,-13.905519485473633,11.792218208312988
4059,4,0.9,120,12,21.806405235637534,0.9098098921330193,1,7.595073699951172,-12.933576583862305,11.861531257629395
4060,4,0.9,120,23,13.61313212267292,0.9061089924610978,1,6.399089813232422,-12.968750953674316,12.328024864196777
4061,4,0.9,120,120,-94.33136818597946,0.8646023734288804,0,2.0052731037139893,-13.569816589355469,12.283209800720215
4062,4,0.9,120,120,-105.14052034591482,0.8757922705331422,0,5.798833847045898,-11.779701232910156,11.58420181274414
4063,4,0.9,120,18,13.712507828424377,0.9045630177826037,1,3.0045456886291504,-11.649601936340332,11.681309700012207
4064,4,0.9,120,21,19.74764649097665,0.9073072981861177,1,3.8738489151000977,-13.219430923461914,11.852770805358887
4065,4,0.9,120,15,14.014653780604565,0.9050150353643222,1,3.2565479278564453,-11.658864974975586,11.79921817779541
4066,4,0.9,120,19,17.101113273556184,0.9042766904114353,1,30.466646194458008,-13.503585815429688,12.322626113891602
4067,4,0.9,120,22,12.4735045382742,0.9006343555260198,1,5.6599860191345215,-12.961034774780273,11.707991600036621
4068,4,0.9,120,48,-18.71504053436989,0.9000816853249703,1,13.214282035827637,-13.803176879882812,11.786205291748047
4069,4,0.9,120,49,-16.565095563941306,0.9087301159163912,1,3.3789026737213135,-12.409662246704102,11.91002368927002
4070,4,0.9,120,33,-0.46958634423681467,0.9011114799441201,1,6.520082473754883,-14.001928329467773,12.211461067199707
4071,4,0.9,120,12,24.857282472553536,0.9172735499937832,1,16.6662540435791,-13.339942932128906,11.958015441894531
4072,4,0.9,120,24,8.42588084610109,0.90437793676899,1,4.525986671447754,-13.572639465332031,12.456440925598145
4073,4,0.9,120,34,-5.396176840812194,0.9005705374947566,1,3.89746356010437,-12.839649200439453,11.967256546020508
4074,4,0.9,120,120,-123.74983397072978,0.8484195717017238,0,14.233634948730469,-11.656021118164062,12.206575393676758
4075,4,0.9,120,7,21.420664693537965,0.920825822163371,1,5.104733467102051,-12.933774948120117,12.40439510345459
4076,4,0.9,120,18,18.916887414147872,0.9033236400803442,1,4.583360195159912,-12.394153594970703,12.033458709716797
4077,4,0.9,120,14,21.00253040575872,0.9073502858265027,1,4.835341453552246,-11.407463073730469,11.924124717712402
4078,4,0.9,120,15,21.231497985211178,0.9002609880530686,1,2.632096767425537,-12.71831226348877,12.033308982849121
4079,4,0.9,120,49,-9.957499209241035,0.9030451237136262,1,5.975085258483887,-12.592859268188477,11.992594718933105
4080,4,0.9,120,18,12.395666450294671,0.9029617168757272,1,4.982172966003418,-14.069439888000488,12.687518119812012
4081,4,0.9,120,120,-93.04363299456963,0.8858212210031688,0,7.443581581115723,-13.404927253723145,11.716208457946777
4082,4,0.9,120,12,16.878654143098206,0.9013882065653188,1,18.389461517333984,-13.325824737548828,12.637834548950195
4083,4,0.9,120,120,-87.40627898619329,0.8901725904575358,0,4.238132476806641,-12.44737434387207,12.206575393676758
4084,4,0.9,120,11,23.29933152406369,0.9189545380403576,1,5.684689044952393,-11.322334289550781,11.809370994567871
4085,4,0.9,120,52,-20.1352279779386,0.9025363774143832,1,7.376399040222168,-12.266443252563477,12.29034423828125
4086,4,0.9,120,14,23.375601888356453,0.9078576973161907,1,6.73178768157959,-11.559913635253906,12.426393508911133
4087,4,0.9,120,41,-5.337821974221232,0.9004740674346531,1,12.553775787353516,-11.856083869934082,12.01383113861084
4088,4,0.9,120,19,13.976657443600658,0.904165217263238,1,3.494318962097168,-11.839151382446289,12.234426498413086
4089,4,0.9,120,11,20.532315316666594,0.9048473392457864,1,6.741515159606934,-12.527196884155273,12.071725845336914
4090,4,0.9,120,62,-31.020069937737254,0.9050675877225222,1,3.705325126647949,-13.01358413696289,11.743587493896484
4091,4,0.9,120,12,23.154440085115542,0.9154519245103899,1,9.694540977478027,-13.37601089477539,12.458232879638672
4092,4,0.9,120,120,-188.1013789649978,0.1856061493039045,0,6.045697212219238,-12.422338485717773,12.434442520141602
4093,4,0.9,120,16,18.070181692705116,0.9006794608385481,1,4.253083229064941,-13.034058570861816,12.59058666229248
4094,4,0.9,120,59,-30.356750945161657,0.904079303418026,1,4.6463518142700195,-11.871500015258789,12.16098690032959
4095,4,0.9,120,40,-4.405463006984608,0.9063856660647944,1,4.917527198791504,-13.652332305908203,12.425539016723633
4096,4,0.9,120,10,21.386423917411975,0.9019416354668972,1,4.579568386077881,-13.246002197265625,12.245187759399414
4097,4,0.9,120,13,20.7222314977598,0.900562583221728,1,3.7122745513916016,-14.360209465026855,12.91797924041748
4098,4,0.9,120,17,12.853742607005298,0.9205567587984428,1,6.480845928192139,-12.437664031982422,12.298789024353027
4099,4,0.9,120,21,20.343100632116574,0.9111218067461632,1,5.534193992614746,-11.434306144714355,12.567924499511719
4100,4,0.9,120,44,-13.830354474635241,0.9067271929292104,1,7.3183913230896,-11.747560501098633,12.394206047058105
4101,4,0.9,120,17,17.787402522563227,0.9006376480197826,1,3.720759868621826,-12.688667297363281,12.088252067565918
4102,4,0.9,120,24,13.98850873504804,0.909733734153202,1,3.425370216369629,-13.073160171508789,12.544893264770508
4103,4,0.9,120,20,13.39987688839216,0.9070397106625119,1,3.9451944828033447,-12.174524307250977,12.468741416931152
4104,4,0.9,120,120,-177.82802360194987,0.0,0,4.956805229187012,-13.425956726074219,12.549336433410645
4105,4,0.9,120,120,-239.89809665007135,0.07081554479619341,0,7.456639289855957,-12.93191909790039,12.69829273223877
4106,4,0.9,120,39,-3.6692624550871304,0.9043752782829924,1,2.8740034103393555,-13.089794158935547,12.144253730773926
4107,4,0.9,120,11,17.77995741295184,0.9057711141509421,1,5.653801918029785,-12.680032730102539,11.970008850097656
4108,4,0.9,120,47,-15.012532083241021,0.9004871761687908,1,4.013486862182617,-13.930854797363281,12.838797569274902
4109,4,0.9,120,48,-16.499854754376408,0.9047579058398286,1,6.419865131378174,-13.757722854614258,12.40942668914795
4110,4,0.9,120,12,25.41561233087498,0.9094196599125042,1,4.378374099731445,-14.721961975097656,12.702404022216797
4111,4,0.9,120,17,16.996634827010787,0.9059922743404466,1,10.681811332702637,-12.948429107666016,12.408111572265625
4112,4,0.9,120,16,17.839722269241086,0.9062846424414761,1,5.34226655960083,-12.532855033874512,12.623819351196289
4113,4,0.9,120,10,20.37934981870001,0.9040878230861462,1,3.8264870643615723,-13.918672561645508,12.8711576461792
4114,4,0.9,120,120,-202.5543506599713,0.025171263595412264,0,4.136350154876709,-13.139528274536133,12.843317985534668
4115,4,0.9,120,74,-34.89815955897353,0.901235006361565,1,4.893940448760986,-12.783875465393066,12.429556846618652
4116,4,0.9,120,18,18.095095126415707,0.904899002006584,1,3.3641700744628906,-12.491929054260254,12.457345962524414
4117,4,0.9,120,13,13.997651252512501,0.908806698369819,1,9.814556121826172,-11.940359115600586,12.496188163757324
4118,4,0.9,120,10,24.871785397426073,0.9160583982540634,1,4.290942668914795,-11.324797630310059,12.620190620422363
4119,4,0.9,120,120,-115.18598823777987,0.8577058306327083,0,5.308782577514648,-12.992905616760254,12.562508583068848
4120,4,0.9,120,120,-86.47056942561557,0.8616376413599239,0,3.421968936920166,-13.924360275268555,12.655736923217773
4121,4,0.9,120,120,-125.10707756239557,0.8387869795086503,0,6.672479629516602,-14.837018966674805,12.7850980758667
4122,4,0.9,120,120,-106.96081591010467,0.8519503295186893,0,14.363811492919922,-14.689360618591309,12.525186538696289
4123,4,0.9,120,120,-120.83908889678541,0.8871370091092499,0,5.811767578125,-15.284610748291016,12.455143928527832
4124,4,0.9,120,16,13.985397031525462,0.9080361990744149,1,8.490806579589844,-13.874029159545898,12.631901741027832
4125,4,0.9,120,9,21.95555826506361,0.9006320970732697,1,3.1938529014587402,-12.56117057800293,12.2643461227417
4126,4,0.9,120,21,10.571922318034577,0.9000670765736954,1,2.7899861335754395,-13.48636531829834,12.439826011657715
4127,4,0.9,120,10,27.982669329186585,0.9070893810402604,1,4.25139045715332,-12.225688934326172,12.133098602294922
4128,4,0.9,120,10,23.55758719889221,0.9027842936245815,1,5.894613265991211,-12.822715759277344,12.7052001953125
4129,4,0.9,120,20,9.879480064342752,0.9033322180030394,1,13.13148307800293,-12.426153182983398,12.647433280944824
4130,4,0.9,120,20,9.85088421073938,0.9022537330995155,1,12.987812042236328,-13.779329299926758,12.586983680725098
4131,4,0.9,120,14,19.596839427187064,0.9004802649829159,1,4.325643062591553,-13.502184867858887,12.40211009979248
4132,4,0.9,120,14,14.964842528509955,0.9188287888317036,1,5.7121429443359375,-13.083307266235352,12.188578605651855
4133,4,0.9,120,12,15.272234252341818,0.9022828188225119,1,8.493135452270508,-14.84919261932373,12.946019172668457
4134,4,0.9,120,26,7.207778303491956,0.9069301232461794,1,3.8735156059265137,-14.057496070861816,12.749968528747559
4135,4,0.9,120,15,18.27603014551737,0.9062216723988492,1,11.433250427246094,-12.075355529785156,12.936311721801758
4136,4,0.9,120,120,-110.3556524616059,0.8549784974323076,0,4.441140651702881,-12.676166534423828,12.905455589294434
4137,4,0.9,120,19,12.92281596859299,0.9035429959184588,1,6.824533939361572,-12.120241165161133,12.948470115661621
4138,4,0.9,120,26,5.799725182877074,0.9012668472290399,1,3.917682409286499,-12.328557968139648,13.117151260375977
4139,4,0.9,120,44,-20.150505937734373,0.906814368997744,1,4.094133377075195,-12.629898071289062,12.815608024597168
4140,4,0.9,120,30,9.47660561230621,0.9015317130441711,1,3.4160571098327637,-11.949384689331055,12.739030838012695
4141,4,0.9,120,11,22.30270004570461,0.9039855012353372,1,3.9199821949005127,-12.775453567504883,12.415389060974121
4142,4,0.9,120,23,13.413895162656065,0.9035368182704859,1,2.572981357574463,-13.725210189819336,13.00555419921875
4143,4,0.9,120,6,28.802045309327987,0.9053438999592542,1,4.955041408538818,-13.489273071289062,12.64401912689209
4144,4,0.9,120,11,23.531146164954116,0.9088101550744118,1,4.82311487197876,-12.158214569091797,12.328948974609375
4145,4,0.9,120,15,14.998977708106391,0.9116256169574151,1,3.1512041091918945,-11.808603286743164,12.334936141967773
4146,4,0.9,120,18,16.822350454386196,0.9190276657339973,1,3.0855712890625,-11.605829238891602,12.983319282531738
4147,4,0.9,120,120,-116.3892428035997,0.8559646174887735,0,3.7371227741241455,-11.896795272827148,12.527437210083008
4148,4,0.9,120,20,9.28766758142246,0.9015680141182169,1,5.590086936950684,-12.531864166259766,12.909418106079102
4149,4,0.9,120,120,-88.28530459816692,0.8816681092593796,0,5.623104095458984,-11.841266632080078,12.745964050292969
4150,4,0.9,120,8,27.35093605312368,0.9059249486421159,1,4.2550048828125,-11.02458667755127,12.774774551391602
4151,4,0.9,120,30,6.782747626614844,0.9253295356987109,1,5.93601131439209,-13.060199737548828,12.61903190612793
4152,4,0.9,120,11,20.105070957730977,0.9054802993938083,1,5.089372634887695,-12.391913414001465,12.445518493652344
4153,4,0.9,120,10,25.279443902633098,0.9005474876570014,1,7.892494201660156,-12.32765007019043,12.478240013122559
4154,4,0.9,120,27,6.182522170514117,0.9051561558277293,1,4.211504936218262,-14.660682678222656,12.773534774780273
4155,4,0.9,120,120,-146.6038865258287,0.8328623675383081,0,3.3483657836914062,-14.731640815734863,12.70012092590332
4156,4,0.9,120,10,19.157825624509044,0.902715575512101,1,5.244962692260742,-13.114041328430176,12.343245506286621
4157,4,0.9,120,18,16.763557301459702,0.9115512959403674,1,4.769589424133301,-11.402549743652344,12.557367324829102
4158,4,0.9,120,11,20.550170897304078,0.9099289797220842,1,11.628338813781738,-13.270013809204102,12.831544876098633
4159,4,0.9,120,13,21.16687450997179,0.9057206583165385,1,6.001758575439453,-9.55593490600586,12.53088092803955
4160,4,0.9,120,44,-16.209747039765226,0.9013160099966468,1,5.446585655212402,-11.116866111755371,12.455290794372559
4161,4,0.9,120,23,8.080947670231268,0.9113971893334797,1,6.480971336364746,-12.121026992797852,13.057296752929688
4162,4,0.9,120,22,15.39039882705767,0.9033944819232519,1,5.759251594543457,-11.893454551696777,12.852072715759277
4163,4,0.9,120,12,18.04697346319265,0.9057374583094733,1,6.2098188400268555,-13.184928894042969,13.02953815460205
4164,4,0.9,120,16,16.596472580732836,0.9007846262076443,1,4.998576641082764,-13.982266426086426,12.584970474243164
4165,4,0.9,120,120,-96.37634067450873,0.875080263976141,0,4.0642852783203125,-12.700128555297852,12.749411582946777
4166,4,0.9,120,17,16.790139947412,0.9229321793419055,1,8.002141952514648,-13.57235336303711,12.567229270935059
4167,4,0.9,120,20,13.169974442021847,0.9082003928157545,1,7.793333053588867,-13.550907135009766,12.804448127746582
4168,4,0.9,120,9,27.560316361107123,0.9113781911526267,1,4.079743385314941,-14.343439102172852,13.296832084655762
4169,4,0.9,120,16,22.40177990170581,0.9072323638427907,1,5.414224147796631,-13.158686637878418,12.859158515930176
4170,4,0.9,120,61,-30.082560043494293,0.9020893897040759,1,6.469452857971191,-10.545523643493652,12.504600524902344
4171,4,0.9,120,84,-55.811589308603985,0.9072353149634541,1,3.3797574043273926,-13.493231773376465,13.2904691696167
4172,4,0.9,120,5,27.243576690472302,0.9071824305940012,1,5.6628007888793945,-11.213817596435547,12.573493003845215
4173,4,0.9,120,35,-3.2969287633483066,0.9099248151344533,1,5.531778335571289,-11.5902099609375,12.089762687683105
4174,4,0.9,120,14,9.070902851268503,0.9007379363018203,1,3.2547411918640137,-11.304645538330078,12.327910423278809
4175,4,0.9,120,77,-64.45138539710766,0.9133663114494055,1,3.2976632118225098,-12.059318542480469,12.554960250854492
4176,4,0.9,120,13,21.44861226393462,0.9034962946470335,1,7.10328483581543,-15.12013053894043,12.962508201599121
4177,4,0.9,120,12,25.11917316327095,0.9025343916739439,1,15.073640823364258,-13.435066223144531,12.50278091430664
4178,4,0.9,120,54,-30.995142962051034,0.9072147840796658,1,12.949092864990234,-14.201333999633789,12.285479545593262
4179,4,0.9,120,18,13.646207549843286,0.9090941549911377,1,5.3456878662109375,-12.932788848876953,12.209467887878418
4180,4,0.9,120,35,-5.7286715576031035,0.90271959438949,1,8.476807594299316,-14.646449089050293,12.595457077026367
4181,4,0.9,120,25,-1.4192090526943577,0.9001786581342739,1,5.0831403732299805,-13.079696655273438,12.619356155395508
4182,4,0.9,120,6,23.04723326193932,0.9052610736771606,1,5.324431419372559,-12.316122055053711,12.266343116760254
4183,4,0.9,120,60,-24.35791002395213,0.900390752140819,1,6.6959381103515625,-13.286813735961914,12.47569751739502
4184,4,0.9,120,18,11.761541650196333,0.9028778627765099,1,2.6639466285705566,-11.739803314208984,12.487136840820312
4185,4,0.9,120,13,12.53018229634485,0.9025157578767427,1,7.15109920501709,-12.466726303100586,12.084059715270996
4186,4,0.9,120,26,11.152033215929723,0.9106581874639366,1,20.671619415283203,-12.440589904785156,12.709128379821777
4187,4,0.9,120,86,-68.61117668656985,0.9030987310024088,1,4.764012813568115,-13.077676773071289,12.524853706359863
4188,4,0.9,120,120,-106.50315887509235,0.8530336024477945,0,26.723833084106445,-14.503482818603516,12.791430473327637
4189,4,0.9,120,17,14.157236719328399,0.9121721471160399,1,4.835955619812012,-13.059469223022461,12.403475761413574
4190,4,0.9,120,25,6.496668286777045,0.9037770099933444,1,3.2919139862060547,-13.399662017822266,12.271610260009766
4191,4,0.9,120,120,-88.46169236503972,0.8456543112788565,0,4.392195701599121,-11.967496871948242,12.603575706481934
4192,4,0.9,120,33,1.7445290139183847,0.9014839004819722,1,5.692043781280518,-11.464217185974121,12.161763191223145
4193,4,0.9,120,22,11.023237544138363,0.9071250371859145,1,5.781420707702637,-14.415484428405762,12.780714988708496
4194,4,0.9,120,15,14.739276024578594,0.9057151317478216,1,13.286609649658203,-11.617114067077637,12.622679710388184
4195,4,0.9,120,120,-120.7652146409014,0.8723959017905872,0,13.446111679077148,-12.769777297973633,12.389952659606934
4196,4,0.9,120,18,17.433453077842596,0.9014486730774832,1,4.0103759765625,-13.136453628540039,12.531329154968262
4197,4,0.9,120,20,9.523189152378428,0.9052255052073281,1,21.64637565612793,-14.455960273742676,12.75391674041748
4198,4,0.9,120,6,28.004863790646663,0.9027882525511525,1,8.791723251342773,-14.677233695983887,12.738747596740723
4199,4,0.9,120,20,14.029014076331356,0.9015625175823043,1,4.594147682189941,-13.831391334533691,12.33569049835205
4200,4,0.9,120,16,19.035932123142064,0.9122996742471663,1,5.046272277832031,-11.87529182434082,12.362807273864746
4201,4,0.9,120,20,10.81966708628288,0.9051896398850683,1,4.651249885559082,-12.157392501831055,12.445708274841309
4202,4,0.9,120,120,-119.60720391750215,0.8309021939899539,0,11.79989242553711,-13.856372833251953,13.003130912780762
4203,4,0.9,120,20,6.617417021487151,0.9016916567356921,1,6.3662872314453125,-13.82048511505127,12.758498191833496
4204,4,0.9,120,114,-88.56806691753741,0.9014276122743927,1,6.572828769683838,-10.679098129272461,12.596799850463867
4205,4,0.9,120,15,22.46649666208046,0.9024327654908875,1,3.3478455543518066,-12.010415077209473,12.176530838012695
4206,4,0.9,120,23,11.336774011107874,0.9005125175888591,1,4.9362945556640625,-15.341632843017578,12.645297050476074
4207,4,0.9,120,120,-112.48256465169321,0.8609989427704712,0,3.996346950531006,-13.916034698486328,13.007939338684082
4208,4,0.9,120,23,14.143087318732785,0.9063859521202944,1,3.884026527404785,-14.043622970581055,12.847505569458008
4209,4,0.9,120,18,22.042767661303916,0.9118964642172516,1,15.42767333984375,-15.16158676147461,12.98547649383545
4210,4,0.9,120,14,19.81931650251925,0.9010249222020926,1,6.7290802001953125,-15.215181350708008,12.988924980163574
4211,4,0.9,120,27,-1.0821661605212523,0.9003396484357548,1,4.375818252563477,-12.42303466796875,12.512715339660645
4212,4,0.9,120,8,25.19736878023044,0.9038992313604733,1,19.383548736572266,-14.401596069335938,12.924445152282715
4213,4,0.9,120,11,19.790959149889797,0.9086721932978322,1,4.315969467163086,-12.215380668640137,12.80938720703125
4214,4,0.9,120,55,-27.161916392647885,0.9047437160388249,1,6.242142677307129,-14.827346801757812,13.227618217468262
4215,4,0.9,120,24,4.124916190647189,0.9041005940637538,1,11.444398880004883,-13.620792388916016,13.27337646484375
4216,4,0.9,120,15,18.740034322248505,0.9013668685504237,1,46.860443115234375,-13.561509132385254,13.020718574523926
4217,4,0.9,120,13,19.695915231003625,0.9001741240778469,1,9.36686897277832,-14.571879386901855,13.229153633117676
4218,4,0.9,120,26,5.077313943801415,0.9079460136852221,1,4.439647197723389,-13.453907012939453,12.69708251953125
4219,4,0.9,120,13,15.977863757201742,0.9125632073619054,1,18.409019470214844,-13.694091796875,13.05286693572998
4220,4,0.9,120,19,11.438419685127407,0.90222372273136,1,5.802247047424316,-12.67623519897461,12.966300964355469
4221,4,0.9,120,120,-100.77111925104329,0.8676851459278303,0,4.71158504486084,-13.184042930603027,12.51232624053955
4222,4,0.9,120,22,6.9458536961792525,0.9057516515105761,1,4.0331130027771,-13.61948013305664,12.621866226196289
4223,4,0.9,120,20,12.014717790630673,0.9001320453523614,1,3.1836977005004883,-12.371362686157227,12.742012023925781
4224,4,0.9,120,11,20.63907817811821,0.9166911943974295,1,5.820897102355957,-14.12370491027832,12.488380432128906
4225,4,0.9,120,57,-24.348693309629827,0.9044780148448698,1,5.054460525512695,-13.81619930267334,12.658719062805176
4226,4,0.9,120,120,-128.32043293736913,0.8646885523679293,0,15.802738189697266,-13.971752166748047,12.5460786819458
4227,4,0.9,120,81,-71.8963693097061,0.9009586377915794,1,3.0055930614471436,-13.27435302734375,12.497111320495605
4228,4,0.9,120,15,18.313223286290846,0.9008503123981276,1,9.400877952575684,-13.309989929199219,12.643017768859863
4229,4,0.9,120,51,-33.105496438503934,0.901200606916516,1,4.330793380737305,-14.429544448852539,12.425933837890625
4230,4,0.9,120,107,-74.29278637191152,0.9010783203752687,1,3.374830722808838,-12.444587707519531,12.363310813903809
4231,4,0.9,120,120,-118.99945337845362,0.8406204586651462,0,3.0494093894958496,-14.5882568359375,12.384001731872559
4232,4,0.9,120,70,-35.39058747732155,0.9005834894975103,1,9.740053176879883,-12.31959342956543,12.756102561950684
4233,4,0.9,120,62,-31.234702656063313,0.9033426489385895,1,2.369023323059082,-12.21639633178711,12.48212718963623
4234,4,0.9,120,55,-33.00807538016527,0.9046330872591286,1,4.375387191772461,-13.012691497802734,12.383925437927246
4235,4,0.9,120,120,-92.01342880359856,0.8297133174803288,0,6.714593887329102,-13.52052116394043,12.944526672363281
4236,4,0.9,120,13,13.06432996342859,0.9053410225422679,1,4.797222137451172,-11.805474281311035,12.142071723937988
4237,4,0.9,120,13,15.306826488914062,0.9021604069578926,1,3.814194917678833,-12.790229797363281,12.605612754821777
4238,4,0.9,120,13,18.45271985910938,0.901547017848016,1,2.727191686630249,-11.84432601928711,12.168234825134277
4239,4,0.9,120,120,-114.28734907307388,0.8680202511561811,0,6.171457290649414,-12.736552238464355,12.262286186218262
4240,4,0.9,120,29,4.96339934734027,0.9030538846767652,1,3.618588924407959,-12.309530258178711,12.365717887878418
4241,4,0.9,120,8,20.882044970037715,0.907497392010613,1,6.826157569885254,-13.510764122009277,12.711938858032227
4242,4,0.9,120,10,26.14013340067458,0.9029639857816376,1,2.7545218467712402,-12.573888778686523,12.19037914276123
4243,4,0.9,120,24,13.602263270428173,0.9156050052498506,1,4.969392776489258,-11.63155746459961,12.676838874816895
4244,4,0.9,120,33,1.886796846411503,0.9152018111151445,1,3.687544345855713,-12.059866905212402,12.371451377868652
4245,4,0.9,120,120,-120.33224213079848,0.8527579497684366,0,3.2664356231689453,-13.781169891357422,12.14298152923584
4246,4,0.9,120,21,12.254424209948763,0.9027961393851609,1,3.1814372539520264,-12.413525581359863,12.446329116821289
4247,4,0.9,120,13,23.539827213227408,0.9188998419047314,1,5.034634113311768,-14.429275512695312,12.225990295410156
4248,4,0.9,120,16,11.216375586673422,0.9036176469033437,1,8.240467071533203,-13.431285858154297,12.393134117126465
4249,4,0.9,120,38,-15.523914691377225,0.9009848907708732,1,4.2665605545043945,-13.326265335083008,12.52596378326416
4250,4,0.9,120,25,4.1802473494308225,0.9070054092691792,1,7.074456214904785,-13.389134407043457,12.0684232711792
4251,4,0.9,120,11,20.541649028888827,0.9044899791882027,1,4.509725093841553,-13.66283893585205,12.397224426269531
4252,4,0.9,120,74,-64.81696285250283,0.9077466802649805,1,4.305568695068359,-13.983670234680176,12.260279655456543
4253,4,0.9,120,120,-126.945724373374,0.8425796893245527,0,4.709925651550293,-12.523046493530273,12.335480690002441
4254,4,0.9,120,8,20.054950149306602,0.9032629030674274,1,7.3404669761657715,-12.770721435546875,12.783638000488281
4255,4,0.9,120,9,19.267387039708815,0.9038033141662647,1,4.583324432373047,-13.321879386901855,12.762572288513184
4256,4,0.9,120,66,-38.94846826516837,0.9057032264094758,1,5.375593185424805,-13.694708824157715,12.548579216003418
4257,4,0.9,120,19,15.504621403702405,0.9129072625499057,1,3.238881826400757,-13.366334915161133,13.221277236938477
4258,4,0.9,120,17,20.39577773932556,0.9070457388930572,1,2.8814406394958496,-10.825698852539062,12.180259704589844
4259,4,0.9,120,22,16.16588415372089,0.9011261226874729,1,4.043179512023926,-12.642485618591309,12.239733695983887
4260,4,0.9,120,52,-24.311553265033147,0.907919485080444,1,5.175847053527832,-12.78718090057373,12.489633560180664
4261,4,0.9,120,15,17.026298689523372,0.9157805752152983,1,3.2428512573242188,-12.413131713867188,12.241119384765625
4262,4,0.9,120,90,-81.10492620182579,0.9028587290536573,1,4.54722785949707,-13.5811767578125,12.719834327697754
4263,4,0.9,120,24,8.999789241874677,0.9053328763347867,1,3.3322830200195312,-13.937171936035156,12.740602493286133
4264,4,0.9,120,8,25.693442559825915,0.9108168330595454,1,5.891664505004883,-12.175749778747559,12.460932731628418
4265,4,0.9,120,119,-133.4002186125066,0.9055220528002897,1,8.9197998046875,-12.660813331604004,12.50860595703125
4266,4,0.9,120,66,-35.04883686199352,0.9008952191601697,1,5.814627647399902,-13.277189254760742,12.611979484558105
4267,4,0.9,120,9,21.806438494317653,0.9051786628070267,1,5.296648979187012,-12.775835037231445,12.7003173828125
4268,4,0.9,120,57,-19.390260741088433,0.9000725021621715,1,2.3034472465515137,-14.190738677978516,12.006251335144043
4269,4,0.9,120,13,20.47537663627589,0.9148403969773126,1,10.028327941894531,-13.279704093933105,12.150970458984375
4270,4,0.9,120,46,-22.614963324053328,0.9027004328061575,1,9.804988861083984,-14.431645393371582,12.230730056762695
4271,4,0.9,120,11,14.638779860428233,0.9008906097486566,1,3.968402862548828,-12.729942321777344,11.921385765075684
4272,4,0.9,120,28,1.5380848348450584,0.9055867403697054,1,4.5737457275390625,-15.162798881530762,12.537426948547363
4273,4,0.9,120,120,-167.93943028492356,0.1420092878711108,0,11.418035507202148,-12.705291748046875,11.984170913696289
4274,4,0.9,120,25,7.913086667977354,0.9005957425754416,1,1.852971076965332,-11.64234733581543,11.849821090698242
4275,4,0.9,120,57,-27.578060210302063,0.9021747843045196,1,5.130875587463379,-14.281637191772461,12.988593101501465
4276,4,0.9,120,19,16.624370523227988,0.9135782734859474,1,12.13243579864502,-14.778779029846191,12.719037055969238
4277,4,0.9,120,32,2.1307612126778697,0.9004683454469388,1,4.524524688720703,-12.403575897216797,12.007267951965332
4278,4,0.9,120,9,27.56536779767011,0.9104727215210819,1,3.7836735248565674,-13.370490074157715,11.975465774536133
4279,4,0.9,120,20,9.754652007491316,0.9045456534033564,1,50.405033111572266,-13.484491348266602,12.530163764953613
4280,4,0.9,120,61,-23.303514402804396,0.9015597750013878,1,8.359308242797852,-12.785905838012695,12.385406494140625
4281,4,0.9,120,11,21.524195832016833,0.9020165814331675,1,10.734052658081055,-12.992624282836914,12.316676139831543
4282,4,0.9,120,16,13.668411154250517,0.9071512835083893,1,4.969052314758301,-13.168218612670898,12.519783973693848
4283,4,0.9,120,33,-1.1968965617128529,0.9004503443942108,1,4.704842567443848,-12.452682495117188,12.044334411621094
4284,4,0.9,120,120,-228.9998272014201,0.0,0,6.753546714782715,-12.994532585144043,11.975958824157715
4285,4,0.9,120,11,24.28026825159356,0.9193133696616774,1,5.231733322143555,-11.898285865783691,12.089067459106445
4286,4,0.9,120,46,-25.864577379734584,0.9029085746667646,1,4.570168972015381,-12.840414047241211,11.875467300415039
4287,4,0.9,120,11,16.75250616470661,0.9038282770098062,1,4.787276268005371,-13.280143737792969,12.067329406738281
4288,4,0.9,120,17,17.74843684331283,0.9044570998831973,1,4.032177448272705,-11.158843994140625,12.086682319641113
4289,4,0.9,120,12,15.356100775039252,0.9004505546304036,1,16.238754272460938,-13.438383102416992,12.134227752685547
4290,4,0.9,120,10,23.226792112288635,0.9005221283239634,1,34.49705123901367,-14.138612747192383,12.824869155883789
4291,4,0.9,120,120,-216.52145426918338,0.0,0,9.176170349121094,-13.238229751586914,12.323081016540527
4292,4,0.9,120,26,3.3712495276068832,0.9108577082295934,1,2.9955968856811523,-13.457101821899414,11.990055084228516
4293,4,0.9,120,19,18.91022250796337,0.9029103708109484,1,3.5358240604400635,-17.41073226928711,13.14806842803955
4294,4,0.9,120,8,25.302315814902336,0.9046606629445445,1,10.787887573242188,-13.633708000183105,12.376495361328125
4295,4,0.9,120,42,-13.929743234561997,0.9026683639381338,1,3.8416495323181152,-14.24140739440918,12.275433540344238
4296,4,0.9,120,28,1.0593533400882755,0.9153305065839658,1,3.6900811195373535,-12.151788711547852,12.42979907989502
4297,4,0.9,120,12,19.999930549222533,0.9046696661112354,1,5.268925666809082,-15.080292701721191,13.06737995147705
4298,4,0.9,120,22,15.438727134995831,0.9074329295196756,1,5.260390281677246,-12.196952819824219,12.708312034606934
4299,4,0.9,120,8,22.22658685459301,0.9206756804213309,1,4.476539611816406,-14.21255874633789,13.423083305358887
4300,4,0.9,120,12,22.547970616696475,0.9169485977202299,1,10.019410133361816,-18.949848175048828,14.486584663391113
4301,4,0.9,120,12,16.448483877600594,0.9075530493957567,1,5.434818267822266,-12.725150108337402,12.981201171875
4302,4,0.9,120,24,-2.6328977933288833,0.9006863147405422,1,48.36772918701172,-14.268896102905273,13.096478462219238
4303,4,0.9,120,120,-187.80496248722773,0.0,0,7.0599565505981445,-12.360919952392578,12.9525785446167
4304,4,0.9,120,119,-97.86181915022411,0.9032084465903649,1,7.413573265075684,-14.293987274169922,13.18033504486084
4305,4,0.9,120,120,-174.30314777925662,0.17765920781045724,0,7.924112796783447,-12.09582233428955,13.134383201599121
4306,4,0.9,120,120,-185.7486585165722,0.3517197180626231,0,3.45712947845459,-12.190979957580566,12.298836708068848
4307,4,0.9,120,11,19.660923516812005,0.902849956135522,1,7.143133163452148,-13.618291854858398,12.48313045501709
4308,4,0.9,120,46,-20.677191463648903,0.901683188590185,1,5.492431163787842,-15.556530952453613,13.07669734954834
4309,4,0.9,120,5,28.161081353131813,0.9011476587219446,1,15.791017532348633,-13.19416618347168,12.3828125
4310,4,0.9,120,12,24.409708890377203,0.9028366980339125,1,3.744966506958008,-12.814713478088379,12.390471458435059
4311,4,0.9,120,20,13.369767277324577,0.9021985056258951,1,7.818124771118164,-14.327581405639648,12.926713943481445
4312,4,0.9,120,38,-9.8666923928796,0.9028856274750079,1,3.920732021331787,-12.224655151367188,12.48620319366455
4313,4,0.9,120,6,22.86588950335188,0.9039498444837123,1,4.147449970245361,-13.072010040283203,12.262612342834473
4314,4,0.9,120,9,23.275606725448867,0.9037854309611566,1,10.450084686279297,-15.502796173095703,12.505181312561035
4315,4,0.9,120,52,-18.86039996284768,0.9027399802002483,1,8.156478881835938,-14.416116714477539,12.367151260375977
4316,4,0.9,120,55,-33.08254037614717,0.9020949430511047,1,7.657078742980957,-15.619810104370117,12.208818435668945
4317,4,0.9,120,51,-21.621316577719238,0.9069114520860088,1,4.152596473693848,-13.183449745178223,12.723960876464844
4318,4,0.9,120,42,-22.62085243913081,0.9017163446589445,1,6.792027473449707,-13.978782653808594,12.615229606628418
4319,4,0.9,120,29,2.579029929846455,0.9021470800229455,1,2.621582508087158,-13.183860778808594,12.832547187805176
4320,4,0.9,120,50,-5.206017032999744,0.9001652246311603,1,4.186101913452148,-13.828035354614258,12.330126762390137
4321,4,0.9,120,12,23.03221009563734,0.910615674225028,1,2.4922897815704346,-13.088319778442383,11.962884902954102
4322,4,0.9,120,120,-179.36501345239665,0.0,0,3.8606138229370117,-13.574459075927734,12.71937084197998
4323,4,0.9,120,24,7.854447854837658,0.9156743233523004,1,3.739813804626465,-13.349639892578125,12.35761833190918
4324,4,0.9,120,22,13.489426867750721,0.9024180696072758,1,4.034040927886963,-14.778780937194824,12.152992248535156
4325,4,0.9,120,15,23.328054933078093,0.9033374973161383,1,3.9806528091430664,-13.890092849731445,12.234404563903809
4326,4,0.9,120,10,25.020183066985084,0.9010395563821902,1,12.093093872070312,-13.676952362060547,12.20953369140625
4327,4,0.9,120,11,24.132142548636068,0.9087274431929503,1,3.145226001739502,-13.57176399230957,12.132216453552246
4328,4,0.9,120,24,14.376841888528528,0.9066592898789216,1,2.3714022636413574,-11.974820137023926,12.328807830810547
4329,4,0.9,120,84,-67.06524732949754,0.9023785151348203,1,7.092380523681641,-12.87427806854248,12.550575256347656
4330,4,0.9,120,9,20.13023999533902,0.9038463364199617,1,5.666637420654297,-13.508573532104492,12.173991203308105
4331,4,0.9,120,44,-6.651519571962083,0.9024829370405633,1,16.262683868408203,-16.45760726928711,13.344522476196289
4332,4,0.9,120,29,4.411001615896419,0.9013979908963382,1,4.535400867462158,-11.654279708862305,12.278273582458496
4333,4,0.9,120,14,21.01750540138805,0.9022375953351429,1,8.636516571044922,-14.98176383972168,12.575337409973145
4334,4,0.9,120,120,-164.88887574565234,0.0,0,3.3817148208618164,-12.304060935974121,11.900688171386719
4335,4,0.9,120,10,17.2709208156763,0.9018672475405668,1,23.060731887817383,-12.14088249206543,12.032569885253906
4336,4,0.9,120,120,-151.29938944961327,0.17112788563502776,0,12.948368072509766,-15.686660766601562,12.52198314666748
4337,4,0.9,120,7,27.04549253405755,0.9008388385849143,1,1.9985183477401733,-12.141571998596191,11.828649520874023
4338,4,0.9,120,20,11.3611567950868,0.9037395757962388,1,4.825916767120361,-13.266965866088867,12.453978538513184
4339,4,0.9,120,9,24.703628632387012,0.9028607881252648,1,17.314105987548828,-13.956374168395996,12.086236953735352
4340,4,0.9,120,18,19.217937105439194,0.9044054922896442,1,10.463440895080566,-13.994977951049805,12.34231185913086
4341,4,0.9,120,24,11.881487267664522,0.9038146112616281,1,3.5588865280151367,-11.848685264587402,11.852034568786621
4342,4,0.9,120,15,18.288639044812513,0.9041543356378835,1,6.696832656860352,-12.996606826782227,12.181833267211914
4343,4,0.9,120,21,17.86377198544331,0.9104188947640108,1,7.414700031280518,-14.3255033493042,11.961895942687988
4344,4,0.9,120,14,19.824038252252343,0.905101940072552,1,10.620401382446289,-13.294769287109375,12.648159980773926
4345,4,0.9,120,17,10.136726552074911,0.9106804410654031,1,3.410362958908081,-12.874176025390625,11.689146995544434
4346,4,0.9,120,21,13.168210895137749,0.9046184667375856,1,3.7464869022369385,-12.993184089660645,12.167752265930176
4347,4,0.9,120,120,-176.62994319819765,0.0,0,7.37685489654541,-14.347960472106934,12.746724128723145
4348,4,0.9,120,20,12.418401072042833,0.9175313029622346,1,12.399653434753418,-14.598520278930664,12.75659465789795
4349,4,0.9,120,120,-150.68432115700998,0.0,0,7.778029441833496,-12.060731887817383,12.378361701965332
4350,4,0.9,120,120,-168.40325046488925,0.09594857960364761,0,9.800848007202148,-14.665632247924805,13.151809692382812
4351,4,0.9,120,16,17.266923735329573,0.9158340722677855,1,4.3622145652771,-11.492448806762695,12.096324920654297
4352,4,0.9,120,29,1.1287686455356312,0.9026887976554095,1,7.194787502288818,-15.384940147399902,12.90909481048584
4353,4,0.9,120,37,-8.63257782433329,0.901349185462781,1,4.981834411621094,-12.590779304504395,12.885296821594238
4354,4,0.9,120,9,18.537443646011845,0.9004440827438425,1,4.724358558654785,-14.814299583435059,12.736571311950684
4355,4,0.9,120,30,4.371929254145614,0.9101501739156568,1,4.17732048034668,-12.425474166870117,12.692142486572266
4356,4,0.9,120,13,15.705076545844388,0.9155381197930877,1,7.091646671295166,-13.200448036193848,13.36534309387207
4357,4,0.9,120,29,2.226557038342918,0.9015956878081501,1,7.399395942687988,-13.229534149169922,13.348851203918457
4358,4,0.9,120,25,7.312116748995286,0.9010127470117871,1,5.597304344177246,-11.405509948730469,13.256382942199707
4359,4,0.9,120,120,-151.64338617919535,0.0,0,5.441561222076416,-11.125225067138672,13.136981010437012
4360,4,0.9,120,13,23.31795191316182,0.9032241165809384,1,6.3685455322265625,-12.073019027709961,12.746001243591309
4361,4,0.9,120,120,-113.8550104343758,0.8550237176755231,0,3.5822019577026367,-11.516510009765625,13.000818252563477
4362,4,0.9,120,18,17.70925027328645,0.9002078370282715,1,3.132636785507202,-12.026912689208984,12.946331977844238
4363,4,0.9,120,22,8.132363521959766,0.901173143907379,1,3.631014347076416,-13.165224075317383,13.08990478515625
4364,4,0.9,120,21,15.790616259996767,0.9074240019699117,1,7.167184829711914,-12.72300910949707,13.127337455749512
4365,4,0.9,120,48,-25.817382279235378,0.9029852282503845,1,3.72908353805542,-13.252811431884766,12.949719429016113
4366,4,0.9,120,10,25.43726870509466,0.9117330209589378,1,3.922914505004883,-13.033310890197754,13.090617179870605
4367,4,0.9,120,119,-105.21442460291594,0.9022830990503843,1,4.7443647384643555,-13.545928955078125,12.967264175415039
4368,4,0.9,120,120,-110.79270229119568,0.8534572837546257,0,2.7443532943725586,-12.151199340820312,12.982131958007812
4369,4,0.9,120,12,25.533273591779515,0.9317077878684406,1,5.1238532066345215,-11.873828887939453,12.877166748046875
4370,4,0.9,120,8,25.57984942707123,0.9025051470283436,1,4.423099994659424,-14.197125434875488,13.661651611328125
4371,4,0.9,120,15,17.049081716697135,0.9040113212497912,1,2.984952926635742,-13.79477310180664,13.128012657165527
4372,4,0.9,120,120,-105.41218901294282,0.824621918860543,0,7.44942569732666,-14.926626205444336,13.5086088180542
4373,4,0.9,120,120,-106.26031379501251,0.8674974394924457,0,4.019735336303711,-14.759040832519531,12.599980354309082
4374,4,0.9,120,43,-11.381104430455373,0.9030838924631424,1,4.971797943115234,-13.299683570861816,12.769919395446777
4375,4,0.9,120,25,10.099896612147246,0.9099843010912181,1,4.345760345458984,-11.858171463012695,12.614028930664062
4376,4,0.9,120,31,3.980560145043749,0.9072811606901423,1,4.972439765930176,-12.077878952026367,12.562520980834961
4377,4,0.9,120,21,9.546414575621306,0.9113042818352936,1,3.428377628326416,-13.340219497680664,12.998086929321289
4378,4,0.9,120,120,-109.66083439670373,0.8698742411548648,0,8.941505432128906,-11.936111450195312,12.822134971618652
4379,4,0.9,120,31,-2.204366570967318,0.9203591284930732,1,7.7962446212768555,-13.733368873596191,13.391888618469238
4380,4,0.9,120,15,18.0095925715374,0.9008859385776384,1,3.325138568878174,-14.966867446899414,12.929553031921387
4381,4,0.9,120,31,-5.113893174594763,0.9004819888727663,1,4.536513328552246,-13.47535514831543,12.869845390319824
4382,4,0.9,120,120,-104.95807159744218,0.8730111980313076,0,3.57731556892395,-11.975242614746094,12.51489543914795
4383,4,0.9,120,69,-43.33068025145451,0.9029482989404064,1,5.955132007598877,-12.937193870544434,12.885031700134277
4384,4,0.9,120,32,5.342447993552384,0.9053401846370427,1,20.676233291625977,-11.609750747680664,12.912096977233887
4385,4,0.9,120,40,-3.670518775463929,0.9022962614245265,1,4.697135925292969,-12.034894943237305,12.65302562713623
4386,4,0.9,120,120,-116.84023047179744,0.860135932592566,0,3.2908177375793457,-11.910971641540527,12.816757202148438
4387,4,0.9,120,8,25.749606349725426,0.9022084008711022,1,8.10880184173584,-12.605488777160645,13.105453491210938
4388,4,0.9,120,120,-100.73443378453139,0.8547345965109194,0,2.726067304611206,-12.296186447143555,13.03952693939209
4389,4,0.9,120,7,22.06633058328083,0.9040314683836622,1,3.8991241455078125,-11.144338607788086,13.084029197692871
4390,4,0.9,120,22,6.30963230077923,0.9005941394669172,1,5.846694469451904,-11.515201568603516,12.962676048278809
4391,4,0.9,120,34,-4.599448269134401,0.9078517455671999,1,3.920380115509033,-13.497076988220215,13.15097713470459
4392,4,0.9,120,14,12.493186702449291,0.9014260620895859,1,3.7096104621887207,-11.455310821533203,13.145523071289062
4393,4,0.9,120,22,12.343998267382494,0.9022565403270898,1,9.618721008300781,-12.965461730957031,13.469680786132812
4394,4,0.9,120,17,15.627584221616406,0.9033456768677188,1,3.7458901405334473,-14.401992797851562,13.480917930603027
4395,4,0.9,120,89,-65.8014445754217,0.9014754492004714,1,3.8483564853668213,-12.571859359741211,13.110649108886719
4396,4,0.9,120,14,13.855100637120604,0.913877737035934,1,6.204868793487549,-14.555946350097656,13.467450141906738
4397,4,0.9,120,105,-66.46661668025996,0.911392528739773,1,2.692535877227783,-12.563516616821289,13.279520034790039
4398,4,0.9,120,59,-22.655195375692653,0.9087411219194191,1,6.628334045410156,-12.170589447021484,12.919421195983887
4399,4,0.9,120,17,17.209510292614496,0.902734300268895,1,3.866347312927246,-11.645183563232422,13.128989219665527
4400,4,0.9,120,15,14.598432307696871,0.9005511791379343,1,11.394885063171387,-14.303876876831055,13.550607681274414
4401,4,0.9,120,89,-61.428837351793725,0.9051191425883328,1,5.15680456161499,-13.270059585571289,13.4699125289917
4402,4,0.9,120,31,0.2815578424993319,0.9039501224563478,1,1.9755065441131592,-12.89603328704834,13.602653503417969
4403,4,0.9,120,18,9.87495465468885,0.9059550102558424,1,10.685007095336914,-14.591008186340332,13.598837852478027
4404,4,0.9,120,70,-36.1899523776819,0.9098848980020752,1,68.30262756347656,-13.229251861572266,13.589691162109375
4405,4,0.9,120,53,-26.114863377111366,0.9080811466694695,1,2.9903564453125,-13.747400283813477,13.835949897766113
4406,4,0.9,120,21,-3.345323901427836,0.9017651813473849,1,3.604973793029785,-11.871505737304688,13.23187255859375
4407,4,0.9,120,86,-74.26474841848538,0.9015529784496779,1,9.292165756225586,-13.596235275268555,13.393750190734863
4408,4,0.9,120,18,9.587422025698832,0.9042747409410089,1,3.3939743041992188,-14.476490020751953,13.222790718078613
4409,4,0.9,120,24,8.14097054683615,0.9031745520070136,1,5.040929794311523,-15.219749450683594,13.860358238220215
4410,4,0.9,120,22,15.714202637947434,0.9018427820831119,1,3.960306167602539,-14.058401107788086,13.553929328918457
4411,4,0.9,120,49,-19.228218339286506,0.9088893564433306,1,8.96621322631836,-14.319713592529297,13.458581924438477
4412,4,0.9,120,43,-10.119482588225324,0.9073332902179494,1,4.1572065353393555,-11.877457618713379,13.257669448852539
4413,4,0.9,120,58,-30.77146157808624,0.9031005221427646,1,3.427845001220703,-12.34175968170166,13.2105712890625
4414,4,0.9,120,62,-42.188566973841255,0.9049392420230632,1,18.61147689819336,-13.981609344482422,13.217849731445312
4415,4,0.9,120,15,19.00910752039228,0.9110855772192851,1,7.146100997924805,-15.267241477966309,13.138513565063477
4416,4,0.9,120,26,2.330508537489685,0.9186173687841326,1,3.5414113998413086,-12.868362426757812,13.042391777038574
4417,4,0.9,120,14,19.345904705157402,0.9011136101489943,1,6.783129692077637,-12.467473983764648,13.079882621765137
4418,4,0.9,120,18,12.92696778850166,0.9032051351982527,1,9.3270902633667,-12.489058494567871,12.926592826843262
4419,4,0.9,120,14,20.46711167853764,0.9095144042151326,1,3.1349666118621826,-11.775224685668945,12.623751640319824
4420,4,0.9,120,120,-107.21117497038911,0.8474388125855022,0,2.567371368408203,-12.960856437683105,13.012127876281738
4421,4,0.9,120,44,-9.144476839876006,0.9043454893480255,1,36.27546310424805,-13.064048767089844,12.824217796325684
4422,4,0.9,120,22,9.7353817875573,0.9029260145976996,1,2.6494719982147217,-12.659036636352539,12.576289176940918
4423,4,0.9,120,94,-63.50122856998169,0.9019658573254615,1,6.571663856506348,-12.892175674438477,12.707758903503418
4424,4,0.9,120,42,-6.001265167600222,0.9139495217298844,1,3.842665672302246,-12.89443588256836,12.546834945678711
4425,4,0.9,120,120,-114.15750987284595,0.868111651554141,0,5.944053649902344,-13.10423469543457,12.872881889343262
4426,4,0.9,120,23,12.717665016953504,0.9062267331307153,1,4.323559761047363,-12.709199905395508,12.558573722839355
4427,4,0.9,120,38,-6.240996463568983,0.9007454052838967,1,13.10569953918457,-12.920878410339355,12.801774978637695
4428,4,0.9,120,13,23.284037625612154,0.9025178160346516,1,33.260826110839844,-13.556987762451172,12.927594184875488
4429,4,0.9,120,15,21.699901728983917,0.9007337263946251,1,17.028968811035156,-12.799529075622559,12.859219551086426
4430,4,0.9,120,18,16.406246060311688,0.9111388627631004,1,10.716470718383789,-13.98075008392334,12.662696838378906
4431,4,0.9,120,15,19.851876405307905,0.9252899964696865,1,5.326617240905762,-15.177461624145508,12.975262641906738
4432,4,0.9,120,12,24.708273245805863,0.9055066427882793,1,2.8079919815063477,-12.215032577514648,12.339015007019043
4433,4,0.9,120,30,2.109059765548781,0.9037998731895714,1,2.886324405670166,-13.228652000427246,12.317118644714355
4434,4,0.9,120,11,24.043186428291303,0.9171540480817864,1,5.031201362609863,-13.282083511352539,12.638117790222168
4435,4,0.9,120,14,21.041500215246145,0.901926941695244,1,33.61870574951172,-13.945042610168457,12.752118110656738
4436,4,0.9,120,16,18.272631827509308,0.9010532478447251,1,3.195159435272217,-12.23421859741211,12.566790580749512
4437,4,0.9,120,27,4.386940558027961,0.9056661026234013,1,4.2007036209106445,-12.701616287231445,12.535059928894043
4438,4,0.9,120,15,15.383428768951156,0.9008446516781153,1,3.0785372257232666,-13.02438735961914,12.661486625671387
4439,4,0.9,120,36,-1.6924043259138681,0.9076041553494179,1,5.427842140197754,-12.758401870727539,12.67107105255127
4440,4,0.9,120,84,-73.50191632390624,0.9005266661239559,1,4.731648921966553,-12.775726318359375,12.469715118408203
4441,4,0.9,120,11,27.046942312618814,0.9112033142849528,1,6.153270244598389,-13.103107452392578,12.93283748626709
4442,4,0.9,120,17,10.518701826393848,0.901781032372889,1,6.498088359832764,-12.790580749511719,12.752209663391113
4443,4,0.9,120,12,21.392582154874873,0.906233683101066,1,9.583948135375977,-15.559443473815918,13.246744155883789
4444,4,0.9,120,19,10.204409195987445,0.9098032874305132,1,5.2038726806640625,-14.581672668457031,13.135138511657715
4445,4,0.9,120,27,10.15224285683766,0.9093466850389107,1,3.637742757797241,-12.711506843566895,12.506049156188965
4446,4,0.9,120,80,-43.048250328676794,0.9007796266412106,1,3.919296979904175,-13.658498764038086,12.858171463012695
4447,4,0.9,120,18,15.955630532618986,0.9011671176172293,1,15.274721145629883,-13.062152862548828,12.836990356445312
4448,4,0.9,120,22,10.748698364478862,0.9063669975315314,1,5.765377044677734,-12.129312515258789,12.555152893066406
4449,4,0.9,120,120,-110.86943820491146,0.7718437635526464,0,3.79976749420166,-11.982828140258789,12.740592002868652
4450,4,0.9,120,120,-123.79925039858836,0.5269615324575031,0,7.671989917755127,-14.424646377563477,13.238059043884277
4451,4,0.9,120,38,0.7682968727234378,0.901917676228165,1,8.67831039428711,-13.597076416015625,13.244786262512207
4452,4,0.9,120,120,-158.741987763131,0.20743403131391325,0,7.499511241912842,-14.233863830566406,13.038477897644043
4453,4,0.9,120,19,19.59428605977905,0.9021898935126049,1,3.1602182388305664,-11.812255859375,13.065238952636719
4454,4,0.9,120,7,23.370539497417937,0.9114182794394498,1,3.4919676780700684,-12.353153228759766,13.10081958770752
4455,4,0.9,120,120,-207.89567048599312,0.0,0,2.7906816005706787,-12.982373237609863,12.639629364013672
4456,4,0.9,120,10,19.961850610514347,0.9004256492992769,1,7.676523208618164,-14.476696014404297,13.68883991241455
4457,4,0.9,120,12,19.086632671825626,0.9032590023748657,1,4.800939559936523,-13.042512893676758,12.721697807312012
4458,4,0.9,120,20,12.69406524618744,0.908028690600906,1,5.396458148956299,-12.539602279663086,13.201873779296875
4459,4,0.9,120,16,13.44842977369943,0.9012875312463975,1,5.64596700668335,-12.885326385498047,12.914687156677246
4460,4,0.9,120,28,7.411513242269427,0.9041639890715676,1,4.746346473693848,-13.294610977172852,13.456314086914062
4461,4,0.9,120,51,-12.18678186375713,0.9009043782481376,1,6.535251617431641,-12.803632736206055,13.147615432739258
4462,4,0.9,120,16,6.4699849478842815,0.9059700280551068,1,4.269317626953125,-13.352310180664062,12.783661842346191
4463,4,0.9,120,60,-37.13250991782459,0.9174714581390362,1,5.428163051605225,-12.840668678283691,12.821515083312988
4464,4,0.9,120,43,-13.742444572073737,0.9097736681082078,1,23.2242431640625,-13.574329376220703,12.747897148132324
4465,4,0.9,120,18,16.154423296219104,0.9018289914120596,1,3.7181484699249268,-13.242386817932129,12.561309814453125
4466,4,0.9,120,10,27.07506980079279,0.9005596007994927,1,5.575815200805664,-12.907354354858398,12.842700004577637
4467,4,0.9,120,34,-5.600543131426717,0.9010499006711408,1,5.145732402801514,-14.597650527954102,12.47243881225586
4468,4,0.9,120,57,-24.65508683995734,0.9082237675535977,1,6.6719160079956055,-14.129258155822754,12.915789604187012
4469,4,0.9,120,42,-9.92514378842191,0.9177539744181055,1,12.297760009765625,-14.219043731689453,12.266397476196289
4470,4,0.9,120,47,-11.779385191865432,0.9029480321923884,1,5.6474609375,-13.707427978515625,12.467670440673828
4471,4,0.9,120,25,1.4541141537647881,0.9068275062237465,1,2.5576722621917725,-13.660136222839355,12.512869834899902
4472,4,0.9,120,38,-11.815656665758674,0.903754354967614,1,5.384693622589111,-13.633949279785156,12.612303733825684
4473,4,0.9,120,21,12.324663803585143,0.9046845652485062,1,22.711280822753906,-14.136741638183594,12.278559684753418
4474,4,0.9,120,20,5.885670535199033,0.901336011307645,1,16.27396011352539,-13.455825805664062,12.268767356872559
4475,4,0.9,120,29,1.756648541842722,0.9047643254454909,1,7.019227981567383,-14.860363006591797,12.206103324890137
4476,4,0.9,120,18,7.580124376672231,0.9016786525075384,1,9.760248184204102,-13.040483474731445,12.123212814331055
4477,4,0.9,120,61,-39.6889702419384,0.9005048461610382,1,6.3420491218566895,-15.684907913208008,12.428646087646484
4478,4,0.9,120,120,-84.08802045714512,0.8898237905110615,0,5.5443267822265625,-13.437116622924805,12.151002883911133
4479,4,0.9,120,120,-108.23790322070221,0.8678089934405042,0,5.004903316497803,-13.389091491699219,12.22438907623291
4480,4,0.9,120,120,-113.1387761826372,0.8830773740705882,0,5.1278276443481445,-13.092428207397461,12.363482475280762
4481,4,0.9,120,23,13.059546938442915,0.9145412179783325,1,1.9503146409988403,-11.894329071044922,12.055805206298828
4482,4,0.9,120,120,-94.97675230973026,0.839169193671254,0,5.445958137512207,-11.893624305725098,12.409004211425781
4483,4,0.9,120,120,-113.1442338370726,0.8614293072010226,0,6.459585189819336,-13.033256530761719,12.364611625671387
4484,4,0.9,120,18,17.56072636892185,0.9032903238935374,1,3.2884068489074707,-13.375556945800781,12.440329551696777
4485,4,0.9,120,17,19.860503870938572,0.9028617997989941,1,3.6611580848693848,-12.860288619995117,12.344603538513184
4486,4,0.9,120,29,0.9943952580125917,0.9076245360701922,1,7.399571418762207,-13.45055103302002,12.545446395874023
4487,4,0.9,120,11,21.38434383781278,0.9041057716691583,1,5.335206985473633,-13.013345718383789,12.432312965393066
4488,4,0.9,120,17,12.155419237583608,0.9040721021883891,1,6.128941059112549,-14.583642959594727,13.016168594360352
4489,4,0.9,120,120,-110.44026006494781,0.8710697561838018,0,2.2341971397399902,-12.496109008789062,12.67371654510498
4490,4,0.9,120,11,20.899310071433213,0.9117731546421477,1,4.606476306915283,-11.707786560058594,12.502397537231445
4491,4,0.9,120,26,9.22775151516393,0.9045026359603291,1,2.433302879333496,-10.854341506958008,12.448501586914062
4492,4,0.9,120,13,19.189918509770884,0.9003142265492656,1,4.161754608154297,-11.884801864624023,12.325304985046387
4493,4,0.9,120,18,11.903588032225661,0.9003100805593165,1,3.3210034370422363,-12.234188079833984,12.629600524902344
4494,4,0.9,120,39,-7.939185754505502,0.9100679113043235,1,3.2946817874908447,-13.444892883300781,12.385045051574707
4495,4,0.9,120,39,-13.962206002702487,0.9004186219627546,1,5.463891983032227,-13.291685104370117,12.537108421325684
4496,4,0.9,120,120,-123.4351467332162,0.8556788951883294,0,5.6932830810546875,-12.328893661499023,12.334893226623535
4497,4,0.9,120,18,13.459534142571336,0.90394282571245,1,6.13144588470459,-13.406886100769043,12.449088096618652
4498,4,0.9,120,10,24.58077731925932,0.9054488510627722,1,5.5704851150512695,-12.831467628479004,12.13637924194336
4499,4,0.9,120,120,-113.15405920045319,0.7915430375000606,0,3.4764623641967773,-13.165779113769531,12.108341217041016
4500,4,0.9,120,74,-48.2767384926518,0.9016432060581561,1,4.036690711975098,-12.58549690246582,12.27460765838623
4501,4,0.9,120,13,16.250288929661973,0.904247798294854,1,5.383597373962402,-10.91721248626709,12.146270751953125
4502,4,0.9,120,27,10.068900583407284,0.9029299955494314,1,6.829516410827637,-12.940205574035645,12.494298934936523
4503,4,0.9,120,18,13.835569737334703,0.9031597282035123,1,6.27816915512085,-10.710992813110352,12.205504417419434
4504,4,0.9,120,14,12.62564708784015,0.9076346953426891,1,2.2454285621643066,-13.09545612335205,12.2871675491333
4505,4,0.9,120,7,26.940441285731737,0.9173932822749472,1,30.222074508666992,-12.63932991027832,12.60297966003418
4506,4,0.9,120,8,23.983840982616307,0.9185569738963534,1,4.696774005889893,-11.738669395446777,12.194977760314941
4507,4,0.9,120,42,-16.373465706070284,0.9011661578237791,1,4.732397556304932,-10.91693115234375,12.139663696289062
4508,4,0.9,120,10,22.91122970629187,0.9002990537324593,1,13.553655624389648,-12.355600357055664,12.569031715393066
4509,4,0.9,120,7,23.10217703485024,0.9054000522897898,1,6.513249397277832,-11.288984298706055,12.174895286560059
4510,4,0.9,120,25,8.206893190707465,0.9134147586699275,1,8.10257339477539,-13.174978256225586,12.297451972961426
4511,4,0.9,120,14,21.044355550020114,0.9040243246716001,1,4.69403600692749,-12.659393310546875,12.20158863067627
4512,4,0.9,120,14,17.34926465379054,0.9039375479350479,1,9.972772598266602,-13.17439079284668,12.265870094299316
4513,4,0.9,120,18,11.319895207891669,0.9014052027319229,1,4.3385419845581055,-12.008821487426758,12.179186820983887
4514,4,0.9,120,28,3.13416324994434,0.9062904447804602,1,14.081024169921875,-15.036100387573242,12.753093719482422
4515,4,0.9,120,24,7.9720129350269735,0.9040646805327074,1,35.81593322753906,-12.898149490356445,12.360060691833496
4516,4,0.9,120,120,-112.37639507987859,0.5024817055568912,0,4.048635482788086,-12.967683792114258,12.281811714172363
4517,4,0.9,120,13,18.1101269896321,0.918720101093062,1,3.140915870666504,-10.56991195678711,11.969690322875977
4518,4,0.9,120,65,-34.88045829647231,0.9024552315299749,1,8.007528305053711,-11.609626770019531,12.639472961425781
4519,4,0.9,120,12,26.972415086391422,0.9019506250830219,1,3.2169761657714844,-11.295348167419434,12.102225303649902
4520,4,0.9,120,120,-118.90878046500767,0.841383205054123,0,3.2739810943603516,-11.169733047485352,12.321639060974121
4521,4,0.9,120,120,-115.212790349749,0.8721040638947563,0,2.9716529846191406,-11.562318801879883,12.22620677947998
4522,4,0.9,120,15,21.605810736557707,0.9032505878892453,1,4.285185813903809,-12.642930030822754,13.060213088989258
4523,4,0.9,120,12,22.118630371025127,0.9033111851942338,1,2.7455263137817383,-11.604169845581055,12.37074089050293
4524,4,0.9,120,20,12.006228069809294,0.9004479896094963,1,7.073139190673828,-13.194217681884766,12.947494506835938
4525,4,0.9,120,19,17.55034771771689,0.9128462343181283,1,3.843106746673584,-10.773112297058105,12.516768455505371
4526,4,0.9,120,22,6.331094094330783,0.9075433976834005,1,4.228769302368164,-11.96685791015625,12.683417320251465
4527,4,0.9,120,6,25.392643520055714,0.9120044160751553,1,14.844537734985352,-14.781706809997559,12.960461616516113
4528,4,0.9,120,120,-138.05869195116622,0.831702124895275,0,4.322939872741699,-12.431827545166016,12.677149772644043
4529,4,0.9,120,34,2.365479112988491,0.9068115299096371,1,8.701987266540527,-15.295127868652344,13.092196464538574
4530,4,0.9,120,12,22.390366497400024,0.9005470560661679,1,4.015591621398926,-13.828309059143066,12.85540771484375
4531,4,0.9,120,23,2.1589588131563504,0.902158952791857,1,5.502503395080566,-10.750198364257812,12.972472190856934
4532,4,0.9,120,17,14.567282175034592,0.9058742370868983,1,2.9584951400756836,-11.361518859863281,12.964167594909668
4533,4,0.9,120,22,1.5522117700298068,0.9053638216582676,1,4.406230449676514,-11.700024604797363,13.122767448425293
4534,4,0.9,120,10,17.90640474650667,0.900367558526932,1,5.8846025466918945,-12.23766803741455,13.415263175964355
4535,4,0.9,120,11,22.59472316001817,0.9164661407974304,1,4.215828895568848,-12.086769104003906,13.0938081741333
4536,4,0.9,120,13,15.957442071207224,0.9167177202102883,1,8.228961944580078,-15.511228561401367,13.637667655944824
4537,4,0.9,120,8,24.524433153362104,0.9073619796464989,1,7.1569318771362305,-13.131463050842285,12.925856590270996
4538,4,0.9,120,120,-101.41399611656536,0.8762909416873071,0,5.057101726531982,-12.99321174621582,12.936182975769043
4539,4,0.9,120,25,10.18949160496508,0.9088641190273125,1,6.504926681518555,-12.724506378173828,13.077616691589355
4540,4,0.9,120,27,0.9493169321884878,0.9018962544300438,1,3.5473618507385254,-12.692134857177734,12.759345054626465
4541,4,0.9,120,81,-56.20301429522618,0.9023869918725999,1,6.251625061035156,-14.236236572265625,12.980528831481934
4542,4,0.9,120,31,4.401125760518251,0.9040839368834062,1,9.418938636779785,-12.644062042236328,12.810980796813965
4543,4,0.9,120,22,14.549488663806677,0.900875488784282,1,6.054948806762695,-14.056227684020996,12.9981050491333
4544,4,0.9,120,27,2.1943360515137655,0.9103068134707937,1,5.256735324859619,-10.892073631286621,12.794828414916992
4545,4,0.9,120,105,-84.48494896806717,0.9145895031284486,1,11.611015319824219,-11.670769691467285,12.37802505493164
4546,4,0.9,120,43,-6.00038966417296,0.9002371787354599,1,6.427191734313965,-10.988859176635742,12.595062255859375
4547,4,0.9,120,25,8.543943510104551,0.9009157869088942,1,6.769222736358643,-13.35194206237793,12.890620231628418
4548,4,0.9,120,120,-101.17712790146152,0.8476237507390207,0,6.642683982849121,-12.641136169433594,12.503528594970703
4549,4,0.9,120,15,21.438277947120444,0.9115850896203195,1,8.112139701843262,-12.545524597167969,12.615735054016113
4550,4,0.9,120,31,5.839877698770193,0.9065313119055863,1,3.439542055130005,-12.698171615600586,12.34052562713623
4551,4,0.9,120,15,10.879727969888465,0.9132693081114273,1,3.259956121444702,-13.829144477844238,12.816466331481934
4552,4,0.9,120,104,-65.564167788218,0.9002440123084351,1,3.9622435569763184,-13.387670516967773,12.543227195739746
4553,4,0.9,120,31,9.18110263465121,0.909886976157227,1,6.901726722717285,-14.208731651306152,13.068442344665527
4554,4,0.9,120,10,29.93236857566162,0.9298872632552179,1,6.979490280151367,-10.324851989746094,12.350600242614746
4555,4,0.9,120,120,-108.79978955663981,0.8760464078615782,0,6.306872367858887,-12.384824752807617,12.507054328918457
4556,4,0.9,120,11,23.99067255445759,0.9073798418378212,1,11.172800064086914,-13.31218147277832,13.03094482421875
4557,4,0.9,120,13,19.75618950354024,0.906376116806082,1,16.62303924560547,-14.072937965393066,12.605559349060059
4558,4,0.9,120,20,13.980664415941131,0.9014573543855523,1,18.92013931274414,-13.86515998840332,12.379630088806152
4559,4,0.9,120,11,25.5349424532123,0.9027779511096226,1,9.209803581237793,-13.610057830810547,12.314791679382324
4560,4,0.9,120,8,26.841918897557342,0.9023109133952527,1,10.399222373962402,-13.777430534362793,12.884821891784668
4561,4,0.9,120,22,14.191252724185375,0.9023734615108302,1,3.770493268966675,-13.238104820251465,12.801965713500977
4562,4,0.9,120,35,-0.5339636998817792,0.9016779725400567,1,8.694772720336914,-12.309621810913086,13.060625076293945
4563,4,0.9,120,15,21.130873789058118,0.91226755880718,1,5.279792785644531,-12.773983001708984,12.649188041687012
4564,4,0.9,120,22,14.658421353967043,0.9105960028068736,1,6.930154800415039,-12.14212703704834,12.623287200927734
4565,4,0.9,120,59,-21.607018763898793,0.9025467427066144,1,10.356697082519531,-13.490387916564941,12.973471641540527
4566,4,0.9,120,120,-115.61843924542177,0.8445565761602439,0,5.453714847564697,-10.818843841552734,12.548903465270996
4567,4,0.9,120,22,11.670525894626152,0.9020629431931573,1,2.508066177368164,-11.544342041015625,12.260228157043457
4568,4,0.9,120,14,17.259196850874424,0.9029715336799603,1,3.8649988174438477,-13.147613525390625,12.454241752624512
4569,4,0.9,120,21,15.222675966362402,0.9026779011702428,1,6.941638469696045,-14.748956680297852,12.310412406921387
4570,4,0.9,120,32,1.780904186039054,0.9012163252077584,1,5.830765724182129,-14.855362892150879,12.301185607910156
4571,4,0.9,120,44,-9.607469252631972,0.905325518092134,1,5.415159225463867,-14.229923248291016,12.115906715393066
4572,4,0.9,120,28,9.938878356696526,0.9005323408180614,1,6.7009406089782715,-14.865982055664062,12.341585159301758
4573,4,0.9,120,14,19.769534594141,0.9018831876130594,1,6.16866397857666,-12.983169555664062,12.162171363830566
4574,4,0.9,120,24,10.680114218606333,0.9038253404235744,1,5.401152610778809,-11.797439575195312,12.308650016784668
4575,4,0.9,120,30,5.91032936984572,0.9049838818123255,1,4.474244117736816,-11.566455841064453,12.120935440063477
4576,4,0.9,120,18,12.00518112814947,0.9010639176146225,1,3.030724048614502,-11.347271919250488,12.286216735839844
4577,4,0.9,120,11,14.78858666405063,0.9018389108026533,1,5.315191268920898,-10.095800399780273,12.000262260437012
4578,4,0.9,120,19,12.680991312789631,0.9064158552253389,1,3.8857674598693848,-11.085261344909668,11.991532325744629
4579,4,0.9,120,14,13.739732076155523,0.9066400613637736,1,3.814650535583496,-13.477930068969727,11.742305755615234
4580,4,0.9,120,59,-21.513348262624042,0.9024441346459746,1,6.509549617767334,-12.735583305358887,11.900717735290527
4581,4,0.9,120,15,20.59335337625985,0.9011157149069075,1,9.592415809631348,-14.274694442749023,12.127389907836914
4582,4,0.9,120,46,-24.15952515195948,0.9005236241797446,1,5.929816246032715,-12.842510223388672,11.769776344299316
4583,4,0.9,120,56,-25.645831452749228,0.9026328062263753,1,4.495914936065674,-13.944799423217773,12.07823657989502
4584,4,0.9,120,23,12.375457566625935,0.9079385526153246,1,4.930336952209473,-13.015533447265625,12.075257301330566
4585,4,0.9,120,30,6.671875859380082,0.9075416137312478,1,4.010353088378906,-11.448047637939453,12.142250061035156
4586,4,0.9,120,22,7.538505208435664,0.9041465071460849,1,3.529226064682007,-12.050118446350098,12.197392463684082
4587,4,0.9,120,18,19.532710460653142,0.908573540716621,1,3.8041718006134033,-12.396360397338867,12.216143608093262
4588,4,0.9,120,10,20.68084874929066,0.9094907166486398,1,4.590067386627197,-11.389471054077148,12.267095565795898
4589,4,0.9,120,8,20.493191180675417,0.9034064169247424,1,8.942672729492188,-12.422745704650879,12.368095397949219
4590,4,0.9,120,20,13.987510064351811,0.901092764052513,1,2.700613021850586,-13.85835075378418,12.16712474822998
4591,4,0.9,120,13,20.13708031236973,0.9001682625711462,1,3.527845859527588,-13.555418014526367,12.217714309692383
4592,4,0.9,120,23,11.497112378386417,0.9062481108839476,1,22.162553787231445,-12.187188148498535,12.135483741760254
4593,4,0.9,120,112,-86.36542673751948,0.9007442693589977,1,5.235917091369629,-13.109607696533203,12.022232055664062
4594,4,0.9,120,8,25.726084369335155,0.9031136510175003,1,4.301993370056152,-11.158729553222656,11.920405387878418
4595,4,0.9,120,22,14.182167584520588,0.9015207092749457,1,7.423982620239258,-14.079855918884277,12.539484024047852
4596,4,0.9,120,17,18.27665489359701,0.9222421532587662,1,4.44828987121582,-11.250539779663086,12.093608856201172
4597,4,0.9,120,23,13.034018768278987,0.9082282581651137,1,2.387500286102295,-11.9883394241333,11.715278625488281
4598,4,0.9,120,18,16.91315832549715,0.9115142119019792,1,3.38232159614563,-10.298095703125,12.000014305114746
4599,4,0.9,120,22,11.632395254245505,0.9029846419296907,1,6.280468940734863,-13.770635604858398,13.08750057220459
4600,4,0.9,120,19,22.22311121013979,0.9155258256741909,1,13.077789306640625,-12.123552322387695,12.288617134094238
4601,4,0.9,120,20,16.632708316934224,0.9037284541086337,1,16.90393829345703,-13.434274673461914,12.606844902038574
4602,4,0.9,120,26,10.063071457423248,0.9000261165696634,1,8.333183288574219,-13.192710876464844,12.463181495666504
4603,4,0.9,120,14,18.03043366353539,0.9177151549044316,1,7.895700931549072,-14.131303787231445,12.596644401550293
4604,4,0.9,120,80,-38.902921095940385,0.9012465765204949,1,6.633176803588867,-15.133003234863281,12.381139755249023
4605,4,0.9,120,120,-102.81765288889449,0.872567946272967,0,4.769983291625977,-13.155256271362305,11.995833396911621
4606,4,0.9,120,14,19.632318642629357,0.9000330716221058,1,5.895183086395264,-12.894699096679688,12.328306198120117
4607,4,0.9,120,7,20.4507370755016,0.9025737747828161,1,3.2612786293029785,-12.298849105834961,12.735369682312012
4608,4,0.9,120,120,-104.37919456485584,0.8709964733811316,0,4.686765670776367,-11.52549934387207,12.414463996887207
4609,4,0.9,120,26,7.551877993278493,0.9027832372012455,1,5.763075828552246,-11.247798919677734,12.787930488586426
4610,4,0.9,120,14,15.532201683485857,0.9009134829470964,1,7.92760705947876,-10.287903785705566,12.174822807312012
4611,4,0.9,120,10,26.702149063680544,0.9137730680088094,1,5.5192413330078125,-11.298093795776367,12.592438697814941
4612,4,0.9,120,78,-39.81140436242881,0.9007915102429478,1,38.31734848022461,-13.448665618896484,12.631255149841309
4613,4,0.9,120,30,0.9478145916555221,0.9081914930389278,1,9.333539962768555,-12.60169792175293,12.805915832519531
4614,4,0.9,120,14,16.922900051448966,0.9075907256407307,1,27.92730712890625,-14.34874153137207,12.420727729797363
4615,4,0.9,120,22,12.0881076151485,0.9045825865385897,1,7.884623050689697,-12.521049499511719,12.284956932067871
4616,4,0.9,120,120,-100.52536896765068,0.8278022890396924,0,6.653683662414551,-12.830060958862305,12.495036125183105
4617,4,0.9,120,14,16.97179480305363,0.9011767648751576,1,5.349532127380371,-12.97422981262207,12.354470252990723
4618,4,0.9,120,27,0.6594323657579153,0.9052868297775325,1,3.8507089614868164,-12.511518478393555,12.29752254486084
4619,4,0.9,120,15,19.409697580679897,0.9013382949324801,1,2.263817071914673,-12.360565185546875,12.278390884399414
4620,4,0.9,120,12,17.55672147379228,0.9003806156743126,1,7.120495796203613,-12.372320175170898,12.644938468933105
4621,4,0.9,120,37,-8.017386953248813,0.9028082857378197,1,9.14889907836914,-13.695649147033691,12.070528984069824
4622,4,0.9,120,110,-116.22146885200654,0.9023985238713371,1,17.977149963378906,-13.538497924804688,12.59959888458252
4623,4,0.9,120,120,-113.21705111037699,0.8704236939163906,0,10.756468772888184,-12.857141494750977,12.500015258789062
4624,4,0.9,120,58,-38.323545945479864,0.901989999035576,1,10.17608642578125,-12.118610382080078,12.090119361877441
4625,4,0.9,120,101,-75.43345822842282,0.9001108140110133,1,4.178135871887207,-13.056065559387207,12.162067413330078
4626,4,0.9,120,120,-124.27122982626292,0.8433097885690803,0,5.433533191680908,-12.73406982421875,12.218049049377441
4627,4,0.9,120,15,22.32240832814834,0.9002339308750565,1,6.085085391998291,-12.206465721130371,12.406084060668945
4628,4,0.9,120,14,19.40522156186957,0.9005867912685418,1,4.697827339172363,-12.557677268981934,12.715960502624512
4629,4,0.9,120,23,9.78487766820955,0.9038894013549105,1,3.5774710178375244,-10.611270904541016,12.324126243591309
4630,4,0.9,120,54,-22.27957450108765,0.9004452567179968,1,7.77378511428833,-12.270296096801758,12.853827476501465
4631,4,0.9,120,21,16.58959796965882,0.9024732195476528,1,5.789056777954102,-10.692180633544922,12.392077445983887
4632,4,0.9,120,5,27.38988482385632,0.9070364494172474,1,6.512794494628906,-11.70216178894043,12.796977043151855
4633,4,0.9,120,10,22.6899802844165,0.901079714552927,1,4.456245422363281,-13.393026351928711,12.769503593444824
4634,4,0.9,120,19,17.259789663798585,0.9047254898546745,1,5.880842685699463,-13.35910415649414,12.823521614074707
4635,4,0.9,120,18,12.388880172674629,0.9035598115206043,1,4.277606964111328,-12.578712463378906,12.887560844421387
4636,4,0.9,120,20,21.059675947012536,0.9048729628608246,1,6.419529438018799,-12.578939437866211,12.981973648071289
4637,4,0.9,120,17,21.402362831179133,0.9012117924674881,1,2.975018262863159,-12.098104476928711,12.859148979187012
4638,4,0.9,120,37,-6.995345323172238,0.9017587744107717,1,12.090819358825684,-10.627614974975586,12.681669235229492
4639,4,0.9,120,7,24.846940834175815,0.9072088609133308,1,3.765491485595703,-12.372373580932617,12.640148162841797
4640,4,0.9,120,17,14.29159621976459,0.9017768634374137,1,13.544466018676758,-12.786130905151367,13.05167293548584
4641,4,0.9,120,13,24.302530166823402,0.9065349502513258,1,5.4934916496276855,-12.639192581176758,12.807632446289062
4642,4,0.9,120,11,18.716126209559135,0.909375915437097,1,3.0507566928863525,-14.361978530883789,13.20997142791748
4643,4,0.9,120,32,-2.5662415791138677,0.9055926610206769,1,9.654403686523438,-13.106945037841797,13.50633716583252
4644,4,0.9,120,15,12.425899162872033,0.9041978159224973,1,21.48021125793457,-11.241043090820312,12.812710762023926
4645,4,0.9,120,15,20.3863206136268,0.901430971732877,1,3.3090052604675293,-11.487842559814453,12.766271591186523
4646,4,0.9,120,27,5.0596786173016906,0.9028768932631797,1,4.0921220779418945,-11.577011108398438,12.755925178527832
4647,4,0.9,120,18,13.905902225552687,0.9018359290172011,1,4.931553840637207,-12.327622413635254,12.894797325134277
4648,4,0.9,120,21,12.024442475397597,0.9042057947713311,1,12.982758522033691,-13.732576370239258,12.95484447479248
4649,4,0.9,120,120,-120.94225460563831,0.8772646239558584,0,4.6433258056640625,-10.954940795898438,12.735880851745605
4650,4,0.9,120,22,11.858671126310824,0.9033605425433303,1,4.044788360595703,-11.429308891296387,12.440799713134766
4651,4,0.9,120,120,-117.85516580787858,0.8736534248180119,0,22.82534408569336,-12.025129318237305,12.361515998840332
4652,4,0.9,120,29,2.3743392837188075,0.9116998713218132,1,3.439495325088501,-12.12276840209961,12.675956726074219
4653,4,0.9,120,15,21.38761753228956,0.9093392134157502,1,6.01128625869751,-11.162920951843262,12.828661918640137
4654,4,0.9,120,53,-10.421725897143407,0.9011519195940206,1,5.807201385498047,-11.502457618713379,12.384260177612305
4655,4,0.9,120,17,18.449186571803505,0.9011915447269132,1,5.507131576538086,-13.471792221069336,12.661599159240723
4656,4,0.9,120,24,2.7065406976675987,0.9085668024732251,1,7.700488567352295,-13.978227615356445,13.256937026977539
4657,4,0.9,120,17,12.647758878190992,0.9030537887308073,1,3.912773847579956,-11.748964309692383,12.27127742767334
4658,4,0.9,120,27,12.672353874044797,0.9030624631849401,1,5.301506996154785,-12.804001808166504,12.667734146118164
4659,4,0.9,120,13,16.97769097923855,0.9029475823374942,1,3.417659282684326,-14.227144241333008,12.947224617004395
4660,4,0.9,120,120,-102.76591477374451,0.8790639563404052,0,5.917322635650635,-11.08514404296875,12.729814529418945
4661,4,0.9,120,11,15.709974626726387,0.9016208921778895,1,5.320647239685059,-12.120437622070312,12.68047046661377
4662,4,0.9,120,25,1.9326957060761565,0.9048166628907693,1,6.220675468444824,-12.403905868530273,12.644404411315918
4663,4,0.9,120,14,22.470417996545997,0.9095838990768924,1,8.045183181762695,-9.651647567749023,12.543086051940918
4664,4,0.9,120,120,-101.43195088239561,0.8814124688046655,0,8.615741729736328,-11.135746002197266,12.3822603225708
4665,4,0.9,120,25,14.377369979693965,0.9049402511359309,1,4.032903671264648,-11.9907865524292,12.319604873657227
4666,4,0.9,120,11,17.765579943843385,0.9059026342107298,1,4.696207523345947,-11.404889106750488,12.408296585083008
4667,4,0.9,120,12,21.59945887764919,0.9019999334252798,1,3.950834274291992,-13.615842819213867,12.732009887695312
4668,4,0.9,120,38,-3.1809345629051897,0.9022140583685767,1,6.756522178649902,-13.714925765991211,12.755846977233887
4669,4,0.9,120,41,-16.86332462742738,0.9024207484449394,1,7.643126487731934,-14.112825393676758,12.378451347351074
4670,4,0.9,120,120,-119.77753764232267,0.8702037379473985,0,4.422524452209473,-12.549835205078125,12.553375244140625
4671,4,0.9,120,13,19.66805674423731,0.9199089446847045,1,6.159304618835449,-12.458934783935547,12.813209533691406
4672,4,0.9,120,30,4.953087018440236,0.9033390256411641,1,4.198379039764404,-13.563237190246582,12.748457908630371
4673,4,0.9,120,15,15.097979326447353,0.9022278210359779,1,3.2559056282043457,-9.631214141845703,12.335741996765137
4674,4,0.9,120,16,17.362010563113127,0.9022020374117738,1,6.908562660217285,-14.436646461486816,13.365986824035645
4675,4,0.9,120,17,22.26473942804683,0.9020206965916994,1,2.6899209022521973,-12.379007339477539,12.457297325134277
4676,4,0.9,120,92,-66.0666181831442,0.9044413034896527,1,5.861367702484131,-12.46633529663086,12.915553092956543
4677,4,0.9,120,23,14.227002583158846,0.9051228529203038,1,3.4856910705566406,-12.475759506225586,12.919631958007812
4678,4,0.9,120,14,19.339522009114212,0.9083690444621598,1,3.4744701385498047,-12.064804077148438,12.414172172546387
4679,4,0.9,120,13,11.949352618360061,0.9097026029568264,1,6.104193210601807,-12.193807601928711,12.528060913085938
4680,4,0.9,120,23,9.890409542562269,0.9023293549546129,1,6.884512901306152,-12.39849853515625,12.495638847351074
4681,4,0.9,120,21,12.657848892592751,0.9087788118308991,1,6.08978271484375,-13.86808967590332,12.756747245788574
4682,4,0.9,120,14,9.749594098565794,0.9033574835854442,1,15.438016891479492,-13.937870025634766,13.1688871383667
4683,4,0.9,120,120,-107.98000906840333,0.8761952016981455,0,3.6949243545532227,-11.461116790771484,12.477154731750488
4684,4,0.9,120,27,7.682145146470161,0.9117744468514519,1,7.062641143798828,-11.13521957397461,12.282355308532715
4685,4,0.9,120,12,17.999890300287696,0.9040893255419503,1,5.657186508178711,-11.950098991394043,12.303791046142578
4686,4,0.9,120,16,15.511798871020387,0.9007919517794747,1,4.80727481842041,-11.697272300720215,12.659225463867188
4687,4,0.9,120,22,9.774511089253425,0.9040638620260371,1,2.305453300476074,-11.186795234680176,12.24657917022705
4688,4,0.9,120,6,25.784153894572086,0.9024606382431121,1,6.9836015701293945,-12.307687759399414,12.8121337890625
4689,4,0.9,120,13,11.3390058368196,0.9046374358677309,1,2.369628429412842,-12.550853729248047,12.39191722869873
4690,4,0.9,120,33,-2.4290413905928308,0.9027340679202474,1,6.5497026443481445,-13.852499961853027,12.667095184326172
4691,4,0.9,120,33,-0.4630162585322033,0.9032585403605277,1,3.680803060531616,-13.579566955566406,12.005436897277832
4692,4,0.9,120,68,-36.52222147426863,0.9051506276077869,1,4.3788251876831055,-14.284505844116211,12.52104663848877
4693,4,0.9,120,26,12.967183499217025,0.9039149076480149,1,14.00860595703125,-12.680249214172363,12.414055824279785
4694,4,0.9,120,86,-79.22493699975456,0.9056684501295792,1,4.407711982727051,-13.529810905456543,12.608646392822266
4695,4,0.9,120,22,14.525005457690188,0.9025694207292021,1,5.542153835296631,-12.960021018981934,12.568900108337402
4696,4,0.9,120,120,-100.99490373537382,0.8908121686482062,0,15.93763542175293,-12.01992416381836,12.274154663085938
4697,4,0.9,120,30,5.9094600896,0.9082436346372146,1,8.728275299072266,-11.56419563293457,12.37047004699707
4698,4,0.9,120,15,20.445771396007014,0.9088767898711206,1,3.271221399307251,-11.759529113769531,12.187522888183594
4699,4,0.9,120,30,6.529844096314316,0.9004691233516848,1,4.543478965759277,-11.540669441223145,12.282793998718262
4700,4,0.9,120,16,17.99401270912024,0.901991153119562,1,4.524712562561035,-12.748708724975586,12.423517227172852
4701,4,0.9,120,17,14.313257796749598,0.9056986717727619,1,2.090160608291626,-11.972721099853516,12.388137817382812
4702,4,0.9,120,22,8.283301838512097,0.9035013535984565,1,5.3537821769714355,-13.844532012939453,12.730596542358398
4703,4,0.9,120,16,13.345331869499523,0.9008584144547578,1,5.141860008239746,-13.465893745422363,12.557345390319824
4704,4,0.9,120,120,-101.7950875953866,0.8759425956559158,0,3.7635180950164795,-12.826762199401855,12.519796371459961
4705,4,0.9,120,15,17.826843739302277,0.9026526914505574,1,4.423030853271484,-13.963560104370117,12.477225303649902
4706,4,0.9,120,18,16.62802847756472,0.905454338270048,1,8.610815048217773,-14.337428092956543,12.317136764526367
4707,4,0.9,120,23,12.300051230057868,0.9011114345567872,1,6.279603004455566,-12.754524230957031,12.517762184143066
4708,4,0.9,120,19,16.424134111289263,0.9088333799721032,1,3.784755229949951,-13.632329940795898,12.714195251464844
4709,4,0.9,120,120,-90.01728646490214,0.8908723664900392,0,4.2344865798950195,-10.418327331542969,12.256535530090332
4710,4,0.9,120,34,-8.993482132236254,0.9007990708948684,1,4.819950580596924,-11.001758575439453,12.36772632598877
4711,4,0.9,120,14,17.644775065806037,0.9000748642153158,1,5.682110786437988,-13.55990982055664,12.781073570251465
4712,4,0.9,120,9,21.002470591656174,0.9021398728584538,1,3.4091241359710693,-11.641714096069336,12.593695640563965
4713,4,0.9,120,11,19.33847947306503,0.9034278767706946,1,3.0660834312438965,-12.166961669921875,12.374194145202637
4714,4,0.9,120,32,-1.4270475819848567,0.9030916271257752,1,3.883139133453369,-12.765281677246094,12.288561820983887
4715,4,0.9,120,16,16.227730228560063,0.902519247764354,1,3.806394100189209,-13.536518096923828,12.552324295043945
4716,4,0.9,120,12,21.79114765844526,0.9147691044556844,1,4.747509956359863,-13.506339073181152,12.380773544311523
4717,4,0.9,120,46,-16.91798266106526,0.9012267659387218,1,2.509974479675293,-14.547600746154785,12.573728561401367
4718,4,0.9,120,30,2.102458906522429,0.9069259853680613,1,8.34035587310791,-11.866086959838867,12.480399131774902
4719,4,0.9,120,12,25.316576703148748,0.9008222617623171,1,5.858744144439697,-12.855257987976074,12.519598960876465
4720,4,0.9,120,19,19.336170232286168,0.9177765289497561,1,2.2632877826690674,-11.094943046569824,12.336926460266113
4721,4,0.9,120,8,27.148338726913654,0.9109336991775444,1,3.0078485012054443,-13.210562705993652,12.599027633666992
4722,4,0.9,120,15,14.200550629259958,0.9013204101914625,1,6.787517547607422,-12.821195602416992,12.718332290649414
4723,4,0.9,120,13,21.1380995211383,0.9028394571222237,1,8.723997116088867,-14.427058219909668,12.556347846984863
4724,4,0.9,120,9,24.943805623327844,0.9085505373469653,1,5.928773403167725,-11.445201873779297,12.726463317871094
4725,4,0.9,120,11,19.38276087482435,0.9000006901777059,1,4.931135654449463,-13.547762870788574,12.434508323669434
4726,4,0.9,120,7,25.14218795786385,0.9015954692741034,1,4.4213104248046875,-13.805776596069336,12.747010231018066
4727,4,0.9,120,29,-0.0835849254895713,0.9023539797782953,1,5.142621040344238,-13.104280471801758,12.403825759887695
4728,4,0.9,120,120,-122.5202497477809,0.8581037452785703,0,2.723336935043335,-12.557170867919922,12.418098449707031
4729,4,0.9,120,30,3.365799354047967,0.9022032197241655,1,5.911609649658203,-11.546432495117188,12.669257164001465
4730,4,0.9,120,37,-1.081361902698232,0.9018281619354109,1,3.440023422241211,-12.158988952636719,12.852856636047363
4731,4,0.9,120,24,13.618442134529468,0.906081477138461,1,4.847830772399902,-13.43880558013916,12.906984329223633
4732,4,0.9,120,41,-6.088572947652388,0.9046874339822957,1,4.964174270629883,-12.822402954101562,12.697497367858887
4733,4,0.9,120,7,22.962594217866286,0.9069981736707662,1,3.8285672664642334,-13.483112335205078,13.15130615234375
4734,4,0.9,120,18,12.032341758213398,0.9069500548379339,1,13.014483451843262,-11.032876968383789,12.442435264587402
4735,4,0.9,120,14,17.76337336293995,0.9055745500862632,1,4.328325271606445,-13.29216194152832,12.927896499633789
4736,4,0.9,120,120,-106.80681212446756,0.8605123254738117,0,4.520674705505371,-11.876521110534668,12.396947860717773
4737,4,0.9,120,10,17.294682395560056,0.9094969506826531,1,4.19382381439209,-12.61821460723877,12.361002922058105
4738,4,0.9,120,15,18.167441281947895,0.902397031694643,1,3.4488484859466553,-12.475894927978516,12.512373924255371
4739,4,0.9,120,14,15.670136030712747,0.9134747116728186,1,5.754810333251953,-13.40927791595459,12.535048484802246
4740,4,0.9,120,13,22.427562454416286,0.9097201547770384,1,4.956930160522461,-12.365301132202148,12.303376197814941
4741,4,0.9,120,11,17.101845101433522,0.901016279635675,1,6.411955833435059,-12.196552276611328,12.613848686218262
4742,4,0.9,120,10,23.609040177615476,0.9088789111875807,1,6.820314407348633,-11.507102966308594,12.484971046447754
4743,4,0.9,120,8,22.911061441105403,0.9112109974222937,1,3.6431074142456055,-11.410982131958008,12.141314506530762
4744,4,0.9,120,22,9.418333566053477,0.9007660233905963,1,4.214062690734863,-13.885348320007324,12.728022575378418
4745,4,0.9,120,24,8.655789729768765,0.9022534486894094,1,12.783462524414062,-10.66523551940918,12.274035453796387
4746,4,0.9,120,36,-6.8092937352304705,0.90370788776964,1,2.874854564666748,-10.182475090026855,12.36948013305664
4747,4,0.9,120,23,3.363569222344384,0.9015825292039377,1,4.03590726852417,-13.86883544921875,12.365920066833496
4748,4,0.9,120,20,8.347922363044088,0.9080812083989434,1,8.475175857543945,-13.462321281433105,12.48046588897705
4749,4,0.9,120,120,-115.19295420488977,0.8431250230232664,0,3.988318681716919,-13.334564208984375,12.01221752166748
4750,4,0.9,120,14,15.364386544932495,0.9004727590312773,1,7.9286298751831055,-14.482887268066406,12.725020408630371
4751,4,0.9,120,26,0.4993621603818834,0.9021192021194119,1,4.641420364379883,-16.194660186767578,13.03935432434082
4752,4,0.9,120,20,8.615226052671419,0.9032133766768485,1,4.047440528869629,-11.668136596679688,12.32494831085205
4753,4,0.9,120,16,17.371131514113756,0.9121571978494927,1,10.708457946777344,-14.234733581542969,13.000999450683594
4754,4,0.9,120,31,-8.040761364771004,0.9006545607257794,1,4.827752113342285,-12.951380729675293,12.348315238952637
4755,4,0.9,120,25,15.215042711939988,0.9112473409982027,1,4.6143927574157715,-12.491321563720703,12.463305473327637
4756,4,0.9,120,75,-46.937089361258906,0.9011361368702231,1,3.9720020294189453,-11.916126251220703,12.310501098632812
4757,4,0.9,120,21,9.330116042771106,0.9365244353117322,1,7.2888031005859375,-13.587295532226562,12.5460786819458
4758,4,0.9,120,105,-70.7336375716418,0.9002080087482666,1,6.719465255737305,-11.619946479797363,12.22380256652832
4759,4,0.9,120,22,8.099746355158933,0.9104616010154973,1,2.7853288650512695,-14.66110610961914,12.509092330932617
4760,4,0.9,120,98,-72.84736275855657,0.9015474914488071,1,8.487770080566406,-15.54997730255127,12.671675682067871
4761,4,0.9,120,25,7.631186489342332,0.9024288292769702,1,7.711795806884766,-12.879487991333008,12.5116548538208
4762,4,0.9,120,11,22.010571264487897,0.9026636659616699,1,4.601888656616211,-15.312248229980469,12.541473388671875
4763,4,0.9,120,11,20.848247017378355,0.9002992405800656,1,3.4578676223754883,-12.865303039550781,12.298733711242676
4764,4,0.9,120,22,12.034663454632462,0.9057730090610043,1,4.062231540679932,-13.565088272094727,12.677515983581543
4765,4,0.9,120,120,-88.05423848278139,0.8758860880539145,0,6.657372951507568,-12.758228302001953,12.851292610168457
4766,4,0.9,120,120,-86.86386301419134,0.8487412362323074,0,3.0122509002685547,-13.80943489074707,12.696429252624512
4767,4,0.9,120,9,22.59294367768699,0.912509266306698,1,4.018490791320801,-12.588193893432617,12.399506568908691
4768,4,0.9,120,83,-51.074646266085594,0.9059662308106128,1,2.864159107208252,-12.128026008605957,12.558165550231934
4769,4,0.9,120,13,17.571802507949087,0.9003688409795401,1,3.211334228515625,-12.316434860229492,12.772780418395996
4770,4,0.9,120,42,-14.097232417370755,0.9026117781148325,1,7.075248718261719,-13.223573684692383,12.971957206726074
4771,4,0.9,120,40,-16.00789604673984,0.9014230325462931,1,2.717240571975708,-11.49550724029541,12.525927543640137
4772,4,0.9,120,11,21.652338039130242,0.9018253328962803,1,17.08667755126953,-12.428126335144043,12.717516899108887
4773,4,0.9,120,12,18.978489516403968,0.9145465462839496,1,2.846282958984375,-12.14387035369873,12.57953929901123
4774,4,0.9,120,97,-72.16039600676767,0.9021130683188375,1,40.474853515625,-12.282851219177246,12.746373176574707
4775,4,0.9,120,120,-101.705854996168,0.8504289711080525,0,6.186957359313965,-11.965007781982422,12.951315879821777
4776,4,0.9,120,13,12.869366548230227,0.9044519625558572,1,3.313302516937256,-14.54201889038086,13.449335098266602
4777,4,0.9,120,18,17.011510203930385,0.9043183073612042,1,6.939334869384766,-15.591926574707031,13.638127326965332
4778,4,0.9,120,12,20.533647879943814,0.903047860631689,1,6.972254753112793,-14.869071006774902,12.8544340133667
4779,4,0.9,120,43,-12.1089212279034,0.9012649404927773,1,10.032381057739258,-11.651412010192871,12.44786548614502
4780,4,0.9,120,9,21.36655385261708,0.9110304733355192,1,2.25890851020813,-11.551448822021484,12.493407249450684
4781,4,0.9,120,120,-96.39165792252523,0.8755123686212869,0,4.638924598693848,-13.261504173278809,13.044028282165527
4782,4,0.9,120,21,14.392891127917046,0.9164172459355318,1,5.071599960327148,-12.243690490722656,12.53974437713623
4783,4,0.9,120,26,11.358720897342078,0.903635165519157,1,4.97123908996582,-11.565011978149414,12.641000747680664
4784,4,0.9,120,35,-2.8905587778952775,0.9008190490695135,1,4.486235618591309,-11.369874000549316,12.314723014831543
4785,4,0.9,120,120,-92.79871529494524,0.8656479332339588,0,13.270917892456055,-12.322265625,12.635403633117676
4786,4,0.9,120,24,6.358885889439362,0.9048560630444741,1,4.263925552368164,-13.360909461975098,12.750142097473145
4787,4,0.9,120,17,12.844581810137482,0.9004824283200095,1,5.834600448608398,-11.337839126586914,12.429533958435059
4788,4,0.9,120,120,-110.53532889490022,0.8861215808275239,0,6.921311378479004,-13.5260009765625,12.635767936706543
4789,4,0.9,120,24,9.820559958469355,0.9098257720119387,1,4.915521144866943,-12.461082458496094,12.38267993927002
4790,4,0.9,120,20,13.029862362622431,0.9043942807628217,1,8.116424560546875,-13.345037460327148,12.836812019348145
4791,4,0.9,120,15,14.428142830355348,0.9023241222855036,1,5.914061069488525,-11.620689392089844,12.721341133117676
4792,4,0.9,120,28,7.107717463539206,0.9033057657573432,1,5.644517421722412,-10.596787452697754,12.810989379882812
4793,4,0.9,120,13,25.78727953919713,0.9147104752780381,1,4.4898681640625,-13.41858959197998,12.868887901306152
4794,4,0.9,120,19,16.632485045101568,0.910512196669761,1,3.13952898979187,-12.580305099487305,12.542466163635254
4795,4,0.9,120,29,5.922372284449169,0.9050942818607063,1,4.254527568817139,-11.355751037597656,12.374258995056152
4796,4,0.9,120,18,21.409937652322206,0.9175281466658013,1,7.569451332092285,-13.5718994140625,12.949603080749512
4797,4,0.9,120,33,-4.416987454754608,0.9083150536715,1,1.9393417835235596,-10.829341888427734,12.2957763671875
4798,4,0.9,120,25,5.665853260327582,0.9048944733298084,1,2.1414101123809814,-12.273813247680664,12.6533203125
4799,4,0.9,120,8,27.35617410252391,0.9005525644169057,1,5.665672779083252,-12.461074829101562,12.950403213500977
4800,4,0.9,120,33,-5.671947266493925,0.9081872311239488,1,9.472114562988281,-14.261685371398926,13.237894058227539
4801,4,0.9,120,22,11.581779269407647,0.9000619200170735,1,7.9132537841796875,-13.714948654174805,12.903645515441895
4802,4,0.9,120,56,-17.493503303976308,0.9049726171488282,1,6.853990077972412,-12.66151237487793,12.6790189743042
4803,4,0.9,120,19,14.002431925003524,0.9015496036898111,1,4.016439437866211,-13.886821746826172,12.884651184082031
4804,4,0.9,120,20,14.580511504780342,0.9049761855912938,1,4.099165916442871,-14.523641586303711,12.61292552947998
4805,4,0.9,120,11,22.978443599284326,0.9067430851394248,1,2.066293954849243,-13.904729843139648,12.589776039123535
4806,4,0.9,120,33,4.457747533357397,0.902112509839272,1,6.735321521759033,-12.329200744628906,12.490266799926758
4807,4,0.9,120,23,10.805189637899165,0.9029583677381794,1,2.2587811946868896,-11.981513977050781,12.371956825256348
4808,4,0.9,120,22,8.603553155862638,0.9028643063293185,1,8.94245719909668,-12.823415756225586,12.38255786895752
4809,4,0.9,120,10,27.06231878331809,0.9108405390675562,1,4.790718078613281,-11.185501098632812,12.289841651916504
4810,4,0.9,120,63,-36.81390559805156,0.905298782251862,1,4.857854843139648,-12.478342056274414,12.413893699645996
4811,4,0.9,120,11,24.933616874345955,0.9133247564025062,1,4.09629487991333,-13.052640914916992,12.462190628051758
4812,4,0.9,120,120,-102.7150215797979,0.8483902286054963,0,5.299038887023926,-12.94284439086914,12.718050956726074
4813,4,0.9,120,72,-46.421020812178554,0.9026782930628077,1,2.567936420440674,-10.920125961303711,12.067278861999512
4814,4,0.9,120,21,2.2887374912234204,0.9002915409495238,1,4.6138129234313965,-12.126714706420898,11.828717231750488
4815,4,0.9,120,30,4.489032336855047,0.910803084300746,1,3.9795379638671875,-11.814117431640625,12.00359058380127
4816,4,0.9,120,11,25.227466048910053,0.916198432803749,1,3.640733480453491,-13.050718307495117,12.389155387878418
4817,4,0.9,120,120,-110.05090648199513,0.6914258837084734,0,22.87285614013672,-12.499189376831055,12.242695808410645
4818,4,0.9,120,8,22.87518855805605,0.9022537464602043,1,2.647216320037842,-12.131935119628906,12.151694297790527
4819,4,0.9,120,11,20.243955323412013,0.9061140666288504,1,10.501072883605957,-14.445289611816406,12.104979515075684
4820,4,0.9,120,11,26.774182085056385,0.9133025395552944,1,5.311075210571289,-15.409293174743652,12.56238079071045
4821,4,0.9,120,79,-46.91975779977943,0.9021543399686799,1,1.5252971649169922,-13.519951820373535,12.031060218811035
4822,4,0.9,120,14,18.74109988496681,0.9088577806970065,1,3.7122836112976074,-13.68704605102539,11.756574630737305
4823,4,0.9,120,24,15.214703614368048,0.9001270301250424,1,2.5240375995635986,-12.470444679260254,11.940427780151367
4824,4,0.9,120,17,11.253184775866648,0.903642265499485,1,6.513729095458984,-14.751733779907227,11.660181999206543
4825,4,0.9,120,21,11.178608678596975,0.9163408793198691,1,8.043397903442383,-12.488389015197754,11.434813499450684
4826,4,0.9,120,120,-112.15131361444705,0.8404594792769383,0,4.848625183105469,-13.03821849822998,12.056139945983887
4827,4,0.9,120,49,-22.965727840679847,0.9103974113919037,1,5.985008239746094,-14.289623260498047,12.121757507324219
4828,4,0.9,120,15,17.139257954959042,0.9012737583904312,1,4.289755821228027,-12.636565208435059,12.057198524475098
4829,4,0.9,120,120,-119.87722848094495,0.8471608543178378,0,8.88222885131836,-12.91108512878418,12.20726490020752
4830,4,0.9,120,14,19.590184241935507,0.9005184967343668,1,4.623660564422607,-13.443623542785645,12.020928382873535
4831,4,0.9,120,23,10.547641134815702,0.9001161068974952,1,5.749396800994873,-12.804854393005371,11.488567352294922
4832,4,0.9,120,19,7.830841273207026,0.9000211077463073,1,4.760985374450684,-12.051412582397461,12.066816329956055
4833,4,0.9,120,113,-92.44097136578273,0.9017483440217837,1,6.980490684509277,-12.437332153320312,11.717470169067383
4834,4,0.9,120,23,5.142474256282577,0.9050958279377782,1,7.871448516845703,-11.355605125427246,11.892181396484375
4835,4,0.9,120,8,23.012614471578523,0.9079043151595798,1,3.054248809814453,-11.576332092285156,11.590924263000488
4836,4,0.9,120,37,-3.603886462056593,0.9031123183955099,1,5.395125865936279,-13.98613452911377,11.694724082946777
4837,4,0.9,120,20,15.920906949722523,0.9060055708263247,1,1.82267165184021,-12.911966323852539,11.78746509552002
4838,4,0.9,120,6,23.960162853399332,0.9098910751753982,1,1.9317116737365723,-12.275506973266602,11.575397491455078
4839,4,0.9,120,26,3.8631779222522304,0.9041546677633776,1,5.2502288818359375,-11.544608116149902,11.51217269897461
4840,4,0.9,120,120,-106.22545972476766,0.8775496461685521,0,6.740721702575684,-10.380385398864746,11.51000690460205
4841,4,0.9,120,11,14.847305966747086,0.907599724799858,1,4.972342491149902,-12.86358642578125,11.788844108581543
4842,4,0.9,120,13,16.52449638978151,0.9006423373712867,1,12.426904678344727,-12.416532516479492,11.973550796508789
4843,4,0.9,120,11,18.27148702017302,0.9156582929017563,1,4.651232719421387,-12.2103271484375,11.686235427856445
4844,4,0.9,120,21,16.465085008889147,0.902520172416814,1,6.119398593902588,-11.304838180541992,11.786786079406738
4845,4,0.9,120,23,6.372655620044167,0.9014316446356364,1,4.989290237426758,-13.763086318969727,11.703983306884766
4846,4,0.9,120,10,19.270906121271437,0.91888509126189,1,7.232251167297363,-12.917482376098633,11.764838218688965
4847,4,0.9,120,120,-118.63336781059947,0.8858736925306927,0,5.7015910148620605,-12.66383171081543,11.678655624389648
4848,4,0.9,120,6,20.714284798383694,0.9081647429174166,1,2.9392051696777344,-11.621578216552734,11.524264335632324
4849,4,0.9,120,22,10.013656519868984,0.9078747888814657,1,4.161456108093262,-11.583744049072266,11.982528686523438
4850,4,0.9,120,10,19.08215985321663,0.9003212436023402,1,6.56396484375,-10.360729217529297,11.857024192810059
4851,4,0.9,120,14,19.579239340809902,0.9029489394356653,1,3.9248404502868652,-10.224811553955078,11.74890422821045
4852,4,0.9,120,8,21.118785631843522,0.9038983445891418,1,5.420964241027832,-11.300957679748535,11.914510726928711
4853,4,0.9,120,23,8.817764555696028,0.9044695090631015,1,4.719267845153809,-11.359273910522461,11.939420700073242
4854,4,0.9,120,14,19.334646566953005,0.9042199784979074,1,2.673859119415283,-12.59913158416748,11.772374153137207
4855,4,0.9,120,10,18.19590655349187,0.9044065333979601,1,9.138940811157227,-12.742852210998535,12.069522857666016
4856,4,0.9,120,7,23.178744910169392,0.9012442777026678,1,6.974074363708496,-13.962156295776367,11.935397148132324
4857,4,0.9,120,12,23.31322703543043,0.9027330021647783,1,6.261709690093994,-13.231958389282227,11.926739692687988
4858,4,0.9,120,88,-69.46905945448427,0.9019269487792005,1,12.399179458618164,-12.252107620239258,11.9947509765625
4859,4,0.9,120,120,-110.79621210943642,0.8867801608980174,0,2.8335299491882324,-13.16795539855957,12.234001159667969
4860,4,0.9,120,19,16.70873900943517,0.9130059909678072,1,2.4424424171447754,-10.630733489990234,11.943594932556152
4861,4,0.9,120,29,2.2041562723497847,0.9029375585313966,1,6.848948955535889,-12.637616157531738,12.236481666564941
4862,4,0.9,120,16,16.239238736332865,0.9130832607506603,1,6.250492095947266,-13.219490051269531,12.064292907714844
4863,4,0.9,120,46,-17.688395835664423,0.9021586440595921,1,5.482525825500488,-9.272161483764648,12.079160690307617
4864,4,0.9,120,18,15.800724358402883,0.9012540938594817,1,6.782932758331299,-11.302336692810059,12.353983879089355
4865,4,0.9,120,21,5.813106984332829,0.9041606420772169,1,5.687858581542969,-12.606664657592773,12.26440143585205
4866,4,0.9,120,11,18.68716034811019,0.9084128422174537,1,2.8508567810058594,-12.168264389038086,12.1681489944458
4867,4,0.9,120,120,-106.18842021431597,0.8684161544666641,0,3.825834274291992,-12.38523006439209,12.356274604797363
4868,4,0.9,120,17,13.37932045791302,0.917577549817304,1,4.665395736694336,-13.087969779968262,12.451769828796387
4869,4,0.9,120,85,-47.88402567250152,0.9011355018185357,1,3.396733522415161,-11.503069877624512,12.420287132263184
4870,4,0.9,120,10,22.126976771840525,0.9056288242370053,1,2.5453543663024902,-11.223400115966797,12.182411193847656
4871,4,0.9,120,11,25.673988003588217,0.912154828439466,1,8.762495040893555,-11.998128890991211,12.433900833129883
4872,4,0.9,120,22,13.138138031296155,0.902581666133581,1,5.627348899841309,-11.990482330322266,12.261918067932129
4873,4,0.9,120,18,16.597490776213956,0.911397178225885,1,5.303736686706543,-12.414608001708984,12.628918647766113
4874,4,0.9,120,13,17.378235939967947,0.9083245842971247,1,3.7677130699157715,-12.769533157348633,12.563902854919434
4875,4,0.9,120,12,23.77500242679425,0.9039995977123172,1,4.5706787109375,-11.492548942565918,12.600419998168945
4876,4,0.9,120,15,22.249016425435414,0.903810304777631,1,5.706251621246338,-11.054953575134277,12.45130443572998
4877,4,0.9,120,120,-93.62454665039321,0.8837851629509665,0,4.995382785797119,-12.615488052368164,12.528861999511719
4878,4,0.9,120,7,21.265654087448603,0.9104474008649308,1,3.4908037185668945,-11.548399925231934,12.6754789352417
4879,4,0.9,120,30,4.812746262174792,0.9013313721755853,1,6.158031940460205,-13.517179489135742,12.487737655639648
4880,4,0.9,120,14,23.197124659017312,0.9047946401836308,1,7.114260673522949,-10.76901626586914,12.487933158874512
4881,4,0.9,120,120,-101.61262797562657,0.7779822089224879,0,6.050100326538086,-13.6127290725708,12.603930473327637
4882,4,0.9,120,8,27.043934526038157,0.90923543751005,1,5.46229362487793,-12.291659355163574,12.847874641418457
4883,4,0.9,120,23,12.72112349396712,0.9118769445516518,1,5.791970252990723,-12.00823974609375,12.524965286254883
4884,4,0.9,120,34,-2.0206640220793854,0.900786375938053,1,3.0012564659118652,-12.653181076049805,12.66679859161377
4885,4,0.9,120,9,28.274607806577798,0.9147299420821836,1,6.961602210998535,-13.937883377075195,12.939509391784668
4886,4,0.9,120,12,22.181756921620384,0.9081028178133304,1,5.265280246734619,-11.42846965789795,12.734819412231445
4887,4,0.9,120,14,17.787142731495987,0.909861655760223,1,4.795225620269775,-12.869304656982422,13.090576171875
4888,4,0.9,120,24,6.435020666769046,0.9080315703667666,1,7.349628925323486,-13.336431503295898,12.730097770690918
4889,4,0.9,120,18,6.299107933301544,0.9021437360587884,1,9.465538024902344,-11.927658081054688,12.478649139404297
4890,4,0.9,120,11,22.473800784319508,0.9040291867710547,1,4.786409854888916,-12.743707656860352,12.632756233215332
4891,4,0.9,120,120,-116.26000318587735,0.8483629419369069,0,2.8808600902557373,-11.36515998840332,12.393852233886719
4892,4,0.9,120,16,16.287791571914948,0.9015265034425931,1,4.345722675323486,-11.892841339111328,12.46410083770752
4893,4,0.9,120,18,19.525428329955304,0.9174889648303386,1,4.182614803314209,-13.386251449584961,12.40842056274414
4894,4,0.9,120,13,18.27147145338868,0.9253450538416466,1,4.91581392288208,-13.542160987854004,12.576995849609375
4895,4,0.9,120,120,-100.26483690879013,0.8873467655912669,0,3.994791269302368,-12.394671440124512,12.47912883758545
4896,4,0.9,120,9,18.927383859622793,0.90040483278805,1,4.395133972167969,-11.386645317077637,12.183267593383789
4897,4,0.9,120,12,22.10513980383618,0.904617262509872,1,4.060818672180176,-12.789669036865234,12.320300102233887
4898,4,0.9,120,120,-93.33093434994068,0.8427413141061593,0,3.1420440673828125,-12.002233505249023,12.005897521972656
4899,4,0.9,120,18,15.65725101879828,0.9020943029163555,1,6.15328311920166,-12.037673950195312,12.166203498840332
4900,4,0.9,120,12,22.04514327804172,0.9111737642803138,1,5.7420654296875,-13.445621490478516,12.7620267868042
4901,4,0.9,120,20,8.339482124430642,0.9009962886478401,1,3.7735085487365723,-13.057199478149414,12.263336181640625
4902,4,0.9,120,18,19.636448150581288,0.9007494192484297,1,8.43785572052002,-12.552200317382812,12.490792274475098
4903,4,0.9,120,15,19.15152507629008,0.9177373346753669,1,5.73299503326416,-13.420069694519043,12.445921897888184
4904,4,0.9,120,10,22.55803572382854,0.9045574398621143,1,3.5759873390197754,-12.275165557861328,12.33386516571045
4905,4,0.9,120,10,19.84635739110321,0.9006704698961678,1,3.129664182662964,-12.248064041137695,12.210840225219727
4906,4,0.9,120,13,22.87010218799826,0.9105860674661863,1,6.015509605407715,-10.356487274169922,12.010581970214844
4907,4,0.9,120,13,19.367713360798767,0.9071957592119758,1,2.6206462383270264,-11.33277416229248,11.939976692199707
4908,4,0.9,120,21,14.070529599963484,0.9126079894737569,1,4.313867568969727,-12.930956840515137,11.994535446166992
4909,4,0.9,120,9,28.470769563459818,0.900565027551465,1,3.995680332183838,-13.605628967285156,12.237793922424316
4910,4,0.9,120,8,22.567365250101986,0.9067683825975519,1,11.058610916137695,-11.776575088500977,12.069513320922852
4911,4,0.9,120,12,18.333891742995522,0.9084835785411225,1,6.374518394470215,-12.045428276062012,11.739921569824219
4912,4,0.9,120,9,26.144424706331513,0.9048868494698703,1,5.241296768188477,-12.483259201049805,12.074275016784668
4913,4,0.9,120,22,16.187284947407615,0.9041336200400085,1,5.182401180267334,-13.350202560424805,12.047301292419434
4914,4,0.9,120,13,18.768952637956353,0.9051654637228539,1,3.299405574798584,-12.506301879882812,12.02018928527832
4915,4,0.9,120,9,25.73294382771126,0.9007813184486835,1,10.790804862976074,-13.244165420532227,12.505721092224121
4916,4,0.9,120,22,9.405947028113099,0.9086613446498494,1,5.683279991149902,-13.193520545959473,12.349924087524414
4917,4,0.9,120,21,13.450228838858646,0.9030360879654137,1,7.264068603515625,-11.056711196899414,12.062835693359375
4918,4,0.9,120,13,21.793881390691006,0.9110385591359866,1,8.698383331298828,-12.991931915283203,12.384851455688477
4919,4,0.9,120,24,9.817661899573276,0.909892957163324,1,3.937000036239624,-12.896829605102539,12.41252613067627
4920,4,0.9,120,5,20.366738687921476,0.9064537704162092,1,14.026378631591797,-13.416577339172363,12.416879653930664
4921,4,0.9,120,15,20.0682579373402,0.9097284749070746,1,3.548241138458252,-10.19781494140625,12.301684379577637
4922,4,0.9,120,15,19.914122556572302,0.9002561145908338,1,4.346649169921875,-11.004712104797363,12.204115867614746
4923,4,0.9,120,24,7.341380699613619,0.9081710062314461,1,10.204898834228516,-11.626289367675781,12.604156494140625
4924,4,0.9,120,45,-7.893087644189846,0.9001415540347231,1,5.1184587478637695,-10.469403266906738,12.514830589294434
4925,4,0.9,120,18,16.563809852735936,0.9007420252445654,1,3.985518217086792,-13.370372772216797,12.848578453063965
4926,4,0.9,120,10,23.22425271468847,0.9033323710141258,1,10.213661193847656,-14.60832691192627,12.936156272888184
4927,4,0.9,120,120,-98.74780860647554,0.8705019105351615,0,8.300066947937012,-11.939353942871094,12.64690113067627
4928,4,0.9,120,8,24.31539394766993,0.9026551730908583,1,9.363611221313477,-11.661498069763184,12.57291316986084
4929,4,0.9,120,47,-9.419386794420195,0.9026438068958174,1,5.681484222412109,-12.687244415283203,12.852884292602539
4930,4,0.9,120,120,-101.14616771090738,0.869514643450882,0,3.500408887863159,-11.88282585144043,12.800732612609863
4931,4,0.9,120,32,-1.6961088162633082,0.9024527813490293,1,5.231428146362305,-11.306343078613281,12.418513298034668
4932,4,0.9,120,38,-12.127012953426908,0.9026473734360501,1,4.170619964599609,-12.104454040527344,12.398374557495117
4933,4,0.9,120,14,20.494040020092637,0.9092486838005611,1,4.989404678344727,-12.51161003112793,12.298869132995605
4934,4,0.9,120,12,20.194169515303916,0.914465858368702,1,3.7636518478393555,-11.759780883789062,12.022518157958984
4935,4,0.9,120,13,19.237522326747083,0.9079853037788153,1,4.565164089202881,-12.211492538452148,12.263405799865723
4936,4,0.9,120,22,14.630416592049901,0.900642314890147,1,4.39158821105957,-13.288129806518555,12.56065845489502
4937,4,0.9,120,12,21.528424129423303,0.9002593780484575,1,5.782852649688721,-12.702638626098633,12.243574142456055
4938,4,0.9,120,14,21.967683094565714,0.9070272451622254,1,1.9395031929016113,-8.899930953979492,12.173575401306152
4939,4,0.9,120,120,-101.11761515135649,0.8676756071211176,0,2.468153715133667,-10.580703735351562,12.064154624938965
4940,4,0.9,120,13,22.695198041623332,0.9019977443181576,1,2.9487802982330322,-12.133728981018066,12.389547348022461
4941,4,0.9,120,19,17.651685733654443,0.9050647260921443,1,9.374076843261719,-12.781688690185547,12.124662399291992
4942,4,0.9,120,18,15.569925294264003,0.90727471099931,1,18.620878219604492,-12.462936401367188,12.146993637084961
4943,4,0.9,120,11,23.17041843753123,0.9048893841002312,1,8.32381820678711,-11.872102737426758,12.333314895629883
4944,4,0.9,120,11,24.490058206297547,0.9012498329957269,1,4.802375793457031,-12.35623550415039,12.13487720489502
4945,4,0.9,120,11,25.754185368099634,0.9045665934540411,1,4.7448272705078125,-11.900346755981445,12.564865112304688
4946,4,0.9,120,23,9.627598239597653,0.9006650041098352,1,2.6557271480560303,-12.736169815063477,12.447649955749512
4947,4,0.9,120,18,14.5214206766515,0.9006200437937012,1,23.73297882080078,-10.767467498779297,12.222799301147461
4948,4,0.9,120,33,1.6055063619849,0.9000095451324135,1,6.015141487121582,-12.921092987060547,12.929312705993652
4949,4,0.9,120,18,17.94103802159315,0.9008170847048195,1,3.077991485595703,-10.84949779510498,12.739484786987305
4950,4,0.9,120,9,20.39697450708745,0.9106574921378076,1,2.1376962661743164,-9.579202651977539,12.427345275878906
4951,4,0.9,120,6,29.627049196841977,0.9124567130512649,1,5.471975326538086,-10.421390533447266,12.37779712677002
4952,4,0.9,120,15,19.06585844602489,0.9041214482559623,1,5.403151988983154,-10.390100479125977,12.367013931274414
4953,4,0.9,120,15,15.68556358214673,0.9141754007305557,1,4.527656078338623,-14.165377616882324,12.796591758728027
4954,4,0.9,120,44,-13.393063909291794,0.900064165629618,1,7.9467573165893555,-11.591135025024414,12.303778648376465
4955,4,0.9,120,120,-113.93373535022232,0.879193448203798,0,4.986874103546143,-11.793705940246582,11.976370811462402
4956,4,0.9,120,19,9.032863175059859,0.9022072858142237,1,4.446558952331543,-13.389867782592773,12.43294906616211
4957,4,0.9,120,14,23.171831150140818,0.909673788930705,1,14.738517761230469,-13.20740795135498,12.36636734008789
4958,4,0.9,120,9,23.767148598126283,0.9027958242013544,1,3.295257329940796,-11.536086082458496,12.072521209716797
4959,4,0.9,120,19,15.794809318469323,0.9201020637214277,1,5.255287170410156,-11.586480140686035,12.32895565032959
4960,4,0.9,120,18,9.453998679473926,0.9036710641050256,1,2.88424015045166,-11.582258224487305,12.083782196044922
4961,4,0.9,120,15,20.447005049603106,0.9048043388760074,1,4.322744846343994,-13.246190071105957,12.71418285369873
4962,4,0.9,120,10,20.65813347227202,0.9068443026278087,1,5.955926895141602,-10.247697830200195,12.031139373779297
4963,4,0.9,120,16,11.609674582201848,0.9022926309253634,1,4.055727005004883,-10.205775260925293,12.039711952209473
4964,4,0.9,120,13,13.755165277821028,0.9016355171621673,1,3.2530369758605957,-11.634040832519531,11.925226211547852
4965,4,0.9,120,23,8.119788231611327,0.9033591732361356,1,4.970442771911621,-12.738626480102539,12.571434020996094
4966,4,0.9,120,16,18.675581665984275,0.9052775560894029,1,5.466317653656006,-11.092218399047852,11.878793716430664
4967,4,0.9,120,33,-2.5046327937325294,0.9006186707847044,1,5.592041492462158,-12.42878532409668,11.997782707214355
4968,4,0.9,120,13,22.99433591051551,0.9109003891329032,1,6.013103485107422,-12.176508903503418,12.116280555725098
4969,4,0.9,120,31,6.505293655400566,0.9096770367691384,1,6.046513557434082,-14.242094039916992,12.294784545898438
4970,4,0.9,120,16,10.268908939576853,0.9082081448310465,1,4.313611030578613,-11.582939147949219,11.910364151000977
4971,4,0.9,120,45,-10.802205907013462,0.9012672574466695,1,7.4287896156311035,-11.538604736328125,12.23149299621582
4972,4,0.9,120,25,1.021708468918895,0.9029363646120756,1,5.4452290534973145,-10.455001831054688,12.106539726257324
4973,4,0.9,120,17,18.37776126623232,0.9038671029021136,1,2.513340473175049,-10.615937232971191,11.838251113891602
4974,4,0.9,120,31,2.7556909382576746,0.9103273704323326,1,4.263518333435059,-11.974906921386719,11.905234336853027
4975,4,0.9,120,14,17.532493259176988,0.9017795825466214,1,12.748000144958496,-12.652948379516602,12.259875297546387
4976,4,0.9,120,18,13.336505881913762,0.9120749681236342,1,6.023754119873047,-12.134496688842773,11.62745189666748
4977,4,0.9,120,18,15.226324150424109,0.9070574456091526,1,2.7456564903259277,-12.088713645935059,11.968536376953125
4978,4,0.9,120,15,21.288608406397216,0.9018768782260829,1,2.9630074501037598,-12.529743194580078,11.626412391662598
4979,4,0.9,120,35,-12.195990257333515,0.9015145120417183,1,6.130786895751953,-13.06812572479248,11.851902961730957
4980,4,0.9,120,14,19.011553898969787,0.9005061493395163,1,3.4755964279174805,-13.309661865234375,12.063185691833496
4981,4,0.9,120,7,20.603656547112358,0.9125021036060257,1,3.997511863708496,-13.117947578430176,11.89495849609375
4982,4,0.9,120,11,24.915241389828317,0.9053166545336481,1,2.7302422523498535,-12.174739837646484,11.771952629089355
4983,4,0.9,120,12,26.48438069587648,0.9093951665178899,1,5.041556358337402,-12.538833618164062,11.753880500793457
4984,4,0.9,120,120,-95.78508083455488,0.6963738679709505,0,4.836135387420654,-11.867286682128906,11.571527481079102
4985,4,0.9,120,18,14.944043153537645,0.9019845201919512,1,7.8003082275390625,-13.280948638916016,12.140741348266602
4986,4,0.9,120,6,25.273025625557057,0.902386981627421,1,7.316004276275635,-12.64145278930664,11.757343292236328
4987,4,0.9,120,13,18.686797818930273,0.9107887938983431,1,2.9415245056152344,-12.158120155334473,11.95606517791748
4988,4,0.9,120,87,-62.572138920020556,0.900417593733078,1,6.314228534698486,-11.137937545776367,11.78123950958252
4989,4,0.9,120,21,11.166146464740823,0.9069743526814676,1,2.9390358924865723,-13.045819282531738,12.009325981140137
4990,4,0.9,120,14,19.93182111977169,0.9123209564696023,1,10.610652923583984,-12.862396240234375,12.195655822753906
4991,4,0.9,120,15,20.271469395460112,0.9000829189681164,1,3.7843780517578125,-14.611591339111328,12.338141441345215
4992,4,0.9,120,13,18.04644588984263,0.9275121057103872,1,2.850172281265259,-11.974605560302734,11.812785148620605
4993,4,0.9,120,26,6.277041488291244,0.9011351979337143,1,14.479193687438965,-14.784061431884766,12.50955867767334
4994,4,0.9,120,120,-104.36757330408327,0.8690220195866749,0,4.903804779052734,-12.171296119689941,12.580679893493652
4995,4,0.9,120,11,20.211096395281345,0.9073856792134828,1,2.559009075164795,-11.302774429321289,12.127382278442383
4996,4,0.9,120,15,18.832830457336037,0.9123137442008163,1,3.234818458557129,-11.026727676391602,11.800353050231934
4997,4,0.9,120,120,-97.97522386287906,0.8668193325390777,0,15.552330017089844,-11.979387283325195,12.507427215576172
4998,4,0.9,120,12,18.95757129680915,0.9008902532898224,1,3.947014808654785,-12.474249839782715,12.328192710876465
4999,4,0.9,120,15,13.854868252808,0.9002071462964275,1,6.529135704040527,-13.907770156860352,12.351777076721191
5000,4,0.9,120,9,20.7899763444561,0.9069602673414329,1,44.316925048828125,-12.81213092803955,12.623563766479492
