width_regime,width_low,width_high,history_mode,Agents,Episode,env_seed,Success,Steps,Success_AUC,Total_Cost,Total_Reward,Final_Environment_Consensus,Initial_center_std,Initial_half_width_std,Initial_lower_endpoint_std,Initial_upper_endpoint_std,Initial_endpoint_rms_dispersion,Initial_center_consensus,Initial_width_consensus,Initial_lower_endpoint_consensus,Initial_upper_endpoint_consensus,Initial_endpoint_consensus,Initial_width_limited_consensus_ceiling,Initial_width_ceiling_reaches_threshold,Initial_mean_member_group_hausdorff,Initial_max_member_group_hausdorff,Initial_mean_pairwise_hausdorff,Initial_max_pairwise_hausdorff,Initial_common_overlap_ratio,Initial_all_intervals_valid,Final_center_std,Final_half_width_std,Final_lower_endpoint_std,Final_upper_endpoint_std,Final_endpoint_rms_dispersion,Final_center_consensus,Final_width_consensus,Final_lower_endpoint_consensus,Final_upper_endpoint_consensus,Final_endpoint_consensus,Final_width_limited_consensus_ceiling,Final_width_ceiling_reaches_threshold,Final_mean_member_group_hausdorff,Final_max_member_group_hausdorff,Final_mean_pairwise_hausdorff,Final_max_pairwise_hausdorff,Final_common_overlap_ratio,Final_all_intervals_valid,mean_hausdorff_distortion,max_hausdorff_distortion,total_hausdorff_distortion,mean_center_shift,max_center_shift,mean_half_width_shift,max_half_width_shift,translation_identity_max_error
crisp_limit,0.0,0.0,real,10,0,20260637,1,7,0.9421487603305784,41.56560135803058,31.07836055118753,0.9384764770760134,0.2301366380326061,0.0,0.2301366380326061,0.2301366380326061,0.2301366380326061,0.3164205201310503,1.0,0.3164205201310503,0.3164205201310503,0.3164205201310503,1.0,1.0,0.1951031873285524,0.3405305124233277,0.2862855263925331,0.6384793019177415,0.0,1.0,0.0126994975306533,0.0,0.0126994975306533,0.0126994975306533,0.0126994975306533,0.9384764770760134,1.0,0.9384764770760134,0.9384764770760134,0.9384764770760134,1.0,1.0,0.0076687764881432,0.036925321553546,0.0115286544039811,0.0467627764572849,0.0,1.0,0.2075545069609331,0.3465337298065823,2.075545069609332,0.2075545069609331,0.3465337298065823,0.0,0.0,0.0
crisp_limit,0.0,0.0,real,10,1,20261634,1,12,0.9008264462809916,33.16450153912201,24.895465697763264,0.9093540806237752,0.1935370072651019,0.0,0.1935370072651019,0.1935370072651019,0.1935370072651019,0.3799616181142654,1.0,0.3799616181142654,0.3799616181142654,0.3799616181142654,1.0,1.0,0.1749787124448483,0.318545465644403,0.2421007010521062,0.5558261110445741,0.0,1.0,0.0190041466023873,0.0,0.0190041466023873,0.0190041466023873,0.0190041466023873,0.9093540806237752,1.0,0.9093540806237752,0.9093540806237752,0.9093540806237752,1.0,1.0,0.0112411603313152,0.0562058016565758,0.0149479317266736,0.0717168741170969,0.0,1.0,0.1660221773268265,0.3532510876676208,1.6602217732682651,0.1660221773268265,0.3532510876676208,0.0,0.0,0.0
crisp_limit,0.0,0.0,real,10,2,20262631,1,9,0.9256198347107438,39.80150006891414,28.731236341542264,0.9308589495208776,0.2360218056883369,0.0,0.2360218056883369,0.2360218056883369,0.2360218056883369,0.3072452383053743,1.0,0.3072452383053743,0.3072452383053743,0.3072452383053743,1.0,1.0,0.19349223524207,0.3892085680046108,0.2888317034366214,0.7623581504242531,0.0,1.0,0.0143295034914064,0.0,0.0143295034914064,0.0143295034914064,0.0143295034914064,0.9308589495208776,1.0,0.9308589495208776,0.9308589495208776,0.9308589495208776,1.0,1.0,0.0087503567731201,0.0386863072616366,0.0138708974639028,0.0599488674733031,0.0,1.0,0.2042243016978099,0.4370565334133315,2.0422430169780994,0.2042243016978099,0.4370565334133315,0.0,0.0,0.0
crisp_limit,0.0,0.0,real,10,3,20263628,1,9,0.9256198347107438,46.567554018861415,27.39808771068041,0.9280484996552444,0.2114860521904724,0.0,0.2114860521904724,0.2114860521904724,0.2114860521904724,0.3473472562552855,1.0,0.3473472562552855,0.3473472562552855,0.3473472562552855,1.0,1.0,0.1799944538941522,0.3466916625799957,0.2656403328261744,0.6215233679552667,0.0,1.0,0.0149342570004092,0.0,0.0149342570004092,0.0149342570004092,0.0149342570004092,0.9280484996552444,1.0,0.9280484996552444,0.9280484996552444,0.9280484996552444,1.0,1.0,0.0085981151803192,0.0413271892810811,0.0148528177853058,0.0576658005804028,0.0,1.0,0.1784240939465185,0.3175524319398307,1.7842409394651857,0.1784240939465185,0.3175524319398307,0.0,0.0,0.0
crisp_limit,0.0,0.0,real,10,4,20264625,1,5,0.9586776859504132,19.56759123609206,25.83853720478632,0.915386059981212,0.1494732270792953,0.0,0.1494732270792953,0.1494732270792953,0.1494732270792953,0.4736123421843314,1.0,0.4736123421843314,0.4736123421843314,0.4736123421843314,1.0,1.0,0.1224586041656337,0.2799415726409251,0.1813490045077255,0.4671730626052739,0.0,1.0,0.0176818758429124,0.0,0.0176818758429124,0.0176818758429124,0.0176818758429124,0.915386059981212,1.0,0.915386059981212,0.915386059981212,0.915386059981212,1.0,1.0,0.0126129657056345,0.0468144220409663,0.0180797193436455,0.0651169396719207,0.0,1.0,0.1197514289640551,0.2412444087720443,1.1975142896405513,0.1197514289640551,0.2412444087720443,0.0,0.0,0.0
crisp_limit,0.0,0.0,real,10,5,20265622,1,12,0.9008264462809916,25.18414683054034,30.119960024218383,0.9274277659956004,0.2544746660067835,0.0,0.2544746660067835,0.2544746660067835,0.2544746660067835,0.2801659059501052,1.0,0.2801659059501052,0.2801659059501052,0.2801659059501052,1.0,1.0,0.2156664677387523,0.3993695621867167,0.313054574047615,0.7742763340479698,0.0,1.0,0.0150680735723141,0.0,0.0150680735723141,0.0150680735723141,0.0150680735723141,0.9274277659956004,1.0,0.9274277659956004,0.9274277659956004,0.9274277659956004,1.0,1.0,0.008033377504871,0.0385036129733242,0.0150496327422173,0.0636151846760908,0.0,1.0,0.2287418451847453,0.4586578145685035,2.287418451847453,0.2287418451847453,0.4586578145685035,0.0,0.0,0.0
crisp_limit,0.0,0.0,real,10,6,20266619,1,5,0.9586776859504132,22.96346043919573,25.74143848819988,0.9072030988864834,0.1552824323060574,0.0,0.1552824323060574,0.1552824323060574,0.1552824323060574,0.460053651994207,1.0,0.460053651994207,0.460053651994207,0.460053651994207,1.0,1.0,0.1350089472547493,0.2406825683601728,0.1965900133110744,0.4691111954860037,0.0,1.0,0.0194777860268642,0.0,0.0194777860268642,0.0194777860268642,0.0194777860268642,0.9072030988864834,1.0,0.9072030988864834,0.9072030988864834,0.9072030988864834,1.0,1.0,0.0138345997947686,0.038967558502605,0.0233725916891938,0.0717299830904848,0.0,1.0,0.121986745049358,0.2610730718001512,1.21986745049358,0.121986745049358,0.2610730718001512,0.0,0.0,0.0
crisp_limit,0.0,0.0,real,10,7,20267616,1,12,0.9008264462809916,46.02799002915565,31.147473179508356,0.9330140776819644,0.2795586216593728,0.0,0.2795586216593728,0.2795586216593728,0.2795586216593728,0.2471417776866941,1.0,0.2471417776866941,0.2471417776866941,0.2471417776866941,1.0,1.0,0.269905956006971,0.3678023028208839,0.3434697819140675,0.7009856977237612,0.0,1.0,0.0138669979258313,0.0,0.0138669979258313,0.0138669979258313,0.0138669979258313,0.9330140776819644,1.0,0.9330140776819644,0.9330140776819644,0.9330140776819644,1.0,1.0,0.0082525164311756,0.0412625821558776,0.0109318500915971,0.0491046497196515,0.0,1.0,0.2642193940687735,0.4587602596108761,2.6421939406877346,0.2642193940687735,0.4587602596108761,0.0,0.0,0.0
crisp_limit,0.0,0.0,real,10,8,20268613,1,13,0.8925619834710744,13.6994731019028,26.39367550097236,0.9152769342231096,0.21074758945809,0.0,0.21074758945809,0.21074758945809,0.21074758945809,0.3486321419156671,1.0,0.3486321419156671,0.3486321419156671,0.3486321419156671,1.0,1.0,0.1801480614770694,0.3112763675912937,0.2660492031760055,0.607912222926904,0.0,1.0,0.0177057198291791,0.0,0.0177057198291791,0.0177057198291791,0.0177057198291791,0.9152769342231096,1.0,0.9152769342231096,0.9152769342231096,0.9152769342231096,1.0,1.0,0.0102141681257494,0.0456054537886483,0.0171207986467113,0.0766230466018314,0.0,1.0,0.1735704047977982,0.3556378868528652,1.735704047977982,0.1735704047977982,0.3556378868528652,0.0,0.0,0.0
crisp_limit,0.0,0.0,real,10,9,20269610,1,11,0.9090909090909092,26.4312479570742,24.874894799218275,0.931856980913804,0.1855719243551591,0.0,0.1855719243551591,0.1855719243551591,0.1855719243551591,0.3953991089551728,1.0,0.3953991089551728,0.3953991089551728,0.3953991089551728,1.0,1.0,0.1645396529114961,0.279874297479163,0.2288415865681728,0.4883142755922156,0.0,1.0,0.0141151860053909,0.0,0.0141151860053909,0.0141151860053909,0.0141151860053909,0.931856980913804,1.0,0.931856980913804,0.931856980913804,0.931856980913804,1.0,1.0,0.0096783750428052,0.032647468870451,0.0155628582459091,0.0576661769897439,0.0,1.0,0.1702128198990617,0.267544564516126,1.702128198990617,0.1702128198990617,0.267544564516126,0.0,0.0,0.0
crisp_limit,0.0,0.0,real,10,10,20270607,1,23,0.8099173553719008,25.89238565166764,19.36055872223966,0.9146154733065536,0.263884856266467,0.0,0.263884856266467,0.263884856266467,0.263884856266467,0.2672891410257444,1.0,0.2672891410257444,0.2672891410257444,0.2672891410257444,1.0,1.0,0.233554044139147,0.4854813507675065,0.3202669183858995,0.7428980948966672,0.0,1.0,0.0178503099575701,0.0,0.0178503099575701,0.0178503099575701,0.0178503099575701,0.9146154733065536,1.0,0.9146154733065536,0.9146154733065536,0.9146154733065536,1.0,1.0,0.0111144634228667,0.0527767443375108,0.0142195152458152,0.0609740613090448,0.0,1.0,0.2472324773637905,0.3687087382293865,2.4723247736379053,0.2472324773637905,0.3687087382293865,0.0,0.0,0.0
crisp_limit,0.0,0.0,real,10,11,20271604,1,18,0.8512396694214877,19.15557929334266,20.920120814804093,0.9042965885758412,0.2314998330627644,0.0,0.2314998330627644,0.2314998330627644,0.2314998330627644,0.3142711391136741,1.0,0.3142711391136741,0.3142711391136741,0.3142711391136741,1.0,1.0,0.1948437999810814,0.3974225990528843,0.2931508976706895,0.7675847808504423,0.0,1.0,0.0201195775380381,0.0,0.0201195775380381,0.0201195775380381,0.0201195775380381,0.9042965885758412,1.0,0.9042965885758412,0.9042965885758412,0.9042965885758412,1.0,1.0,0.0117300996240116,0.0572812974330487,0.0184607637064458,0.0809453202839642,0.0,1.0,0.1858847648412042,0.3981439332047292,1.8588476484120424,0.1858847648412042,0.3981439332047292,0.0,0.0,0.0
crisp_limit,0.0,0.0,real,10,12,20272601,1,14,0.8842975206611571,32.24919280455835,25.03746070811991,0.9152535478630064,0.2328071683081853,0.0,0.2328071683081853,0.2328071683081853,0.2328071683081853,0.3122235499343212,1.0,0.3122235499343212,0.3122235499343212,0.3122235499343212,1.0,1.0,0.2111365705875943,0.3308134873764451,0.2940948254270196,0.6441436217638408,0.0,1.0,0.0177108301205036,0.0,0.0177108301205036,0.0177108301205036,0.0177108301205036,0.9152535478630064,1.0,0.9152535478630064,0.9152535478630064,0.9152535478630064,1.0,1.0,0.0103132139559803,0.0394386366316588,0.0185712902237473,0.0770938780792231,0.0,1.0,0.2044843445368932,0.3173489740785293,2.044843445368932,0.2044843445368932,0.3173489740785293,0.0,0.0,0.0
crisp_limit,0.0,0.0,real,10,13,20273598,1,13,0.8925619834710744,21.14688499253616,25.6511339368025,0.9276989330345584,0.2146922103741194,0.0,0.2146922103741194,0.2146922103741194,0.2146922103741194,0.3418233992086948,1.0,0.3418233992086948,0.3418233992086948,0.3418233992086948,1.0,1.0,0.1739703224296086,0.4658603513697275,0.2620049177363076,0.7188217329114732,0.0,1.0,0.0150096048885242,0.0,0.0150096048885242,0.0150096048885242,0.0150096048885242,0.9276989330345584,1.0,0.9276989330345584,0.9276989330345584,0.9276989330345584,1.0,1.0,0.0078852697848627,0.034102381047366,0.014888722653684,0.0665911755033317,0.0,1.0,0.1808003548187497,0.4026972953883535,1.8080035481874972,0.1808003548187497,0.4026972953883535,0.0,0.0,0.0
crisp_limit,0.0,0.0,real,10,14,20274595,1,8,0.9338842975206612,35.002283220163605,28.08487410754997,0.940458372787769,0.2010925452164841,0.0,0.2010925452164841,0.2010925452164841,0.2010925452164841,0.3658752955860194,1.0,0.3658752955860194,0.3658752955860194,0.3658752955860194,1.0,1.0,0.1657093975553695,0.4086697265720933,0.241896018677187,0.6610966151050455,0.0,1.0,0.0122775783891957,0.0,0.0122775783891957,0.0122775783891957,0.0122775783891957,0.940458372787769,1.0,0.940458372787769,0.940458372787769,0.940458372787769,1.0,1.0,0.0070099657680377,0.0325523769725802,0.0125094823556284,0.0514455310148019,0.0,1.0,0.1590201423528824,0.4013552314434483,1.5902014235288244,0.1590201423528824,0.4013552314434483,0.0,0.0,0.0
crisp_limit,0.0,0.0,real,10,15,20275592,1,18,0.8512396694214877,35.499370982457265,22.55245819718319,0.9120454023812704,0.2296860135317832,0.0,0.2296860135317832,0.2296860135317832,0.2296860135317832,0.3171342580933091,1.0,0.3171342580933091,0.3171342580933091,0.3171342580933091,1.0,1.0,0.1833328406399476,0.3968639582566395,0.2861724329367681,0.7145251664584142,0.0,1.0,0.0184131013668314,0.0,0.0184131013668314,0.0184131013668314,0.0184131013668314,0.9120454023812704,1.0,0.9120454023812704,0.9120454023812704,0.9120454023812704,1.0,1.0,0.0130868084109216,0.0409639221027271,0.0209174530077583,0.0689940145292954,0.0,1.0,0.1795870607572287,0.4290181109409919,1.7958706075722877,0.1795870607572287,0.4290181109409919,0.0,0.0,0.0
crisp_limit,0.0,0.0,real,10,16,20276589,1,7,0.9421487603305784,28.96184811064373,33.14392741056619,0.931869988858892,0.234323732850237,0.0,0.234323732850237,0.234323732850237,0.234323732850237,0.3098649677657889,1.0,0.3098649677657889,0.3098649677657889,0.3098649677657889,1.0,1.0,0.2115693048601804,0.3827870432707993,0.2884309976521068,0.6616729849604825,0.0,1.0,0.0141123941919334,0.0,0.0141123941919334,0.0141123941919334,0.0141123941919334,0.931869988858892,1.0,0.931869988858892,0.931869988858892,0.931869988858892,1.0,1.0,0.0107116376103235,0.0280138149534163,0.0170753187288609,0.054225121137467,0.0,1.0,0.1924526969260913,0.4323135261471623,1.9245269692609135,0.1924526969260913,0.4323135261471623,0.0,0.0,0.0
crisp_limit,0.0,0.0,real,10,17,20277586,1,10,0.9173553719008264,22.016194067875983,29.17699868476574,0.9198755781577646,0.2203433507350632,0.0,0.2203433507350632,0.2203433507350632,0.2203433507350632,0.3323001162871665,1.0,0.3323001162871665,0.3323001162871665,0.3323001162871665,1.0,1.0,0.1917434650057189,0.3204421085071213,0.2791940374938177,0.6342982960895858,0.0,1.0,0.0167033718435644,0.0,0.0167033718435644,0.0167033718435644,0.0167033718435644,0.9198755781577646,1.0,0.9198755781577646,0.9198755781577646,0.9198755781577646,1.0,1.0,0.0122969883523635,0.0340673833558666,0.0192391572004615,0.0556689452749915,0.0,1.0,0.1884000063887011,0.3565817001953371,1.884000063887012,0.1884000063887011,0.3565817001953371,0.0,0.0,0.0
crisp_limit,0.0,0.0,real,10,18,20278583,1,11,0.9090909090909092,33.13834684481036,25.81222261401918,0.9180916547122692,0.2000162611734418,0.0,0.2000162611734418,0.2000162611734418,0.2000162611734418,0.3678495316303765,1.0,0.3678495316303765,0.3678495316303765,0.3678495316303765,1.0,1.0,0.1786567571766144,0.3535699752124214,0.2498137550440191,0.6359778393191982,0.0,1.0,0.0170916103222005,0.0,0.0170916103222005,0.0170916103222005,0.0170916103222005,0.9180916547122692,1.0,0.9180916547122692,0.9180916547122692,0.9180916547122692,1.0,1.0,0.0105376845089029,0.043101673808878,0.0182620343484425,0.0704841031262406,0.0,1.0,0.1743952052730106,0.4692689352646864,1.743952052730106,0.1743952052730106,0.4692689352646864,0.0,0.0,0.0
crisp_limit,0.0,0.0,real,10,19,20279580,1,7,0.9421487603305784,36.71853081521635,29.401207422589657,0.9374295565738738,0.2057518406661228,0.0,0.2057518406661228,0.2057518406661228,0.2057518406661228,0.3574502085502106,1.0,0.3574502085502106,0.3574502085502106,0.3574502085502106,1.0,1.0,0.1538517475733785,0.4772549547107317,0.2459871725598696,0.7571309071190149,0.0,1.0,0.0129227327230462,0.0,0.0129227327230462,0.0129227327230462,0.0129227327230462,0.9374295565738738,1.0,0.9374295565738738,0.9374295565738738,0.9374295565738738,1.0,1.0,0.0078084889966597,0.0342491080628218,0.0129226065930577,0.0547375926197074,0.0,1.0,0.1662246749365403,0.3906835288547026,1.6622467493654032,0.1662246749365403,0.3906835288547026,0.0,0.0,0.0
crisp_limit,0.0,0.0,real,10,20,20280577,1,10,0.9173553719008264,39.430565037339896,29.03613234685836,0.9237866904726764,0.2427879894058642,0.0,0.2427879894058642,0.2427879894058642,0.2427879894058642,0.2970247093933963,1.0,0.2970247093933963,0.2970247093933963,0.2970247093933963,1.0,1.0,0.2119522853224638,0.4118444599957278,0.3025183839405489,0.7137261004602049,0.0,1.0,0.0158548176916495,0.0,0.0158548176916495,0.0158548176916495,0.0158548176916495,0.9237866904726764,1.0,0.9237866904726764,0.9237866904726764,0.9237866904726764,1.0,1.0,0.008462719297022,0.0393013693170555,0.0157014495559999,0.0694963571050462,0.0,1.0,0.221873531636122,0.404350315519983,2.21873531636122,0.221873531636122,0.404350315519983,0.0,0.0,0.0
crisp_limit,0.0,0.0,real,10,21,20281574,1,10,0.9173553719008264,29.5956902137888,26.59622038544699,0.9023093028868308,0.2155667989259949,0.0,0.2155667989259949,0.2155667989259949,0.2155667989259949,0.340331888572258,1.0,0.340331888572258,0.340331888572258,0.340331888572258,1.0,1.0,0.1743808403399781,0.3766740370875534,0.2718600356696473,0.7384059762271445,0.0,1.0,0.0205595819684357,0.0,0.0205595819684357,0.0205595819684357,0.0205595819684357,0.9023093028868308,1.0,0.9023093028868308,0.9023093028868308,0.9023093028868308,1.0,1.0,0.0117910267490841,0.0589551337454214,0.0193128228597338,0.0756267778386862,0.0,1.0,0.1729693813174083,0.4177284065754466,1.7296938131740829,0.1729693813174083,0.4177284065754466,0.0,0.0,0.0
crisp_limit,0.0,0.0,real,10,22,20282571,1,6,0.950413223140496,50.62575678545631,30.49693138304917,0.9099235896629828,0.2429249661330159,0.0,0.2429249661330159,0.2429249661330159,0.2429249661330159,0.2968213516766522,1.0,0.2968213516766522,0.2968213516766522,0.2968213516766522,1.0,1.0,0.204391186781095,0.4124167217309036,0.3082568888540356,0.7973734607799877,0.0,1.0,0.0188789300800033,0.0,0.0188789300800033,0.0188789300800033,0.0188789300800033,0.9099235896629828,1.0,0.9099235896629828,0.9099235896629828,0.9099235896629828,1.0,1.0,0.0122985502730658,0.043824828657409,0.021025854660014,0.0792256075340382,0.0,1.0,0.1981959724773091,0.4146110526282227,1.981959724773092,0.1981959724773091,0.4146110526282227,0.0,0.0,0.0
crisp_limit,0.0,0.0,real,10,23,20283568,1,8,0.9338842975206612,54.04254039903373,35.34579208609022,1.0,0.2722226127633357,0.0,0.2722226127633357,0.2722226127633357,0.2722226127633357,0.2563752560605336,1.0,0.2563752560605336,0.2563752560605336,0.2563752560605336,1.0,1.0,0.254763452449585,0.3918094602602502,0.3423415431841269,0.7553499375814329,0.0,1.0,0.0090075878849385,0.0,0.0090075878849385,0.0090075878849385,0.0090075878849385,1.0,1.0,1.0,1.0,1.0,1.0,1.0,0.0052068917685544,0.0232991726683454,0.009026889654316,0.038802012218516,0.0,1.0,0.2511381629091188,0.4360539153307764,2.511381629091189,0.2511381629091188,0.4360539153307764,0.0,0.0,0.0
crisp_limit,0.0,0.0,real,10,24,20284565,1,17,0.859504132231405,32.99410629470835,21.70991125635012,0.915928219668359,0.2301724772919073,0.0,0.2301724772919073,0.2301724772919073,0.2301724772919073,0.3163638238257399,1.0,0.3163638238257399,0.3163638238257399,0.3163638238257399,1.0,1.0,0.2045027089682189,0.3855186713781859,0.2919687232678463,0.7383019461972263,0.0,1.0,0.0175634560372,0.0,0.0175634560372,0.0175634560372,0.0175634560372,0.915928219668359,1.0,0.915928219668359,0.915928219668359,0.915928219668359,1.0,1.0,0.0109455747856169,0.047258821006258,0.0174364763704714,0.0731259049427816,0.0,1.0,0.1990742167924235,0.3831781577755652,1.990742167924236,0.1990742167924235,0.3831781577755652,0.0,0.0,0.0
crisp_limit,0.0,0.0,real,10,25,20285562,1,9,0.9256198347107438,34.11709820768519,31.41373006029348,0.939953417759484,0.2354466398093339,0.0,0.2354466398093339,0.2354466398093339,0.2354466398093339,0.3081300949316768,1.0,0.3081300949316768,0.3081300949316768,0.3081300949316768,1.0,1.0,0.2054062509576137,0.4212250906548123,0.2828829067732188,0.6962521377739467,0.0,1.0,0.0123849921042045,0.0,0.0123849921042045,0.0123849921042045,0.0123849921042045,0.939953417759484,1.0,0.939953417759484,0.939953417759484,0.939953417759484,1.0,1.0,0.0072981487180497,0.0364907435902485,0.0105454212094599,0.0456887779317894,0.0,1.0,0.213270050272406,0.3818151492922744,2.13270050272406,0.213270050272406,0.3818151492922744,0.0,0.0,0.0
crisp_limit,0.0,0.0,real,10,26,20286559,1,8,0.9338842975206612,25.141470359944663,26.49660427793684,0.927719394866544,0.1744888102114027,0.0,0.1744888102114027,0.1744888102114027,0.1744888102114027,0.4179288605316575,1.0,0.4179288605316575,0.4179288605316575,0.4179288605316575,1.0,1.0,0.1529785599100304,0.2812836756983528,0.2200418930587955,0.5324427435229947,0.0,1.0,0.0150051936284481,0.0,0.0150051936284481,0.0150051936284481,0.0150051936284481,0.927719394866544,1.0,0.927719394866544,0.927719394866544,0.927719394866544,1.0,1.0,0.0093446866341133,0.0431544629734653,0.0139387284208334,0.0570718791188308,0.0,1.0,0.1497748521037825,0.2748513517376109,1.497748521037826,0.1497748521037825,0.2748513517376109,0.0,0.0,0.0
crisp_limit,0.0,0.0,real,10,27,20287556,1,13,0.8925619834710744,25.615905827937404,30.00492493213989,0.9419833583585662,0.2522631633314978,0.0,0.2522631633314978,0.2522631633314978,0.2522631633314978,0.2832810352546004,1.0,0.2832810352546004,0.2832810352546004,0.2832810352546004,1.0,1.0,0.2160903120692239,0.4194936106730971,0.3079146797961066,0.7068637971861071,0.0,1.0,0.0119535341695695,0.0,0.0119535341695695,0.0119535341695695,0.0119535341695695,0.9419833583585662,1.0,0.9419833583585662,0.9419833583585662,0.9419833583585662,1.0,1.0,0.0078243746832224,0.0311425122840846,0.0130492639790598,0.0478406461506623,0.0,1.0,0.2250041112138044,0.3742850489898052,2.2500411121380446,0.2250041112138044,0.3742850489898052,0.0,0.0,0.0
crisp_limit,0.0,0.0,real,10,28,20288553,1,14,0.8842975206611571,44.65588909265513,27.83374814317466,0.9032112104695528,0.297549597882484,0.0,0.297549597882484,0.297549597882484,0.297549597882484,0.2258807690696458,1.0,0.2258807690696458,0.2258807690696458,0.2258807690696458,1.0,1.0,0.292577196579479,0.3612586386959275,0.3569602347869966,0.7158187363865026,0.0,1.0,0.0203597708555589,0.0,0.0203597708555589,0.0203597708555589,0.0203597708555589,0.9032112104695528,1.0,0.9032112104695528,0.9032112104695528,0.9032112104695528,1.0,1.0,0.0113207477569812,0.0551948582708267,0.0200053008318589,0.0851519719191299,0.0,1.0,0.2816141169361903,0.3773810825945558,2.816141169361903,0.2816141169361903,0.3773810825945558,0.0,0.0,0.0
crisp_limit,0.0,0.0,real,10,29,20289550,1,8,0.9338842975206612,30.1584668114544,29.67444279269872,0.901378000991054,0.2394588809555271,0.0,0.2394588809555271,0.2394588809555271,0.2394588809555271,0.3020102249356398,1.0,0.3020102249356398,0.3020102249356398,0.3020102249356398,1.0,1.0,0.1874633964248234,0.4293869702117398,0.2898677224257167,0.7464874199740876,0.0,1.0,0.020766114880551,0.0,0.020766114880551,0.020766114880551,0.020766114880551,0.901378000991054,1.0,0.901378000991054,0.901378000991054,0.901378000991054,1.0,1.0,0.0108727691442719,0.0462519402377517,0.0205090116776601,0.0920963125682881,0.0,1.0,0.1718714026763147,0.4698973781405682,1.718714026763147,0.1718714026763147,0.4698973781405682,0.0,0.0,0.0
crisp_limit,0.0,0.0,real,10,30,20290547,1,13,0.8925619834710744,58.81467130346135,25.044701617473564,0.9064825905538566,0.2768346737515386,0.0,0.2768346737515386,0.2768346737515386,0.2768346737515386,0.2505308108143985,1.0,0.2505308108143985,0.2505308108143985,0.2505308108143985,1.0,1.0,0.2477614720597246,0.4412513428523004,0.342944605131799,0.766973781050332,0.0,1.0,0.0196366908194034,0.0,0.0196366908194034,0.0196366908194034,0.0196366908194034,0.9064825905538566,1.0,0.9064825905538566,0.9064825905538566,0.9064825905538566,1.0,1.0,0.011865969573409,0.0554073190207407,0.0180830998861573,0.0794993366545064,0.0,1.0,0.24686146958962,0.3760053271608795,2.4686146958962,0.24686146958962,0.3760053271608795,0.0,0.0,0.0
crisp_limit,0.0,0.0,real,10,31,20291544,1,9,0.9256198347107438,34.60071789149725,27.29185055835045,0.9453290999191346,0.1976790745712738,0.0,0.1976790745712738,0.1976790745712738,0.1976790745712738,0.3721734116954572,1.0,0.3721734116954572,0.3721734116954572,0.3721734116954572,1.0,1.0,0.1716372606413903,0.4121395797829393,0.2433538515454513,0.6613296662682779,0.0,1.0,0.011244431646404,0.0,0.011244431646404,0.011244431646404,0.011244431646404,0.9453290999191346,1.0,0.9453290999191346,0.9453290999191346,0.9453290999191346,1.0,1.0,0.0073861787466014,0.0284030380337131,0.0125355790864543,0.0454329612605083,0.0,1.0,0.1737371362723598,0.3326036513213877,1.7373713627235978,0.1737371362723598,0.3326036513213877,0.0,0.0,0.0
crisp_limit,0.0,0.0,real,10,32,20292541,1,10,0.9173553719008264,23.50398050154055,23.42769206021816,0.9032822703298476,0.1738326101259594,0.0,0.1738326101259594,0.1738326101259594,0.1738326101259594,0.4193023372583528,1.0,0.4193023372583528,0.4193023372583528,0.4193023372583528,1.0,1.0,0.1567788055688726,0.2483067972159311,0.2172752084558862,0.4965655842920876,0.0,1.0,0.0203440365368721,0.0,0.0203440365368721,0.0203440365368721,0.0203440365368721,0.9032822703298476,1.0,0.9032822703298476,0.9032822703298476,0.9032822703298476,1.0,1.0,0.0114668296837828,0.0537754530883956,0.0196821087735319,0.0874215086258495,0.0,1.0,0.1531813923849637,0.2728370685913621,1.5318139238496378,0.1531813923849637,0.2728370685913621,0.0,0.0,0.0
crisp_limit,0.0,0.0,real,10,33,20293538,1,10,0.9173553719008264,26.390783766138487,26.68506357785672,0.9055468224824614,0.1954677488714433,0.0,0.1954677488714433,0.1954677488714433,0.1954677488714433,0.3763112278402084,1.0,0.3763112278402084,0.3763112278402084,0.3763112278402084,1.0,1.0,0.1724297623241957,0.2870726685014113,0.2454770568361166,0.5393412600344797,0.0,1.0,0.0198432588028697,0.0,0.0198432588028697,0.0198432588028697,0.0198432588028697,0.9055468224824614,1.0,0.9055468224824614,0.9055468224824614,0.9055468224824614,1.0,1.0,0.0116776254743306,0.0583881273716528,0.0169057896443702,0.0736404571712285,0.0,1.0,0.1687347650526275,0.319629521895746,1.6873476505262754,0.1687347650526275,0.319629521895746,0.0,0.0,0.0
crisp_limit,0.0,0.0,real,10,34,20294535,1,21,0.8264462809917356,23.76548449049265,21.240087088308428,0.9065926375625788,0.2763017716906575,0.0,0.2763017716906575,0.2763017716906575,0.2763017716906575,0.2511992428679642,1.0,0.2511992428679642,0.2511992428679642,0.2511992428679642,1.0,1.0,0.2576196351751034,0.4224856538698298,0.331717970303285,0.7097180215647345,0.0,1.0,0.0196124122881763,0.0,0.0196124122881763,0.0196124122881763,0.0196124122881763,0.9065926375625788,1.0,0.9065926375625788,0.9065926375625788,0.9065926375625788,1.0,1.0,0.0116501991699952,0.0582509958499764,0.0157060396228412,0.0675055722543617,0.0,1.0,0.2624911071666607,0.3706516783479163,2.624911071666607,0.2624911071666607,0.3706516783479163,0.0,0.0,0.0
crisp_limit,0.0,0.0,real,10,35,20295532,1,11,0.9090909090909092,16.9521468716993,22.50437853197774,0.9044353566736524,0.170652987923557,0.0,0.170652987923557,0.170652987923557,0.170652987923557,0.4260217236123345,1.0,0.4260217236123345,0.4260217236123345,0.4260217236123345,1.0,1.0,0.140443105176643,0.3500388272404968,0.2082999206542532,0.6431059798915958,0.0,1.0,0.020088889055215,0.0,0.020088889055215,0.020088889055215,0.020088889055215,0.9044353566736524,1.0,0.9044353566736524,0.9044353566736524,0.9044353566736524,1.0,1.0,0.0109481880963586,0.0537554854294193,0.0191855503694991,0.0859792760972351,0.0,1.0,0.1231681534070541,0.4008443796134907,1.2316815340705412,0.1231681534070541,0.4008443796134907,0.0,0.0,0.0
crisp_limit,0.0,0.0,real,10,36,20296529,1,27,0.7768595041322314,14.989353601045396,11.66176575333918,0.9051507789493628,0.2129397761150794,0.0,0.2129397761150794,0.2129397761150794,0.2129397761150794,0.3448316746507995,1.0,0.3448316746507995,0.3448316746507995,0.3448316746507995,1.0,1.0,0.1686045764954402,0.4004883316664235,0.2630181590518384,0.6788120078878903,0.0,1.0,0.0199307485171326,0.0,0.0199307485171326,0.0199307485171326,0.0199307485171326,0.9051507789493628,1.0,0.9051507789493628,0.9051507789493628,0.9051507789493628,1.0,1.0,0.0119330293810244,0.0596651469051223,0.0146218959744309,0.0683012173421405,0.0,1.0,0.1886730178280345,0.3315520656770727,1.8867301782803456,0.1886730178280345,0.3315520656770727,0.0,0.0,0.0
crisp_limit,0.0,0.0,real,10,37,20297526,1,11,0.9090909090909092,43.82855599899312,27.701886756772947,0.9199578664909406,0.2430125589940057,0.0,0.2430125589940057,0.2430125589940057,0.2430125589940057,0.2966913829825729,1.0,0.2966913829825729,0.2966913829825729,0.2966913829825729,1.0,1.0,0.2222819196694169,0.4028133718232811,0.3031891006082233,0.6964607475945102,0.0,1.0,0.0166854814560469,0.0,0.0166854814560469,0.0166854814560469,0.0166854814560469,0.9199578664909406,1.0,0.9199578664909406,0.9199578664909406,0.9199578664909406,1.0,1.0,0.0096734620844261,0.0452804890281451,0.0170799184729098,0.0648569707813403,0.0,1.0,0.2316879088952112,0.3913955740615364,2.3168790889521125,0.2316879088952112,0.3913955740615364,0.0,0.0,0.0
crisp_limit,0.0,0.0,real,10,38,20298523,1,7,0.9421487603305784,20.8208056230613,28.830311505396736,0.9414781935929116,0.1820926898185013,0.0,0.1820926898185013,0.1820926898185013,0.1820926898185013,0.4023377177687134,1.0,0.4023377177687134,0.4023377177687134,0.4023377177687134,1.0,1.0,0.143320996759034,0.3474907034872465,0.2246507523982504,0.6938969942501764,0.0,1.0,0.0120608184997953,0.0,0.0120608184997953,0.0120608184997953,0.0120608184997953,0.9414781935929116,1.0,0.9414781935929116,0.9414781935929116,0.9414781935929116,1.0,1.0,0.0079559435755652,0.0296407327195394,0.0135379345995527,0.0458570063762375,0.0,1.0,0.1580445188129489,0.4285837302277647,1.5804451881294894,0.1580445188129489,0.4285837302277647,0.0,0.0,0.0
crisp_limit,0.0,0.0,real,10,39,20299520,1,24,0.8016528925619835,18.25934240236868,22.04189438064508,0.9098640103556832,0.2696538849872039,0.0,0.2696538849872039,0.2696538849872039,0.2696538849872039,0.2596892837986161,1.0,0.2596892837986161,0.2596892837986161,0.2596892837986161,1.0,1.0,0.2501556719737497,0.3692929211258183,0.3324296662554422,0.7063772910400992,0.0,1.0,0.0188920259615931,0.0,0.0188920259615931,0.0188920259615931,0.0188920259615931,0.9098640103556832,1.0,0.9098640103556832,0.9098640103556832,0.9098640103556832,1.0,1.0,0.0107717592379325,0.0502330893437658,0.018463858381892,0.0806468482392215,0.0,1.0,0.2565758332251375,0.4142520413422926,2.565758332251375,0.2565758332251375,0.4142520413422926,0.0,0.0,0.0
crisp_limit,0.0,0.0,real,10,40,20300517,1,13,0.8925619834710744,29.58455299920248,21.78116844750596,0.9155471553946772,0.1900769442212422,0.0,0.1900769442212422,0.1900769442212422,0.1900769442212422,0.3865922646373038,1.0,0.3865922646373038,0.3865922646373038,0.3865922646373038,1.0,1.0,0.1627797385999692,0.3366766081987142,0.2352634644757469,0.6447718279618343,0.0,1.0,0.0176466816779854,0.0,0.0176466816779854,0.0176466816779854,0.0176466816779854,0.9155471553946772,1.0,0.9155471553946772,0.9155471553946772,0.9155471553946772,1.0,1.0,0.0104153093877939,0.0520765469389697,0.0147212340006167,0.064365037080129,0.0,1.0,0.1653298657719866,0.3588614891430896,1.6532986577198667,0.1653298657719866,0.3588614891430896,0.0,0.0,0.0
crisp_limit,0.0,0.0,real,10,41,20301514,1,8,0.9338842975206612,31.11119150961335,29.321300672062588,0.9185477708885772,0.2148973068309828,0.0,0.2148973068309828,0.2148973068309828,0.2148973068309828,0.3414730450401411,1.0,0.3414730450401411,0.3414730450401411,0.3414730450401411,1.0,1.0,0.1813644336536191,0.3251951704775535,0.264533311203857,0.6288690884953125,0.0,1.0,0.0169922732004275,0.0,0.0169922732004275,0.0169922732004275,0.0169922732004275,0.9185477708885772,1.0,0.9185477708885772,0.9185477708885772,0.9185477708885772,1.0,1.0,0.008666505553218,0.0426405736049194,0.016031012962986,0.0749097506991249,0.0,1.0,0.2232164095465865,0.4303831346377402,2.232164095465866,0.2232164095465865,0.4303831346377402,0.0,0.0,0.0
crisp_limit,0.0,0.0,real,10,42,20302511,1,11,0.9090909090909092,40.74811351902842,27.788846074201626,0.9348210538159744,0.2384519337581288,0.0,0.2384519337581288,0.2384519337581288,0.2384519337581288,0.303534600878711,1.0,0.303534600878711,0.303534600878711,0.303534600878711,1.0,1.0,0.2164501230526812,0.3946507447230269,0.294567465714513,0.7180461391878371,0.0,1.0,0.0134800308606438,0.0,0.0134800308606438,0.0134800308606438,0.0134800308606438,0.9348210538159744,1.0,0.9348210538159744,0.9348210538159744,0.9348210538159744,1.0,1.0,0.0075765418593762,0.037034039328256,0.0128710302215382,0.0563990414356205,0.0,1.0,0.2334596118231539,0.418818036546507,2.334596118231539,0.2334596118231539,0.418818036546507,0.0,0.0,0.0
crisp_limit,0.0,0.0,real,10,43,20303508,1,19,0.8429752066115702,26.7431870040851,15.649562826295314,0.908172995308816,0.1880946982445656,0.0,0.1880946982445656,0.1880946982445656,0.1880946982445656,0.3904429202883725,1.0,0.3904429202883725,0.3904429202883725,0.3904429202883725,1.0,1.0,0.1618434834413041,0.3456779120347445,0.2351351050805445,0.5889721828928854,0.0,1.0,0.0192640790120551,0.0,0.0192640790120551,0.0192640790120551,0.0192640790120551,0.908172995308816,1.0,0.908172995308816,0.908172995308816,0.908172995308816,1.0,1.0,0.0115371337722978,0.0576856688614894,0.0139988052930772,0.0668530493872934,0.0,1.0,0.1694323890893588,0.3403927306854152,1.6943238908935878,0.1694323890893588,0.3403927306854152,0.0,0.0,0.0
crisp_limit,0.0,0.0,real,10,44,20304505,1,6,0.950413223140496,28.25581902120034,29.85822143994405,0.9254137289667832,0.1984658853809577,0.0,0.1984658853809577,0.1984658853809577,0.1984658853809577,0.3707121376286929,1.0,0.3707121376286929,0.3707121376286929,0.3707121376286929,1.0,1.0,0.1700775495884964,0.3843747122742282,0.2482915882752845,0.6484023284024522,0.0,1.0,0.0155028733816952,0.0,0.0155028733816952,0.0155028733816952,0.0155028733816952,0.9254137289667832,1.0,0.9254137289667832,0.9254137289667832,0.9254137289667832,1.0,1.0,0.0134664613922924,0.02770835713215,0.0184761612371955,0.0463415867416155,0.0,1.0,0.1654869704766509,0.335635588217482,1.6548697047665089,0.1654869704766509,0.335635588217482,0.0,0.0,0.0
crisp_limit,0.0,0.0,real,10,45,20305502,1,11,0.9090909090909092,31.73867790472726,29.06097723329016,0.9011787791493618,0.2542497875021419,0.0,0.2542497875021419,0.2542497875021419,0.2542497875021419,0.2804810995674794,1.0,0.2804810995674794,0.2804810995674794,0.2804810995674794,1.0,1.0,0.2225035704841388,0.421201576118694,0.3172888941291632,0.745300322793908,0.0,1.0,0.0208103236055572,0.0,0.0208103236055572,0.0208103236055572,0.0208103236055572,0.9011787791493618,1.0,0.9011787791493618,0.9011787791493618,0.9011787791493618,1.0,1.0,0.0121909398525753,0.060954699262877,0.0183055481063585,0.0746394842953551,0.0,1.0,0.2358521547404989,0.4078233278121873,2.35852154740499,0.2358521547404989,0.4078233278121873,0.0,0.0,0.0
crisp_limit,0.0,0.0,real,10,46,20306499,1,5,0.9586776859504132,28.08337997842528,27.10814903674718,0.9241358486074812,0.1634943166409511,0.0,0.1634943166409511,0.1634943166409511,0.1634943166409511,0.441546658301563,1.0,0.441546658301563,0.441546658301563,0.441546658301563,1.0,1.0,0.1360337101726059,0.2779096985308547,0.1964832858209409,0.5494612553885431,0.0,1.0,0.0157792391689407,0.0,0.0157792391689407,0.0157792391689407,0.0157792391689407,0.9241358486074812,1.0,0.9241358486074812,0.9241358486074812,0.9241358486074812,1.0,1.0,0.0103788751354236,0.0332084520825101,0.0179811653460044,0.0635592824195885,0.0,1.0,0.1139877892150219,0.3198466121468494,1.1398778921502195,0.1139877892150219,0.3198466121468494,0.0,0.0,0.0
crisp_limit,0.0,0.0,real,10,47,20307496,1,6,0.950413223140496,16.551293488106186,25.525011405811934,0.9297076278550902,0.1391861668671464,0.0,0.1391861668671464,0.1391861668671464,0.1391861668671464,0.4986101084979611,1.0,0.4986101084979611,0.4986101084979611,0.4986101084979611,1.0,1.0,0.1106168558919992,0.2915740056633095,0.1713390324482149,0.4785240163879213,0.0,1.0,0.0145770241825207,0.0,0.0145770241825207,0.0145770241825207,0.0145770241825207,0.9297076278550902,1.0,0.9297076278550902,0.9297076278550902,0.9297076278550902,1.0,1.0,0.0088899327414598,0.0426236230453502,0.0128252020356174,0.0536786048935234,0.0,1.0,0.1132796071718059,0.2650104641175091,1.132796071718059,0.1132796071718059,0.2650104641175091,0.0,0.0,0.0
crisp_limit,0.0,0.0,real,10,48,20308493,1,26,0.7851239669421488,33.75450048314804,18.008166353602718,0.9043162890020432,0.2934406912545738,0.0,0.2934406912545738,0.2934406912545738,0.2934406912545738,0.2305693817828826,1.0,0.2305693817828826,0.2305693817828826,0.2305693817828826,1.0,1.0,0.2654735264966148,0.4399508041192556,0.3583608656876449,0.7489711596230668,0.0,1.0,0.0201152205136141,0.0,0.0201152205136141,0.0201152205136141,0.0201152205136141,0.9043162890020432,1.0,0.9043162890020432,0.9043162890020432,0.9043162890020432,1.0,1.0,0.0119969885721866,0.0599849428609333,0.0154925580218425,0.0720145573751783,0.0,1.0,0.2601840118028873,0.3952421934602829,2.601840118028873,0.2601840118028873,0.3952421934602829,0.0,0.0,0.0
crisp_limit,0.0,0.0,real,10,49,20309490,1,9,0.9256198347107438,34.913289188450264,24.781951692177653,0.9148235741750188,0.1891373433579821,0.0,0.1891373433579821,0.1891373433579821,0.1891373433579821,0.3884127497402909,1.0,0.3884127497402909,0.3884127497402909,0.3884127497402909,1.0,1.0,0.1592221966913615,0.3240101406815468,0.2388380024978231,0.642866780092971,0.0,1.0,0.0178048094814215,0.0,0.0178048094814215,0.0178048094814215,0.0178048094814215,0.9148235741750188,1.0,0.9148235741750188,0.9148235741750188,0.9148235741750188,1.0,1.0,0.0099312813562997,0.0480638017455312,0.0174908749186766,0.0749159685155735,0.0,1.0,0.1559094595738637,0.3190696313421509,1.559094595738637,0.1559094595738637,0.3190696313421509,0.0,0.0,0.0
crisp_limit,0.0,0.0,real,40,0,20261027,1,14,0.8842975206611571,116.02443683256746,25.1565303081303,0.900936326446332,0.2352228667643817,0.0,0.2352228667643817,0.2352228667643817,0.2352228667643817,0.3084750439193259,1.0,0.3084750439193259,0.3084750439193259,0.3084750439193259,1.0,1.0,0.2071907703703494,0.4145999051224315,0.2761351860507128,0.7494981538161,0.0,1.0,0.0208641387483835,0.0,0.0208641387483835,0.0208641387483835,0.0208641387483835,0.900936326446332,1.0,0.900936326446332,0.900936326446332,0.900936326446332,1.0,1.0,0.0099656642831597,0.1005939586170209,0.0163123156630912,0.164665335914752,0.0,1.0,0.202865072825612,0.3995250295576847,8.114602913024482,0.202865072825612,0.3995250295576847,0.0,0.0,0.0
crisp_limit,0.0,0.0,real,40,1,20262024,1,14,0.8842975206611571,150.474981287971,26.32226158103115,0.9045308399264148,0.2461008256921087,0.0,0.2461008256921087,0.2461008256921087,0.2461008256921087,0.2921452618098265,1.0,0.2921452618098265,0.2921452618098265,0.2921452618098265,1.0,1.0,0.2143620853283182,0.4137137368141099,0.2904290999222328,0.7856300995707142,0.0,1.0,0.0200677757247325,0.0,0.0200677757247325,0.0200677757247325,0.0200677757247325,0.9045308399264148,1.0,0.9045308399264148,0.9045308399264148,0.9045308399264148,1.0,1.0,0.0092290861184173,0.0869635474582529,0.0158617414657257,0.134595877920566,0.0,1.0,0.2134020572201956,0.4232506807478828,8.536082288807824,0.2134020572201956,0.4232506807478828,0.0,0.0,0.0
crisp_limit,0.0,0.0,real,40,2,20263021,1,13,0.8925619834710744,113.4629000581497,20.71640789345612,0.9040382905456548,0.1833352973870087,0.0,0.1833352973870087,0.1833352973870087,0.1833352973870087,0.3998457277332115,1.0,0.3998457277332115,0.3998457277332115,0.3998457277332115,1.0,1.0,0.1534771968953877,0.4196672111009912,0.2148879800103508,0.7474964165812259,0.0,1.0,0.0201767125377387,0.0,0.0201767125377387,0.0201767125377387,0.0201767125377387,0.9040382905456548,1.0,0.9040382905456548,0.9040382905456548,0.9040382905456548,1.0,1.0,0.0086400717843233,0.0924374272145506,0.0125992806791457,0.1185199528351049,0.0,1.0,0.1638521271008702,0.5137872478853769,6.554085084034808,0.1638521271008702,0.5137872478853769,0.0,0.0,0.0
crisp_limit,0.0,0.0,real,40,3,20264018,1,12,0.9008264462809916,136.4129028536428,26.706713112288128,0.9179128426064288,0.238934040928829,0.0,0.238934040928829,0.238934040928829,0.238934040928829,0.3028038010040351,1.0,0.3028038010040351,0.3028038010040351,0.3028038010040351,1.0,1.0,0.217019462067118,0.4037920198987641,0.2809078762969317,0.7868629646929458,0.0,1.0,0.0171305671127023,0.0,0.0171305671127023,0.0171305671127023,0.0171305671127023,0.9179128426064288,1.0,0.9179128426064288,0.9179128426064288,0.9179128426064288,1.0,1.0,0.0079629902090215,0.0648102719001276,0.0125507393320973,0.1237394735259072,0.0,1.0,0.2129730772220442,0.4082379099517091,8.518923088881769,0.2129730772220442,0.4082379099517091,0.0,0.0,0.0
crisp_limit,0.0,0.0,real,40,4,20265015,1,16,0.8677685950413223,172.86762603736912,22.19927550501668,0.9097231806837012,0.2458352882196328,0.0,0.2458352882196328,0.2458352882196328,0.2458352882196328,0.2925333969859788,1.0,0.2925333969859788,0.2925333969859788,0.2925333969859788,1.0,1.0,0.2205704800523673,0.4056466469674876,0.2869602498561706,0.746396779368963,0.0,1.0,0.0189229845598854,0.0,0.0189229845598854,0.0189229845598854,0.0189229845598854,0.9097231806837012,1.0,0.9097231806837012,0.9097231806837012,0.9097231806837012,1.0,1.0,0.0075231245104036,0.1020318286535213,0.0121224818206435,0.1504283380956668,0.0,1.0,0.2400311053255113,0.4623911725723412,9.601244213020454,0.2400311053255113,0.4623911725723412,0.0,0.0,0.0
crisp_limit,0.0,0.0,real,40,5,20266012,1,13,0.8925619834710744,132.14253916677572,25.152348330669582,0.904605549986326,0.2392403602069026,0.0,0.2392403602069026,0.2392403602069026,0.2392403602069026,0.3023403827708643,1.0,0.3023403827708643,0.3023403827708643,0.3023403827708643,1.0,1.0,0.2120234178985884,0.3975528781426685,0.2742912699735708,0.771753069592034,0.0,1.0,0.0200512573327815,0.0,0.0200512573327815,0.0200512573327815,0.0200512573327815,0.904605549986326,1.0,0.904605549986326,0.904605549986326,0.904605549986326,1.0,1.0,0.0094248548545032,0.0855746977674818,0.0155128355885082,0.1525113643089799,0.0,1.0,0.2148940164596802,0.4287141350640076,8.59576065838721,0.2148940164596802,0.4287141350640076,0.0,0.0,0.0
crisp_limit,0.0,0.0,real,40,6,20267009,1,18,0.8512396694214877,94.4280982210304,17.93660969999261,0.9023048641962672,0.1906394745316856,0.0,0.1906394745316856,0.1906394745316856,0.1906394745316856,0.3855064430388273,1.0,0.3855064430388273,0.3855064430388273,0.3855064430388273,1.0,1.0,0.1583738455436875,0.3967514419990473,0.2225176738517779,0.7823590358687721,0.0,1.0,0.0205605658220803,0.0,0.0205605658220803,0.0205605658220803,0.0205605658220803,0.9023048641962672,1.0,0.9023048641962672,0.9023048641962672,0.9023048641962672,1.0,1.0,0.0090870540127712,0.0865288771834841,0.0145739898530638,0.1620690441541393,0.0,1.0,0.1548463740608271,0.3832509240143713,6.193854962433086,0.1548463740608271,0.3832509240143713,0.0,0.0,0.0
crisp_limit,0.0,0.0,real,40,7,20268006,1,18,0.8512396694214877,172.61792566615895,21.9873458512606,0.9047696739814288,0.241839162647748,0.0,0.241839162647748,0.241839162647748,0.241839162647748,0.2984371821846293,1.0,0.2984371821846293,0.2984371821846293,0.2984371821846293,1.0,1.0,0.2106507317359269,0.3832354570788182,0.2849920869100172,0.7614022266446705,0.0,1.0,0.020014974312349,0.0,0.020014974312349,0.020014974312349,0.020014974312349,0.9047696739814288,1.0,0.9047696739814288,0.9047696739814288,0.9047696739814288,1.0,1.0,0.0089216588511052,0.0967031977892287,0.0144800115771331,0.1649832615389598,0.0,1.0,0.2051071513263291,0.4114407700439463,8.204286053053167,0.2051071513263291,0.4114407700439463,0.0,0.0,0.0
crisp_limit,0.0,0.0,real,40,8,20269003,1,17,0.859504132231405,103.71342754247776,22.29717574301765,0.9092566209806529,0.2039811620702478,0.0,0.2039811620702478,0.2039811620702478,0.2039811620702478,0.3606289060834315,1.0,0.3606289060834315,0.3606289060834315,0.3606289060834315,1.0,1.0,0.1700212355171917,0.4187659796435468,0.2398490898918557,0.7676987028761444,0.0,1.0,0.0190255826674296,0.0,0.0190255826674296,0.0190255826674296,0.0190255826674296,0.9092566209806529,1.0,0.9092566209806529,0.9092566209806529,0.9092566209806529,1.0,1.0,0.0078975239254872,0.103820881314896,0.0132542910591555,0.1522340601357093,0.0,1.0,0.1723991340479692,0.414272408661618,6.895965361918767,0.1723991340479692,0.414272408661618,0.0,0.0,0.0
crisp_limit,0.0,0.0,real,40,9,20270000,1,22,0.8181818181818182,125.49138746842924,19.566087628858035,0.9026132484638156,0.2511277550149578,0.0,0.2511277550149578,0.2511277550149578,0.2511277550149578,0.2848938070260634,1.0,0.2848938070260634,0.2848938070260634,0.2848938070260634,1.0,1.0,0.2184027273591396,0.3913914835541742,0.2951439256372904,0.7545338151062044,0.0,1.0,0.0204922227170084,0.0,0.0204922227170084,0.0204922227170084,0.0204922227170084,0.9026132484638156,1.0,0.9026132484638156,0.9026132484638156,0.9026132484638156,1.0,1.0,0.0086417534702126,0.087696821674128,0.0149558297268352,0.1664204154312406,0.0,1.0,0.2125382981735158,0.3989597618644589,8.501531926940633,0.2125382981735158,0.3989597618644589,0.0,0.0,0.0
crisp_limit,0.0,0.0,real,40,10,20270997,1,12,0.9008264462809916,130.538834192395,24.19563709197768,0.9027389275005582,0.2095937985445997,0.0,0.2095937985445997,0.2095937985445997,0.2095937985445997,0.3506491974599246,1.0,0.3506491974599246,0.3506491974599246,0.3506491974599246,1.0,1.0,0.1867971073912504,0.3644520674436609,0.2473126793787859,0.7086028921344115,0.0,1.0,0.0204643768399283,0.0,0.0204643768399283,0.0204643768399283,0.0204643768399283,0.9027389275005582,1.0,0.9027389275005582,0.9027389275005582,0.9027389275005582,1.0,1.0,0.0069933698304483,0.0922655525994144,0.0124241767826178,0.1794127737683157,0.0,1.0,0.1832404718443421,0.4266063787253242,7.329618873773687,0.1832404718443421,0.4266063787253242,0.0,0.0,0.0
crisp_limit,0.0,0.0,real,40,11,20271994,1,14,0.8842975206611571,137.44033427554183,25.89795215727898,0.916351597754714,0.2469021047037164,0.0,0.2469021047037164,0.2469021047037164,0.2469021047037164,0.2909771539898416,1.0,0.2909771539898416,0.2909771539898416,0.2909771539898416,1.0,1.0,0.2136306554977685,0.431281805329085,0.2893273588052926,0.7728269809102893,0.0,1.0,0.0174710295224584,0.0,0.0174710295224584,0.0174710295224584,0.0174710295224584,0.916351597754714,1.0,0.916351597754714,0.916351597754714,0.916351597754714,1.0,1.0,0.007797619846739,0.0729620945005426,0.0122432676234898,0.1357603319884529,0.0,1.0,0.2121300745658458,0.4730970732304591,8.485202982633831,0.2121300745658458,0.4730970732304591,0.0,0.0,0.0
crisp_limit,0.0,0.0,real,40,12,20272991,1,11,0.9090909090909092,119.08339191337382,25.30308168921273,0.9089760350500288,0.2064035149862565,0.0,0.2064035149862565,0.2064035149862565,0.2064035149862565,0.3562873984045899,1.0,0.3562873984045899,0.3562873984045899,0.3562873984045899,1.0,1.0,0.1818986402082107,0.3840451040352191,0.2429912486131747,0.7367315904732571,0.0,1.0,0.0190873098467146,0.0,0.0190873098467146,0.0190873098467146,0.0190873098467146,0.9089760350500288,1.0,0.9089760350500288,0.9089760350500288,0.9089760350500288,1.0,1.0,0.0092719102264934,0.0944463155508731,0.0154568662440377,0.1321291200323583,0.0,1.0,0.1749720363885419,0.374514919267998,6.998881455541676,0.1749720363885419,0.374514919267998,0.0,0.0,0.0
crisp_limit,0.0,0.0,real,40,13,20273988,1,17,0.859504132231405,106.77715581156926,24.062621957766694,0.9089696602271498,0.2400330388941151,0.0,0.2400330388941151,0.2400330388941151,0.2400330388941151,0.3011444604032749,1.0,0.3011444604032749,0.3011444604032749,0.3011444604032749,1.0,1.0,0.2111246782625315,0.3950388384576093,0.2828615918072494,0.7895107246785359,0.0,1.0,0.0190887124899059,0.0,0.0190887124899059,0.0190887124899059,0.0190887124899059,0.9089696602271498,1.0,0.9089696602271498,0.9089696602271498,0.9089696602271498,1.0,1.0,0.0096742412635432,0.0741792937286833,0.0161810126544749,0.1365877561356776,0.0,1.0,0.2155180776060099,0.4712710578949149,8.620723104240398,0.2155180776060099,0.4712710578949149,0.0,0.0,0.0
crisp_limit,0.0,0.0,real,40,14,20274985,1,21,0.8264462809917356,81.08350870310706,18.198610077019534,0.9150147413461228,0.2043324885758798,0.0,0.2043324885758798,0.2043324885758798,0.2043324885758798,0.35999596969749,1.0,0.35999596969749,0.35999596969749,0.35999596969749,1.0,1.0,0.1653100448825519,0.4397677249528182,0.2362431581067536,0.7425767029136957,0.0,1.0,0.0177630206151205,0.0,0.0177630206151205,0.0177630206151205,0.0177630206151205,0.9150147413461228,1.0,0.9150147413461228,0.9150147413461228,0.9150147413461228,1.0,1.0,0.0081861623491888,0.0848009670150105,0.0133002462167163,0.1310674206845833,0.0,1.0,0.1662326984283592,0.3736716491966359,6.64930793713437,0.1662326984283592,0.3736716491966359,0.0,0.0,0.0
crisp_limit,0.0,0.0,real,40,15,20275982,1,13,0.8925619834710744,122.47457826904284,28.1181329187093,0.9250734829299138,0.2560993524724611,0.0,0.2560993524724611,0.2560993524724611,0.2560993524724611,0.2778992162873597,1.0,0.2778992162873597,0.2778992162873597,0.2778992162873597,1.0,1.0,0.2307669525968967,0.4042258001323222,0.3018378975273663,0.784558850478585,0.0,1.0,0.0155764207239338,0.0,0.0155764207239338,0.0155764207239338,0.0155764207239338,0.9250734829299138,1.0,0.9250734829299138,0.9250734829299138,0.9250734829299138,1.0,1.0,0.0054550796010706,0.0696283402877394,0.009597559879353,0.1371796932543622,0.0,1.0,0.2296008836616322,0.4602883941989669,9.184035346465292,0.2296008836616322,0.4602883941989669,0.0,0.0,0.0
crisp_limit,0.0,0.0,real,40,16,20276979,1,23,0.8099173553719008,118.0051954356727,19.30615666937345,0.9074124046659826,0.2299918943245064,0.0,0.2299918943245064,0.2299918943245064,0.2299918943245064,0.316649602413612,1.0,0.316649602413612,0.316649602413612,0.316649602413612,1.0,1.0,0.1993398473739413,0.435958501573524,0.2689236977660511,0.7707903354827353,0.0,1.0,0.0194316482571785,0.0,0.0194316482571785,0.0194316482571785,0.0194316482571785,0.9074124046659826,1.0,0.9074124046659826,0.9074124046659826,0.9074124046659826,1.0,1.0,0.0093297598079821,0.091337051633446,0.0151397904941947,0.1413013306979338,0.0,1.0,0.2079879169265284,0.4186003754748494,8.319516677061136,0.2079879169265284,0.4186003754748494,0.0,0.0,0.0
crisp_limit,0.0,0.0,real,40,17,20277976,1,15,0.8760330578512396,108.97658890010224,25.049722887698223,0.9022433850106109,0.2298912893728449,0.0,0.2298912893728449,0.2298912893728449,0.2298912893728449,0.3168089250715956,1.0,0.3168089250715956,0.3168089250715956,0.3168089250715956,1.0,1.0,0.2067764962065473,0.3747502378699721,0.2706187367678194,0.7485366238262132,0.0,1.0,0.0205741934290356,0.0,0.0205741934290356,0.0205741934290356,0.0205741934290356,0.9022433850106109,1.0,0.9022433850106109,0.9022433850106109,0.9022433850106109,1.0,1.0,0.0085946440589376,0.1173782082191078,0.0144871340008061,0.1439053240882934,0.0,1.0,0.2079321545699493,0.4504393723994553,8.317286182797975,0.2079321545699493,0.4504393723994553,0.0,0.0,0.0
crisp_limit,0.0,0.0,real,40,18,20278973,1,27,0.7768595041322314,101.35851380159352,13.246182666238983,0.9001006569691263,0.2140916259590927,0.0,0.2140916259590927,0.2140916259590927,0.2140916259590927,0.3428514109870958,1.0,0.3428514109870958,0.3428514109870958,0.3428514109870958,1.0,1.0,0.1881288368975399,0.4711458923074693,0.2503147167894083,0.7771990128948949,0.0,1.0,0.0210497361669532,0.0,0.0210497361669532,0.0210497361669532,0.0210497361669532,0.9001006569691263,1.0,0.9001006569691263,0.9001006569691263,0.9001006569691263,1.0,1.0,0.0094698450740476,0.0945658609417582,0.0150895788811805,0.1605916476461915,0.0,1.0,0.1939214104729215,0.3510712647291492,7.756856418916861,0.1939214104729215,0.3510712647291492,0.0,0.0,0.0
crisp_limit,0.0,0.0,real,40,19,20279970,1,11,0.9090909090909092,130.6732470294475,26.029846838157237,0.9063148876918884,0.2305180164938214,0.0,0.2305180164938214,0.2305180164938214,0.2305180164938214,0.3158177152004316,1.0,0.3158177152004316,0.3158177152004316,0.3158177152004316,1.0,1.0,0.1956488797279593,0.4384873303614968,0.266181487595031,0.7323328242471623,0.0,1.0,0.0196736950329372,0.0,0.0196736950329372,0.0196736950329372,0.0196736950329372,0.9063148876918884,1.0,0.9063148876918884,0.9063148876918884,0.9063148876918884,1.0,1.0,0.0087359170221505,0.076253310505213,0.0152606338864517,0.1486526260060676,0.0,1.0,0.1881950169385658,0.4753651312605662,7.527800677542634,0.1881950169385658,0.4753651312605662,0.0,0.0,0.0
crisp_limit,0.0,0.0,real,40,20,20280967,1,13,0.8925619834710744,109.74239063095864,23.78088267916413,0.919905762020749,0.2104835401639799,0.0,0.2104835401639799,0.2104835401639799,0.2104835401639799,0.3490927262460684,1.0,0.3490927262460684,0.3490927262460684,0.3490927262460684,1.0,1.0,0.1832487499220783,0.3656291924039631,0.2485929744884413,0.7203336780651968,0.0,1.0,0.0166968093543538,0.0,0.0166968093543538,0.0166968093543538,0.0166968093543538,0.919905762020749,1.0,0.919905762020749,0.919905762020749,0.919905762020749,1.0,1.0,0.0064827152514276,0.0881571234637042,0.0108869850737447,0.134473099002918,0.0,1.0,0.1803972266926627,0.3771151554793587,7.215889067706509,0.1803972266926627,0.3771151554793587,0.0,0.0,0.0
crisp_limit,0.0,0.0,real,40,21,20281964,1,15,0.8760330578512396,149.28817479922674,24.378180765331717,0.9092329131801576,0.2462448335402021,0.0,0.2462448335402021,0.2462448335402021,0.2462448335402021,0.2919349814715394,1.0,0.2919349814715394,0.2919349814715394,0.2919349814715394,1.0,1.0,0.2252477017319819,0.3834107973583057,0.2871174042578615,0.7501212678975036,0.0,1.0,0.0190307975009607,0.0,0.0190307975009607,0.0190307975009607,0.0190307975009607,0.9092329131801576,1.0,0.9092329131801576,0.9092329131801576,0.9092329131801576,1.0,1.0,0.0086008035961316,0.0764449461610661,0.0143746527478992,0.1525324522442659,0.0,1.0,0.2175339792931085,0.4002518703615605,8.701359171724341,0.2175339792931085,0.4002518703615605,0.0,0.0,0.0
crisp_limit,0.0,0.0,real,40,22,20282961,1,17,0.859504132231405,117.48314559624872,22.43453488228442,0.9022186571999564,0.2338735934059128,0.0,0.2338735934059128,0.2338735934059128,0.2338735934059128,0.3105631654088301,1.0,0.3105631654088301,0.3105631654088301,0.3105631654088301,1.0,1.0,0.2036618386955991,0.4176966854846142,0.2747243053708453,0.7902731967455958,0.0,1.0,0.0205796749099596,0.0,0.0205796749099596,0.0205796749099596,0.0205796749099596,0.9022186571999564,1.0,0.9022186571999564,0.9022186571999564,0.9022186571999564,1.0,1.0,0.0093892178341006,0.0761762936083214,0.0162139558164105,0.1451319576414182,0.0,1.0,0.2003511484936563,0.4015357908623727,8.014045939746254,0.2003511484936563,0.4015357908623727,0.0,0.0,0.0
crisp_limit,0.0,0.0,real,40,23,20283958,1,13,0.8925619834710744,133.1597386303402,25.13702162610909,0.9012506590770052,0.2335244108065553,0.0,0.2335244108065553,0.2335244108065553,0.2335244108065553,0.3111058552824398,1.0,0.3111058552824398,0.3111058552824398,0.3111058552824398,1.0,1.0,0.1970545488625841,0.4390635679787772,0.2748909585550546,0.7927895933659368,0.0,1.0,0.0207943718182291,0.0,0.0207943718182291,0.0207943718182291,0.0207943718182291,0.9012506590770052,1.0,0.9012506590770052,0.9012506590770052,0.9012506590770052,1.0,1.0,0.010152368863192,0.0826813481604247,0.0169431848189164,0.1334998018901898,0.0,1.0,0.1909731355872745,0.4323437109243535,7.638925423490983,0.1909731355872745,0.4323437109243535,0.0,0.0,0.0
crisp_limit,0.0,0.0,real,40,24,20284955,1,17,0.859504132231405,128.28340810138536,23.58666561456993,0.9020468351839795,0.2505027771631032,0.0,0.2505027771631032,0.2505027771631032,0.2505027771631032,0.2857854610581481,1.0,0.2857854610581481,0.2857854610581481,0.2857854610581481,1.0,1.0,0.2177081810624145,0.4372261863129871,0.2946893492810246,0.7993974536306264,0.0,1.0,0.0206177673120416,0.0,0.0206177673120416,0.0206177673120416,0.0206177673120416,0.9020468351839795,1.0,0.9020468351839795,0.9020468351839795,0.9020468351839795,1.0,1.0,0.0098309028015335,0.1000881962670768,0.0160628539523397,0.1583124437882003,0.0,1.0,0.2178329472834196,0.4062277045374822,8.713317891336787,0.2178329472834196,0.4062277045374822,0.0,0.0,0.0
crisp_limit,0.0,0.0,real,40,25,20285952,1,21,0.8264462809917356,116.48185964954796,18.196208156970293,0.911289167878277,0.2223557418547869,0.0,0.2223557418547869,0.2223557418547869,0.2223557418547869,0.3289732925162767,1.0,0.3289732925162767,0.3289732925162767,0.3289732925162767,1.0,1.0,0.1880568769257874,0.4250883299702099,0.2623892813072642,0.7859520968465445,0.0,1.0,0.0185790028001045,0.0,0.0185790028001045,0.0185790028001045,0.0185790028001045,0.911289167878277,1.0,0.911289167878277,0.911289167878277,0.911289167878277,1.0,1.0,0.0065297311197427,0.1005528060026079,0.0108779114012795,0.1555218952616816,0.0,1.0,0.1872277011168511,0.4121679132875788,7.489108044674044,0.1872277011168511,0.4121679132875788,0.0,0.0,0.0
crisp_limit,0.0,0.0,real,40,26,20286949,1,15,0.8760330578512396,171.04193006038503,24.922446851590763,0.911294020514512,0.2374589386513303,0.0,0.2374589386513303,0.2374589386513303,0.2374589386513303,0.3050453901581635,1.0,0.3050453901581635,0.3050453901581635,0.3050453901581635,1.0,1.0,0.2005211372671702,0.4237447447759124,0.2794372112274148,0.7884429501776304,0.0,1.0,0.0185779377982399,0.0,0.0185779377982399,0.0185779377982399,0.0185779377982399,0.911294020514512,1.0,0.911294020514512,0.911294020514512,0.911294020514512,1.0,1.0,0.008020499685707,0.1042914622269931,0.013187556261912,0.1362472932764521,0.0,1.0,0.1973292928545446,0.4175587964258097,7.893171714181786,0.1973292928545446,0.4175587964258097,0.0,0.0,0.0
crisp_limit,0.0,0.0,real,40,27,20287946,1,15,0.8760330578512396,128.52034716962538,24.957564194975923,0.907765086942584,0.2487564683292432,0.0,0.2487564683292432,0.2487564683292432,0.2487564683292432,0.2882917353334415,1.0,0.2882917353334415,0.2882917353334415,0.2882917353334415,1.0,1.0,0.2196407589038903,0.4015563001874344,0.2927247166216877,0.7740747508983734,0.0,1.0,0.0193539297348478,0.0,0.0193539297348478,0.0193539297348478,0.0193539297348478,0.907765086942584,1.0,0.907765086942584,0.907765086942584,0.907765086942584,1.0,1.0,0.0077823376001211,0.0926628753551933,0.0138749572443237,0.1496975698811479,0.0,1.0,0.2138964826346928,0.3911636385527279,8.555859305387713,0.2138964826346928,0.3911636385527279,0.0,0.0,0.0
crisp_limit,0.0,0.0,real,40,28,20288943,1,9,0.9256198347107438,124.35363341143712,26.625151981896156,0.9010325654199476,0.2118021159021517,0.0,0.2118021159021517,0.2118021159021517,0.2118021159021517,0.3467987704453187,1.0,0.3467987704453187,0.3467987704453187,0.3467987704453187,1.0,1.0,0.1823745576405298,0.3835414491530444,0.248898285207397,0.7659597006608391,0.0,1.0,0.0208427756773246,0.0,0.0208427756773246,0.0208427756773246,0.0208427756773246,0.9010325654199476,1.0,0.9010325654199476,0.9010325654199476,0.9010325654199476,1.0,1.0,0.0083132476229649,0.1139876209995582,0.0140929931513096,0.162558045076895,0.0,1.0,0.1792705137236755,0.4453654674974901,7.170820548947021,0.1792705137236755,0.4453654674974901,0.0,0.0,0.0
crisp_limit,0.0,0.0,real,40,29,20289940,1,13,0.8925619834710744,111.96423234166971,24.879889696045293,0.9027464606686844,0.2178434864848251,0.0,0.2178434864848251,0.2178434864848251,0.2178434864848251,0.3364797088115526,1.0,0.3364797088115526,0.3364797088115526,0.3364797088115526,1.0,1.0,0.1807858600453847,0.4125863429841719,0.2554944398801937,0.7625126259406076,0.0,1.0,0.0204627078885924,0.0,0.0204627078885924,0.0204627078885924,0.0204627078885924,0.9027464606686844,1.0,0.9027464606686844,0.9027464606686844,0.9027464606686844,1.0,1.0,0.0092923729730675,0.1066569862771523,0.0150250210012358,0.1644288248691855,0.0,1.0,0.1807452555976065,0.3942679031826627,7.229810223904262,0.1807452555976065,0.3942679031826627,0.0,0.0,0.0
crisp_limit,0.0,0.0,real,40,30,20290937,1,11,0.9090909090909092,141.707610328868,24.049936437926867,0.9174057759973816,0.2028550912192934,0.0,0.2028550912192934,0.2028550912192934,0.2028550912192934,0.3626651014507196,1.0,0.3626651014507196,0.3626651014507196,0.3626651014507196,1.0,1.0,0.167279491900596,0.3835476805048053,0.2367934890217116,0.7520463698235373,0.0,1.0,0.0172410801575347,0.0,0.0172410801575347,0.0172410801575347,0.0172410801575347,0.9174057759973816,1.0,0.9174057759973816,0.9174057759973816,0.9174057759973816,1.0,1.0,0.0059366669760219,0.0930831060861785,0.0107196812544833,0.1422033237392201,0.0,1.0,0.1713622832052837,0.4596993053512336,6.854491328211349,0.1713622832052837,0.4596993053512336,0.0,0.0,0.0
crisp_limit,0.0,0.0,real,40,31,20291934,1,17,0.859504132231405,101.21404106090972,20.11244815656483,0.9104531650913223,0.2168830985998798,0.0,0.2168830985998798,0.2168830985998798,0.2168830985998798,0.3380993495871399,1.0,0.3380993495871399,0.3380993495871399,0.3380993495871399,1.0,1.0,0.1854997853937118,0.4602223742295223,0.2517025252798919,0.7796847213670798,0.0,1.0,0.0187625639614191,0.0,0.0187625639614191,0.0187625639614191,0.0187625639614191,0.9104531650913223,1.0,0.9104531650913223,0.9104531650913223,0.9104531650913223,1.0,1.0,0.0074381105813155,0.0908355683276069,0.0122455081623507,0.1486933124851128,0.0,1.0,0.177066808682321,0.4931193216277248,7.082672347292842,0.177066808682321,0.4931193216277248,0.0,0.0,0.0
crisp_limit,0.0,0.0,real,40,32,20292931,1,18,0.8512396694214877,137.27597588401164,18.46791704357313,0.9094249818260276,0.2090824017476976,0.0,0.2090824017476976,0.2090824017476976,0.2090824017476976,0.3515469491211836,1.0,0.3515469491211836,0.3515469491211836,0.3515469491211836,1.0,1.0,0.1778205185073986,0.3594573848114886,0.245525467013932,0.7154240676457713,0.0,1.0,0.0189885534599871,0.0,0.0189885534599871,0.0189885534599871,0.0189885534599871,0.9094249818260276,1.0,0.9094249818260276,0.9094249818260276,0.9094249818260276,1.0,1.0,0.0082938982993437,0.0870343009523709,0.0130257664320599,0.161886967886453,0.0,1.0,0.1733414236111979,0.4350447425177116,6.933656944447917,0.1733414236111979,0.4350447425177116,0.0,0.0,0.0
crisp_limit,0.0,0.0,real,40,33,20293928,1,18,0.8512396694214877,130.01795678067083,17.743405019122243,0.9067873265454374,0.2159325346134316,0.0,0.2159325346134316,0.2159325346134316,0.2159325346134316,0.3397100996853802,1.0,0.3397100996853802,0.3397100996853802,0.3397100996853802,1.0,1.0,0.184662816012111,0.3865558682620423,0.2534891405852789,0.7688823776740806,0.0,1.0,0.0195694672932033,0.0,0.0195694672932033,0.0195694672932033,0.0195694672932033,0.9067873265454374,1.0,0.9067873265454374,0.9067873265454374,0.9067873265454374,1.0,1.0,0.0072279277003834,0.1009582608548521,0.0114908228888181,0.1686161668988033,0.0,1.0,0.179722479866722,0.4612095874050975,7.18889919466888,0.179722479866722,0.4612095874050975,0.0,0.0,0.0
crisp_limit,0.0,0.0,real,40,34,20294925,1,16,0.8677685950413223,116.384030702274,22.3779815159408,0.9166779636721274,0.2226885585088353,0.0,0.2226885585088353,0.2226885585088353,0.2226885585088353,0.3284263088032913,1.0,0.3284263088032913,0.3284263088032913,0.3284263088032913,1.0,1.0,0.1916569959003959,0.4263697825176647,0.261056698741359,0.7911440460966752,0.0,1.0,0.0173998106119225,0.0,0.0173998106119225,0.0173998106119225,0.0173998106119225,0.9166779636721274,1.0,0.9166779636721274,0.9166779636721274,0.9166779636721274,1.0,1.0,0.0083509064832887,0.076192013032585,0.0135392472872072,0.1444862392015419,0.0,1.0,0.1851902739903448,0.4059459965047466,7.407610959613793,0.1851902739903448,0.4059459965047466,0.0,0.0,0.0
crisp_limit,0.0,0.0,real,40,35,20295922,1,13,0.8925619834710744,132.05507979119716,26.53413089098256,0.9179037909196271,0.238804906109065,0.0,0.238804906109065,0.238804906109065,0.238804906109065,0.3029993767076562,1.0,0.3029993767076562,0.3029993767076562,0.3029993767076562,1.0,1.0,0.1997855304414946,0.423381951029135,0.2790968051165629,0.7926492555757811,0.0,1.0,0.0171325393547304,0.0,0.0171325393547304,0.0171325393547304,0.0171325393547304,0.9179037909196271,1.0,0.9179037909196271,0.9179037909196271,0.9179037909196271,1.0,1.0,0.0073679118270203,0.0851856549452303,0.012448514968733,0.1397067625634226,0.0,1.0,0.1942772869942468,0.4475407806863881,7.771091479769871,0.1942772869942468,0.4475407806863881,0.0,0.0,0.0
crisp_limit,0.0,0.0,real,40,36,20296919,1,15,0.8760330578512396,96.05532166798815,25.57854106180488,0.9123726184769984,0.2389474609208365,0.0,0.2389474609208365,0.2389474609208365,0.2389474609208365,0.3027834835627459,1.0,0.3027834835627459,0.3027834835627459,0.3027834835627459,1.0,1.0,0.2095290292549668,0.4323885457041586,0.2808955900565994,0.7746853178268254,0.0,1.0,0.0183413598919072,0.0,0.0183413598919072,0.0183413598919072,0.0183413598919072,0.9123726184769984,1.0,0.9123726184769984,0.9123726184769984,0.9123726184769984,1.0,1.0,0.0081749188576037,0.0977062064746403,0.0137425455418181,0.1410466572849626,0.0,1.0,0.205162496304048,0.4730240430328419,8.20649985216192,0.205162496304048,0.4730240430328419,0.0,0.0,0.0
crisp_limit,0.0,0.0,real,40,37,20297916,1,10,0.9173553719008264,113.6815101117482,25.811274915820583,0.9145745236649874,0.2043244486329232,0.0,0.2043244486329232,0.2043244486329232,0.2043244486329232,0.3600104417236785,1.0,0.3600104417236785,0.3600104417236785,0.3600104417236785,1.0,1.0,0.1690585333401547,0.3840639152856056,0.2393845129143499,0.7581812046895076,0.0,1.0,0.0178592646624702,0.0,0.0178592646624702,0.0178592646624702,0.0178592646624702,0.9145745236649874,1.0,0.9145745236649874,0.9145745236649874,0.9145745236649874,1.0,1.0,0.0062898283914743,0.0916111385599907,0.0115475462988913,0.1482821537909434,0.0,1.0,0.1710384307837109,0.4539262533565967,6.841537231348439,0.1710384307837109,0.4539262533565967,0.0,0.0,0.0
crisp_limit,0.0,0.0,real,40,38,20298913,1,17,0.859504132231405,125.6005660354304,22.19382731017206,0.9049534087575876,0.2412545389565241,0.0,0.2412545389565241,0.2412545389565241,0.2412545389565241,0.2993108256794979,1.0,0.2993108256794979,0.2993108256794979,0.2993108256794979,1.0,1.0,0.2124810822619051,0.4031483901141438,0.2846493678064817,0.7793714992569323,0.0,1.0,0.0199743637286542,0.0,0.0199743637286542,0.0199743637286542,0.0199743637286542,0.9049534087575876,1.0,0.9049534087575876,0.9049534087575876,0.9049534087575876,1.0,1.0,0.0094591218746601,0.0761376715593921,0.0141773695831715,0.1500940977990903,0.0,1.0,0.207784556667905,0.4532425042915234,8.311382266716203,0.207784556667905,0.4532425042915234,0.0,0.0,0.0
crisp_limit,0.0,0.0,real,40,39,20299910,1,12,0.9008264462809916,118.9728907062405,27.12097721936225,0.9336238577861408,0.2278593305551023,0.0,0.2278593305551023,0.2278593305551023,0.2278593305551023,0.320044044762993,1.0,0.320044044762993,0.320044044762993,0.320044044762993,1.0,1.0,0.191417720342525,0.4079356324524045,0.2685260513293782,0.7845738496606827,0.0,1.0,0.0137363287447799,0.0,0.0137363287447799,0.0137363287447799,0.0137363287447799,0.9336238577861408,1.0,0.9336238577861408,0.9336238577861408,0.9336238577861408,1.0,1.0,0.0067226139647351,0.0468867119564576,0.0115264965825513,0.0916524274726232,0.0,1.0,0.1908044273574139,0.4114590724647581,7.6321770942965586,0.1908044273574139,0.4114590724647581,0.0,0.0,0.0
crisp_limit,0.0,0.0,real,40,40,20300907,1,19,0.8429752066115702,135.74151842802695,22.50767576747545,0.9120839988460884,0.237403964736342,0.0,0.237403964736342,0.237403964736342,0.237403964736342,0.3051292493795403,1.0,0.3051292493795403,0.3051292493795403,0.3051292493795403,1.0,1.0,0.2048895197621534,0.4045146950808144,0.2801853278662907,0.7609883837266131,0.0,1.0,0.0184046378302428,0.0,0.0184046378302428,0.0184046378302428,0.0184046378302428,0.9120839988460884,1.0,0.9120839988460884,0.9120839988460884,0.9120839988460884,1.0,1.0,0.0069496624989205,0.0812314048242061,0.0118660702514822,0.1591340656928725,0.0,1.0,0.2065897855239507,0.4069156906798485,8.26359142095803,0.2065897855239507,0.4069156906798485,0.0,0.0,0.0
crisp_limit,0.0,0.0,real,40,41,20301904,1,17,0.859504132231405,110.9662283044858,22.819092891277062,0.9088832405264192,0.2351964252652817,0.0,0.2351964252652817,0.2351964252652817,0.2351964252652817,0.3085158293283156,1.0,0.3085158293283156,0.3085158293283156,0.3085158293283156,1.0,1.0,0.1938351387810619,0.3875587520510354,0.2759104822922409,0.7644470572386192,0.0,1.0,0.0191077282641217,0.0,0.0191077282641217,0.0191077282641217,0.0191077282641217,0.9088832405264192,1.0,0.9088832405264192,0.9088832405264192,0.9088832405264192,1.0,1.0,0.0094005040507868,0.0851953793801786,0.015346358487984,0.1395346309209553,0.0,1.0,0.1924318310333919,0.4175338345045121,7.697273241335678,0.1924318310333919,0.4175338345045121,0.0,0.0,0.0
crisp_limit,0.0,0.0,real,40,42,20302901,1,15,0.8760330578512396,125.82570319659668,21.89612897368871,0.9106973369240788,0.2118661195928707,0.0,0.2118661195928707,0.2118661195928707,0.2118661195928707,0.3466878061953431,1.0,0.3466878061953431,0.3466878061953431,0.3466878061953431,1.0,1.0,0.1739295934268323,0.400776446241996,0.2476497007849021,0.7920652901738462,0.0,1.0,0.018708933724061,0.0,0.018708933724061,0.018708933724061,0.018708933724061,0.9106973369240788,1.0,0.9106973369240788,0.9106973369240788,0.9106973369240788,1.0,1.0,0.0063209476099586,0.0902770240609244,0.0111751449398772,0.1637445499902051,0.0,1.0,0.190607327627414,0.4896748432544175,7.62429310509656,0.190607327627414,0.4896748432544175,0.0,0.0,0.0
crisp_limit,0.0,0.0,real,40,43,20303898,1,10,0.9173553719008264,128.39668772297398,27.060203062509785,0.9135604578370068,0.2188512688579286,0.0,0.2188512688579286,0.2188512688579286,0.2188512688579286,0.334788481764775,1.0,0.334788481764775,0.334788481764775,0.334788481764775,1.0,1.0,0.1871329871006606,0.3940019693480899,0.2580124121431685,0.7849089588745329,0.0,1.0,0.0180811445438243,0.0,0.0180811445438243,0.0180811445438243,0.0180811445438243,0.9135604578370068,1.0,0.9135604578370068,0.9135604578370068,0.9135604578370068,1.0,1.0,0.00770580167684,0.0970524036067437,0.0127169970374317,0.1479812237945619,0.0,1.0,0.1840812569668497,0.3954257858526637,7.363250278673989,0.1840812569668497,0.3954257858526637,0.0,0.0,0.0
crisp_limit,0.0,0.0,real,40,44,20304895,1,19,0.8429752066115702,108.02973552453209,20.35964786614856,0.9031014945268308,0.2456640417720565,0.0,0.2456640417720565,0.2456640417720565,0.2456640417720565,0.2927839807747852,1.0,0.2927839807747852,0.2927839807747852,0.2927839807747852,1.0,1.0,0.2107236824420259,0.404425869280802,0.2894473328294812,0.7835451777695964,0.0,1.0,0.0203840669683091,0.0,0.0203840669683091,0.0203840669683091,0.0203840669683091,0.9031014945268308,1.0,0.9031014945268308,0.9031014945268308,0.9031014945268308,1.0,1.0,0.0099286840350699,0.0861172883605419,0.0150535774229216,0.1225935854187897,0.0,1.0,0.2025795309595253,0.4084119031882537,8.103181238381012,0.2025795309595253,0.4084119031882537,0.0,0.0,0.0
crisp_limit,0.0,0.0,real,40,45,20305892,1,18,0.8512396694214877,155.0215843092546,22.026775216548216,0.90732894126967,0.2133619987735145,0.0,0.2133619987735145,0.2133619987735145,0.2133619987735145,0.3441044638012125,1.0,0.3441044638012125,0.3441044638012125,0.3441044638012125,1.0,1.0,0.180593310939394,0.3996396391454816,0.2508502193095562,0.7851152687588288,0.0,1.0,0.0194500450158259,0.0,0.0194500450158259,0.0194500450158259,0.0194500450158259,0.90732894126967,1.0,0.90732894126967,0.90732894126967,0.90732894126967,1.0,1.0,0.008290378442169,0.0899163236447948,0.0137710712673669,0.1537474717675767,0.0,1.0,0.183718735424494,0.4842601323978414,7.348749416979763,0.183718735424494,0.4842601323978414,0.0,0.0,0.0
crisp_limit,0.0,0.0,real,40,46,20306889,1,13,0.8925619834710744,112.31014673630224,24.376211339590803,0.913127013947517,0.2155080738439638,0.0,0.2155080738439638,0.2155080738439638,0.2155080738439638,0.3404318333350719,1.0,0.3404318333350719,0.3404318333350719,0.3404318333350719,1.0,1.0,0.1856752736433678,0.430683611533828,0.2534700223208571,0.7656681805121527,0.0,1.0,0.0181760581848974,0.0,0.0181760581848974,0.0181760581848974,0.0181760581848974,0.913127013947517,1.0,0.913127013947517,0.913127013947517,0.913127013947517,1.0,1.0,0.0078583670321925,0.0787808208684947,0.0127534124761022,0.1564311858987659,0.0,1.0,0.1877883475123001,0.4002905033913587,7.511533900492003,0.1877883475123001,0.4002905033913587,0.0,0.0,0.0
crisp_limit,0.0,0.0,real,40,47,20307886,1,16,0.8677685950413223,143.8922150078696,24.523206448940435,0.912379289442908,0.2508959134821528,0.0,0.2508959134821528,0.2508959134821528,0.2508959134821528,0.28522424959938,1.0,0.28522424959938,0.28522424959938,0.28522424959938,1.0,1.0,0.2217623257731999,0.3945957174429576,0.296069511274151,0.782731634167459,0.0,1.0,0.0183398975636026,0.0,0.0183398975636026,0.0183398975636026,0.0183398975636026,0.912379289442908,1.0,0.912379289442908,0.912379289442908,0.912379289442908,1.0,1.0,0.0081455081981063,0.0865254173908854,0.0134116662990806,0.1495543114847139,0.0,1.0,0.2198108655231115,0.4300267222961471,8.79243462092446,0.2198108655231115,0.4300267222961471,0.0,0.0,0.0
crisp_limit,0.0,0.0,real,40,48,20308883,1,16,0.8677685950413223,137.70270434295438,24.189198885450555,0.9077143842484136,0.2311135898034397,0.0,0.2311135898034397,0.2311135898034397,0.2311135898034397,0.3148786510887878,1.0,0.3148786510887878,0.3148786510887878,0.3148786510887878,1.0,1.0,0.2000165280909241,0.3839524923854285,0.2727466243059634,0.7432284063495098,0.0,1.0,0.0193651009312151,0.0,0.0193651009312151,0.0193651009312151,0.0193651009312151,0.9077143842484136,1.0,0.9077143842484136,0.9077143842484136,0.9077143842484136,1.0,1.0,0.0080921254009969,0.1011940287220621,0.0138467214966238,0.1465446632924628,0.0,1.0,0.201175521459329,0.4111345996004702,8.047020858373159,0.201175521459329,0.4111345996004702,0.0,0.0,0.0
crisp_limit,0.0,0.0,real,40,49,20309880,1,18,0.8512396694214877,97.30989874341611,19.58678657521128,0.9051371512036104,0.2011532997970289,0.0,0.2011532997970289,0.2011532997970289,0.2011532997970289,0.3657641694648508,1.0,0.3657641694648508,0.3657641694648508,0.3657641694648508,1.0,1.0,0.1747675207144405,0.3564153613635189,0.2368985811693911,0.6690249786120697,0.0,1.0,0.0199337596946422,0.0,0.0199337596946422,0.0199337596946422,0.0199337596946422,0.9051371512036104,1.0,0.9051371512036104,0.9051371512036104,0.9051371512036104,1.0,1.0,0.0068306967455289,0.0936519190339671,0.0122979507638701,0.1729174203393744,0.0,1.0,0.170965550846476,0.3487898932443526,6.838622033859043,0.170965550846476,0.3487898932443526,0.0,0.0,0.0
crisp_limit,0.0,0.0,real,100,0,20261807,1,22,0.8181818181818182,301.0700395332352,19.037705118294078,0.9067745707192816,0.2205723167832399,0.0,0.2205723167832399,0.2205723167832399,0.2205723167832399,0.3319199067442097,1.0,0.3319199067442097,0.3319199067442097,0.3319199067442097,1.0,1.0,0.1893761070036071,0.4329011062448268,0.25629483289351,0.7942241068636444,0.0,1.0,0.0195722807237623,0.0,0.0195722807237623,0.0195722807237623,0.0195722807237623,0.9067745707192816,1.0,0.9067745707192816,0.9067745707192816,0.9067745707192816,1.0,1.0,0.0064872936100768,0.1628924604234383,0.0104553760003302,0.2531810247414678,0.0,1.0,0.1896495263127803,0.401058039454171,18.964952631278035,0.1896495263127803,0.401058039454171,0.0,0.0,0.0
crisp_limit,0.0,0.0,real,100,1,20262804,1,12,0.9008264462809916,251.0007378493744,24.08330194199596,0.9127237897039268,0.2020460332225598,0.0,0.2020460332225598,0.2020460332225598,0.2020460332225598,0.3641351583515598,1.0,0.3641351583515598,0.3641351583515598,0.3641351583515598,1.0,1.0,0.1686426314339622,0.3872113378365668,0.2339454908565619,0.7681205978620735,0.0,1.0,0.0182643949207006,0.0,0.0182643949207006,0.0182643949207006,0.0182643949207006,0.9127237897039268,1.0,0.9127237897039268,0.9127237897039268,0.9127237897039268,1.0,1.0,0.0069211171951492,0.1114943357549958,0.0116712461941544,0.2148534221119594,0.0,1.0,0.1726654929885835,0.4525548465228537,17.266549298858358,0.1726654929885835,0.4525548465228537,0.0,0.0,0.0
crisp_limit,0.0,0.0,real,100,2,20263801,1,17,0.859504132231405,390.8943759939265,23.066059520181376,0.9060613451943242,0.228299216426116,0.0,0.228299216426116,0.228299216426116,0.228299216426116,0.3193409040336597,1.0,0.3193409040336597,0.3193409040336597,0.3193409040336597,1.0,1.0,0.1933792784778375,0.3961729301129179,0.2656450115471307,0.7657891210807279,0.0,1.0,0.0197296530607722,0.0,0.0197296530607722,0.0197296530607722,0.0197296530607722,0.9060613451943242,1.0,0.9060613451943242,0.9060613451943242,0.9060613451943242,1.0,1.0,0.0080831546377416,0.1467076684676903,0.0131448487418023,0.1853589486251561,0.0,1.0,0.1915046189822583,0.4192190936058746,19.15046189822584,0.1915046189822583,0.4192190936058746,0.0,0.0,0.0
crisp_limit,0.0,0.0,real,100,3,20264798,1,18,0.8512396694214877,306.5764692613847,20.19001702521165,0.9012901645285072,0.2150693075774107,0.0,0.2150693075774107,0.2150693075774107,0.2150693075774107,0.3411795031886174,1.0,0.3411795031886174,0.3411795031886174,0.3411795031886174,1.0,1.0,0.1845533242589091,0.3969715109409507,0.2492526226600978,0.7674546214448515,0.0,1.0,0.0207856052036834,0.0,0.0207856052036834,0.0207856052036834,0.0207856052036834,0.9012901645285072,1.0,0.9012901645285072,0.9012901645285072,0.9012901645285072,1.0,1.0,0.0074949541896366,0.1612683903270494,0.0124389899740647,0.2496492014870921,0.0,1.0,0.1864279076626065,0.4157487323645918,18.64279076626065,0.1864279076626065,0.4157487323645918,0.0,0.0,0.0
crisp_limit,0.0,0.0,real,100,4,20265795,1,19,0.8429752066115702,306.0844787392311,21.363740436266056,0.9074211739995108,0.2355283562896309,0.0,0.2355283562896309,0.2355283562896309,0.2355283562896309,0.3080042241135715,1.0,0.3080042241135715,0.3080042241135715,0.3080042241135715,1.0,1.0,0.2113785441801612,0.3990607546105246,0.2736695464639958,0.7728093498362161,0.0,1.0,0.0194297154444663,0.0,0.0194297154444663,0.0194297154444663,0.0194297154444663,0.9074211739995108,1.0,0.9074211739995108,0.9074211739995108,0.9074211739995108,1.0,1.0,0.0082536297131074,0.1005369650136471,0.0138585711108181,0.1913948462731674,0.0,1.0,0.2078300110807938,0.4395152507462893,20.783001108079382,0.2078300110807938,0.4395152507462893,0.0,0.0,0.0
crisp_limit,0.0,0.0,real,100,5,20266792,1,15,0.8760330578512396,309.61920017964513,22.480321381134686,0.9003133178541312,0.223503058986325,0.0,0.223503058986325,0.223503058986325,0.223503058986325,0.3270915117036075,1.0,0.3270915117036075,0.3270915117036075,0.3270915117036075,1.0,1.0,0.1982438859502925,0.399877825257935,0.2596964262819224,0.7803146247675647,0.0,1.0,0.021002489058462,0.0,0.021002489058462,0.021002489058462,0.021002489058462,0.9003133178541312,1.0,0.9003133178541312,0.9003133178541312,0.9003133178541312,1.0,1.0,0.0086474255522975,0.1047378572391896,0.0146312128616175,0.1878208024179223,0.0,1.0,0.1931211127157275,0.4039224010739735,19.312111271572757,0.1931211127157275,0.4039224010739735,0.0,0.0,0.0
crisp_limit,0.0,0.0,real,100,6,20267789,1,17,0.859504132231405,301.29472212515213,21.49783134657396,0.9053489601544202,0.2326908346955281,0.0,0.2326908346955281,0.2326908346955281,0.2326908346955281,0.3124052132306706,1.0,0.3124052132306706,0.3124052132306706,0.3124052132306706,1.0,1.0,0.2006847831849052,0.4104480901914948,0.2706322474633171,0.7855025697647418,0.0,1.0,0.0198869636545185,0.0,0.0198869636545185,0.0198869636545185,0.0198869636545185,0.9053489601544202,1.0,0.9053489601544202,0.9053489601544202,0.9053489601544202,1.0,1.0,0.0073055377565326,0.1085867992413943,0.0122893880358839,0.2140383068685452,0.0,1.0,0.1982110666449414,0.3925266247465843,19.821106664494145,0.1982110666449414,0.3925266247465843,0.0,0.0,0.0
crisp_limit,0.0,0.0,real,100,7,20268786,1,15,0.8760330578512396,323.596699113207,23.897554841418984,0.90787058229364,0.2295148840052444,0.0,0.2295148840052444,0.2295148840052444,0.2295148840052444,0.3174057293958187,1.0,0.3174057293958187,0.3174057293958187,0.3174057293958187,1.0,1.0,0.1953582502476052,0.4116083953558449,0.2672803704405801,0.7872942098421374,0.0,1.0,0.019330688210579,0.0,0.019330688210579,0.019330688210579,0.019330688210579,0.90787058229364,1.0,0.90787058229364,0.90787058229364,0.90787058229364,1.0,1.0,0.0071939972019071,0.1089402505577313,0.0122556764415943,0.1998228752667635,0.0,1.0,0.1933920552607934,0.4480742345347669,19.339205526079347,0.1933920552607934,0.4480742345347669,0.0,0.0,0.0
crisp_limit,0.0,0.0,real,100,8,20269783,1,21,0.8264462809917356,251.80375779795835,17.253243934535664,0.901664370546298,0.2135172133741187,0.0,0.2135172133741187,0.2135172133741187,0.2135172133741187,0.343837517215055,1.0,0.343837517215055,0.343837517215055,0.343837517215055,1.0,1.0,0.1813023431404799,0.4217496169704794,0.2482983449786259,0.7951929833056968,0.0,1.0,0.0207025845803933,0.0,0.0207025845803933,0.0207025845803933,0.0207025845803933,0.901664370546298,1.0,0.901664370546298,0.901664370546298,0.901664370546298,1.0,1.0,0.0066487946850214,0.1297154085182251,0.0114631983999111,0.2477780603622529,0.0,1.0,0.1788434706874173,0.4102778415062598,17.88434706874173,0.1788434706874173,0.4102778415062598,0.0,0.0,0.0
crisp_limit,0.0,0.0,real,100,9,20270780,1,17,0.859504132231405,315.11957609189704,21.91153228892616,0.9038857632200008,0.2397514701649721,0.0,0.2397514701649721,0.2397514701649721,0.2397514701649721,0.30156872329613,1.0,0.30156872329613,0.30156872329613,0.30156872329613,1.0,1.0,0.2077305942460753,0.4205284275879499,0.2781867281373686,0.7907231292715479,0.0,1.0,0.0202104589389104,0.0,0.0202104589389104,0.0202104589389104,0.0202104589389104,0.9038857632200008,1.0,0.9038857632200008,0.9038857632200008,0.9038857632200008,1.0,1.0,0.007001813048146,0.1506296409528418,0.0110276997601386,0.260770729764104,0.0,1.0,0.204191920616579,0.4405335822417316,20.419192061657903,0.204191920616579,0.4405335822417316,0.0,0.0,0.0
crisp_limit,0.0,0.0,real,100,10,20271777,1,19,0.8429752066115702,338.1388341158507,18.547354660331827,0.9070648824287773,0.2312609157558131,0.0,0.2312609157558131,0.2312609157558131,0.2312609157558131,0.3146467875123094,1.0,0.3146467875123094,0.3146467875123094,0.3146467875123094,1.0,1.0,0.1978042045583876,0.3989224199163969,0.2690464823973311,0.7857293008688067,0.0,1.0,0.01950825924458,0.0,0.01950825924458,0.01950825924458,0.01950825924458,0.9070648824287773,1.0,0.9070648824287773,0.9070648824287773,0.9070648824287773,1.0,1.0,0.0065252072388817,0.1181552028891697,0.0111565242739039,0.2173323431935383,0.0,1.0,0.1969290965074862,0.41110985508812,19.69290965074863,0.1969290965074862,0.41110985508812,0.0,0.0,0.0
crisp_limit,0.0,0.0,real,100,11,20272774,1,17,0.859504132231405,305.2688509436391,21.61045882458961,0.9098533088875768,0.2297978909869316,0.0,0.2297978909869316,0.2297978909869316,0.2297978909869316,0.3169569068332735,1.0,0.3169569068332735,0.3169569068332735,0.3169569068332735,1.0,1.0,0.2015296018503667,0.4426715829161524,0.2662131734951007,0.7974014842063488,0.0,1.0,0.0188943782979682,0.0,0.0188943782979682,0.0188943782979682,0.0188943782979682,0.9098533088875768,1.0,0.9098533088875768,0.9098533088875768,0.9098533088875768,1.0,1.0,0.0068281381339725,0.1221078820095629,0.0119469272571358,0.2012191661108573,0.0,1.0,0.1977880294005498,0.4006227077899707,19.77880294005498,0.1977880294005498,0.4006227077899707,0.0,0.0,0.0
crisp_limit,0.0,0.0,real,100,12,20273771,1,22,0.8181818181818182,304.7204200301953,18.30994197092262,0.9084526487136312,0.2306740016981864,0.0,0.2306740016981864,0.2306740016981864,0.2306740016981864,0.315571496774753,1.0,0.315571496774753,0.315571496774753,0.315571496774753,1.0,1.0,0.1951196345256869,0.41223586253824,0.2684262106090744,0.7874793856563983,0.0,1.0,0.0192025025594834,0.0,0.0192025025594834,0.0192025025594834,0.0192025025594834,0.9084526487136312,1.0,0.9084526487136312,0.9084526487136312,0.9084526487136312,1.0,1.0,0.0073611139308206,0.1233080387197119,0.0118336437248568,0.2339141762355202,0.0,1.0,0.195892583482982,0.4100417057720297,19.5892583482982,0.195892583482982,0.4100417057720297,0.0,0.0,0.0
crisp_limit,0.0,0.0,real,100,13,20274768,1,18,0.8512396694214877,247.09185164517132,19.56218565963309,0.9124347087502476,0.2126690507250298,0.0,0.2126690507250298,0.2126690507250298,0.2126690507250298,0.345298764160059,1.0,0.345298764160059,0.345298764160059,0.345298764160059,1.0,1.0,0.1800059957638528,0.3897266745008804,0.2473212191558403,0.7663357144952201,0.0,1.0,0.0183277496279967,0.0,0.0183277496279967,0.0183277496279967,0.0183277496279967,0.9124347087502476,1.0,0.9124347087502476,0.9124347087502476,0.9124347087502476,1.0,1.0,0.0071596790247507,0.1154678818566946,0.0121510515571817,0.1796392575756811,0.0,1.0,0.1758443997783567,0.3985041110315755,17.58443997783567,0.1758443997783567,0.3985041110315755,0.0,0.0,0.0
crisp_limit,0.0,0.0,real,100,14,20275765,1,20,0.8347107438016529,346.898975036218,18.62571509788957,0.9093399672693928,0.2263633416191729,0.0,0.2263633416191729,0.2263633416191729,0.2263633416191729,0.3224469320414619,1.0,0.3224469320414619,0.3224469320414619,0.3224469320414619,1.0,1.0,0.1931789236900516,0.4181547983351679,0.2618981300884037,0.7794482631734323,0.0,1.0,0.0190072506658551,0.0,0.0190072506658551,0.0190072506658551,0.0190072506658551,0.9093399672693928,1.0,0.9093399672693928,0.9093399672693928,0.9093399672693928,1.0,1.0,0.0064724265383021,0.1131883226625193,0.0111812373216225,0.2254107365628238,0.0,1.0,0.1928548457535262,0.3970280335135574,19.285484575352623,0.1928548457535262,0.3970280335135574,0.0,0.0,0.0
crisp_limit,0.0,0.0,real,100,15,20276762,1,19,0.8429752066115702,339.1729340331673,20.271954226391728,0.9092267669702226,0.2359403652489002,0.0,0.2359403652489002,0.2359403652489002,0.2359403652489002,0.3073703747176683,1.0,0.3073703747176683,0.3073703747176683,0.3073703747176683,1.0,1.0,0.207124352983039,0.3969783579051972,0.274507691238474,0.7915183400460711,0.0,1.0,0.0190321494605344,0.0,0.0190321494605344,0.0190321494605344,0.0190321494605344,0.9092267669702226,1.0,0.9092267669702226,0.9092267669702226,0.9092267669702226,1.0,1.0,0.0056781878565854,0.1300600920705386,0.010376539291677,0.2152153487941829,0.0,1.0,0.2103732826300233,0.4540589398877401,21.03732826300233,0.2103732826300233,0.4540589398877401,0.0,0.0,0.0
crisp_limit,0.0,0.0,real,100,16,20277759,1,19,0.8429752066115702,320.51014507825863,21.11264095084437,0.9041205570952938,0.2219982471613446,0.0,0.2219982471613446,0.2219982471613446,0.2219982471613446,0.329561849406277,1.0,0.329561849406277,0.329561849406277,0.329561849406277,1.0,1.0,0.1854708734987993,0.4093715620522162,0.2572539204920409,0.7844427378950376,0.0,1.0,0.0201585135725752,0.0,0.0201585135725752,0.0201585135725752,0.0201585135725752,0.9041205570952938,1.0,0.9041205570952938,0.9041205570952938,0.9041205570952938,1.0,1.0,0.0082105562385943,0.1049720224438341,0.0140969732394825,0.199018815084554,0.0,1.0,0.179140065509885,0.3979282369549766,17.914006550988503,0.179140065509885,0.3979282369549766,0.0,0.0,0.0
crisp_limit,0.0,0.0,real,100,17,20278756,1,20,0.8347107438016529,258.0752361740951,19.586779764873764,0.9108945891502864,0.2349058142413836,0.0,0.2349058142413836,0.2349058142413836,0.2349058142413836,0.3089644456867804,1.0,0.3089644456867804,0.3089644456867804,0.3089644456867804,1.0,1.0,0.2067370013653169,0.4088780385170769,0.2734236674698301,0.7835626838255498,0.0,1.0,0.0186656194725747,0.0,0.0186656194725747,0.0186656194725747,0.0186656194725747,0.9108945891502864,1.0,0.9108945891502864,0.9108945891502864,0.9108945891502864,1.0,1.0,0.0067559311110895,0.1026556220661946,0.0113178570973712,0.1902932425443097,0.0,1.0,0.2027968660707345,0.3948526212452527,20.27968660707345,0.2027968660707345,0.3948526212452527,0.0,0.0,0.0
crisp_limit,0.0,0.0,real,100,18,20279753,1,20,0.8347107438016529,308.1489529338068,20.630426364530244,0.9081450829216527,0.2387158614995589,0.0,0.2387158614995589,0.2387158614995589,0.2387158614995589,0.303134309048819,1.0,0.303134309048819,0.303134309048819,0.303134309048819,1.0,1.0,0.2059776466227129,0.399509337861384,0.2778842065813796,0.7967562901082347,0.0,1.0,0.0192702260382836,0.0,0.0192702260382836,0.0192702260382836,0.0192702260382836,0.9081450829216527,1.0,0.9081450829216527,0.9081450829216527,0.9081450829216527,1.0,1.0,0.0074343455931008,0.1071266932933141,0.012447584565571,0.2057804744417269,0.0,1.0,0.2023295522568592,0.4017165910403328,20.232955225685924,0.2023295522568592,0.4017165910403328,0.0,0.0,0.0
crisp_limit,0.0,0.0,real,100,19,20280750,1,17,0.859504132231405,306.773289863489,19.94025192317954,0.9035921498695948,0.2261756111275138,0.0,0.2261756111275138,0.2261756111275138,0.2261756111275138,0.322749739740255,1.0,0.322749739740255,0.322749739740255,0.322749739740255,1.0,1.0,0.197037401843006,0.4063011467913497,0.2626739740070181,0.7854944741064607,0.0,1.0,0.0202754364085353,0.0,0.0202754364085353,0.0202754364085353,0.0202754364085353,0.9035921498695948,1.0,0.9035921498695948,0.9035921498695948,0.9035921498695948,1.0,1.0,0.0066870372388713,0.1412150524156484,0.012222154102173,0.2428531148350659,0.0,1.0,0.1943564813501334,0.4281437064828262,19.435648135013345,0.1943564813501334,0.4281437064828262,0.0,0.0,0.0
crisp_limit,0.0,0.0,real,100,20,20281747,1,16,0.8677685950413223,295.0537857163535,24.219507963642503,0.9003542909297948,0.2341194889144814,0.0,0.2341194889144814,0.2341194889144814,0.2341194889144814,0.3101815696011326,1.0,0.3101815696011326,0.3101815696011326,0.3101815696011326,1.0,1.0,0.2040189548938183,0.401808769195663,0.2724671196742881,0.7861530250555452,0.0,1.0,0.0209933873063183,0.0,0.0209933873063183,0.0209933873063183,0.0209933873063183,0.9003542909297948,1.0,0.9003542909297948,0.9003542909297948,0.9003542909297948,1.0,1.0,0.0094470291172207,0.1617630402341292,0.0146149392037904,0.2241874333061233,0.0,1.0,0.202509808100904,0.4295683584029373,20.250980810090404,0.202509808100904,0.4295683584029373,0.0,0.0,0.0
crisp_limit,0.0,0.0,real,100,21,20282744,1,15,0.8760330578512396,308.3627619374845,22.218836358147176,0.9054282833264418,0.2218334166127552,0.0,0.2218334166127552,0.2218334166127552,0.2218334166127552,0.3298335706629652,1.0,0.3298335706629652,0.3298335706629652,0.3298335706629652,1.0,1.0,0.1882437474284558,0.4304609566369064,0.2567956482615139,0.7753912431640002,0.0,1.0,0.0198694411961691,0.0,0.0198694411961691,0.0198694411961691,0.0198694411961691,0.9054282833264418,1.0,0.9054282833264418,0.9054282833264418,0.9054282833264418,1.0,1.0,0.0067685018872765,0.121169867720445,0.0118269666184565,0.2330628729304145,0.0,1.0,0.1860803095241588,0.4676993828806435,18.608030952415888,0.1860803095241588,0.4676993828806435,0.0,0.0,0.0
crisp_limit,0.0,0.0,real,100,22,20283741,1,21,0.8264462809917356,278.8120063227664,18.529650966310072,0.9023699270449306,0.2127148051186173,0.0,0.2127148051186173,0.2127148051186173,0.2127148051186173,0.3452197785174508,1.0,0.3452197785174508,0.3452197785174508,0.3452197785174508,1.0,1.0,0.1779263145334,0.3997482979405901,0.2462591224442833,0.7818589538195162,0.0,1.0,0.0205461448640202,0.0,0.0205461448640202,0.0205461448640202,0.0205461448640202,0.9023699270449306,1.0,0.9023699270449306,0.9023699270449306,0.9023699270449306,1.0,1.0,0.0065510364032538,0.1319683741303107,0.0113856584149337,0.2331084035585514,0.0,1.0,0.1752132765797613,0.4148080580626886,17.521327657976133,0.1752132765797613,0.4148080580626886,0.0,0.0,0.0
crisp_limit,0.0,0.0,real,100,23,20284738,1,16,0.8677685950413223,332.13938374278047,23.176479905695533,0.9005252458006996,0.2314135341016402,0.0,0.2314135341016402,0.2314135341016402,0.2314135341016402,0.3144067747386877,1.0,0.3144067747386877,0.3144067747386877,0.3144067747386877,1.0,1.0,0.1997998786430228,0.4052206836595659,0.2690238171641095,0.7920170815562475,0.0,1.0,0.0209554158889233,0.0,0.0209554158889233,0.0209554158889233,0.0209554158889233,0.9005252458006996,1.0,0.9005252458006996,0.9005252458006996,0.9005252458006996,1.0,1.0,0.0075237572337096,0.1822066426809573,0.0119534871078112,0.2594142950943913,0.0,1.0,0.1982354530855947,0.4165160797406133,19.82354530855947,0.1982354530855947,0.4165160797406133,0.0,0.0,0.0
crisp_limit,0.0,0.0,real,100,24,20285735,1,16,0.8677685950413223,324.0600538770913,23.947203239157417,0.9057195719589316,0.2353362913935877,0.0,0.2353362913935877,0.2353362913935877,0.2353362913935877,0.3083001501797781,1.0,0.3083001501797781,0.3083001501797781,0.3083001501797781,1.0,1.0,0.201302191512525,0.422779742565065,0.2720368835674197,0.7871694793819537,0.0,1.0,0.019805108815099,0.0,0.019805108815099,0.019805108815099,0.019805108815099,0.9057195719589316,1.0,0.9057195719589316,0.9057195719589316,0.9057195719589316,1.0,1.0,0.0079655388017942,0.1029681032566917,0.0135231182702329,0.1778789458129067,0.0,1.0,0.2004883543319136,0.4025176284301237,20.048835433191364,0.2004883543319136,0.4025176284301237,0.0,0.0,0.0
crisp_limit,0.0,0.0,real,100,25,20286732,1,14,0.8842975206611571,318.64563406196595,23.932993823861747,0.9047134095651448,0.2311412365136593,0.0,0.2311412365136593,0.2311412365136593,0.2311412365136593,0.3148351273029759,1.0,0.3148351273029759,0.3148351273029759,0.3148351273029759,1.0,1.0,0.1959047315595274,0.4078291814418934,0.2684699002277761,0.7785433990095808,0.0,1.0,0.020027411989565,0.0,0.020027411989565,0.020027411989565,0.020027411989565,0.9047134095651448,1.0,0.9047134095651448,0.9047134095651448,0.9047134095651448,1.0,1.0,0.0079217936984393,0.1119007176009259,0.013086680610316,0.2155404090595346,0.0,1.0,0.1931119555133638,0.4006364794789493,19.311195551336382,0.1931119555133638,0.4006364794789493,0.0,0.0,0.0
crisp_limit,0.0,0.0,real,100,26,20287729,1,17,0.859504132231405,338.4311228808598,21.57487377281509,0.9001825206005944,0.2320572661894071,0.0,0.2320572661894071,0.2320572661894071,0.2320572661894071,0.3133964329369709,1.0,0.3133964329369709,0.3133964329369709,0.3133964329369709,1.0,1.0,0.2030304039834491,0.4017796390832365,0.269891046012732,0.7921637924743014,0.0,1.0,0.0210315471103549,0.0,0.0210315471103549,0.0210315471103549,0.0210315471103549,0.9001825206005944,1.0,0.9001825206005944,0.9001825206005944,0.9001825206005944,1.0,1.0,0.0082574673694549,0.1041612638375605,0.0141777022500906,0.1991266487393805,0.0,1.0,0.1958739923959812,0.4223575297369608,19.587399239598124,0.1958739923959812,0.4223575297369608,0.0,0.0,0.0
crisp_limit,0.0,0.0,real,100,27,20288726,1,17,0.859504132231405,332.4056000203657,21.657815456404187,0.9034718513189692,0.2228661118598517,0.0,0.2228661118598517,0.2228661118598517,0.2228661118598517,0.3281348722278336,1.0,0.3281348722278336,0.3281348722278336,0.3281348722278336,1.0,1.0,0.1921012529795567,0.4119652565670312,0.2594028896303843,0.7634808937730008,0.0,1.0,0.0203020649177025,0.0,0.0203020649177025,0.0203020649177025,0.0203020649177025,0.9034718513189692,1.0,0.9034718513189692,0.9034718513189692,0.9034718513189692,1.0,1.0,0.0063541962392924,0.1651917336763173,0.0103468815454854,0.2716152530460837,0.0,1.0,0.1899405126688156,0.4270112260628733,18.99405126688156,0.1899405126688156,0.4270112260628733,0.0,0.0,0.0
crisp_limit,0.0,0.0,real,100,28,20289723,1,17,0.859504132231405,294.4862388909611,21.947373108660607,0.9037415757367372,0.2133754661669843,0.0,0.2133754661669843,0.2133754661669843,0.2133754661669843,0.3440812936302823,1.0,0.3440812936302823,0.3440812936302823,0.3440812936302823,1.0,1.0,0.1839558500400553,0.3949047396193325,0.248043876226422,0.7256640159147754,0.0,1.0,0.0202423654011467,0.0,0.0202423654011467,0.0202423654011467,0.0202423654011467,0.9037415757367372,1.0,0.9037415757367372,0.9037415757367372,0.9037415757367372,1.0,1.0,0.0082017720652004,0.1200577759614999,0.0135477816992776,0.2041251359919912,0.0,1.0,0.1798328012674573,0.4007274525668624,17.983280126745736,0.1798328012674573,0.4007274525668624,0.0,0.0,0.0
crisp_limit,0.0,0.0,real,100,29,20290720,1,21,0.8264462809917356,339.56368191722373,19.039823234012797,0.909893975821942,0.2411286826447977,0.0,0.2411286826447977,0.2411286826447977,0.2411286826447977,0.299499235737667,1.0,0.299499235737667,0.299499235737667,0.299499235737667,1.0,1.0,0.2087520183588256,0.4190840118465718,0.2803654405044669,0.7973961445021251,0.0,1.0,0.0188854392689693,0.0,0.0188854392689693,0.0188854392689693,0.0188854392689693,0.909893975821942,1.0,0.909893975821942,0.909893975821942,0.909893975821942,1.0,1.0,0.0069248735740293,0.1136261959434319,0.011050046945416,0.1947755513733452,0.0,1.0,0.2059289588999581,0.4512764089063185,20.592895889995813,0.2059289588999581,0.4512764089063185,0.0,0.0,0.0
crisp_limit,0.0,0.0,real,100,30,20291717,1,18,0.8512396694214877,313.70926205607554,21.622227437612334,0.9074228578842124,0.2346401626752041,0.0,0.2346401626752041,0.2346401626752041,0.2346401626752041,0.3093751028001202,1.0,0.3093751028001202,0.3093751028001202,0.3093751028001202,1.0,1.0,0.2015617193521882,0.419147701206185,0.2730864496884141,0.7817910881986011,0.0,1.0,0.0194293443085071,0.0,0.0194293443085071,0.0194293443085071,0.0194293443085071,0.9074228578842124,1.0,0.9074228578842124,0.9074228578842124,0.9074228578842124,1.0,1.0,0.0070350811184875,0.1235102545444971,0.0120920316254875,0.2083813504756611,0.0,1.0,0.1985211903089983,0.38502747930635,19.85211903089984,0.1985211903089983,0.38502747930635,0.0,0.0,0.0
crisp_limit,0.0,0.0,real,100,31,20292714,1,13,0.8925619834710744,319.6704400447309,26.3778549887992,0.903575952531208,0.2374863669633895,0.0,0.2374863669633895,0.2374863669633895,0.2374863669633895,0.3050035586258824,1.0,0.3050035586258824,0.3050035586258824,0.3050035586258824,1.0,1.0,0.2071587045247513,0.4227768815461495,0.2763498738078089,0.791313935673053,0.0,1.0,0.0202790215400713,0.0,0.0202790215400713,0.0202790215400713,0.0202790215400713,0.903575952531208,1.0,0.903575952531208,0.903575952531208,0.903575952531208,1.0,1.0,0.0077028404079388,0.1335849961330923,0.0129699523862221,0.1997717351775107,0.0,1.0,0.2082284844324989,0.4256532062174917,20.82284844324989,0.2082284844324989,0.4256532062174917,0.0,0.0,0.0
crisp_limit,0.0,0.0,real,100,32,20293711,1,17,0.859504132231405,342.4635448311064,21.14605556338058,0.910651775746257,0.2246494842747533,0.0,0.2246494842747533,0.2246494842747533,0.2246494842747533,0.3252219452151917,1.0,0.3252219452151917,0.3252219452151917,0.3252219452151917,1.0,1.0,0.1896557278694285,0.393359332069892,0.2612523939376137,0.7822150152008944,0.0,1.0,0.0187189397525625,0.0,0.0187189397525625,0.0187189397525625,0.0187189397525625,0.910651775746257,1.0,0.910651775746257,0.910651775746257,0.910651775746257,1.0,1.0,0.0076843315442414,0.1021117617969195,0.012590460726153,0.2006317935182816,0.0,1.0,0.1868251861750728,0.400390351110915,18.682518617507284,0.1868251861750728,0.400390351110915,0.0,0.0,0.0
crisp_limit,0.0,0.0,real,100,33,20294708,1,18,0.8512396694214877,246.8905923010206,19.75265932716082,0.9076599105027788,0.2034048200355344,0.0,0.2034048200355344,0.2034048200355344,0.2034048200355344,0.3616696328872789,1.0,0.3616696328872789,0.3616696328872789,0.3616696328872789,1.0,1.0,0.1677182887567101,0.4030849883248973,0.2355677577795491,0.7630234592737182,0.0,1.0,0.0193771036891716,0.0,0.0193771036891716,0.0193771036891716,0.0193771036891716,0.9076599105027788,1.0,0.9076599105027788,0.9076599105027788,0.9076599105027788,1.0,1.0,0.0059007636014554,0.1227226654770506,0.0104019050640723,0.232470372102826,0.0,1.0,0.1654935915792716,0.4431818972357903,16.549359157927167,0.1654935915792716,0.4431818972357903,0.0,0.0,0.0
crisp_limit,0.0,0.0,real,100,34,20295705,1,15,0.8760330578512396,286.6195685465505,23.04282952051913,0.909088978476732,0.2295408361084367,0.0,0.2295408361084367,0.2295408361084367,0.2295408361084367,0.3173645453366933,1.0,0.3173645453366933,0.3173645453366933,0.3173645453366933,1.0,1.0,0.1985394554425445,0.3956141139708212,0.2666681954379953,0.7640920844005867,0.0,1.0,0.0190624606964349,0.0,0.0190624606964349,0.0190624606964349,0.0190624606964349,0.909088978476732,1.0,0.909088978476732,0.909088978476732,0.909088978476732,1.0,1.0,0.0069115208008043,0.1013302971644903,0.0116697094378038,0.1860884471507569,0.0,1.0,0.20281021976536,0.429567436334003,20.281021976536003,0.20281021976536,0.429567436334003,0.0,0.0,0.0
crisp_limit,0.0,0.0,real,100,35,20296702,1,21,0.8264462809917356,331.1630738183638,18.6569001388156,0.9103597329112264,0.2315602332152138,0.0,0.2315602332152138,0.2315602332152138,0.2315602332152138,0.3141762433201319,1.0,0.3141762433201319,0.3141762433201319,0.3141762433201319,1.0,1.0,0.2013236034663655,0.4098281315905449,0.2691309821064968,0.7707100903171888,0.0,1.0,0.0187830893389096,0.0,0.0187830893389096,0.0187830893389096,0.0187830893389096,0.9103597329112264,1.0,0.9103597329112264,0.9103597329112264,0.9103597329112264,1.0,1.0,0.0055776367918343,0.1192885812409586,0.0097308356670023,0.2254030679314082,0.0,1.0,0.2037642518479183,0.4446725208075014,20.37642518479183,0.2037642518479183,0.4446725208075014,0.0,0.0,0.0
crisp_limit,0.0,0.0,real,100,36,20297699,1,11,0.9090909090909092,333.603971743492,25.67242747411468,0.9002563362839895,0.2168321071408626,0.0,0.2168321071408626,0.2168321071408626,0.2168321071408626,0.3381855614724884,1.0,0.3381855614724884,0.3381855614724884,0.3381855614724884,1.0,1.0,0.1825966318309393,0.4094889336552039,0.2520557409477693,0.7773393458734762,0.0,1.0,0.0210151476234955,0.0,0.0210151476234955,0.0210151476234955,0.0210151476234955,0.9002563362839895,1.0,0.9002563362839895,0.9002563362839895,0.9002563362839895,1.0,1.0,0.0086342656462962,0.1537172091405206,0.0145846883068261,0.2068698755810087,0.0,1.0,0.1828507533486295,0.4176364806064301,18.285075334862952,0.1828507533486295,0.4176364806064301,0.0,0.0,0.0
crisp_limit,0.0,0.0,real,100,37,20298696,1,18,0.8512396694214877,329.96476382111143,21.65586008137073,0.9085422283291956,0.2402145269277494,0.0,0.2402145269277494,0.2402145269277494,0.2402145269277494,0.3008713137743377,1.0,0.3008713137743377,0.3008713137743377,0.3008713137743377,1.0,1.0,0.2122825178209384,0.4218804226621902,0.2789068304897817,0.7872799320274475,0.0,1.0,0.0191827821702255,0.0,0.0191827821702255,0.0191827821702255,0.0191827821702255,0.9085422283291956,1.0,0.9085422283291956,0.9085422283291956,0.9085422283291956,1.0,1.0,0.0075386463375892,0.1128869770253852,0.0128223598992808,0.2093302400929321,0.0,1.0,0.2071464868898669,0.4288078901790892,20.71464868898669,0.2071464868898669,0.4288078901790892,0.0,0.0,0.0
crisp_limit,0.0,0.0,real,100,38,20299693,1,21,0.8264462809917356,317.2258812852327,17.804340047872817,0.9085925324414444,0.2250338730773853,0.0,0.2250338730773853,0.2250338730773853,0.2250338730773853,0.3245974871236046,1.0,0.3245974871236046,0.3245974871236046,0.3245974871236046,1.0,1.0,0.1939635430578042,0.4070446732345262,0.2616106142951889,0.7810388108843932,0.0,1.0,0.0191717088886291,0.0,0.0191717088886291,0.0191717088886291,0.0191717088886291,0.9085925324414444,1.0,0.9085925324414444,0.9085925324414444,0.9085925324414444,1.0,1.0,0.0057018868530783,0.1189008058691037,0.0100090139040028,0.2324415159508527,0.0,1.0,0.1987572596450191,0.4436017785527073,19.875725964501918,0.1987572596450191,0.4436017785527073,0.0,0.0,0.0
crisp_limit,0.0,0.0,real,100,39,20300690,1,17,0.859504132231405,307.405800580315,21.85505251734248,0.9118201225329908,0.2448019363611963,0.0,0.2448019363611963,0.2448019363611963,0.2448019363611963,0.2940487580148723,1.0,0.2940487580148723,0.2940487580148723,0.2940487580148723,1.0,1.0,0.2127071905769633,0.4417364652218183,0.2807693295131311,0.778169569329989,0.0,1.0,0.0184625084851409,0.0,0.0184625084851409,0.0184625084851409,0.0184625084851409,0.9118201225329908,1.0,0.9118201225329908,0.9118201225329908,0.9118201225329908,1.0,1.0,0.0065000258244683,0.1208760460156163,0.0110961605220226,0.2131828485158021,0.0,1.0,0.2080478114406988,0.447906664446603,20.804781144069885,0.2080478114406988,0.447906664446603,0.0,0.0,0.0
crisp_limit,0.0,0.0,real,100,40,20301687,1,14,0.8842975206611571,310.2425702573871,22.517264316629863,0.9112712831328158,0.2105374053906398,0.0,0.2105374053906398,0.2105374053906398,0.2105374053906398,0.3489987191118028,1.0,0.3489987191118028,0.3489987191118028,0.3489987191118028,1.0,1.0,0.1793086602519454,0.3847376156810071,0.2450121505080577,0.7562437211900577,0.0,1.0,0.018582927991272,0.0,0.018582927991272,0.018582927991272,0.018582927991272,0.9112712831328158,1.0,0.9112712831328158,0.9112712831328158,0.9112712831328158,1.0,1.0,0.0082933939976002,0.0907485954525261,0.0130381441081998,0.1638616689795841,0.0,1.0,0.1772585266607699,0.4137435752182842,17.725852666076992,0.1772585266607699,0.4137435752182842,0.0,0.0,0.0
crisp_limit,0.0,0.0,real,100,41,20302684,1,21,0.8264462809917356,326.0230198401167,20.2534750204142,0.906269908059842,0.2327954188145634,0.0,0.2327954188145634,0.2327954188145634,0.2327954188145634,0.3122418928161576,1.0,0.3122418928161576,0.3122418928161576,0.3122418928161576,1.0,1.0,0.206101863233109,0.3957033935141847,0.2708075922026093,0.7827478514090811,0.0,1.0,0.0196836211080452,0.0,0.0196836211080452,0.0196836211080452,0.0196836211080452,0.906269908059842,1.0,0.906269908059842,0.906269908059842,0.906269908059842,1.0,1.0,0.0069366673593493,0.1388901622531237,0.0117751237505549,0.2432301093078501,0.0,1.0,0.2021182099824494,0.3997137467681239,20.21182099824494,0.2021182099824494,0.3997137467681239,0.0,0.0,0.0
crisp_limit,0.0,0.0,real,100,42,20303681,1,14,0.8842975206611571,363.1103339290146,24.63869792661904,0.9133577306332252,0.2362398192271629,0.0,0.2362398192271629,0.2362398192271629,0.2362398192271629,0.306910502672318,1.0,0.306910502672318,0.306910502672318,0.306910502672318,1.0,1.0,0.2062854670807785,0.4098176457010158,0.2751173787534198,0.7945571084569689,0.0,1.0,0.0181255312505511,0.0,0.0181255312505511,0.0181255312505511,0.0181255312505511,0.9133577306332252,1.0,0.9133577306332252,0.9133577306332252,0.9133577306332252,1.0,1.0,0.0073387603991153,0.1161780969813222,0.012145897348907,0.1914543685519139,0.0,1.0,0.2070056747766186,0.4555934614910603,20.700567477661863,0.2070056747766186,0.4555934614910603,0.0,0.0,0.0
crisp_limit,0.0,0.0,real,100,43,20304678,1,17,0.859504132231405,386.4547084096486,22.263502973068128,0.9056781277358532,0.2310739236687508,0.0,0.2310739236687508,0.2310739236687508,0.2310739236687508,0.3149411073770058,1.0,0.3149411073770058,0.3149411073770058,0.3149411073770058,1.0,1.0,0.2035906713425379,0.4125455692776268,0.2686799665541468,0.7727348254659085,0.0,1.0,0.0198142606922583,0.0,0.0198142606922583,0.0198142606922583,0.0198142606922583,0.9056781277358532,1.0,0.9056781277358532,0.9056781277358532,0.9056781277358532,1.0,1.0,0.0063926044228732,0.1301080690613121,0.0112778496464455,0.2377697686814616,0.0,1.0,0.2015785835512981,0.4037162276756977,20.15785835512981,0.2015785835512981,0.4037162276756977,0.0,0.0,0.0
crisp_limit,0.0,0.0,real,100,44,20305675,1,19,0.8429752066115702,333.2070622360355,21.849447018764955,0.908062801411672,0.2365940626944734,0.0,0.2365940626944734,0.2365940626944734,0.2365940626944734,0.3063673786065866,1.0,0.3063673786065866,0.3063673786065866,0.3063673786065866,1.0,1.0,0.2097292608583959,0.3881017600600366,0.2743729306743874,0.7690560776542185,0.0,1.0,0.0192883476444602,0.0,0.0192883476444602,0.0192883476444602,0.0192883476444602,0.908062801411672,1.0,0.908062801411672,0.908062801411672,0.908062801411672,1.0,1.0,0.0072752223969462,0.14676146238211,0.0112685887613164,0.2253918428182223,0.0,1.0,0.2089075307041091,0.4058210878687554,20.89075307041092,0.2089075307041091,0.4058210878687554,0.0,0.0,0.0
crisp_limit,0.0,0.0,real,100,45,20306672,1,23,0.8099173553719008,273.82313136149406,16.251393128356288,0.9021714167005392,0.237986994731208,0.0,0.237986994731208,0.237986994731208,0.237986994731208,0.3042410471064636,1.0,0.3042410471064636,0.3042410471064636,0.3042410471064636,1.0,1.0,0.208008746268111,0.4175237997911833,0.2772134304588346,0.7941721609590886,0.0,1.0,0.0205901472573996,0.0,0.0205901472573996,0.0205901472573996,0.0205901472573996,0.9021714167005392,1.0,0.9021714167005392,0.9021714167005392,0.9021714167005392,1.0,1.0,0.0084686335636601,0.1017239854383456,0.0141317100622017,0.168647473058241,0.0,1.0,0.2023408959050424,0.4282908126688464,20.234089590504247,0.2023408959050424,0.4282908126688464,0.0,0.0,0.0
crisp_limit,0.0,0.0,real,100,46,20307669,1,17,0.859504132231405,255.46346711115172,19.998234110239625,0.9015552110961468,0.2167258549352812,0.0,0.2167258549352812,0.2167258549352812,0.2167258549352812,0.3383652740144078,1.0,0.3383652740144078,0.3383652740144078,0.3383652740144078,1.0,1.0,0.1810377828769852,0.398814871275343,0.2508907979383356,0.7784082736259406,0.0,1.0,0.0207267989248682,0.0,0.0207267989248682,0.0207267989248682,0.0207267989248682,0.9015552110961468,1.0,0.9015552110961468,0.9015552110961468,0.9015552110961468,1.0,1.0,0.0092841044056283,0.0937491341273614,0.01480488527218,0.1843177050703861,0.0,1.0,0.1767977181876058,0.3937456986926653,17.67977181876058,0.1767977181876058,0.3937456986926653,0.0,0.0,0.0
crisp_limit,0.0,0.0,real,100,47,20308666,1,15,0.8760330578512396,368.831680329226,24.52459097978596,0.9010998380577602,0.2480807044602109,0.0,0.2480807044602109,0.2480807044602109,0.2480807044602109,0.2892674685106221,1.0,0.2892674685106221,0.2892674685106221,0.2892674685106221,1.0,1.0,0.2226566417776749,0.4005918714466899,0.2878897841005646,0.7915588069577106,0.0,1.0,0.020827843891466,0.0,0.020827843891466,0.020827843891466,0.020827843891466,0.9010998380577602,1.0,0.9010998380577602,0.9010998380577602,0.9010998380577602,1.0,1.0,0.0084065814539743,0.1172512718455719,0.014353241250813,0.2136744934984489,0.0,1.0,0.221948323383263,0.4483850283591091,22.1948323383263,0.221948323383263,0.4483850283591091,0.0,0.0,0.0
crisp_limit,0.0,0.0,real,100,48,20309663,1,16,0.8677685950413223,316.03142573881644,22.458510055406837,0.9049379477095438,0.229056381616285,0.0,0.229056381616285,0.229056381616285,0.229056381616285,0.3181342205400752,1.0,0.3181342205400752,0.3181342205400752,0.3181342205400752,1.0,1.0,0.201654609376863,0.4093719729105948,0.2663636205474013,0.7910286626849445,0.0,1.0,0.0199777807399547,0.0,0.0199777807399547,0.0199777807399547,0.0199777807399547,0.9049379477095438,1.0,0.9049379477095438,0.9049379477095438,0.9049379477095438,1.0,1.0,0.0085764706994212,0.1020942245885495,0.0139344291667497,0.183279391771894,0.0,1.0,0.1974900894030919,0.4354133992861704,19.7490089403092,0.1974900894030919,0.4354133992861704,0.0,0.0,0.0
crisp_limit,0.0,0.0,real,100,49,20310660,1,12,0.9008264462809916,322.705642502495,25.662987430967952,0.9055641986611128,0.2370151441533016,0.0,0.2370151441533016,0.2370151441533016,0.2370151441533016,0.3057230290401395,1.0,0.3057230290401395,0.3057230290401395,0.3057230290401395,1.0,1.0,0.2070965728345905,0.4055486757742298,0.2751102985255069,0.7645780520868839,0.0,1.0,0.0198394211190505,0.0,0.0198394211190505,0.0198394211190505,0.0198394211190505,0.9055641986611128,1.0,0.9055641986611128,0.9055641986611128,0.9055641986611128,1.0,1.0,0.0070725147166386,0.1385277709607023,0.0119936768711917,0.221762323447272,0.0,1.0,0.2006340172416748,0.4575842055469314,20.063401724167488,0.2006340172416748,0.4575842055469314,0.0,0.0,0.0
narrow,0.01,0.04,real,10,0,20260637,1,6,0.950413223140496,38.7507460624057,29.49779473125519,0.9045783873357258,0.2163624807479935,0.0077943304824983,0.2112423647865408,0.2216384728461702,0.2165028283027643,0.3389805988603125,1.0,0.3477707349496517,0.3301552223905534,0.3387428068130775,1.0,1.0,0.1913548006854473,0.3298596407427302,0.2784751385480458,0.6134926141470018,0.0,1.0,0.0184808604996695,0.0077943304824983,0.0163724380871039,0.0231631357126198,0.0200572628361561,0.9117364576909146,1.0,0.9213989275323032,0.8906393720977619,0.9045783873357258,1.0,1.0,0.0183062133225961,0.0656171143604973,0.0253772991867735,0.0871184679369109,0.0,1.0,0.1940471218499819,0.3272721698405711,1.9404712184998192,0.1940471218499819,0.3272721698405711,0.0,0.0,5.551115123125783e-17
narrow,0.01,0.04,real,10,1,20261634,1,11,0.9090909090909092,31.20689467591728,24.47304312388834,0.9068081752159494,0.1818021158021371,0.0067050413442717,0.1780808995197048,0.1856909448664014,0.1819257180542709,0.4029226870409274,1.0,0.4104896770774073,0.3951638759355376,0.4026737532130346,1.0,1.0,0.1704062226706686,0.3132949280399766,0.2352880496847887,0.5410688245021189,0.0,1.0,0.0183800576450049,0.0067050413442717,0.0205309079583009,0.0185485852649729,0.0195648689865814,0.9121961017029409,1.0,0.9024386762912237,0.9114277742695664,0.9068081752159494,1.0,1.0,0.016615591594659,0.0588171195222369,0.0233412231644514,0.0766688277089233,0.0,1.0,0.154801721960822,0.3347911272853823,1.5480172196082205,0.154801721960822,0.3347911272853823,0.0,0.0,5.551115123125783e-17
narrow,0.01,0.04,real,10,2,20262631,1,8,0.9338842975206612,37.24040261125806,27.6081851232818,0.9059125113163704,0.2212713275106876,0.0085136808906952,0.221313723713874,0.2215563178453735,0.2214350540015075,0.3307618537743335,1.0,0.330691745971563,0.3302908697617134,0.3304911921875506,1.0,1.0,0.188671483177838,0.3816579479441627,0.2811928553444369,0.7315695679055485,0.0,1.0,0.0178346288897298,0.0085136808906952,0.0249780524481061,0.0125383569811045,0.0197625086955825,0.9146871868543024,1.0,0.8825937511312977,0.9392329148433602,0.9059125113163704,1.0,1.0,0.018658770496429,0.0611649178728183,0.0290011228512491,0.1008986682596819,0.0,1.0,0.1900394516415577,0.4237524850625793,1.9003945164155769,0.1900394516415576,0.4237524850625793,0.0,0.0,5.551115123125783e-17
narrow,0.01,0.04,real,10,3,20263628,1,8,0.9338842975206612,43.16202826598043,26.34846803442882,0.9078575408979812,0.1980160046083435,0.0076028239210339,0.1974320784739653,0.1988890555427863,0.1981619060582174,0.3715469575146973,1.0,0.3726333225285094,0.3699285952740098,0.3712760101567563,1.0,1.0,0.1743851341463456,0.32496937714343,0.2576274113572089,0.5817406531988158,0.0,1.0,0.0177759291430623,0.0076028239210339,0.0195786032624523,0.0190853732276402,0.0193335611948088,0.914955685785165,1.0,0.9067459055858426,0.9089848367942808,0.9078575408979812,1.0,1.0,0.0159583389887647,0.0530294556630658,0.0259280010625859,0.0740651014361757,0.0,1.0,0.1647766260133575,0.3037511963154041,1.647766260133575,0.1647766260133574,0.3037511963154041,0.0,0.0,5.551115123125783e-17
narrow,0.01,0.04,real,10,4,20264625,1,5,0.9586776859504132,17.93192957442059,24.848634266612745,0.9230894078209309,0.1366044999139712,0.009609637911503,0.1390835876790227,0.1347665563610064,0.1369420846107446,0.5050880544950789,1.0,0.4988659091925225,0.5097510642176759,0.5042362236213886,1.0,1.0,0.1212559078870562,0.2640093106389602,0.176388362727216,0.4393262832466963,0.0,1.0,0.012800064924798,0.009609637911503,0.0129668743478993,0.018553538082648,0.0160058365251317,0.9380046950318532,1.0,0.9372226810852016,0.9114052038710854,0.9230894078209309,1.0,1.0,0.0174792276654169,0.0456637803582522,0.0244518578996242,0.070860274191351,0.0574354492936291,1.0,0.1125496172577893,0.2304485032289207,1.1254961725778936,0.1125496172577893,0.2304485032289207,0.0,0.0,2.775557561562892e-17
narrow,0.01,0.04,real,10,5,20265622,1,11,0.9090909090909092,23.669231102890382,29.13355612990009,0.9090006883409504,0.2400085070306807,0.0075230318392361,0.2396353750153943,0.2406163875373669,0.2401263822555749,0.3011814008426564,1.0,0.3017438274432638,0.3002673790735951,0.3010039440154103,1.0,1.0,0.2098198443908906,0.3878540683247496,0.3046507489134305,0.7405242820502198,0.0,1.0,0.0175363150802684,0.0075230318392361,0.0209918180576004,0.01695819223661,0.0190818855108349,0.9160525239443232,1.0,0.900361355356593,0.9187043091923608,0.9090006883409504,1.0,1.0,0.0161130310235076,0.0522443401361077,0.026157912064006,0.0901262167516048,0.0,1.0,0.2127533952970294,0.4304299512151794,2.127533952970295,0.2127533952970294,0.4304299512151794,0.0,0.0,1.1102230246251563e-16
narrow,0.01,0.04,real,10,6,20266619,1,5,0.9586776859504132,21.567799114182492,25.34608771191145,0.915169363207975,0.1459821190049297,0.0067586349837234,0.1459259996065855,0.1463506715763345,0.14613848985128,0.4819520770776499,1.0,0.4820873303555755,0.4810647714891271,0.4815754080759998,1.0,1.0,0.1328234882108933,0.229325623465553,0.1934048113231389,0.4570657653839078,0.0,1.0,0.0163904343795727,0.0067586349837234,0.0163772422710062,0.0189851759956379,0.0177292268865365,0.9213160224394188,1.0,0.9213767949486508,0.909440339707976,0.915169363207975,1.0,1.0,0.0176882406329737,0.0391401593448346,0.0278863299853393,0.0746793463005288,0.0,1.0,0.1158357193644239,0.2487634956923666,1.1583571936442396,0.1158357193644239,0.2487634956923666,0.0,0.0,5.551115123125783e-17
narrow,0.01,0.04,real,10,7,20267616,1,11,0.9090909090909092,43.21681179356481,29.95113594863692,0.9117905915916,0.2625313202049381,0.0081927345292612,0.259585904788823,0.2656967971395167,0.2626591231760563,0.2691042034352653,1.0,0.2730966481436583,0.2648785166882218,0.2689322967828704,1.0,1.0,0.2593549899697743,0.3521320403641439,0.3335450156531189,0.6608165946812687,0.0,1.0,0.01655241804087,0.0081927345292612,0.0192728727393672,0.0176284786781359,0.0184689859512283,0.920570133821982,1.0,0.9081330650582972,0.915630487710524,0.9117905915916,1.0,1.0,0.0163404015483718,0.0527201010181456,0.0233168950692273,0.0707577842644899,0.0,1.0,0.2462938912730682,0.424461452424285,2.462938912730682,0.2462938912730682,0.424461452424285,0.0,0.0,5.551115123125783e-17
narrow,0.01,0.04,real,10,8,20268613,1,12,0.9008264462809916,12.539092230942092,25.495436322035395,0.9058862740595084,0.1959807127582185,0.0080714370766297,0.2006154299444664,0.1915740718562915,0.1961468528162033,0.3753472941761755,1.0,0.3667491609637746,0.3837091791530037,0.3750356225408627,1.0,1.0,0.1746539727435951,0.301929980177571,0.2574786002117775,0.5829396731352776,0.0,1.0,0.0180454325786077,0.0080714370766297,0.020184099328292,0.0193435674364317,0.0197683012277501,0.9137235975981448,1.0,0.904004901454732,0.9078121208246344,0.9058862740595084,1.0,1.0,0.0175595647301459,0.0485210339673845,0.027673250161094,0.0827220314501384,0.0,1.0,0.1608277325260489,0.3350533871947813,1.6082773252604894,0.1608277325260489,0.3350533871947812,0.0,0.0,5.551115123125783e-17
narrow,0.01,0.04,real,10,9,20269610,1,10,0.9173553719008264,24.367365877916697,24.063806329176828,0.9210133129836066,0.1720941068465405,0.0081822495427908,0.1699389635397594,0.1746064440643881,0.1722885104088169,0.4229630169092541,1.0,0.4275453913271612,0.4176831198965955,0.4225520890702061,1.0,1.0,0.1590874367269839,0.2607252302717464,0.2221526987995829,0.4559476953947867,0.0,1.0,0.0142778119743657,0.0081822495427908,0.0143538546965733,0.018318763606241,0.0164561575817637,0.9310995681706542,1.0,0.9307456187340648,0.9124757054619516,0.9210133129836066,1.0,1.0,0.0167017822715844,0.0334147799834517,0.026027849150388,0.0639361938474052,0.0377675954573154,1.0,0.1583900223258707,0.2486608331519262,1.5839002232587074,0.1583900223258707,0.2486608331519262,0.0,0.0,5.551115123125783e-17
narrow,0.01,0.04,real,10,10,20270607,1,21,0.8264462809917356,24.578174409054878,19.41927025818002,0.904591498834434,0.2467748563069731,0.005601034629428,0.2445553992209102,0.2491005004017371,0.2468384113023078,0.2911623447783424,1.0,0.2944114512118332,0.2877962535936934,0.2910698353703881,1.0,1.0,0.2228644676172545,0.4573160993245247,0.3055104332316967,0.6991692957517613,0.0,1.0,0.0192563216641306,0.005601034629428,0.0186086797979599,0.0214026181127925,0.0200543639378694,0.9082082210614588,1.0,0.9111539562768072,0.8985139108594978,0.904591498834434,1.0,1.0,0.0165311688510373,0.0604323873328851,0.0223896925463678,0.0757718726807901,0.0,1.0,0.2293066327055117,0.3370391306294016,2.2930663270551177,0.2293066327055117,0.3370391306294016,0.0,0.0,5.551115123125783e-17
narrow,0.01,0.04,real,10,11,20271604,1,17,0.859504132231405,18.007128130994946,20.773267999045483,0.9031245161260362,0.2174050137597497,0.0092898508049554,0.2175518349976297,0.217654960340615,0.2176034037781929,0.3372182039149342,1.0,0.336970740787482,0.3367970344590438,0.3368838661370732,1.0,1.0,0.1893861571726103,0.383493173912768,0.2864323484551271,0.7471588814568328,0.0,1.0,0.0181383857319795,0.0092898508049554,0.0199875060904285,0.0207630520436159,0.0203789686917766,0.9132990288197692,1.0,0.9048939445859244,0.9013918049659216,0.9031245161260362,1.0,1.0,0.0184840128356517,0.0533332472901336,0.0276587962572874,0.0799051674674308,0.0,1.0,0.1739520385119857,0.3851949022735126,1.7395203851198575,0.1739520385119857,0.3851949022735126,0.0,0.0,5.551115123125783e-17
narrow,0.01,0.04,real,10,12,20272601,1,13,0.8925619834710744,30.225488752946173,25.01239668916181,0.91870766561039,0.2138081509193744,0.0077997612123176,0.217182071583624,0.2106691034103196,0.2139503719897004,0.3433377046226885,1.0,0.3375943143042101,0.3487689825588376,0.3430936421308716,1.0,1.0,0.2012972009510087,0.3079964731899595,0.2792729751266666,0.5890935955925947,0.0,1.0,0.0150571985224667,0.0077997612123176,0.0181220489946188,0.0157067611194966,0.016957461552784,0.9274781964825988,1.0,0.9133736334985484,0.9244708071153056,0.91870766561039,1.0,1.0,0.0159374502459151,0.0438063760990637,0.0259425856243129,0.0748367034749514,0.0165951229152292,1.0,0.18924338248953,0.2942430816662614,1.8924338248953003,0.18924338248953,0.2942430816662614,0.0,0.0,5.551115123125783e-17
narrow,0.01,0.04,real,10,13,20273598,1,12,0.9008264462809916,20.541046577476116,25.35673855033725,0.9225765609875995,0.2042856490960772,0.004419271880533,0.2047990416668428,0.2038667832518631,0.2043334441313014,0.3600802896906244,1.0,0.3591571622863678,0.3608352066096008,0.3599942497210958,1.0,1.0,0.169060239367275,0.4459922899846016,0.2532897275160499,0.6885394967074384,0.0,1.0,0.0154992634616538,0.004419271880533,0.0184964456813153,0.0133189999915087,0.0161169827141381,0.9254304324653624,1.0,0.9116654125675472,0.9355740321410908,0.9225765609875995,1.0,1.0,0.0115517843682618,0.0419022511693172,0.0198992590084271,0.0796277471123976,0.0,1.0,0.1716948038111415,0.384328164798051,1.7169480381114148,0.1716948038111414,0.3843281647980509,0.0,0.0,5.551115123125783e-17
narrow,0.01,0.04,real,10,14,20274595,1,7,0.9421487603305784,32.14398302916021,26.77256238993032,0.914512352998147,0.1877015231595728,0.0069106738280776,0.1896935792417881,0.18594511129041,0.187828696447539,0.3912112373906328,1.0,0.3873340049813225,0.3946620079518387,0.3909625583655935,1.0,1.0,0.1604806628808257,0.3862173729901609,0.2338174851059528,0.6223611066281483,0.0,1.0,0.0164827708693864,0.0069106738280776,0.0203846559733307,0.014944701316202,0.0178728606633289,0.920890765176274,1.0,0.9030988348741706,0.9280000367626524,0.914512352998147,1.0,1.0,0.0149128095116416,0.0477338628272941,0.0254393037513785,0.0840345831297458,0.0,1.0,0.1471633161471711,0.3556555320454897,1.4716331614717115,0.1471633161471711,0.3556555320454897,0.0,0.0,2.775557561562892e-17
narrow,0.01,0.04,real,10,15,20275592,1,17,0.859504132231405,33.23286064048887,22.212619817684192,0.9080356767217648,0.2157302373634408,0.0062798669630204,0.21418847059494,0.2174425053850328,0.2158216208862304,0.3400538856182437,1.0,0.342685434574918,0.3371549955468813,0.3398985444999625,1.0,1.0,0.1768353925805942,0.3811534365530776,0.2757946139405099,0.6785192103426183,0.0,1.0,0.018243742196939,0.0062798669630204,0.0201312304597746,0.0184194266202469,0.0192943219217885,0.9128180457319496,1.0,0.904243901623882,0.9120165582459066,0.9080356767217648,1.0,1.0,0.0179258279129282,0.0464457949976052,0.028116982414511,0.0753762814702848,0.0,1.0,0.1678711803372314,0.4054291293273455,1.6787118033723147,0.1678711803372314,0.4054291293273455,0.0,0.0,5.551115123125783e-17
narrow,0.01,0.04,real,10,16,20276589,1,7,0.9421487603305784,27.147094963136816,32.664266842189775,0.9425383231630824,0.2193410737320409,0.007647683401289,0.2209251646081286,0.2180138963862929,0.2194743576988687,0.3339695797787057,1.0,0.3313348369118487,0.3361931335469242,0.3337470899707869,1.0,1.0,0.2044796460385921,0.3702522126656555,0.2794489682178493,0.6327356018327407,0.0,1.0,0.0090331432322239,0.007647683401289,0.0130363792013852,0.0104986805570101,0.011835739861125,1.0,1.0,0.9368970300486356,0.9488605808723616,0.9425383231630824,1.0,1.0,0.0136474190067882,0.021272645417964,0.0206260521691281,0.0420801552572948,0.1445248610720914,1.0,0.1825199567702903,0.405069962714638,1.825199567702904,0.1825199567702903,0.4050699627146379,0.0,0.0,5.551115123125783e-17
narrow,0.01,0.04,real,10,17,20277586,1,10,0.9173553719008264,20.81228952216344,28.943417369010685,0.936687701692428,0.2070044823954353,0.0080379369371941,0.2000698748309753,0.2140162926254324,0.2071604792473902,0.3552184196886235,1.0,0.3677509360520775,0.3429805760103472,0.3549414629374787,1.0,1.0,0.1872524861085333,0.3205368164923607,0.2723166061019513,0.6205182755208186,0.0,1.0,0.0103201721395985,0.0080379369371941,0.0100099305588257,0.0155573152118867,0.013081069650348,0.9497078569340652,1.0,0.9511821944744911,0.9251618571637972,0.936687701692428,1.0,1.0,0.0150907013994101,0.0299998772245703,0.0220676190129256,0.0530739419063501,0.1688607319457547,1.0,0.1790414615495004,0.3409767696773871,1.7904146154950047,0.1790414615495004,0.3409767696773871,0.0,0.0,5.551115123125783e-17
narrow,0.01,0.04,real,10,18,20278583,1,10,0.9173553719008264,30.73329984127164,24.751917206804563,0.9061429834485294,0.18670772316422,0.006099992498329,0.1878082498753978,0.1858010464826113,0.1868073440677499,0.3931600037203192,1.0,0.3910025296295177,0.3949463948965234,0.3929642177113027,1.0,1.0,0.1713388473965143,0.3328744754553048,0.2405597112235276,0.5965116729513892,0.0,1.0,0.0187440279272363,0.006099992498329,0.0212273393949312,0.0180692292321995,0.0197116334030614,0.9105375499566136,1.0,0.8993017078505705,0.9136148862460352,0.9061429834485294,1.0,1.0,0.0163170031999492,0.0501755291635652,0.0276142898976708,0.0841027773562969,0.0,1.0,0.1606667933033291,0.4360563848702975,1.6066679330332916,0.1606667933033291,0.4360563848702975,0.0,0.0,5.551115123125783e-17
narrow,0.01,0.04,real,10,19,20279580,1,7,0.9421487603305784,33.83339712689497,29.084574339755903,0.9487757425354976,0.1929825857306176,0.006900093887224,0.1936152129463544,0.1925952457813879,0.1931059027863408,0.3810163739039279,1.0,0.3798130713731839,0.3817550032392979,0.380781517228892,1.0,1.0,0.1502020295999814,0.4571861357001495,0.2389888989844371,0.7166336928986023,0.0,1.0,0.0079364231449988,0.006900093887224,0.0113730401529132,0.0095838496262297,0.0105165635066299,1.0,1.0,0.9447214085072856,1.0,0.9487757425354976,1.0,1.0,0.0112042250644682,0.0284030675940432,0.0168496229286838,0.0379020594932669,0.0767310088961211,1.0,0.1552310678097923,0.3855418002198756,1.5523106780979234,0.1552310678097923,0.3855418002198755,0.0,0.0,5.551115123125783e-17
narrow,0.01,0.04,real,10,20,20280577,1,10,0.9173553719008264,37.77210943545613,28.867146403921,0.934334663308732,0.2314816417712512,0.0059240225647477,0.2310248262541878,0.2320888163939516,0.2315574324448721,0.3142997254032373,1.0,0.3150184308381316,0.3133469982284478,0.31418064302846,1.0,1.0,0.2064515874349538,0.3928330558997731,0.2948639010033554,0.6818727144558019,0.0,1.0,0.0122243296338674,0.0059240225647477,0.014209968578577,0.0129280064080289,0.0135841186075906,0.94070879731222,1.0,0.9314154665292788,0.9374048383588912,0.934334663308732,1.0,1.0,0.0107939483569327,0.0333405868160164,0.0189251215633184,0.0569339877039479,0.0,1.0,0.2141587289073816,0.3865128878834037,2.1415872890738163,0.2141587289073816,0.3865128878834036,0.0,0.0,5.551115123125783e-17
narrow,0.01,0.04,real,10,21,20281574,1,10,0.9173553719008264,27.671202215209856,26.49851341574253,0.921581917833921,0.2012694542776577,0.0101249586107856,0.1955280427174977,0.2073465710718576,0.2015239638655817,0.3655518054027294,0.9506352885889168,0.3761977986825681,0.3546113580137776,0.3650869190637518,0.9506352885889168,1.0,0.1717319912508206,0.3569864887984468,0.2662754984448456,0.7067322028404656,0.0,1.0,0.0128157332486295,0.0101249586107856,0.0119731262904329,0.0197524646050472,0.0163327219277789,0.9379312131036512,0.9506352885889168,0.9418910856191453,0.9059580077951916,0.921581917833921,0.9506352885889168,1.0,0.0165941910022241,0.0487537913783743,0.0255967548250011,0.0776953653107509,0.0108377013791238,1.0,0.1634931391480822,0.4056898526749087,1.6349313914808223,0.1634931391480822,0.4056898526749087,0.0,0.0,5.551115123125783e-17
narrow,0.01,0.04,real,10,22,20282571,1,6,0.950413223140496,48.0886365453428,30.59807178746846,0.9291347496121536,0.227110436303273,0.0091185371296263,0.2276223958710158,0.226963963863062,0.227293418288448,0.3212446869725355,1.0,0.3204234171079889,0.3214800406100984,0.3209509114293623,1.0,1.0,0.1999314008812253,0.3902145663435034,0.2997947151769358,0.7601754891987591,0.0,1.0,0.0115304430260268,0.0091185371296263,0.0161830599938936,0.0130501433231857,0.0147003005330103,0.9439781916868502,1.0,0.9222718045864756,0.9368325544431058,0.9291347496121536,1.0,1.0,0.0162519789415256,0.0349909440005161,0.0244613225895122,0.0629904469730794,0.0,1.0,0.1894637309069086,0.4054998885154622,1.8946373090690865,0.1894637309069086,0.4054998885154622,0.0,0.0,5.551115123125783e-17
narrow,0.01,0.04,real,10,23,20283568,1,7,0.9421487603305784,50.36561560300065,31.164148355073053,0.9147463284544508,0.2566688970961466,0.0100931251825973,0.2582525306380389,0.2554744962693075,0.2568672690564211,0.27710896201128,0.9507866105323008,0.2749234308961428,0.2787688092521478,0.2768342450341461,0.9507866105323008,1.0,0.2487222091225763,0.3944956107873656,0.3351806619450504,0.7349354440235838,0.0,1.0,0.0146881494796713,0.0100931251825973,0.0215815337202565,0.013017804133529,0.0178216977611211,0.929191201156509,0.9507866105323008,0.8977104794682349,0.936984048719054,0.9147463284544508,0.9507866105323008,1.0,0.0180261735734305,0.0427083840816279,0.0278429200561325,0.0836222462135604,0.0,1.0,0.2329698292990102,0.4015317062283282,2.329698292990103,0.2329698292990102,0.4015317062283281,0.0,0.0,5.551115123125783e-17
narrow,0.01,0.04,real,10,24,20284565,1,16,0.8677685950413223,31.293179607055546,21.564623444158016,0.9162783639025166,0.2147721479859632,0.0058798460983884,0.2168964797111707,0.2127891288816046,0.2148526195805981,0.3416868037772693,1.0,0.3380767296187281,0.3450915121870324,0.3415493510219015,1.0,1.0,0.1955020801595641,0.3614059231516862,0.2793245079691231,0.6933490864602596,0.0,1.0,0.0164688514094924,0.0058798460983884,0.0190700430868348,0.0157456270260543,0.0174870139500337,0.9209548589169868,1.0,0.9090545137923328,0.9242911725899946,0.9162783639025166,1.0,1.0,0.0150231299579914,0.0491210261922288,0.0232680373119657,0.0756503153578997,0.0,1.0,0.1861641359959863,0.3537220372540074,1.861641359959863,0.1861641359959863,0.3537220372540074,0.0,0.0,1.1102230246251563e-16
narrow,0.01,0.04,real,10,25,20285562,1,8,0.9338842975206612,31.85554221767697,29.78259527673312,0.9099932908045292,0.2234026697326002,0.0093740780934267,0.2221588062437568,0.2250304805484331,0.2235992535402453,0.3272557352796634,1.0,0.3292973848352589,0.3246029932021678,0.326934227421071,1.0,1.0,0.2024701473145501,0.4200040031760981,0.281242327569274,0.6760979740308051,0.0,1.0,0.0163695589139561,0.0093740780934267,0.0166579992080492,0.0208370501910159,0.0188636104481391,0.9214121919630328,1.0,0.9200842877277629,0.901058360037248,0.9099932908045292,1.0,1.0,0.0177836165652396,0.0571147622320844,0.0253011759981909,0.0759162914535597,0.0,1.0,0.1960446403094212,0.3803482718973168,1.960446403094212,0.1960446403094212,0.3803482718973167,0.0,0.0,5.551115123125783e-17
narrow,0.01,0.04,real,10,26,20286559,1,7,0.9421487603305784,23.22059178552484,25.113987661924423,0.9045126441101008,0.1641318174317923,0.0080446047889879,0.1611129849511047,0.167482967490708,0.1643288445759728,0.4401414672979499,1.0,0.4468354268501308,0.4328280091238908,0.4397080817231195,1.0,1.0,0.1509497814880304,0.2653250516156787,0.2169783935394152,0.5148740044680433,0.0,1.0,0.0183891666456065,0.0080446047889879,0.0201430694090608,0.0200002746742025,0.0200717990257698,0.912154556674836,1.0,0.9041903767196257,0.9048361753593316,0.9045126441101008,1.0,1.0,0.0186687157250617,0.0570828140703019,0.0262255064381335,0.074305773990775,0.0,1.0,0.1391610072863406,0.2609174359575295,1.391610072863406,0.1391610072863406,0.2609174359575295,0.0,0.0,5.551115123125783e-17
narrow,0.01,0.04,real,10,27,20287556,1,12,0.9008264462809916,24.32521333750725,28.896193650937768,0.921976970931725,0.2378990839497323,0.0079363038486441,0.2387861525785036,0.2372742958319657,0.2380314245281488,0.3043748068426579,1.0,0.3030277895800955,0.3053271424013377,0.3041734677733617,1.0,1.0,0.2098229208059293,0.3975926291499427,0.3001652342436928,0.6674495953440555,0.0,1.0,0.0141767522694598,0.0079363038486441,0.0162788237665195,0.0162151270162731,0.0162470066069918,0.9315701702959076,1.0,0.9218303091561122,0.9221239438874348,0.921976970931725,1.0,1.0,0.0153546738885558,0.0350843882581826,0.0256348174403782,0.0663402716975863,0.0,1.0,0.2099064015782519,0.3457732333908362,2.09906401578252,0.2099064015782519,0.3457732333908362,0.0,0.0,5.551115123125783e-17
narrow,0.01,0.04,real,10,28,20288553,1,14,0.8842975206611571,41.97755181400322,28.2183249015862,0.9216246042861465,0.2782699240830304,0.0093372302668385,0.2810584006544634,0.2757695495482015,0.2784265334306905,0.2487393742558644,1.0,0.2452954189292279,0.2518686020885668,0.2485446759390558,1.0,1.0,0.281603977602664,0.3501153019241961,0.3465397759628494,0.6905487383440929,0.0,1.0,0.0133892279585955,0.0093372302668385,0.0142028582622263,0.0181986100004783,0.0163234584075557,0.9352455725004156,1.0,0.9314485804110052,0.9130240563922236,0.9216246042861465,1.0,1.0,0.0161915206756811,0.0390992817726097,0.0259149872206003,0.0697406830922839,0.0,1.0,0.265412456926983,0.3595807069609876,2.65412456926983,0.2654124569269828,0.3595807069609876,0.0,0.0,5.551115123125783e-17
narrow,0.01,0.04,real,10,29,20289550,1,8,0.9338842975206612,28.2135927920122,29.94660763832032,0.925169614645124,0.223863185498325,0.0080213865869462,0.221090149673095,0.2268860565261732,0.2240068491458123,0.3265030700201529,1.0,0.3310616231198625,0.3216052932729025,0.3262686211249179,1.0,1.0,0.1816899112582487,0.4036726590296142,0.2815640279353837,0.7175631940543725,0.0,1.0,0.0133279870057818,0.0080213865869462,0.0121122351789679,0.0183643545973288,0.0155556382191002,0.9355319929997116,1.0,0.941236186291134,0.9122677258090708,0.925169614645124,1.0,1.0,0.014251835107839,0.0420948683561249,0.0234030805634212,0.0720495898360529,0.0,1.0,0.1634059837293504,0.4424965019640947,1.6340598372935038,0.1634059837293503,0.4424965019640947,0.0,0.0,5.551115123125783e-17
narrow,0.01,0.04,real,10,30,20290547,1,13,0.8925619834710744,54.957458936648266,24.72220166423117,0.9182132946206238,0.2561033748372717,0.0086629123077435,0.254138098366761,0.258344336620546,0.2562498481027681,0.2778936272834201,1.0,0.2806377767687674,0.2747972617776197,0.2776901818555595,1.0,1.0,0.2371107202191171,0.4165988141397125,0.3276497663513255,0.71804924451332,0.0,1.0,0.0147027906998575,0.0086629123077435,0.0152842754564031,0.0186769144079993,0.0170651136537519,0.929123181181422,1.0,0.9264257495359712,0.9108431481250424,0.9182132946206238,1.0,1.0,0.0167090037394773,0.0512796000777748,0.0230990569396862,0.0674334520662641,0.0,1.0,0.2311193639642619,0.3638884333706657,2.311193639642619,0.2311193639642619,0.3638884333706657,0.0,0.0,5.551115123125783e-17
narrow,0.01,0.04,real,10,31,20291544,1,8,0.9338842975206612,31.20772755268616,26.301872654479684,0.927186269075652,0.1827115455400737,0.0056817000551871,0.1830632901233506,0.1825360594171274,0.1827998648499488,0.4010946968937184,1.0,0.4003899024094236,0.4014467841036391,0.4009176139620808,1.0,1.0,0.1638053122071367,0.3845206403604986,0.2325288292294363,0.6248833354541175,0.0,1.0,0.0140120483600515,0.0056817000551871,0.0123205165271877,0.0174769362883306,0.0151201592174665,0.932337652515517,1.0,0.9402564868031325,0.9163245347826292,0.927186269075652,1.0,1.0,0.0135636499607774,0.0436511154214945,0.0221526229527465,0.0645731203520221,0.0378704294052797,1.0,0.1590003723342964,0.309609470600327,1.590003723342964,0.1590003723342964,0.3096094706003269,0.0,0.0,5.551115123125783e-17
narrow,0.01,0.04,real,10,32,20292541,1,10,0.9173553719008264,21.913836532710487,23.1980068432936,0.9134128811318352,0.1630591007514659,0.0079812053233092,0.1659542930327639,0.160508917436305,0.1632543107433599,0.4425085451012502,1.0,0.4361489501616474,0.4481870608471973,0.4420768453682648,1.0,1.0,0.1536061321649709,0.2454923943037999,0.2137198475201925,0.4793937425931197,0.0,1.0,0.0162603081265358,0.0079812053233092,0.0207469747288849,0.0150252306858971,0.0181134551862064,0.9219156544972622,1.0,0.901464267677119,0.9276264556881332,0.9134128811318352,1.0,1.0,0.0171246640878233,0.0491562470714069,0.0260604142947473,0.0792350282724586,0.0,1.0,0.1440453425598472,0.2539540173896137,1.4404534255984718,0.1440453425598472,0.2539540173896137,0.0,0.0,5.551115123125783e-17
narrow,0.01,0.04,real,10,33,20293538,1,10,0.9173553719008264,25.53295999623167,25.927959977388294,0.9072059653109844,0.1848951424533071,0.0105328104776779,0.1811082831726153,0.1891932804436844,0.1851949075957204,0.3967393701422805,0.9486986720058466,0.4043229189903574,0.3883041315441118,0.396145172383999,0.9486986720058466,1.0,0.1725399651720246,0.2881860163231162,0.2450307669037886,0.5228994384156325,0.0,1.0,0.0163835110816633,0.0105328104776779,0.0215523385990264,0.0171527188735853,0.019477154102221,0.9213479157178924,0.9486986720058466,0.8978415328646899,0.9178111813074702,0.9072059653109844,0.9486986720058466,1.0,0.0193579345522507,0.0567360678978281,0.0273362130902503,0.0781469549013532,0.0,1.0,0.161565883437254,0.3123580457177022,1.6156588343725409,0.161565883437254,0.3123580457177022,0.0,0.0,5.551115123125783e-17
narrow,0.01,0.04,real,10,34,20294535,1,21,0.8264462809917356,23.0985132105448,20.31708039315209,0.9077960702953496,0.2586129783445442,0.0093250442369159,0.2568148816293647,0.2607323812076429,0.2587810445497431,0.2744283995117963,1.0,0.2769067677010134,0.2715356322522592,0.2741978856807995,1.0,1.0,0.2499608022278925,0.3975602878253474,0.3205538799725022,0.6516825127924123,0.0,1.0,0.0169515181052523,0.0093250442369159,0.0163749638509725,0.0219198857448122,0.0193471035582367,0.9187349674700932,1.0,0.9213872914251804,0.8961930526003156,0.9077960702953496,1.0,1.0,0.0187593122211156,0.0600940719848993,0.0264023644241545,0.078793651362134,0.0,1.0,0.2462890858539435,0.3420424672021727,2.462890858539436,0.2462890858539435,0.3420424672021726,0.0,0.0,5.551115123125783e-17
narrow,0.01,0.04,real,10,35,20295532,1,11,0.9090909090909092,16.07391286224522,21.970655553641244,0.9082026560954924,0.1616627347484109,0.0081023707336991,0.159945234113742,0.1637635445390182,0.1618656486653094,0.4456088749373739,1.0,0.4494520204593831,0.4409526747900244,0.4451570029928094,1.0,1.0,0.1393283291607371,0.336454663604977,0.2066187326192309,0.6213749735420988,0.0,1.0,0.0174701090648934,0.0081023707336991,0.0147332865985482,0.022904945110089,0.0192575471502882,0.9163558150782202,1.0,0.9289815197499056,0.8917898881496579,0.9082026560954924,1.0,1.0,0.0173003501414754,0.0589076939830783,0.0273015122412247,0.0945725596145135,0.0,1.0,0.1169605649100841,0.3793449138220308,1.1696056491008413,0.1169605649100841,0.3793449138220307,0.0,0.0,5.551115123125783e-17
narrow,0.01,0.04,real,10,36,20296529,1,28,0.768595041322314,14.543864871320295,10.351111218060918,0.9057907296435308,0.2028898882997749,0.010892851106539,0.2010695534288142,0.2052728833601408,0.203182088234973,0.3626020085058894,0.9469923579902396,0.3659173586392839,0.3583072513023841,0.3620726338911824,0.9469923579902396,1.0,0.1694391475439082,0.4039442115356311,0.2641190065737786,0.6618683098143544,0.0,1.0,0.0165216829482607,0.010892851106539,0.0173069380393237,0.0219934154020509,0.0197893964706375,0.9207116137342806,0.9469923579902396,0.9171037337240308,0.8958636293200911,0.9057907296435308,0.9469923579902396,1.0,0.0206266189207417,0.0552878194667438,0.0273681322726623,0.0736520246061256,0.0,1.0,0.1862967983985118,0.323736769950298,1.8629679839851176,0.1862967983985117,0.323736769950298,0.0,0.0,5.551115123125783e-17
narrow,0.01,0.04,real,10,37,20297526,1,11,0.9090909090909092,41.73552611357153,27.814954770049784,0.936383332792438,0.2288589110041161,0.0069034025427537,0.2322003058559588,0.2256792728314091,0.2289630059914859,0.3184484864566615,1.0,0.313172372464031,0.3235516997167382,0.3182827851262186,1.0,1.0,0.2139683006263972,0.3986429288089461,0.2942431470251774,0.6756353158048927,0.0,1.0,0.011187589182758,0.0069034025427537,0.0157188764580069,0.0099274951360775,0.0131460685525925,0.9455978122779856,1.0,0.9244148074276056,1.0,0.936383332792438,1.0,1.0,0.0123313574301091,0.0420301998839119,0.0204264441794444,0.0569378945353411,0.0,1.0,0.2210457646650279,0.3731486506061154,2.210457646650279,0.2210457646650279,0.3731486506061153,0.0,0.0,5.551115123125783e-17
narrow,0.01,0.04,real,10,38,20298523,1,6,0.950413223140496,18.518863084969784,27.246907206065025,0.918327612462008,0.1672105796265665,0.0045326917299404,0.1676970718226637,0.1668458527169507,0.1672720037345491,0.43341789621265,1.0,0.432364905290734,0.4342090131968234,0.4332848051129084,1.0,1.0,0.1353713376822641,0.320894640462394,0.2118443220668054,0.6399152964933601,0.0,1.0,0.0164263093159628,0.0045326917299404,0.0168437228587124,0.0172344673368111,0.0170402151413167,0.9211507764918302,1.0,0.9192302772498192,0.9174361096984948,0.918327612462008,1.0,1.0,0.0143848041529403,0.0458023616396392,0.0227953505097025,0.0653000338335895,0.0,1.0,0.1412120381062625,0.3794992953007475,1.4121203810626255,0.1412120381062625,0.3794992953007475,0.0,0.0,5.551115123125783e-17
narrow,0.01,0.04,real,10,39,20299520,1,23,0.8099173553719008,17.44499338424545,21.576375217764703,0.9097836794556436,0.2510654271825875,0.0080884106653121,0.2488310339059649,0.2535382787513955,0.2511956829116812,0.284982604929035,1.0,0.288184272169772,0.2814807003588061,0.2847970622706587,1.0,1.0,0.2402438294444431,0.3483878461601534,0.3204446522082897,0.6666166328980176,0.0,1.0,0.0170925065938163,0.0080884106653121,0.0158034206399858,0.0215732295583311,0.0189096845227621,0.9180875404240338,1.0,0.9240241205406656,0.8977477539079805,0.9097836794556436,1.0,1.0,0.0174896713484047,0.0586516402540381,0.0268523637326318,0.0869759576550568,0.0,1.0,0.2390860323166335,0.3874211418880325,2.390860323166335,0.2390860323166335,0.3874211418880325,0.0,0.0,5.551115123125783e-17
narrow,0.01,0.04,real,10,40,20300517,1,12,0.9008264462809916,28.100181000871657,21.35157189751867,0.905007350846387,0.1803320237578006,0.0064138764846889,0.1808388085362723,0.1800524327396636,0.1804460490122874,0.4058952657513769,1.0,0.4048680600198879,0.4064630859054833,0.4056639201508844,1.0,1.0,0.1599881960033841,0.3242582924701513,0.2307340470351646,0.619659747056608,0.0,1.0,0.0189040022657631,0.0064138764846889,0.0192248026432683,0.0206737802488328,0.0199624425666005,0.9098095279462372,1.0,0.9083513615096142,0.9017942390954432,0.905007350846387,1.0,1.0,0.0167864940563844,0.0574406036223832,0.0242318885781768,0.0832273711730849,0.0,1.0,0.1557477996997827,0.3463534485806545,1.557477996997827,0.1557477996997826,0.3463534485806545,0.0,0.0,5.551115123125783e-17
narrow,0.01,0.04,real,10,41,20301514,1,8,0.9338842975206612,28.98661236078128,28.76963626014147,0.9276533487628288,0.2005989965382247,0.0078657689429631,0.1998545898053303,0.2016477086409777,0.2007531512410372,0.3667792968916021,1.0,0.3681470055318988,0.3648611009364914,0.3664967020463531,1.0,1.0,0.1757593203554942,0.3041522551602044,0.2559329711326319,0.5900888200348591,0.0,1.0,0.0127950393512597,0.0078657689429631,0.0171921966292838,0.0124737757390767,0.0150194325147246,0.938028265385859,1.0,0.9176300335583596,0.9395362479557674,0.9276533487628288,1.0,1.0,0.0132505575643636,0.0384295852300693,0.0220458991226724,0.0712066415325836,0.0,1.0,0.211197984865336,0.3993405875505773,2.1119798486533603,0.2111979848653359,0.3993405875505773,0.0,0.0,5.551115123125783e-17
narrow,0.01,0.04,real,10,42,20302511,1,10,0.9173553719008264,37.53594483838735,27.22779120024051,0.9221997622751014,0.2221826413021398,0.0085995664002792,0.225410552133532,0.2192447040714839,0.2223490018827792,0.3292581430616656,1.0,0.3239867170894606,0.3341305412302907,0.3289843790569973,1.0,1.0,0.2091595312366913,0.3775234241370961,0.2855808049815233,0.6768327469978361,0.0,1.0,0.0137275198617337,0.0085995664002792,0.0187896622328614,0.013105086067218,0.0161986833979526,0.9336649796085896,1.0,0.9103298149129369,0.9365752290339348,0.9221997622751014,1.0,1.0,0.015748335069688,0.0482718116384651,0.024444642189197,0.069265361452371,0.0704369579329232,1.0,0.2157708036128351,0.3808170040803718,2.157708036128351,0.2157708036128351,0.3808170040803717,0.0,0.0,5.551115123125783e-17
narrow,0.01,0.04,real,10,43,20303508,1,18,0.8512396694214877,25.506311779328577,15.512392161399571,0.9025310225051592,0.1796185507384404,0.0062981419310534,0.1789748446798458,0.1804798761473087,0.179728935792658,0.4073458281598961,1.0,0.4086589951478259,0.4055953137119451,0.4071210657349991,1.0,1.0,0.1591203279622533,0.3332225051990324,0.231938251791954,0.5649621923620508,0.0,1.0,0.019519520576733,0.0062981419310534,0.019631292341795,0.0213534285689529,0.0205104430797873,0.9070138100720208,1.0,0.9065070590139236,0.8987349254844488,0.9025310225051592,1.0,1.0,0.0165745118074379,0.0616183573532167,0.0216328893969328,0.0817592907144528,0.0,1.0,0.161149668709237,0.32005949721553,1.6114966870923704,0.161149668709237,0.32005949721553,0.0,0.0,5.551115123125783e-17
narrow,0.01,0.04,real,10,44,20304505,1,6,0.950413223140496,25.877925881807084,29.314359858330885,0.9382266504616478,0.183213535949857,0.0061207823294193,0.1854790848590957,0.1811265760262136,0.1833157487276357,0.4000892308011378,1.0,0.3955826948320235,0.4042859395817126,0.3998848118829531,1.0,1.0,0.1628727197310525,0.3603145635528867,0.2367040537919185,0.6070764662670016,0.0,1.0,0.0111878747614281,0.0061207823294193,0.0119327425912449,0.0135231168838457,0.012752745508381,0.9455964620661212,1.0,0.9420812900527432,0.9346196868989304,0.9382266504616478,1.0,1.0,0.0145675794632506,0.0305316408213126,0.0203061471933944,0.0472995178396479,0.1884534386036654,1.0,0.1558523992588054,0.3250386610694695,1.558523992588054,0.1558523992588054,0.3250386610694695,0.0,0.0,5.551115123125783e-17
narrow,0.01,0.04,real,10,45,20305502,1,11,0.9090909090909092,30.30580687201651,29.06026035362657,0.9196109109137348,0.2360140566939009,0.007081568030487,0.2388059248806471,0.2334037218376418,0.2361202735109424,0.3072571427442021,1.0,0.3029978332758153,0.311293647162247,0.3070940066889399,1.0,1.0,0.2129371700775711,0.3896033646764031,0.3028140113508265,0.6910090245389165,0.0,1.0,0.0151914441837004,0.007081568030487,0.0174250377032949,0.0160693878337835,0.0167609242632051,0.9268558557534884,1.0,0.916562345370321,0.922796136718456,0.9196109109137348,1.0,1.0,0.014797754576017,0.0494876115960515,0.0238823869981737,0.0639056819868131,0.0,1.0,0.2258655956608221,0.385544743122209,2.2586559566082216,0.2258655956608221,0.3855447431222089,0.0,0.0,1.1102230246251563e-16
narrow,0.01,0.04,real,10,46,20306499,1,5,0.9586776859504132,26.60197226800733,26.40964246179728,0.9295975412899428,0.1525543319320619,0.0093580674426301,0.1520970070339449,0.1535815603720485,0.1528410861564996,0.466372009510721,1.0,0.4674396473476119,0.4639827974704713,0.4657038179226559,1.0,1.0,0.1355214269672966,0.2645219956093245,0.194831774442446,0.5153033910276791,0.0,1.0,0.0112074633611218,0.0093580674426301,0.0131200977237867,0.0159444146402962,0.0146007075599678,0.9455038520486104,1.0,0.9365049339436368,0.9233729408130296,0.9295975412899428,1.0,1.0,0.015796566183991,0.0347471456880796,0.0246943410175119,0.0582999913762513,0.0942320759610239,1.0,0.1081833581383275,0.3007335310060002,1.0818335813832751,0.1081833581383275,0.3007335310060002,0.0,0.0,5.551115123125783e-17
narrow,0.01,0.04,real,10,47,20307496,1,6,0.950413223140496,15.831980511802923,24.38391243667885,0.9201313935195986,0.1315572658393002,0.0096117495049137,0.132359586314983,0.1314547061076232,0.1319079221413843,0.5179967405088023,1.0,0.5159229060333996,0.5182624366608759,0.5170893420960848,1.0,1.0,0.1148804532550663,0.2847805156376679,0.1733533236138465,0.4607633948506013,0.0,1.0,0.0135927254476871,0.0096117495049137,0.0198828341200993,0.0126082803996196,0.0166477600187355,0.9342944558286684,1.0,0.9053676536958704,0.9389046003579432,0.9201313935195986,1.0,1.0,0.0169269064940509,0.0509598081100138,0.0236771738792398,0.0732980042698342,0.0,1.0,0.1058850173057297,0.2577350563900434,1.0588501730572972,0.1058850173057297,0.2577350563900433,0.0,0.0,5.551115123125783e-17
narrow,0.01,0.04,real,10,48,20308493,1,26,0.7851239669421488,31.7840054809245,17.65813510137849,0.9081275333607096,0.2774772418838512,0.0083231294525688,0.2720631610378434,0.2830325509562522,0.2776020429452087,0.2497271868875274,1.0,0.2565797349457423,0.2428860793609311,0.2495714044072627,1.0,1.0,0.2576738004169765,0.4276181310411505,0.3491285555923396,0.7227232513725582,0.0,1.0,0.0173843636638603,0.0083231294525688,0.0151574058536515,0.022654673150386,0.0192740910001371,0.9167487657907568,1.0,0.9270136123051608,0.892906536683239,0.9081275333607096,1.0,1.0,0.0178416353619752,0.0636500426279932,0.0237213106725903,0.0820537950907566,0.0,1.0,0.2462578555668317,0.3826834094974264,2.4625785556683177,0.2462578555668317,0.3826834094974264,0.0,0.0,2.775557561562892e-17
narrow,0.01,0.04,real,10,49,20309490,1,9,0.9256198347107438,33.12166755599037,24.08076186429517,0.921490734836028,0.1785495648926099,0.0096108541140107,0.1788517702803492,0.1787643016596644,0.1788080413184517,0.4095288917461939,1.0,0.4089105498418784,0.4090894231624246,0.4089999657859557,1.0,1.0,0.1591999175278629,0.3110036728408913,0.2376733320293025,0.610318497375744,0.0,1.0,0.0132301212428601,0.0096108541140107,0.0172283458247467,0.0154270330895504,0.016352511272021,0.9359898877822936,1.0,0.9174641906093056,0.9257647137473466,0.921490734836028,1.0,1.0,0.0164419270966815,0.041990011752574,0.0245255801485569,0.058764047580723,0.0,1.0,0.1490654280964591,0.3110701230914545,1.4906542809645915,0.1490654280964591,0.3110701230914545,0.0,0.0,5.551115123125783e-17
narrow,0.01,0.04,real,40,0,20261027,1,14,0.8842975206611571,110.89755930970011,24.8827976311941,0.9072610556108928,0.2219109096406695,0.0082323130169121,0.2233492006718421,0.2207704240824952,0.2220635557563595,0.3297057964081063,1.0,0.3273432372597294,0.331591290742679,0.3294542508682302,1.0,1.0,0.2026677946713437,0.3934955016821491,0.2701187048615377,0.7213374519029881,0.0,1.0,0.0176384697246705,0.0082323130169121,0.0204825937011928,0.0183912081969873,0.0194650094229758,0.9155847483189388,1.0,0.902656705896162,0.9121452456703852,0.9072610556108928,1.0,1.0,0.0164598018283313,0.0886187274490333,0.024235711647385,0.1428392817930023,0.0,1.0,0.1915626051552343,0.3763178669182904,7.662504206209374,0.1915626051552343,0.3763178669182904,0.0,0.0,1.1102230246251563e-16
narrow,0.01,0.04,real,40,1,20262024,1,14,0.8842975206611571,142.42104530380362,26.174168992381382,0.9158009188499462,0.2304115990212582,0.0074305783290943,0.2296633111443856,0.2313961979589832,0.23053138280468,0.3159858025302495,1.0,0.317170258660439,0.3144340289233727,0.315796609316929,1.0,1.0,0.2065641148759754,0.3890578241653981,0.2805218100807413,0.7360481634168876,0.0,1.0,0.0159448662957977,0.0074305783290943,0.0157625112886528,0.0192470192202958,0.0175912550858565,0.9233708555830408,1.0,0.9242131460092166,0.9082504648237104,0.9158009188499462,1.0,1.0,0.0141626132256171,0.0701787127112639,0.0221737771452467,0.1256175720328779,0.0,1.0,0.2006866593676767,0.3903385910962702,8.027466374707071,0.2006866593676766,0.3903385910962702,0.0,0.0,5.551115123125783e-17
narrow,0.01,0.04,real,40,2,20263021,1,13,0.8925619834710744,107.1108483358448,19.93012697119904,0.90336438546537,0.1732193955440167,0.008593051978756,0.173861310747016,0.1730024384083003,0.1734324062421556,0.4205899217007954,1.0,0.4192421703880734,0.4210464191806108,0.4201422093976341,1.0,1.0,0.151926118578841,0.4039755568135811,0.2130162937771046,0.7131743320344213,0.0,1.0,0.0184200943059689,0.008593051978756,0.0190913301278371,0.0214895776377927,0.0203258558626787,0.912013513548818,1.0,0.9089577635376984,0.8981233240642846,0.90336438546537,1.0,1.0,0.0158174051021216,0.0861128203442938,0.0215688440576508,0.1055478346587272,0.0,1.0,0.1548986631319447,0.4851747973257626,6.19594652527779,0.1548986631319447,0.4851747973257626,0.0,0.0,5.551115123125783e-17
narrow,0.01,0.04,real,40,3,20264018,1,11,0.9090909090909092,128.1580139647113,26.10815265164004,0.9069349401596696,0.2244592183324538,0.0076068409579918,0.2244551348055455,0.2247209422972794,0.2245880778754215,0.3255314857287044,1.0,0.3255381323794661,0.3251057673855868,0.3253218140890739,1.0,1.0,0.2097327397757984,0.382412987532589,0.2727625977122424,0.7610064083754845,0.0,1.0,0.0179951915432888,0.0076068409579918,0.0227503347212237,0.0156781429433449,0.0195369124489986,0.9139531585280772,1.0,0.8924795545962703,0.9246030999220528,0.9069349401596696,1.0,1.0,0.0144638755846743,0.0787734445108714,0.0224901480916075,0.153690566456787,0.0,1.0,0.1991153723867881,0.3782019342437921,7.964614895471524,0.199115372386788,0.3782019342437921,0.0,0.0,1.1102230246251563e-16
narrow,0.01,0.04,real,40,4,20265015,1,15,0.8760330578512396,161.55716332727326,22.113812319251323,0.904965538714398,0.2289302183431835,0.0093163501256311,0.2291054480434814,0.2291339612048763,0.2291197050677245,0.3183349681235932,1.0,0.3180561815653466,0.3180108408612524,0.3180335096999834,1.0,1.0,0.2135337260358412,0.3924657514548245,0.2781517791928674,0.7126975409194755,0.0,1.0,0.0176656089733259,0.0093163501256311,0.0218370088269253,0.0179131595654253,0.0199716829551693,0.9154605153373552,1.0,0.8965644981458111,0.9143281023426212,0.904965538714398,1.0,1.0,0.0159367886016545,0.1039455268123275,0.0221140331134095,0.1611589602201965,0.0,1.0,0.2204315917823976,0.4203047549317787,8.817263671295906,0.2204315917823976,0.4203047549317787,0.0,0.0,5.551115123125783e-17
narrow,0.01,0.04,real,40,5,20266012,1,12,0.9008264462809916,124.05679101017309,24.930772019107664,0.9000310605210564,0.2237408352323054,0.0082408325946005,0.2246610349187885,0.2231214125399501,0.2238925471566703,0.3267028698151829,1.0,0.3252031631429516,0.3277162741753743,0.3264551401805347,1.0,1.0,0.2053924680576983,0.3814689242261762,0.2663078681520937,0.7436387542103747,0.0,1.0,0.0193863706669999,0.0082408325946005,0.0223877363180331,0.0196538709046161,0.0210652009126556,0.90761785515577,1.0,0.8940990805533627,0.9064047266574276,0.9000310605210564,1.0,1.0,0.01645470362454,0.0880679788774792,0.0250386269479098,0.1500944122766921,0.0,1.0,0.2001658503828819,0.4032315527994506,8.006634015315276,0.2001658503828819,0.4032315527994506,0.0,0.0,5.551115123125783e-17
narrow,0.01,0.04,real,40,6,20267009,1,18,0.8512396694214877,88.08821130019946,17.74388558636968,0.9105608734220656,0.1779970206170938,0.0075936374411324,0.1789697509703677,0.177344392620414,0.1781589253395673,0.410661870301562,1.0,0.4086694032313491,0.412004106231045,0.4103295643437611,1.0,1.0,0.1543389694670298,0.3797359621928964,0.2165537558985567,0.7498050834378475,0.0,1.0,0.0171313522631474,0.0075936374411324,0.0202341414988838,0.0171135220719167,0.0187389049827202,0.9179092391151168,1.0,0.9037787379127262,0.9179910752492773,0.9105608734220656,1.0,1.0,0.0151421688855621,0.0760787728023307,0.0217532463637841,0.1441163001584817,0.0,1.0,0.1417459067107623,0.3664103837111677,5.669836268430492,0.1417459067107623,0.3664103837111677,0.0,0.0,5.551115123125783e-17
narrow,0.01,0.04,real,40,7,20268006,1,17,0.859504132231405,161.756250091702,22.099911222574832,0.9062404880868709,0.2268288485629746,0.007889447267842,0.2280224591965796,0.2259046213319641,0.2269660104918729,0.3216972983497428,1.0,0.319783109441345,0.323187345570021,0.3214767508753646,1.0,1.0,0.2045443950121295,0.3627079330181267,0.2765849501572255,0.7178436177048764,0.0,1.0,0.0180404324081467,0.007889447267842,0.0180376052955723,0.0212142865666296,0.0196901137544954,0.913746441752416,1.0,0.9137593581639828,0.8993604019197784,0.9062404880868709,1.0,1.0,0.0153260413581982,0.0877200754065132,0.0226899676522928,0.156741653812683,0.0,1.0,0.1928729595690391,0.3842214261068203,7.714918382761564,0.1928729595690391,0.3842214261068202,0.0,0.0,1.1102230246251563e-16
narrow,0.01,0.04,real,40,8,20269003,1,16,0.8677685950413223,96.45576408276295,21.92504308154932,0.9071412251045908,0.1902467483471354,0.0075004281070685,0.1917264125356156,0.1890532890301517,0.1903945421445887,0.3862641791248267,1.0,0.3834170178521819,0.3885760229104299,0.3859788473142255,1.0,1.0,0.1649799556963703,0.3900674501840644,0.2325010743413296,0.7149883075104474,0.0,1.0,0.0179905338067914,0.0075004281070685,0.0187180249139471,0.020235290959264,0.0194914270499265,0.9139744435408436,1.0,0.9106559412528324,0.903773543638394,0.9071412251045908,1.0,1.0,0.014225561970172,0.096658110501566,0.0217321279280956,0.1550274735452299,0.0,1.0,0.1607095520764113,0.3823276212919017,6.428382083056452,0.1607095520764113,0.3823276212919017,0.0,0.0,5.551115123125783e-17
narrow,0.01,0.04,real,40,9,20270000,1,21,0.8264462809917356,119.06517131071246,20.01903149413222,0.9094065883520406,0.2342834692886016,0.0085486458783415,0.2355925762170136,0.2332804850130921,0.2344393809244864,0.3099273553815888,1.0,0.3079053399457256,0.311485520473714,0.309685843125332,1.0,1.0,0.2110471063324913,0.3696849212331357,0.2856514498350563,0.7361426126028512,0.0,1.0,0.0169599367456906,0.0085486458783415,0.0184876271390926,0.0194844872734212,0.0189925985786862,0.9186962957872604,1.0,0.9117056112534438,0.9071727024375066,0.9094065883520406,1.0,1.0,0.0154198336026061,0.0887918686371818,0.0231027011040109,0.1302294743800974,0.0,1.0,0.198835100815867,0.3781745397110072,7.95340403263468,0.1988351008158669,0.3781745397110071,0.0,0.0,1.1102230246251563e-16
narrow,0.01,0.04,real,40,10,20270997,1,12,0.9008264462809916,121.53966160539372,23.82609476130833,0.9072963720200078,0.1960640362657077,0.007788390764705,0.1971453377702765,0.1952875994282601,0.196218667173907,0.3751909504808128,1.0,0.3731679513921718,0.376650341836069,0.3749009820033748,1.0,1.0,0.1814675132347897,0.3427828996493929,0.2405223599725076,0.6600204273358405,0.0,1.0,0.0178304387641592,0.007788390764705,0.0210392434126871,0.0177346381715006,0.0194572242939781,0.9147063503258992,1.0,0.9001478808829292,0.9151446023318732,0.9072963720200078,1.0,1.0,0.0132172389135875,0.0954503141668157,0.0202160127287962,0.1720372516348743,0.0,1.0,0.1739052332286928,0.4075978405418856,6.956209329147715,0.1739052332286928,0.4075978405418855,0.0,0.0,5.551115123125783e-17
narrow,0.01,0.04,real,40,11,20271994,1,13,0.8925619834710744,128.83964485421976,25.385375059963216,0.9038523180625953,0.2334465499564497,0.0098632614723495,0.235800998005247,0.2314887482505612,0.2336548215069424,0.3112269936925845,1.0,0.307584636171094,0.3142885577791661,0.3109030637426823,1.0,1.0,0.2102988856933549,0.429382044770809,0.2852668015647999,0.7509938394917157,0.0,1.0,0.0176487368137849,0.0098632614723495,0.0210850907064939,0.0193117224992305,0.0202178593820953,0.9155377475743371,1.0,0.8999415578103973,0.9079566784327896,0.9038523180625953,1.0,1.0,0.0168912628947831,0.0761952815401924,0.0241631607278935,0.1487478966824755,0.0,1.0,0.1994570328749285,0.4508986742891199,7.978281314997141,0.1994570328749285,0.4508986742891198,0.0,0.0,5.551115123125783e-17
narrow,0.01,0.04,real,40,12,20272991,1,11,0.9090909090909092,112.55228929820632,24.70956190141637,0.9135541678063824,0.1939293027665194,0.0088456889692304,0.1935279708872627,0.194732036023753,0.1941309369596941,0.3792170624001372,1.0,0.3799787858858269,0.3776980620810231,0.3788349394230731,1.0,1.0,0.1785145870405587,0.3773973157186578,0.2387131507218055,0.7099289477479696,0.0,1.0,0.0157712197858992,0.0088456889692304,0.0182045098771757,0.0179597047270499,0.0180825215850971,0.9241729043471484,1.0,0.9129971231427102,0.9141153393547932,0.9135541678063824,1.0,1.0,0.0158339882902098,0.0767539232726266,0.0234079427667687,0.1160815570239698,0.0,1.0,0.1658897875669657,0.3521908317337165,6.635591502678628,0.1658897875669656,0.3521908317337164,0.0,0.0,5.551115123125783e-17
narrow,0.01,0.04,real,40,13,20273988,1,16,0.8677685950413223,100.3874585692607,23.957902323444657,0.9115869170588962,0.2229376116189327,0.0086017750368061,0.2219860527452413,0.2242153670087372,0.2231034943880034,0.3280175853724859,1.0,0.3295819440904953,0.3259286342109944,0.327745635840602,1.0,1.0,0.2036291191686497,0.4002331928675961,0.2727187627831303,0.7690603980258992,0.0,1.0,0.0163940635504922,0.0086017750368061,0.017685812003196,0.0193060550281615,0.0185136666676646,0.9212993045245182,1.0,0.9153680446272237,0.9079824078883748,0.9115869170588962,1.0,1.0,0.0164130709469702,0.0703249828929495,0.0247840338436364,0.122124511095343,0.0,1.0,0.2008065867098871,0.4545517376004575,8.032263468395485,0.2008065867098871,0.4545517376004575,0.0,0.0,1.1102230246251563e-16
narrow,0.01,0.04,real,40,14,20274985,1,20,0.8347107438016529,77.15395256030075,18.082884064673987,0.913288319160671,0.1919351755325035,0.0082293501740559,0.1940252235900402,0.1901785482981592,0.1921115139989797,0.3830170102269541,1.0,0.3790352319423481,0.3863959177646747,0.3826794558972651,1.0,1.0,0.1620640532377414,0.4188624578493889,0.2314550048170056,0.7153643052382821,0.0,1.0,0.0161667534606788,0.0082293501740559,0.018323799059745,0.0179557965991291,0.0181407310146423,0.9223470029310676,1.0,0.9124527321062142,0.9141332019277184,0.913288319160671,1.0,1.0,0.0146144677311466,0.0812269893274117,0.0217974285731303,0.1216977777117656,0.0,1.0,0.1553124523533749,0.355637540137893,6.212498094134997,0.1553124523533749,0.355637540137893,0.0,0.0,5.551115123125783e-17
narrow,0.01,0.04,real,40,15,20275982,1,12,0.9008264462809916,115.27475945034185,27.757230590931336,0.9191237933068556,0.2412660968940154,0.0084692098534306,0.2431284682504522,0.2396886772006902,0.2414146992749487,0.2992935291002163,1.0,0.2965194864104158,0.301663420131442,0.2990712330396418,1.0,1.0,0.2244207967011834,0.408710787022041,0.2943853022146326,0.7639578476345785,0.0,1.0,0.014586450535585,0.0084692098534306,0.0166792264005478,0.0170524929619189,0.0168668922676501,0.929663810125968,1.0,0.9199866388784292,0.918271238883988,0.9191237933068556,1.0,1.0,0.0128906493073373,0.0738635945592431,0.0194110264505881,0.1298521307735186,0.0,1.0,0.2154830091128075,0.4379171165479231,8.619320364512301,0.2154830091128075,0.4379171165479231,0.0,0.0,5.551115123125783e-17
narrow,0.01,0.04,real,40,16,20276979,1,22,0.8181818181818182,111.13427502189892,19.222702551335203,0.9064814113700604,0.2167362765414408,0.0090003038301887,0.2165586317542677,0.2172869004079323,0.2169230717053481,0.338347642925653,1.0,0.338648304908561,0.3374174125939475,0.3380317819347879,1.0,1.0,0.1954495999824915,0.4090564506584267,0.2641190989618099,0.7428489645010268,0.0,1.0,0.0174529188105929,0.0090003038301887,0.0195602341559869,0.0197133692668878,0.0196369509864657,0.9164345804106168,1.0,0.9068291899708174,0.9061351187785268,0.9064814113700604,1.0,1.0,0.0169800335917765,0.0766607436236288,0.0245845785512916,0.138257108217399,0.0,1.0,0.1973983565803591,0.4088923816357714,7.895934263214366,0.1973983565803591,0.4088923816357713,0.0,0.0,5.551115123125783e-17
narrow,0.01,0.04,real,40,17,20277976,1,15,0.8760330578512396,104.61790558140105,24.505610773652208,0.9069331983169594,0.2169993385749591,0.0087298436241877,0.2172880399107971,0.2170616362581579,0.217174867587556,0.3379029033800736,1.0,0.3374154901588825,0.3377976669307583,0.3376064746637808,1.0,1.0,0.2024807787533156,0.3677174605830662,0.2656681856853668,0.7200385672894214,0.0,1.0,0.0174784377847152,0.0087298436241877,0.0201646302536985,0.0188891397613943,0.0195372965657209,0.916317655518572,1.0,0.9040929064323976,0.9098771406988628,0.9069331983169594,1.0,1.0,0.0152410295667927,0.1054050499136569,0.0230525715346228,0.1280576706609755,0.0,1.0,0.1980592838721506,0.4405230859335564,7.922371354886025,0.1980592838721506,0.4405230859335564,0.0,0.0,1.1102230246251563e-16
narrow,0.01,0.04,real,40,18,20278973,1,26,0.7851239669421488,97.152312281129,13.480394519864005,0.9031780994557016,0.2023042916123345,0.0082430934633021,0.2030142728018215,0.2019285889317656,0.2024721585665871,0.3636652570084835,1.0,0.3623765682649906,0.3643490491231676,0.3633601481753142,1.0,1.0,0.1845765988687871,0.4467303144207691,0.2461834339930649,0.7351897370845359,0.0,1.0,0.018624454031256,0.0082430934633021,0.0213260872034939,0.0193606756132936,0.020367102832929,0.9110820953353476,1.0,0.8988577970831928,0.9077344690942782,0.9031780994557016,1.0,1.0,0.016321250983619,0.0768504010415002,0.023640911757665,0.1462252422956403,0.0,1.0,0.1853894517077659,0.3495305877376845,7.415578068310636,0.1853894517077658,0.3495305877376845,0.0,0.0,5.551115123125783e-17
narrow,0.01,0.04,real,40,19,20279970,1,11,0.9090909090909092,122.5578123631854,25.774038957064665,0.9230605796493968,0.2144490213659409,0.0081587123504082,0.213696896054885,0.2155076131382848,0.2146041643398993,0.3422392904750431,1.0,0.3435287477029516,0.3404326175303697,0.3419739133102082,1.0,1.0,0.1891383747284206,0.4094373920202561,0.2571286065697121,0.6777167710532489,0.0,1.0,0.0137775978790994,0.0081587123504082,0.0158945539267398,0.0161287549593791,0.0160120826420196,0.9334312284189884,1.0,0.923603169678814,0.9225222585981204,0.9230605796493968,1.0,1.0,0.0133683884360361,0.0651296574243261,0.0197775523762757,0.1129537728877033,0.0,1.0,0.1771152787147563,0.4310024602586972,7.084611148590252,0.1771152787147563,0.4310024602586972,0.0,0.0,5.551115123125783e-17
narrow,0.01,0.04,real,40,20,20280967,1,12,0.9008264462809916,101.97593833566069,23.15878134680741,0.9063040625348407,0.1983882712013553,0.0084525878321678,0.1982945336864021,0.1988416020171292,0.1985682562529143,0.3708560281389002,1.0,0.3710298844902893,0.3700163777680058,0.3705224355588807,1.0,1.0,0.1797733663135656,0.3481986542765971,0.2442111733239859,0.6810058762369523,0.0,1.0,0.0177680059558808,0.0084525878321678,0.0180224928824726,0.0212010920407104,0.019676083876339,0.9149919333289568,1.0,0.9138284063171316,0.8994197370476731,0.9063040625348407,1.0,1.0,0.0138744649312554,0.1021927794039177,0.021474761677491,0.1538025140320478,0.0,1.0,0.1694005917888211,0.3481996525414529,6.776023671552844,0.1694005917888211,0.3481996525414529,0.0,0.0,5.551115123125783e-17
narrow,0.01,0.04,real,40,21,20281964,1,14,0.8842975206611571,140.89234790961618,24.059949668071603,0.9013488020659768,0.2314992326723735,0.0094213865408078,0.2345560757269125,0.2287897765287797,0.2316908657074099,0.3142720825419506,1.0,0.3095052021887144,0.3185585843296261,0.3139711021943977,1.0,1.0,0.2200692848638666,0.37422148135494,0.2809546453526516,0.7199354041045856,0.0,1.0,0.0185131878760015,0.0094213865408078,0.0236136109269257,0.0174756595972416,0.0207725937158421,0.9115890993625888,1.0,0.8886355747873821,0.9163303841181396,0.9013488020659768,1.0,1.0,0.0170632068783849,0.0896307299711421,0.0251766701849335,0.1766422324324775,0.0,1.0,0.2050515381614854,0.3736259044001849,8.202061526459417,0.2050515381614854,0.3736259044001849,0.0,0.0,5.551115123125783e-17
narrow,0.01,0.04,real,40,22,20282961,1,17,0.859504132231405,111.70720578975605,22.399999584772143,0.9109240436360648,0.2209852773381417,0.0084082999181743,0.2212789045588523,0.2210113820885546,0.2211451837769237,0.3312352646685206,1.0,0.3307493230192147,0.3311920334203738,0.3309705372538074,1.0,1.0,0.1990855548034546,0.3951572931301284,0.269470726921415,0.7573512461153554,0.0,1.0,0.0166572645284697,0.0084082999181743,0.0202439234257448,0.0169266506581588,0.0186591524214093,0.920087667569659,1.0,0.9037345355061328,0.9188492075380762,0.9109240436360648,1.0,1.0,0.0156603412380475,0.0714468636750679,0.023680313761899,0.1324216776459618,0.0,1.0,0.1914452623334428,0.3984273941121047,7.657810493337714,0.1914452623334428,0.3984273941121047,0.0,0.0,5.551115123125783e-17
narrow,0.01,0.04,real,40,23,20283958,1,13,0.8925619834710744,125.9593854950389,24.99389593885371,0.9109182801344418,0.2195707383248424,0.0085179403204984,0.2198077915877475,0.2196639789063226,0.2197358970123452,0.333586294950469,1.0,0.3331911405799204,0.3334308122959428,0.3333109352880035,1.0,1.0,0.1922607506063713,0.4211923404778628,0.2684086877976621,0.751563911322203,0.0,1.0,0.0166028879058291,0.0085179403204984,0.0174268635723294,0.0198173362050912,0.0186604178441186,0.9203378578788562,1.0,0.9165539777944935,0.9056642007194136,0.9109182801344418,1.0,1.0,0.0164561689927794,0.0672354126909132,0.0243103216128566,0.1293159057161977,0.0,1.0,0.1805586486899043,0.4043250160681605,7.222345947596173,0.1805586486899043,0.4043250160681605,0.0,0.0,5.551115123125783e-17
narrow,0.01,0.04,real,40,24,20284955,1,17,0.859504132231405,121.83484877726366,23.468464760831075,0.9127931949448888,0.2347150958539662,0.0085638397886006,0.2353737751973627,0.2343676963590846,0.2348712744753205,0.3092592122121879,1.0,0.3082423742824324,0.3097968614952802,0.3090178080928394,1.0,1.0,0.2114919554245686,0.4192368345528,0.2862791520842979,0.7689521517537161,0.0,1.0,0.016115007870229,0.0085638397886006,0.0182376545828126,0.0182607123761023,0.0182491871211394,0.9225856707560866,1.0,0.912845830574956,0.9127405955889548,0.9127931949448888,1.0,1.0,0.0165572874979547,0.0741626256430676,0.0237962217265468,0.1246472458238386,0.0,1.0,0.2083057758665913,0.4055347619518322,8.332231034663655,0.2083057758665913,0.4055347619518322,0.0,0.0,5.551115123125783e-17
narrow,0.01,0.04,real,40,25,20285952,1,20,0.8347107438016529,110.01806997759212,18.15982091324438,0.906493042581482,0.210153421500215,0.0089374519232803,0.2088890952273711,0.211787684073806,0.2103433826273791,0.3496694121737002,1.0,0.3518868949664203,0.3468237960498487,0.3493374518691837,1.0,1.0,0.185184496131197,0.411229117681208,0.258516649042639,0.7514924555912108,0.0,1.0,0.0174823058668627,0.0089374519232803,0.0198548626889237,0.0194114027883345,0.0196343847701803,0.9162999337301224,1.0,0.9054942846958592,0.9075042642630924,0.906493042581482,1.0,1.0,0.014271920986307,0.1008473712555881,0.020915264606242,0.1482447601026206,0.0,1.0,0.1762919706439726,0.3829447195706725,7.051678825758907,0.1762919706439726,0.3829447195706725,0.0,0.0,5.551115123125783e-17
narrow,0.01,0.04,real,40,26,20286949,1,15,0.8760330578512396,164.084700433985,24.32335307003239,0.914845219101559,0.2220153858749092,0.0089610439759093,0.222074259944346,0.2223179858194499,0.2221961562996152,0.3295336092855986,1.0,0.32943661863891,0.3290354020148992,0.3292358941985462,1.0,1.0,0.1953103225725889,0.405658747335173,0.2717735821682536,0.7474333975683682,0.0,1.0,0.01537993659404,0.0089610439759093,0.0183391221767859,0.0172441907706527,0.0178000774935075,0.925982740785536,1.0,0.9123828266841292,0.9173915076361336,0.914845219101559,1.0,1.0,0.0151087688837236,0.0845591446337675,0.0224130478504157,0.1221670402615566,0.0,1.0,0.1847131701837088,0.3937600191153414,7.388526807348354,0.1847131701837088,0.3937600191153413,0.0,0.0,1.1102230246251563e-16
narrow,0.01,0.04,real,40,27,20287946,1,14,0.8842975206611571,120.83796255506172,25.06168461651587,0.9091226379848156,0.2329943420338457,0.0086498851034728,0.2343791278680922,0.2319241088890252,0.2331548496859715,0.3119314863967887,1.0,0.3097791547732578,0.3136051575270641,0.3116812498698846,1.0,1.0,0.2132985071820928,0.3781257675088,0.2841675218451389,0.7236724373799036,0.0,1.0,0.0169786523734452,0.0086498851034728,0.0198538637455782,0.0182212620807444,0.0190550557260161,0.9186103299201288,1.0,0.9054988073946048,0.91292065277705,0.9091226379848156,1.0,1.0,0.0145038859752516,0.1001703970824526,0.0227944436002385,0.1348935689819604,0.0,1.0,0.2011668560156899,0.3737068264619874,8.046674240627596,0.2011668560156899,0.3737068264619874,0.0,0.0,5.551115123125783e-17
narrow,0.01,0.04,real,40,28,20288943,1,9,0.9256198347107438,117.0140099440852,26.124903063429315,0.9104827653803576,0.1966640041476757,0.0089839372054297,0.19730213849568,0.196435102400889,0.1968690977657695,0.3740671243730483,1.0,0.3728755010208495,0.3744954925527723,0.3736837270877492,1.0,1.0,0.1777724403852096,0.3585934850857674,0.2416689916491995,0.7041650721519184,0.0,1.0,0.0164644685474899,0.0089839372054297,0.0178847360417671,0.0195886681844656,0.0187560617471363,0.9209750412284122,1.0,0.9144580537088328,0.9067002750998924,0.9104827653803576,1.0,1.0,0.0154406960032216,0.0994733975427634,0.022408040401105,0.1410991939800671,0.0,1.0,0.1672209859050619,0.4152150506868587,6.6888394362024775,0.1672209859050619,0.4152150506868587,0.0,0.0,5.551115123125783e-17
narrow,0.01,0.04,real,40,29,20289940,1,13,0.8925619834710744,105.91640823800157,24.293965316340326,0.9070746480473116,0.2051928437168007,0.008832555290629,0.2042885892348303,0.2064713214941523,0.2053828550428429,0.3584506739222104,1.0,0.360074996299463,0.3561666258571931,0.3581102872017803,1.0,1.0,0.1773602500102656,0.3882105399394337,0.2509900192280541,0.7298054590885454,0.0,1.0,0.0173917836679677,0.008832555290629,0.0185393441810548,0.0204271647951253,0.019506106021331,0.9167147550236224,1.0,0.9114698881452404,0.9029069069342972,0.9070746480473116,1.0,1.0,0.0160763201995127,0.0862660283301366,0.0242389219299167,0.1483646895862111,0.0,1.0,0.1705838914833753,0.3659903515428612,6.823355659335014,0.1705838914833753,0.3659903515428612,0.0,0.0,1.1102230246251563e-16
narrow,0.01,0.04,real,40,30,20290937,1,10,0.9173553719008264,130.56048376299069,23.64189448333976,0.9058706420595932,0.1911303209042549,0.0078362353745133,0.192271218311833,0.1903055199317663,0.1912908940692375,0.3845614808954017,1.0,0.3823740000722917,0.3861506890111614,0.3842528535345715,1.0,1.0,0.1641839835058778,0.3610358326567472,0.2323101418381199,0.7068461051228323,0.0,1.0,0.0181525648498275,0.0078362353745133,0.0217040300353464,0.0176289384583619,0.0197717524633495,0.9132342822421192,1.0,0.8971608166858192,0.9156283827689812,0.9058706420595932,1.0,1.0,0.0132497811635212,0.1035541703421224,0.0210476642858167,0.1687274770172691,0.0,1.0,0.1591151523584346,0.4167778762179667,6.364606094337385,0.1591151523584346,0.4167778762179666,0.0,0.0,5.551115123125783e-17
narrow,0.01,0.04,real,40,31,20291934,1,16,0.8677685950413223,95.62473915330708,19.68954061784435,0.9020693135888296,0.2049048147963931,0.0092597725757564,0.2047904091399789,0.2054369522604875,0.2051139354478356,0.3589672666201638,1.0,0.3591726647901888,0.3580134364500236,0.3585921254355534,1.0,1.0,0.1828838982068173,0.4561693652082647,0.2488668066047335,0.7557114483951675,0.0,1.0,0.0184158479516838,0.0092597725757564,0.0181390167936151,0.0228199421039907,0.0206127835076748,0.912032877416838,1.0,0.9132961470844212,0.892168992813045,0.9020693135888296,1.0,1.0,0.0152033453581274,0.1067989451566322,0.0229030142660416,0.1720878454024574,0.0,1.0,0.1664533166234015,0.4820603895113399,6.658132664936059,0.1664533166234014,0.4820603895113399,0.0,0.0,5.551115123125783e-17
narrow,0.01,0.04,real,40,32,20292931,1,17,0.859504132231405,127.5848634657533,18.539858957496463,0.9079219160252676,0.1946761258998695,0.0089723543558187,0.1953110627935852,0.1944535497916577,0.1948827779411722,0.3778036625678838,1.0,0.3766061570050801,0.3782243469546121,0.3774134946846639,1.0,1.0,0.1736231120569384,0.3676691939534854,0.2391533481017418,0.7018712641528514,0.0,1.0,0.0171095089981857,0.0089723543558187,0.0195008302612862,0.0191362091546696,0.019319379929112,0.9180094952634256,1.0,0.9070985759038336,0.908753820721145,0.9079219160252676,1.0,1.0,0.0161519643512119,0.0906445747036096,0.0230566612972621,0.14594495170019,0.0,1.0,0.161215536843729,0.413684193046904,6.448621473749162,0.161215536843729,0.413684193046904,0.0,0.0,5.551115123125783e-17
narrow,0.01,0.04,real,40,33,20293928,1,17,0.859504132231405,122.44397456595436,18.083602455816028,0.908351335311079,0.2021440782772654,0.0078985697999012,0.2025772597196993,0.2020190224195626,0.2022983336249934,0.3639566938414365,1.0,0.3631692504857843,0.3641843395876798,0.363676090734839,1.0,1.0,0.179278770785479,0.3607841393341087,0.2464389059474802,0.7191269042235824,0.0,1.0,0.0175272888257227,0.0078985697999012,0.0195021533876508,0.0189434033418752,0.0192248084116387,0.9160938674935514,1.0,0.9070925748934784,0.9096303082281506,0.908351335311079,1.0,1.0,0.0137994539017067,0.0999644684838632,0.0199692230263253,0.1525927747942393,0.0,1.0,0.1680154388289384,0.4206963603056559,6.7206175531575365,0.1680154388289384,0.4206963603056559,0.0,0.0,5.551115123125783e-17
narrow,0.01,0.04,real,40,34,20294925,1,15,0.8760330578512396,109.19978689933656,21.59747358157285,0.9021096229142288,0.2092596565229281,0.0091337215645525,0.2097267173533867,0.2091907298701305,0.209458895055122,0.351235520269949,1.0,0.350416235512918,0.3513565885746122,0.3508857962475586,1.0,1.0,0.1884365399647343,0.4021874783807232,0.2559543308955702,0.7298115584082082,0.0,1.0,0.0184687202114603,0.0091337215645525,0.0209795840160197,0.0202211287086235,0.0206038466279473,0.9117918030875064,1.0,0.9004164323324064,0.9038375432415496,0.9021096229142288,1.0,1.0,0.0169619182892996,0.091817791873391,0.02509968382001,0.1561090794048931,0.0,1.0,0.1736663597391817,0.3663978446373047,6.946654389567269,0.1736663597391817,0.3663978446373047,0.0,0.0,5.551115123125783e-17
narrow,0.01,0.04,real,40,35,20295922,1,12,0.9008264462809916,124.34184687021568,26.11857637310109,0.9103689855382784,0.2244069980639834,0.0091311345988374,0.2222556640327179,0.2269056557331198,0.2245926944474168,0.3256164935339492,1.0,0.3291379483620066,0.3215737787735856,0.32531430481786,1.0,1.0,0.1959150949507159,0.3996537580807084,0.2730753024964051,0.7510572719547274,0.0,1.0,0.0164119002027716,0.0091311345988374,0.0189319241364983,0.0186289673129113,0.0187810566083972,0.9212171437115568,1.0,0.9096825188921048,0.9110615357167904,0.9103689855382784,1.0,1.0,0.0151664380910159,0.0855075755252195,0.0228783140434278,0.1331288493761635,0.0,1.0,0.1829438221995575,0.4120996797875727,7.317752887982301,0.1829438221995575,0.4120996797875726,0.0,0.0,5.551115123125783e-17
narrow,0.01,0.04,real,40,36,20296919,1,14,0.8842975206611571,89.21308165460772,25.118902268267806,0.9122581306496492,0.2208461993057478,0.0083570491344358,0.2203768791482441,0.2216298697670039,0.2210042624431245,0.3314656825187364,1.0,0.3322444134783693,0.330169424453582,0.3312038234794613,1.0,1.0,0.2008248876693519,0.3997231860739341,0.2691202214881031,0.7254445253083931,0.0,1.0,0.016355015019902,0.0083570491344358,0.0165894620710164,0.019986078186265,0.018366458192493,0.9214791990058616,1.0,0.9203996414728328,0.9049004051181416,0.9122581306496492,1.0,1.0,0.0147749908105172,0.091386645749815,0.0220949572141378,0.1474097755132096,0.0,1.0,0.1901689142943919,0.4297141960192931,7.606756571775679,0.1901689142943919,0.4297141960192931,0.0,0.0,1.1102230246251563e-16
narrow,0.01,0.04,real,40,37,20297916,1,9,0.9256198347107438,105.30815855519752,25.25128503874848,0.9031717163529142,0.1927282282015829,0.0093929066951635,0.1954312442018218,0.1904505764589301,0.1929569813246088,0.381501254087826,1.0,0.3763799196941871,0.3858707221614322,0.381065155516089,1.0,1.0,0.1673783771585515,0.3763734979624352,0.2367226650671496,0.7373735261718949,0.0,1.0,0.0180734545852775,0.0093929066951635,0.0215384802001363,0.0191271216948241,0.0203685163139129,0.9135955847225666,1.0,0.8979037482506917,0.9087951129785184,0.9031717163529142,1.0,1.0,0.0153571721176303,0.0988069186504103,0.023672448189476,0.1578688091632521,0.0,1.0,0.1584000583618413,0.4341248288134041,6.336002334473653,0.1584000583618413,0.4341248288134041,0.0,0.0,5.551115123125783e-17
narrow,0.01,0.04,real,40,38,20298913,1,16,0.8677685950413223,118.76020111583956,22.349886786380523,0.9073867513605058,0.2246235323521225,0.0076752372823607,0.2268069033805199,0.2226834293033737,0.224754622986237,0.3252641486270821,1.0,0.3217325988159327,0.3284347317413826,0.325051023064134,1.0,1.0,0.2046391912074285,0.3743308086786575,0.2740083721474726,0.7231714421131206,0.0,1.0,0.0178577563340936,0.0076752372823607,0.0190643093326913,0.0198032716217361,0.0194373025039073,0.9145814210845292,1.0,0.909080575641337,0.9057278919070758,0.9073867513605058,1.0,1.0,0.0157678781704051,0.0772496313357229,0.0220919280752899,0.1376794104702895,0.0,1.0,0.1935242736936204,0.4115387963276982,7.740970947744818,0.1935242736936204,0.4115387963276982,0.0,0.0,5.551115123125783e-17
narrow,0.01,0.04,real,40,39,20299910,1,11,0.9090909090909092,111.36220827560952,26.08474582496797,0.9144992232288536,0.213811176851064,0.0084742896763003,0.2140358782881385,0.2139222023758516,0.2139790478807559,0.3433325100797811,1.0,0.3429469901454952,0.3431419696112719,0.3430444530777878,1.0,1.0,0.186660156360652,0.3819741703295645,0.2618698760586091,0.7609098919860952,0.0,1.0,0.0157393841341272,0.0084742896763003,0.0191087723309684,0.0165510850666096,0.0178757321091883,0.9243200242897852,1.0,0.9088784958645084,0.9205762693238942,0.9144992232288536,1.0,1.0,0.0148958842243265,0.0738892697731161,0.0231924032206208,0.1207954855333648,0.0,1.0,0.177805825431412,0.3996313739025056,7.112233017256482,0.177805825431412,0.3996313739025055,0.0,0.0,5.551115123125783e-17
narrow,0.01,0.04,real,40,40,20300907,1,18,0.8512396694214877,128.83234797249273,22.49676574207476,0.9116022367077796,0.2236861159923018,0.0071706017624947,0.2242681698893336,0.2233328905674321,0.2238010188032168,0.3267922667076666,1.0,0.3258425957154193,0.3273699333601432,0.3266045738787633,1.0,1.0,0.1991006028409395,0.382061644696073,0.2723856004035157,0.7167372995829705,0.0,1.0,0.0170649900035433,0.0071706017624947,0.0180775820782982,0.0189331416599846,0.0185103056014028,0.9182138623071264,1.0,0.9135767306201196,0.9096769811098016,0.9116022367077796,1.0,1.0,0.0126998814622204,0.0797620677971992,0.0196103631136648,0.1548081554653274,0.0,1.0,0.1943121512129333,0.380833559304072,7.772486048517336,0.1943121512129333,0.380833559304072,0.0,0.0,1.1102230246251563e-16
narrow,0.01,0.04,real,40,41,20301904,1,17,0.859504132231405,105.46665689317008,22.45601852110264,0.9138687303896144,0.2226082154982439,0.0076363627337526,0.2224639337875589,0.2230140386836504,0.2227391560617801,0.3285582690987687,1.0,0.3287953793607973,0.3278922622130849,0.3283432314747675,1.0,1.0,0.189487965859853,0.3785095634628448,0.2700351514099379,0.7319952384323222,0.0,1.0,0.0163149683052535,0.0076363627337526,0.0181681517055874,0.0178578474853077,0.01801366777208,0.9216637285524358,1.0,0.9131631127602646,0.9145810042585896,0.9138687303896144,1.0,1.0,0.014727574850883,0.0860237983061058,0.0222298357212292,0.1239699611901357,0.0,1.0,0.1851786020166557,0.4026080860317602,7.407144080666229,0.1851786020166557,0.4026080860317602,0.0,0.0,5.551115123125783e-17
narrow,0.01,0.04,real,40,42,20302901,1,14,0.8842975206611571,118.37018695549752,21.19808861419597,0.9006109891880357,0.1975785295165831,0.0087931944957244,0.1969381008649559,0.1986065850329599,0.1977741024385522,0.3723605597137018,1.0,0.3735548226496194,0.3704514339979335,0.3719966194713976,1.0,1.0,0.1697102481875875,0.3933296508548368,0.2411177832875575,0.7572535960745885,0.0,1.0,0.0190003020874908,0.0087931944957244,0.0205320543489863,0.0213330317095663,0.0209363738229796,0.9093715609183288,1.0,0.9024335035695852,0.898826587007892,0.9006109891880357,1.0,1.0,0.0142403774775199,0.1019788268216865,0.0217841693068703,0.1713717122796446,0.0,1.0,0.1780119156774145,0.4561210003687069,7.120476627096581,0.1780119156774144,0.4561210003687069,0.0,0.0,5.551115123125783e-17
narrow,0.01,0.04,real,40,43,20303898,1,9,0.9256198347107438,119.7863615206448,26.458965587097985,0.9040645883456978,0.2058181072638719,0.0082754777694775,0.2044266045583826,0.2075305205716072,0.2059844091430121,0.357331793122836,1.0,0.3598266026790482,0.3542853550474046,0.3570347918762476,1.0,1.0,0.1830079299746322,0.3916215811143991,0.2523378371364967,0.7613739984838693,0.0,1.0,0.0183951478267189,0.0082754777694775,0.0199888600736651,0.0203513013027509,0.0201708947714264,0.912127278274701,1.0,0.904887818550501,0.9032494602546628,0.9040645883456978,1.0,1.0,0.014451169971218,0.1001681707199644,0.0221558048972931,0.1614217811492135,0.0,1.0,0.1723352512774427,0.3794485561287222,6.89341005109771,0.1723352512774427,0.3794485561287222,0.0,0.0,5.551115123125783e-17
narrow,0.01,0.04,real,40,44,20304895,1,19,0.8429752066115702,102.18885776390556,20.010472790563952,0.9091125738490504,0.2299535874742642,0.0080584800564683,0.2342556779576845,0.2258571679863066,0.2300947446012285,0.3167102574666813,1.0,0.3099704248423819,0.3232640362718444,0.3164868067799787,1.0,1.0,0.2043683985468584,0.3806074004442091,0.2804557403884752,0.7422458008801687,0.0,1.0,0.0172696389741955,0.0080584800564683,0.0192185687495115,0.0188945938686018,0.0190572697708657,0.9172747852331558,1.0,0.9083796747802744,0.909852328199834,0.9091125738490504,1.0,1.0,0.0153096435715303,0.0950551493353871,0.0211274794860737,0.1132462332585043,0.0,1.0,0.1907130354007651,0.3773362619555132,7.628521416030605,0.1907130354007651,0.3773362619555131,0.0,0.0,5.551115123125783e-17
narrow,0.01,0.04,real,40,45,20305892,1,18,0.8512396694214877,147.37058337543982,21.445658481459585,0.908845173955354,0.1983577052437184,0.0098499097415971,0.2023232587548976,0.1948099044446705,0.1986021146701904,0.3709127103183802,1.0,0.3636307701899256,0.377551036946029,0.3704597143519659,1.0,1.0,0.1767164270574297,0.4014195583920759,0.2448425914885147,0.7646869317455717,0.0,1.0,0.0163830628517066,0.0098499097415971,0.0212288933795185,0.0167387283424457,0.0191161049986806,0.921349980598888,1.0,0.8992947203727502,0.919712974631666,0.908845173955354,1.0,1.0,0.0171650343275734,0.0805655989501576,0.0246027051030637,0.1470179037356741,0.0,1.0,0.1775078234672034,0.4646015044940443,7.100312938688139,0.1775078234672034,0.4646015044940443,0.0,0.0,5.551115123125783e-17
narrow,0.01,0.04,real,40,46,20306889,1,12,0.9008264462809916,104.31560192180822,23.91778782068272,0.9056353755594868,0.2024180862669742,0.0079894520087989,0.2030399740094409,0.2021103533642346,0.202575696941625,0.3634584000504754,1.0,0.3623300036798829,0.3640180710553781,0.363172088261581,1.0,1.0,0.1808134476022735,0.4158851295665259,0.2474737571213486,0.7386082563450478,0.0,1.0,0.0181424312336764,0.0079894520087989,0.0203566466084437,0.0192760278013417,0.0198237018356708,0.9132805552427524,1.0,0.9032253198548492,0.908118739090789,0.9056353755594868,1.0,1.0,0.0147259740847079,0.0839531348916964,0.0224842487787572,0.1653627702920404,0.0,1.0,0.1755039773734748,0.3855581916893993,7.020159094938993,0.1755039773734747,0.3855581916893993,0.0,0.0,1.1102230246251563e-16
narrow,0.01,0.04,real,40,47,20307886,1,15,0.8760330578512396,136.7823511778003,24.339088928143106,0.9095885687456188,0.2340145197315086,0.0081616038867955,0.2320423495760929,0.2362523279240936,0.2341568005059293,0.3103444098600881,1.0,0.3134198078756682,0.3068913080202606,0.3101237081585585,1.0,1.0,0.2140351371265977,0.3785671212895028,0.2857224546738059,0.7438207831173693,0.0,1.0,0.017105219692379,0.0081616038867955,0.0192056341761773,0.0186961026246077,0.0189525807933776,0.9180291835918408,1.0,0.908438424197594,0.910755765038811,0.9095885687456188,1.0,1.0,0.0150118547246317,0.0807125086306634,0.0226941982298811,0.1379458916664711,0.0,1.0,0.2052634667379819,0.3997553972224177,8.210538669519277,0.2052634667379819,0.3997553972224177,0.0,0.0,5.551115123125783e-17
narrow,0.01,0.04,real,40,48,20308883,1,15,0.8760330578512396,129.89791955932463,23.77482815719654,0.9022099084082248,0.2165768899805727,0.0086821914192456,0.2167674813515808,0.2167342115852666,0.2167508471067587,0.3386173907327335,1.0,0.3382948566739285,0.3383511363089587,0.33832299424137,1.0,1.0,0.1950462346993086,0.3613236155509535,0.265690141775213,0.7036027453940357,0.0,1.0,0.0186607180983066,0.0086821914192456,0.0219435128982097,0.0191229688400072,0.0205816143143557,0.9109169126003251,1.0,0.896087186400093,0.908813983645248,0.9022099084082248,1.0,1.0,0.0156240346400599,0.1007998465314514,0.023958697846188,0.1490689516526242,0.0,1.0,0.189145522932395,0.377744618070932,7.5658209172958015,0.189145522932395,0.377744618070932,0.0,0.0,5.551115123125783e-17
narrow,0.01,0.04,real,40,49,20309880,1,17,0.859504132231405,92.07105536498447,19.30757960165314,0.9018662514927728,0.1890371979813565,0.0085054129246259,0.1871317612647013,0.1913021496619752,0.1892284446632191,0.3886072871468254,1.0,0.3923273126582724,0.3842312291749261,0.388235865486955,1.0,1.0,0.1719234179724594,0.3376470588816026,0.2326424784739959,0.6379861555753932,0.0,1.0,0.0188255959742106,0.0085054129246259,0.0181289868761968,0.0229091697895821,0.0206578099711128,0.9101662718246066,1.0,0.9133419496575698,0.8917710507163508,0.9018662514927728,1.0,1.0,0.0142077930551787,0.1014919718361781,0.0218961496308886,0.1871011383124704,0.0,1.0,0.1609054071288827,0.3331044273032344,6.43621628515531,0.1609054071288827,0.3331044273032343,0.0,0.0,5.551115123125783e-17
narrow,0.01,0.04,real,100,0,20261807,1,21,0.8264462809917356,282.5324327138256,18.93332072973885,0.9054641923238554,0.2053253987270405,0.0085756544365389,0.2061998015187771,0.2048066509576364,0.2055044067932196,0.3582131804695105,1.0,0.3566504859945195,0.359143497889868,0.3578927086649212,1.0,1.0,0.1834706956556018,0.4268661390367971,0.2483512817362281,0.763418983862591,0.0,1.0,0.0179147343634255,0.0085756544365389,0.0212086239447537,0.0184161174796448,0.0198615094171372,0.9143209029606294,1.0,0.8993858659696912,0.9120316483258571,0.9054641923238554,1.0,1.0,0.0137191842263306,0.1557047165890799,0.0201391803551052,0.2531477294886423,0.0,1.0,0.1787015955936294,0.3974992891614162,17.870159559362946,0.1787015955936294,0.3974992891614161,0.0,0.0,5.551115123125783e-17
narrow,0.01,0.04,real,100,1,20262804,1,11,0.9090909090909092,233.2858090228492,23.76457290185004,0.9081334723333204,0.1895385877610292,0.0083352254016536,0.1909224775320703,0.1885134266806999,0.1897217758533315,0.3876342886747316,1.0,0.3849613314001173,0.3896263276459959,0.38727940129813,1.0,1.0,0.1655077761018392,0.3633442373189965,0.2293306767700005,0.709309756416924,0.0,1.0,0.0173771166704736,0.0083352254016536,0.0195443785685025,0.0189973050436715,0.0192727830443769,0.916781984753812,1.0,0.9069010843683748,0.9093851881525126,0.9081334723333204,1.0,1.0,0.0139276757215907,0.1183771748913423,0.0212322717731259,0.2100986970148049,0.0,1.0,0.1605147329398301,0.4113860182423193,16.05147329398301,0.16051473293983,0.4113860182423193,0.0,0.0,5.551115123125783e-17
narrow,0.01,0.04,real,100,2,20263801,1,17,0.859504132231405,371.28363823932887,22.63650882376202,0.9108097415923968,0.2144563070132925,0.0084680753763765,0.2144361068946127,0.2148105860906333,0.2146234281674756,0.3422268235282175,1.0,0.3422613903860781,0.3416211411217016,0.3419409762639595,1.0,1.0,0.1888625740040876,0.3847545036483525,0.2593978336406597,0.742209391765883,0.0,1.0,0.0166551160772845,0.0084680753763765,0.0187885773928155,0.0185793364738845,0.0186842498411848,0.9200975514399456,1.0,0.9103347527375196,0.9112876475130386,0.9108097415923968,1.0,1.0,0.014880128717969,0.1290086552312829,0.0218526491589881,0.16421544064795,0.0,1.0,0.1816914530361359,0.4162769816390303,18.169145303613597,0.1816914530361359,0.4162769816390303,0.0,0.0,1.1102230246251563e-16
narrow,0.01,0.04,real,100,3,20264798,1,18,0.8512396694214877,290.2324003506073,19.739466163721527,0.907278231046254,0.2008429659939939,0.0085608283856905,0.2014747427671535,0.200574917601222,0.201025333657014,0.3663321549422435,1.0,0.3651767800168256,0.3668234578278385,0.3659982714943079,1.0,1.0,0.1799836412728384,0.374300655430515,0.2426261773491379,0.721481355854394,0.0,1.0,0.0174771687474069,0.0085608283856905,0.0194141815937232,0.0195081514550995,0.0194612232419902,0.9163234697434736,1.0,0.9074916554619868,0.9070653712891712,0.907278231046254,1.0,1.0,0.0143844285545748,0.1355084188925219,0.021034373008775,0.2189927483937619,0.0,1.0,0.1772383973815753,0.3911374303353878,17.723839738157537,0.1772383973815753,0.3911374303353878,0.0,0.0,5.551115123125783e-17
narrow,0.01,0.04,real,100,4,20265795,1,18,0.8512396694214877,289.2276603727525,21.216100162096243,0.9031615231920732,0.221267464427845,0.0087672489271316,0.2215466589272045,0.2213354667791603,0.2214410880303787,0.3307682426382466,1.0,0.3303068214093144,0.3306557966646072,0.3304812213709853,1.0,1.0,0.2056676404619213,0.4031650311099451,0.2672613622402785,0.7530498532715828,0.0,1.0,0.0183875979944818,0.0087672489271316,0.0209544307578326,0.0197698927445022,0.0203707735188667,0.9121617109642488,1.0,0.900529681488712,0.905879065422287,0.9031615231920732,1.0,1.0,0.0154327382309083,0.1096874409894007,0.0234276551685847,0.1972103621505851,0.0,1.0,0.1953722760581675,0.4316741506881112,19.537227605816756,0.1953722760581675,0.4316741506881112,0.0,0.0,1.1102230246251563e-16
narrow,0.01,0.04,real,100,5,20266792,1,15,0.8760330578512396,295.1532317667191,22.477740315866072,0.911097926659274,0.211062546963938,0.0089893652318615,0.2109640806360516,0.2115433088465296,0.2112538932615831,0.3480835524355952,1.0,0.3482549671746125,0.3472478307759716,0.3477506891962081,1.0,1.0,0.1950133433670303,0.3781778921415719,0.2556970237935466,0.7550872689795489,0.0,1.0,0.0163074266373294,0.0089893652318615,0.0185514656128048,0.0186902334181326,0.018620978782107,0.921698483616602,1.0,0.911414648219018,0.9107824924991484,0.911097926659274,1.0,1.0,0.0156563531101504,0.0982745257831629,0.0223135546342685,0.1601579101861517,0.0,1.0,0.1835133907030839,0.3701876425528695,18.3513390703084,0.1835133907030839,0.3701876425528695,0.0,0.0,5.551115123125783e-17
narrow,0.01,0.04,real,100,6,20267789,1,16,0.8677685950413223,286.31547397812625,21.487525443451812,0.9036028329335124,0.2184912525849074,0.008737677859978,0.2188456759578619,0.2184859699284135,0.2186658969078319,0.3353916710040308,1.0,0.3347978440882908,0.3354005299159708,0.3350989275810898,1.0,1.0,0.1960778258571578,0.3856023197597483,0.2642592292199332,0.7570007526761976,0.0,1.0,0.0182934531373372,0.008737677859978,0.0209948835994059,0.0195245933835459,0.0202730718459907,0.9125911887089784,1.0,0.900347554985483,0.9069908048345994,0.9036028329335124,1.0,1.0,0.0146821409015066,0.1071163018679628,0.0218305809550357,0.2098095418035369,0.0,1.0,0.1861563900006859,0.369143682996999,18.615639000068597,0.1861563900006859,0.369143682996999,0.0,0.0,5.551115123125783e-17
narrow,0.01,0.04,real,100,7,20268786,1,14,0.8842975206611571,303.93451053354266,23.66959050780011,0.9015378145940848,0.2155829465741004,0.0082992700238273,0.2155605026089403,0.2159246145949571,0.2157426354165997,0.3403044118836039,1.0,0.3403426029282808,0.3397235525030722,0.3400328062408546,1.0,1.0,0.190098553206851,0.4080480359137051,0.2606508869282571,0.7595683679030591,0.0,1.0,0.0189969025306302,0.0082992700238273,0.021867833967297,0.0195273709175624,0.0207306581826691,0.909387018351343,1.0,0.8964263251615504,0.906978208932998,0.9015378145940848,1.0,1.0,0.0144412988677412,0.1094018593632039,0.0220014480636333,0.2166471797611904,0.0,1.0,0.181546729843793,0.4346797598928307,18.154672984379303,0.181546729843793,0.4346797598928307,0.0,0.0,1.1102230246251563e-16
narrow,0.01,0.04,real,100,8,20269783,1,21,0.8264462809917356,237.80358581411,17.005056568734812,0.9066904467301558,0.1996869330012116,0.0084278676713928,0.2006917721804033,0.1990342003498968,0.199864704650213,0.3684557466721679,1.0,0.3666091954237999,0.3696602265935607,0.3681283872534304,1.0,1.0,0.176869215917968,0.413489094518219,0.2420310911726438,0.7690739830723067,0.0,1.0,0.0176853585522765,0.0084278676713928,0.0186001894021984,0.0205337447977841,0.0195908361385901,0.915370120001984,1.0,0.9111926373862884,0.9024258760136644,0.9066904467301558,1.0,1.0,0.013378887244671,0.1274192921591002,0.0200109664602849,0.2343170709540174,0.0,1.0,0.167542865919234,0.3924529969933602,16.754286591923407,0.167542865919234,0.3924529969933601,0.0,0.0,5.551115123125783e-17
narrow,0.01,0.04,real,100,9,20270780,1,16,0.8677685950413223,297.0189349611465,22.04933177602464,0.902766814015416,0.2257294293662298,0.0090502684872897,0.2261336303609617,0.2256877189905633,0.2259107846954097,0.3234705687298206,1.0,0.3228174932582617,0.3235380361594996,0.3231773861181222,1.0,1.0,0.2033077676604078,0.4189375767000904,0.2724735503735665,0.7667195554237346,0.0,1.0,0.0183474939908112,0.0090502684872897,0.0205690639453688,0.0203467294492528,0.0204581987338788,0.912344635986724,1.0,0.9022665255208911,0.9032701081116816,0.902766814015416,1.0,1.0,0.0152722203574606,0.135376430389322,0.0215841271590151,0.2313463276570381,0.0,1.0,0.1923997869808524,0.4133723417002251,19.23997869808524,0.1923997869808524,0.4133723417002251,0.0,0.0,5.551115123125783e-17
narrow,0.01,0.04,real,100,10,20271777,1,18,0.8512396694214877,319.8639031837381,18.57572534288152,0.904409366563124,0.2175850997047382,0.0081319234966553,0.2182513325444947,0.2172214617138578,0.2177370060262524,0.3369146992831396,1.0,0.3357942483379861,0.3375278314313144,0.3366588990764471,1.0,1.0,0.1928959968689073,0.3765877378792114,0.262505932438158,0.7423193431984404,0.0,1.0,0.0183756967777797,0.0081319234966553,0.0195703975047262,0.0206055420980794,0.0200946363944302,0.912215991750199,1.0,0.9067831090351454,0.9021019754470362,0.904409366563124,1.0,1.0,0.0134717327147832,0.1290911940455417,0.0202100779229833,0.222156740296933,0.0,1.0,0.1850733504413839,0.3873529198779212,18.507335044138397,0.1850733504413839,0.3873529198779212,0.0,0.0,5.551115123125783e-17
narrow,0.01,0.04,real,100,11,20272774,1,16,0.8677685950413223,285.8754761668797,21.08322712246566,0.9007948290424652,0.2142266238704119,0.0088080810876634,0.2134456383010584,0.2153653101708289,0.2144076226894972,0.3426200679510655,1.0,0.3439605902132163,0.3406749265818567,0.3423101390756493,1.0,1.0,0.1952536068098687,0.4129017407282093,0.2583935843303178,0.7770352634541686,0.0,1.0,0.018948398819238,0.0088080810876634,0.0200283059039687,0.0217282116874942,0.0208955524037952,0.9096075883238276,1.0,0.9047093658924414,0.897052349089317,0.9007948290424652,1.0,1.0,0.014556026902082,0.1358223135464765,0.0223430956945279,0.2119691615778584,0.0,1.0,0.1840423919368374,0.3767234332730316,18.404239193683747,0.1840423919368374,0.3767234332730315,0.0,0.0,1.1102230246251563e-16
narrow,0.01,0.04,real,100,12,20273771,1,20,0.8347107438016529,287.6411909508864,18.68055770433806,0.9007373687287962,0.2165704056562509,0.0083260947677768,0.2172041527244211,0.2162556009902552,0.2167303957920879,0.3386283694356188,1.0,0.3375570440237414,0.3391617980937464,0.3383575917603298,1.0,1.0,0.1899151794674879,0.4085119372152754,0.2615802875948901,0.75988710969827,0.0,1.0,0.0191789883462106,0.0083260947677768,0.0199455562894961,0.0218286435775269,0.0209083105024314,0.908559462739278,1.0,0.9050837650967616,0.896601998858206,0.9007373687287962,1.0,1.0,0.0148780026091781,0.1211318957243441,0.0219733851656068,0.2322742052648203,0.0,1.0,0.1834930620436569,0.3850576080230309,18.349306204365696,0.1834930620436569,0.3850576080230308,0.0,0.0,1.1102230246251563e-16
narrow,0.01,0.04,real,100,13,20274768,1,17,0.859504132231405,232.58930373631736,19.508637637618705,0.9096051708294222,0.2000094310089877,0.0092047854437737,0.2010805310420324,0.1993580225901734,0.2002211291737336,0.3678620942088635,1.0,0.3658972746943086,0.369062189854616,0.3674729215619191,1.0,1.0,0.1772815565843341,0.3863535223194088,0.2432737845545809,0.7407666642222024,0.0,1.0,0.016563027711525,0.0092047854437737,0.0191854914884599,0.0187093784082619,0.0189489303666105,0.9205213003875866,1.0,0.9085299207624288,0.9106953120627423,0.9096051708294222,1.0,1.0,0.0150427935816875,0.1148754090595731,0.0219000627148958,0.1689737933327338,0.0,1.0,0.1661882411398566,0.3787841687909515,16.61882411398566,0.1661882411398566,0.3787841687909515,0.0,0.0,5.551115123125783e-17
narrow,0.01,0.04,real,100,14,20275765,1,18,0.8512396694214877,324.5161807762595,18.95933086707668,0.9000285536217383,0.211955893438947,0.0085748511215264,0.2114418996365291,0.2128144279615768,0.2121292738762348,0.3465322236273194,1.0,0.3474239460624454,0.3450478624590127,0.346231944260211,1.0,1.0,0.1882029069562537,0.4095774372644326,0.2552314184622383,0.7477502409302623,0.0,1.0,0.0192415718598975,0.0085748511215264,0.0212646319659733,0.0208649885248852,0.0210657579829434,0.9082752029986724,1.0,0.8991340371190967,0.9009324984818654,0.9000285536217383,1.0,1.0,0.0138849489938505,0.1207204149153595,0.0213164273525872,0.2220336405981499,0.0,1.0,0.1791909044173998,0.3828415405131381,17.919090441739986,0.1791909044173998,0.3828415405131381,0.0,0.0,5.551115123125783e-17
narrow,0.01,0.04,real,100,15,20276762,1,18,0.8512396694214877,320.9161947494919,20.17538005493053,0.9043873644934894,0.221970304033057,0.0085199233477952,0.2198989555520737,0.2243462932162403,0.2221337546758261,0.3296078975682095,1.0,0.33303930006224,0.3257153410328092,0.3293386344976547,1.0,1.0,0.2026659717220175,0.3839585144108952,0.2681411614407788,0.7583006957871092,0.0,1.0,0.01820441939152,0.0085199233477952,0.0196358644113318,0.0205526832138557,0.0200995019648412,0.9129975362085202,1.0,0.9064863361842432,0.9023404274758092,0.9043873644934894,1.0,1.0,0.0131282435629291,0.1369727925048119,0.01982204658197,0.2166678428143736,0.0,1.0,0.1980346816126269,0.4232850088383343,19.803468161262696,0.1980346816126269,0.4232850088383342,0.0,0.0,5.551115123125783e-17
narrow,0.01,0.04,real,100,16,20277759,1,18,0.8512396694214877,299.94827621090485,21.283019433833054,0.9051829283737476,0.2085782140219806,0.0080682901694216,0.2092532906649031,0.2082138268406396,0.2087342057997614,0.3524342954078163,1.0,0.3512467000251468,0.3530769934048693,0.352159518317705,1.0,1.0,0.1811043746477715,0.4084390793035771,0.2510883824421326,0.760271269099458,0.0,1.0,0.0182168691902912,0.0080682901694216,0.0214354368815315,0.0182872989915464,0.0199236449816334,0.9129407047993654,1.0,0.8983664823546372,0.9126192702371342,0.9051829283737476,1.0,1.0,0.014772232555854,0.1044267173065422,0.0224025936316695,0.2026066187693004,0.0,1.0,0.1690988392464893,0.3971638981392266,16.909883924648938,0.1690988392464893,0.3971638981392266,0.0,0.0,5.551115123125783e-17
narrow,0.01,0.04,real,100,17,20278756,1,19,0.8429752066115702,244.03752430892828,19.57775858260192,0.9054649141631992,0.2204257176912121,0.0092510897814386,0.22146011340116,0.219776198747739,0.2206197626728624,0.3321632917181262,1.0,0.3304497852273554,0.3332437770091295,0.3318411749070394,1.0,1.0,0.2022852078985133,0.3845366285933699,0.2673191934017025,0.7298333338410772,0.0,1.0,0.01757528266469,0.0092510897814386,0.0209365020525192,0.0187245648168614,0.0198613499764742,0.9158740595603956,1.0,0.9006104117635584,0.9106261637324696,0.9054649141631992,1.0,1.0,0.0150532457362396,0.1020703713367429,0.0218273416731746,0.1896608747746665,0.0,1.0,0.1907959175081924,0.3746690999441143,19.079591750819244,0.1907959175081924,0.3746690999441143,0.0,0.0,1.1102230246251563e-16
narrow,0.01,0.04,real,100,18,20279753,1,19,0.8429752066115702,290.2061799348122,20.821705432642467,0.910921313235534,0.2231154205609607,0.0090046972055545,0.224318711989578,0.2222707051751375,0.2232970565499198,0.3277260926676009,1.0,0.3257602622734375,0.3291131962389837,0.3274285935146839,1.0,1.0,0.2004857005104412,0.4001600394101114,0.2701784725016952,0.7728443449850143,0.0,1.0,0.0163432484306442,0.0090046972055545,0.0190994413231725,0.0182094487341501,0.0186597519016057,0.9215334139368796,1.0,0.9089209006153508,0.912974577610038,0.910921313235534,1.0,1.0,0.0151076012811804,0.1024840360036825,0.021856179103019,0.1846150738209458,0.0,1.0,0.1888517436975121,0.3899798543615438,18.88517436975121,0.1888517436975121,0.3899798543615438,0.0,0.0,5.551115123125783e-17
narrow,0.01,0.04,real,100,19,20280750,1,16,0.8677685950413223,289.2057236206936,20.319813520158306,0.9067285264015028,0.2118456284156157,0.0087605646916032,0.212061692428839,0.2119916841512002,0.2120266911794901,0.3467233282214768,1.0,0.3463489583086832,0.3464702160002162,0.346409576844097,1.0,1.0,0.1918335088748178,0.4094849460627344,0.2561596938372515,0.7632658582965561,0.0,1.0,0.0175135470359907,0.0087605646916032,0.0194463720575029,0.0197175622427423,0.0195824366077774,0.9161568135025132,1.0,0.9073456043296088,0.9061161219642908,0.9067285264015028,1.0,1.0,0.0136503356383366,0.1399391901404784,0.0206436524017728,0.2143292239513744,0.0,1.0,0.1813925670576001,0.4014120597086143,18.13925670576001,0.1813925670576001,0.4014120597086142,0.0,0.0,5.551115123125783e-17
narrow,0.01,0.04,real,100,20,20281747,1,16,0.8677685950413223,278.3391315666079,23.894379719894225,0.9084557614631013,0.2187328442175858,0.0078560818783743,0.2194924222516506,0.2182535839295471,0.2188738795790726,0.3349867764941559,1.0,0.3337169463725209,0.3357904683485047,0.3347506348591629,1.0,1.0,0.1972292906997944,0.39217633735665,0.2636709443181496,0.7514501381104082,0.0,1.0,0.0175211804445105,0.0078560818783743,0.0193261273452299,0.0190766971757061,0.019201817274644,0.9161218471736696,1.0,0.9078912859071064,0.9090242696478352,0.9084557614631013,1.0,1.0,0.0151793616074062,0.1383239123323565,0.021810684251269,0.2026616689069904,0.0,1.0,0.1910974182226044,0.4092575783997042,19.10974182226045,0.1910974182226044,0.4092575783997042,0.0,0.0,1.1102230246251563e-16
narrow,0.01,0.04,real,100,21,20282744,1,15,0.8760330578512396,289.6776935835619,21.878384379884302,0.9106134327598668,0.2079707110688478,0.0086766522086673,0.2079254381641712,0.2083775757520519,0.2081516297222589,0.3535064472982927,1.0,0.3535864776744254,0.3527880318472886,0.3531868123378188,1.0,1.0,0.1837913536806069,0.4241277108166742,0.2508076900267992,0.7475760201539389,0.0,1.0,0.0165960764577716,0.0086766522086673,0.0182109204043265,0.0192299368878848,0.0187273609283949,0.9203692025801816,1.0,0.9129678596474664,0.90832804331848,0.9106134327598668,1.0,1.0,0.0136325683269993,0.1198833740743531,0.0204900665745805,0.210398821087179,0.0,1.0,0.1748928111548699,0.4262785431578235,17.489281115486996,0.1748928111548699,0.4262785431578235,0.0,0.0,5.551115123125783e-17
narrow,0.01,0.04,real,100,22,20283741,1,20,0.8347107438016529,263.8624657526006,18.589948314367327,0.9032352384172888,0.1993340293912315,0.0086595876551688,0.2005606763175382,0.198477964969554,0.1995220382105744,0.3691064674231796,1.0,0.3668495789424469,0.3706897480542908,0.368759654102866,1.0,1.0,0.1741650743489438,0.3739649438631791,0.2408109136069896,0.7354506242860798,0.0,1.0,0.0184205100730913,0.0086595876551688,0.0202706627952053,0.0204378944430168,0.0203544503662076,0.912011617624618,1.0,0.9036137171246356,0.9028584688676664,0.9032352384172888,1.0,1.0,0.0136857547335772,0.1301106983648355,0.0208024514214858,0.2277616823315457,0.0,1.0,0.1641454405574893,0.3779844276712557,16.41454405574893,0.1641454405574892,0.3779844276712557,0.0,0.0,1.1102230246251563e-16
narrow,0.01,0.04,real,100,23,20284738,1,16,0.8677685950413223,318.24851797654924,22.77209699306773,0.9034970107924832,0.2178120523089339,0.0089186103261637,0.2166057290865596,0.2193746147785549,0.2179945681460428,0.3365325977794996,1.0,0.3385685671387884,0.3339135760288498,0.3362256252251944,1.0,1.0,0.1957873297391071,0.384806237695229,0.2635940653204209,0.7631201976069446,0.0,1.0,0.0182320080865795,0.0089186103261637,0.020477543490524,0.0201138179029195,0.0202964954861438,0.9128716028414804,1.0,0.9026794992165706,0.9043226310427728,0.9034970107924832,1.0,1.0,0.0151351481556598,0.1565653015270415,0.0217419560870347,0.2359920609514808,0.0,1.0,0.186552336235888,0.3749272899800576,18.6552336235888,0.1865523362358879,0.3749272899800576,0.0,0.0,5.551115123125783e-17
narrow,0.01,0.04,real,100,24,20285735,1,15,0.8760330578512396,305.8100620283166,23.702496193632776,0.901367477873865,0.2213716020589619,0.008684776408034,0.2203521871040544,0.2227252493932326,0.2215418956753077,0.3305960603625872,1.0,0.332285434979276,0.3283660630709866,0.3303146881759606,1.0,1.0,0.1970144083298028,0.4187471707748137,0.2660845658645692,0.7605723659663965,0.0,1.0,0.0188653959780576,0.008684776408034,0.0210828031552341,0.0204492646432716,0.0207684497896799,0.909985166739562,1.0,0.8999518511814851,0.9028071419187104,0.901367477873865,1.0,1.0,0.0156121274634704,0.0984244445097844,0.0234605659920541,0.1776625681933092,0.0,1.0,0.1887727787511164,0.3882292275621705,18.877277875111645,0.1887727787511164,0.3882292275621705,0.0,0.0,1.1102230246251563e-16
narrow,0.01,0.04,real,100,25,20286732,1,14,0.8842975206611571,301.207241508278,23.67262226741972,0.9089371174973112,0.21731414576088,0.0088498281126628,0.217909997537559,0.2170777459436835,0.2174942698219994,0.337371450442172,1.0,0.3363678293173578,0.3377704589556251,0.3370677436461573,1.0,1.0,0.1918565889288989,0.3946684933399998,0.2626973167506484,0.7430019713770134,0.0,1.0,0.0169213742645873,0.0088498281126628,0.0208518932282597,0.0171610978101371,0.0190958729736537,0.9188734489081012,1.0,0.9009914903046692,0.9177727307046404,0.9089371174973112,1.0,1.0,0.0154114240810412,0.1032418172337362,0.0220152733001382,0.2049278215863563,0.0,1.0,0.1808066163639667,0.3904325964201132,18.08066163639668,0.1808066163639667,0.3904325964201131,0.0,0.0,1.1102230246251563e-16
narrow,0.01,0.04,real,100,26,20287729,1,17,0.859504132231405,320.4980575752505,21.46203595233741,0.909557180302793,0.2175978102734108,0.0084511462905289,0.2177796516104542,0.2177440726248216,0.2177618628442712,0.3368932880764081,1.0,0.3365871216520554,0.336647004120118,0.3366170603315024,1.0,1.0,0.1977598340959718,0.3907457964424402,0.2629451584499923,0.7669336505983593,0.0,1.0,0.0169717443570822,0.0084511462905289,0.0182697409646939,0.0196249974617866,0.0189594825917289,0.918642059344046,1.0,0.9126993927223294,0.9065355912287548,0.909557180302793,1.0,1.0,0.0145969953438142,0.0948164019379298,0.0213187385513883,0.1768303006827806,0.0,1.0,0.1845792784251836,0.4013852021017997,18.45792784251836,0.1845792784251835,0.4013852021017997,0.0,0.0,5.551115123125783e-17
narrow,0.01,0.04,real,100,27,20288726,1,17,0.859504132231405,313.2085557798359,21.21885979900924,0.9065929053154556,0.2091548293227579,0.0085757870599474,0.2085621611588698,0.2100961647393896,0.2093305681278526,0.3514196637047862,1.0,0.3524625844405997,0.3497695311937473,0.351111008972249,1.0,1.0,0.1876918260831618,0.3865782931143924,0.2534597418958777,0.7308487607674694,0.0,1.0,0.0176380349001074,0.0085757870599474,0.0186412191505436,0.0205376178329266,0.0196123532202275,0.9155867389147936,1.0,0.9110057265361772,0.9024084005472162,0.9065929053154556,1.0,1.0,0.0136586561580895,0.1393013673061673,0.0197846249783338,0.2508514424778262,0.0,1.0,0.1784087846185693,0.394274220327169,17.84087846185694,0.1784087846185693,0.394274220327169,0.0,0.0,5.551115123125783e-17
narrow,0.01,0.04,real,100,28,20289723,1,16,0.8677685950413223,278.3890300089543,21.738253038191225,0.9003049977344372,0.2014451856594082,0.0091133770749513,0.2039166539328734,0.1993600541305808,0.2016512248092327,0.365230751852021,1.0,0.3607452423390849,0.3690584410498979,0.3648546864277749,1.0,1.0,0.1816154345151102,0.388145000175187,0.2448621190656192,0.7038973404362496,0.0,1.0,0.018924284539774,0.0091133770749513,0.0225635004005611,0.0193197521666048,0.0210043373390492,0.9097172675937232,1.0,0.8933136731970074,0.907920226213952,0.9003049977344372,1.0,1.0,0.0162911581858012,0.107448976209346,0.0238081544756077,0.2018152788575103,0.0,1.0,0.1693274499846152,0.3938174831833844,16.932744998461523,0.1693274499846152,0.3938174831833844,0.0,0.0,1.1102230246251563e-16
narrow,0.01,0.04,real,100,29,20290720,1,19,0.8429752066115702,319.2125220463634,19.213943440180117,0.9008708823561492,0.2254880501958107,0.0086944878166828,0.2265252192669336,0.2247826390873489,0.2256556112741335,0.3238611996955258,1.0,0.3221860528775347,0.3250054929415064,0.3235899806665331,1.0,1.0,0.2024085527859757,0.4192408212218304,0.272226833335726,0.7730128116222497,0.0,1.0,0.0189822187725642,0.0086944878166828,0.0192740091444251,0.0223685061492378,0.020878667292812,0.909453786897175,1.0,0.9081279050379149,0.894185053067655,0.9008708823561492,1.0,1.0,0.0146096696025044,0.1199067569221544,0.0213939563254339,0.2207647197104219,0.0,1.0,0.1923151369185264,0.4436281181834904,19.231513691852648,0.1923151369185264,0.4436281181834904,0.0,0.0,5.551115123125783e-17
narrow,0.01,0.04,real,100,30,20291717,1,17,0.859504132231405,297.6042966522973,21.80376590415932,0.9079171881036288,0.2204095804633881,0.0087132001797345,0.2209752154756014,0.2201875568245156,0.2205817377241798,0.3321900937729549,1.0,0.3312519293062184,0.332559068805095,0.3319042721232535,1.0,1.0,0.196908159057013,0.3932185084631091,0.26662920120732,0.7451833902981515,0.0,1.0,0.0172440954020613,0.0087132001797345,0.0195809408852725,0.019056340710181,0.019320421413818,0.917391945087917,1.0,0.9067353074981735,0.9091167969626108,0.9079171881036288,1.0,1.0,0.0143343800470418,0.1080910321093653,0.0213357331416851,0.1887585446142694,0.0,1.0,0.1865830343128661,0.3779866900746198,18.658303431286612,0.1865830343128661,0.3779866900746197,0.0,0.0,1.1102230246251563e-16
narrow,0.01,0.04,real,100,31,20292714,1,13,0.8925619834710744,300.6881876868128,25.811582247513687,0.9055565664975735,0.223119147018559,0.0090105571295334,0.2220190927952843,0.2245756225562044,0.2233010163570106,0.3277199864375466,1.0,0.3295275015679481,0.3253420746551606,0.3274221108085282,1.0,1.0,0.2023538368400269,0.3980490153593267,0.2701159055618579,0.7617529761141091,0.0,1.0,0.0176770862116509,0.0090105571295334,0.0198707397431929,0.0198114294157627,0.0198411067412765,0.9154079820521538,1.0,0.9054224046395134,0.905690948952582,0.9055565664975735,1.0,1.0,0.0149400074819209,0.1131924167541743,0.0222716436427804,0.174695306002531,0.0,1.0,0.1969009464250058,0.4104256134206281,19.69009464250058,0.1969009464250058,0.4104256134206281,0.0,0.0,1.1102230246251563e-16
narrow,0.01,0.04,real,100,32,20293711,1,16,0.8677685950413223,321.6592219004638,20.8705456516178,0.9062018422253072,0.2100418457537324,0.00857584211335,0.2091567084018635,0.2112716625619099,0.2102168452707533,0.3498645397258222,1.0,0.3514163619935598,0.3477197941365116,0.3495585429911735,1.0,1.0,0.1850398458872675,0.3766767284610056,0.2542458116187881,0.7441346586596139,0.0,1.0,0.0177339070409669,0.00857584211335,0.018098076698064,0.0211785899816896,0.0196986427677331,0.9151479477887956,1.0,0.9134831183779648,0.8995209367206066,0.9062018422253072,1.0,1.0,0.0152562648771041,0.1153130677889931,0.0222388061226336,0.2161234681214903,0.0,1.0,0.1747438113344732,0.3779251861227019,17.474381133447324,0.1747438113344732,0.3779251861227019,0.0,0.0,5.551115123125783e-17
narrow,0.01,0.04,real,100,33,20294708,1,17,0.859504132231405,231.61784811331765,19.710094391482173,0.9048784256858114,0.1909327390469858,0.0086236074525228,0.1926470451243668,0.1895955455589856,0.1911273853885926,0.3849415804745874,1.0,0.3816561427503881,0.3875239104152577,0.3845671253680767,1.0,1.0,0.1646345623417969,0.3939642769509938,0.2310289396828148,0.7382457906992974,0.0,1.0,0.0180352688135799,0.0086236074525228,0.0199693857144171,0.0200124633050363,0.0199909361129812,0.913770033137766,1.0,0.9049759333926696,0.9047810334690768,0.9048784256858114,1.0,1.0,0.0130624325603407,0.1230627047750097,0.019892174655482,0.2207378713415617,0.0,1.0,0.1549592012442829,0.4190412089504007,15.495920124428292,0.1549592012442829,0.4190412089504007,0.0,0.0,5.551115123125783e-17
narrow,0.01,0.04,real,100,34,20295705,1,14,0.8842975206611571,268.4208838984054,22.81355082877907,0.9023226215040154,0.2159084507190819,0.0087557507526197,0.2157388083767243,0.2164324631068627,0.2160859140785355,0.3397510098592732,1.0,0.3400393128986497,0.3388620063003945,0.339449676790054,1.0,1.0,0.1942576361786714,0.3819331192977424,0.2610192073245162,0.7322687551647699,0.0,1.0,0.018598705881486,0.0087557507526197,0.0220702610205176,0.0189223054066428,0.0205566298723313,0.9111993962771084,1.0,0.8955194794670611,0.9097262698961862,0.9023226215040154,1.0,1.0,0.0145215290620835,0.1061918105877822,0.0217295660876854,0.1986177531440007,0.0,1.0,0.1892964227308488,0.4014378183172101,18.929642273084887,0.1892964227308488,0.4014378183172101,0.0,0.0,5.551115123125783e-17
narrow,0.01,0.04,real,100,35,20296702,1,19,0.8429752066115702,309.15613219231057,19.260402282102064,0.9035895407566864,0.2173236282911984,0.0083263753530422,0.2187894851128444,0.2161687699099893,0.2174830750660168,0.3373554551463278,1.0,0.3348919201720554,0.3393090789893983,0.3370866111298931,1.0,1.0,0.1961774573165657,0.386738383870683,0.2623267806719784,0.738641702859149,0.0,1.0,0.0184875150695973,0.0083263753530422,0.0218018084037452,0.0186256444254436,0.0202760139072831,0.9117061221255256,1.0,0.8967223092816655,0.9110766726173316,0.9035895407566864,1.0,1.0,0.0127675735152332,0.1351543451478155,0.0194271922399478,0.2517601283087179,0.0,1.0,0.1886686817700627,0.3905741161724533,18.86686817700627,0.1886686817700627,0.3905741161724533,0.0,0.0,5.551115123125783e-17
narrow,0.01,0.04,real,100,36,20297699,1,11,0.9090909090909092,314.40907475985443,25.323620399628563,0.9089148592376964,0.2020076934701252,0.0089290451605619,0.2020154360390116,0.2023942581674856,0.2022049358166101,0.3642049693018022,1.0,0.3641908701643948,0.3635017052447073,0.3638459631452091,1.0,1.0,0.1782201185371718,0.3830656360881247,0.2452024798824965,0.7252112585827535,0.0,1.0,0.0168852477939449,0.0089290451605619,0.019642360743351,0.018543369313925,0.0191007706792756,0.9190394421729072,1.0,0.9064568924813822,0.9114515443927964,0.9089148592376964,1.0,1.0,0.0154196879386805,0.1452020503420837,0.0223151992461483,0.1854659134637253,0.0,1.0,0.172972258522193,0.3937926066081052,17.297225852219306,0.172972258522193,0.3937926066081051,0.0,0.0,1.1102230246251563e-16
narrow,0.01,0.04,real,100,37,20298696,1,17,0.859504132231405,314.31257383096164,21.40507561500458,0.90356905990825,0.2252989320213578,0.0086089828814904,0.2248239866044863,0.2261009105680517,0.2254633525791236,0.3241675847244525,1.0,0.3249383090355192,0.3228703101861769,0.3239011951638064,1.0,1.0,0.2065080428380829,0.3949025971221857,0.2716123176676364,0.7571117494054524,0.0,1.0,0.0183626252913355,0.0086089828814904,0.0201174917218977,0.0204423020843288,0.020280547178116,0.9122756137934014,1.0,0.9043060196071204,0.9028385717054842,0.90356905990825,1.0,1.0,0.0147340738378496,0.1264693351327549,0.0223916949719972,0.2145589710686124,0.0,1.0,0.1944384940986706,0.4001468729707161,19.443849409867067,0.1944384940986706,0.4001468729707161,0.0,0.0,5.551115123125783e-17
narrow,0.01,0.04,real,100,38,20299693,1,20,0.8347107438016529,301.0502319130588,17.51184441694618,0.903587576677622,0.2116783299141342,0.008393915514823,0.2119584506789711,0.2117308705210089,0.2118446911605458,0.3470134810260821,1.0,0.3465277928252867,0.3469223315048001,0.34672495306627,1.0,1.0,0.1893875254507727,0.4043733702072462,0.2558489279085466,0.7553572834380314,0.0,1.0,0.0184574253788194,0.008393915514823,0.0195065014952761,0.0210182096759961,0.0202764486359094,0.9118432972206328,1.0,0.9070728544271376,0.9002425532286722,0.903587576677622,1.0,1.0,0.0129522299163121,0.1336758845560944,0.0196444546230446,0.2421441832105481,0.0,1.0,0.1873509500851526,0.4317751848786192,18.73509500851526,0.1873509500851526,0.4317751848786191,0.0,0.0,5.551115123125783e-17
narrow,0.01,0.04,real,100,39,20300690,1,16,0.8677685950413223,289.68367933848225,21.50132264081954,0.9045313703123692,0.2288751207073639,0.0085754622221158,0.2282741700893117,0.2297947391310398,0.2290357164966489,0.3184226777252293,1.0,0.319380898137061,0.316961901885104,0.3181670936470016,1.0,1.0,0.2063117262967334,0.4419115489913929,0.2725633352299011,0.7559430869553436,0.0,1.0,0.0181431078761983,0.0085754622221158,0.01946580107869,0.0206519834356288,0.0200676584516058,0.9132774654256888,1.0,0.9072574644260056,0.9018925256540702,0.9045313703123692,1.0,1.0,0.014032756653504,0.1333526252304271,0.0210743229118966,0.2211538802869159,0.0,1.0,0.194100627255845,0.4339736146274351,19.410062725584503,0.194100627255845,0.433973614627435,0.0,0.0,5.551115123125783e-17
narrow,0.01,0.04,real,100,40,20301687,1,13,0.8925619834710744,291.7075598730676,22.06643947396762,0.9017964971247538,0.1981553093378666,0.0088130018412284,0.1965939629873253,0.2000929907753302,0.1983511926362912,0.3712882563787771,1.0,0.3741981477914899,0.3677084339574435,0.3709247885593914,1.0,1.0,0.1763759679545418,0.371855872755845,0.2408357692432485,0.7214562687344545,0.0,1.0,0.018700681333147,0.0088130018412284,0.0200739102212209,0.0212557544205135,0.0206732794635348,0.9107349148514862,1.0,0.9045030961455964,0.8991739485213233,0.9017964971247538,1.0,1.0,0.0161486508790113,0.1045223488817631,0.0235934016329786,0.1820580091404411,0.0,1.0,0.1666562926894308,0.3853775115917298,16.665629268943082,0.1666562926894307,0.3853775115917297,0.0,0.0,5.551115123125783e-17
narrow,0.01,0.04,real,100,41,20302684,1,20,0.8347107438016529,305.2500317696133,20.130255176184107,0.904129951074634,0.2171834807668932,0.008392680811651,0.2171858579744863,0.2175051859481646,0.2173455806066222,0.3375919356512926,1.0,0.3375879230445756,0.3370493467781389,0.3373184285116093,1.0,1.0,0.1994586455359402,0.3711558626247088,0.2622907749523593,0.7331794512056744,0.0,1.0,0.0183260689383537,0.008392680811651,0.0199770964665584,0.0203341929922216,0.0201564355464836,0.9124423763802896,1.0,0.9049410438396546,0.9033267289207136,0.904129951074634,1.0,1.0,0.013862763300994,0.1235592743552059,0.0209915059880799,0.2344550146340592,0.0,1.0,0.1886459482346512,0.3751691645281565,18.86459482346512,0.1886459482346512,0.3751691645281564,0.0,0.0,1.1102230246251563e-16
narrow,0.01,0.04,real,100,42,20303681,1,13,0.8925619834710744,342.90423218545254,24.220546653350706,0.9039067197119718,0.222604897906142,0.0088843377947772,0.2232722960738184,0.2222908587091165,0.2227821178413016,0.328563719255565,1.0,0.3274691324633645,0.329080033939939,0.3282727080019834,1.0,1.0,0.2018027941068959,0.3975431906834614,0.2695906315508444,0.7605432476840841,0.0,1.0,0.0181478314196696,0.0088843377947772,0.0204985368110586,0.0199088039616292,0.0202058220146683,0.9132558961513518,1.0,0.9025847529889172,0.9052501000556948,0.9039067197119718,1.0,1.0,0.0151573916500028,0.1265558841477522,0.0226389327473408,0.2016556420303313,0.0,1.0,0.1947813093033221,0.4305708393900199,19.478130930332213,0.1947813093033221,0.4305708393900199,0.0,0.0,5.551115123125783e-17
narrow,0.01,0.04,real,100,43,20304678,1,17,0.859504132231405,365.02672568564645,21.71419969243628,0.9079486459226328,0.2155128107129112,0.0094220227129221,0.2156613445264648,0.2157759872270343,0.2157186734925419,0.3404237705256534,1.0,0.3401710421797296,0.3399761074200304,0.3400735478828277,1.0,1.0,0.1982045021844425,0.4021427411370528,0.2614501709732625,0.7383115349630095,0.0,1.0,0.0168593136303846,0.0094220227129221,0.0192379412825431,0.0193887480614507,0.0193134918668399,0.9191586224959036,1.0,0.908291690965242,0.9076070663916312,0.9079486459226328,1.0,1.0,0.0144300375504595,0.1176317206792875,0.0210974287868943,0.2110879136873332,0.0,1.0,0.1878965989250696,0.3700923257846075,18.789659892506965,0.1878965989250696,0.3700923257846075,0.0,0.0,1.1102230246251563e-16
narrow,0.01,0.04,real,100,44,20305675,1,18,0.8512396694214877,314.18427074400245,21.84702996900908,0.906827610422044,0.2218311014424185,0.0088962463067228,0.2209960738259584,0.2230181537106889,0.2220094159388436,0.3298373887895585,1.0,0.3312173842636416,0.3278855158548652,0.3295434459053024,1.0,1.0,0.2042546185974196,0.3787291928189554,0.267645747655807,0.7434104503589943,0.0,1.0,0.0174204819197807,0.0088962463067228,0.0197348019431365,0.0193847973835103,0.0195605825237206,0.9165832239062294,1.0,0.9060380194781728,0.907624994884784,0.906827610422044,1.0,1.0,0.0149422189841371,0.1318491964815565,0.0214087704374146,0.2052425506674399,0.0,1.0,0.1952091337708704,0.3757060472082089,19.520913377087048,0.1952091337708704,0.3757060472082089,0.0,0.0,5.551115123125783e-17
narrow,0.01,0.04,real,100,45,20306672,1,22,0.8181818181818182,262.35888208655587,16.396918861652654,0.9029410938240168,0.2228948167390708,0.0082615386070152,0.223494211406402,0.2226006337961076,0.2230478700846506,0.3280877802479642,1.0,0.3271059818651297,0.3285707244895035,0.3278368016309512,1.0,1.0,0.2019509614010245,0.4016780207822293,0.2692257302390103,0.7575019011759221,0.0,1.0,0.0186736908504809,0.0082615386070152,0.0204596988748302,0.0203794068171854,0.0204195923106838,0.9108578290197452,1.0,0.9027600426534752,0.9031225377192136,0.9029410938240168,1.0,1.0,0.0152289238985211,0.0977212654682252,0.0225785650162034,0.1531741579143274,0.0,1.0,0.1896809629250904,0.3942655521665591,18.96809629250905,0.1896809629250904,0.3942655521665591,0.0,0.0,5.551115123125783e-17
narrow,0.01,0.04,real,100,46,20307669,1,17,0.859504132231405,242.80997855756289,19.693712160229914,0.9065616244062512,0.2028327960905524,0.0094790253376588,0.2027876297257156,0.2033203566118091,0.2030541678746427,0.3627055320298238,1.0,0.3627874517314533,0.3618224044212811,0.3623042902761712,1.0,1.0,0.1781452071482692,0.387717184930696,0.2458650985513762,0.7436050590939576,0.0,1.0,0.0171774040569986,0.0094790253376588,0.0205414574184642,0.0186515090570217,0.0196192541012489,0.9176979066113838,1.0,0.902391076342292,0.9109588569232616,0.9065616244062512,1.0,1.0,0.0171875136475523,0.0924045296547789,0.0237100510164151,0.1776987179599927,0.0,1.0,0.1677278300590643,0.3749889742998097,16.772783005906433,0.1677278300590643,0.3749889742998097,0.0,0.0,1.1102230246251563e-16
narrow,0.01,0.04,real,100,47,20308666,1,15,0.8760330578512396,352.4012588355017,24.43009630153476,0.9116660768474768,0.2335531007279912,0.0079731519746714,0.2329653933575145,0.2344106855967094,0.2336891568132129,0.3110612304704907,1.0,0.3119766396827155,0.3097302789968925,0.3108496935644466,1.0,1.0,0.2162914494632699,0.3897198567748258,0.2803340220302164,0.7589565969493849,0.0,1.0,0.0166895763733222,0.0079731519746714,0.018672229081619,0.018318681311379,0.0184962999524814,0.9199390309269664,1.0,0.910864486362134,0.9124760809223404,0.9116660768474768,1.0,1.0,0.0140435097311793,0.092081094836929,0.0211221180320093,0.1836146893410066,0.0,1.0,0.2109007263267591,0.4372791030281761,21.090072632675916,0.2109007263267591,0.4372791030281761,0.0,0.0,1.1102230246251563e-16
narrow,0.01,0.04,real,100,48,20309663,1,15,0.8760330578512396,295.1239532949201,22.26972367220284,0.902092329892814,0.2136472037966275,0.0089638443435986,0.2142203638840948,0.2134492728693025,0.2138351659468899,0.3436141119036109,1.0,0.342630792103584,0.3439543395288209,0.3432913313670084,1.0,1.0,0.1959134360512426,0.3827219209043833,0.2588594655875719,0.7635060025991678,0.0,1.0,0.0185560230955743,0.0089638443435986,0.0200809983939448,0.0211212334057906,0.0206076805715672,0.911393879672874,1.0,0.9044710403427684,0.8997789409188304,0.902092329892814,1.0,1.0,0.0160256056647606,0.0938415936554652,0.023401366620321,0.1862421549711662,0.0,1.0,0.1840697794810137,0.4015211504984284,18.40697794810137,0.1840697794810137,0.4015211504984284,0.0,0.0,5.551115123125783e-17
narrow,0.01,0.04,real,100,49,20310660,1,12,0.9008264462809916,305.0901773513933,25.178171915700677,0.9084426343326956,0.2231015140756164,0.0082708422775679,0.2231260469514917,0.2233834192625463,0.223254770194979,0.3277488810503805,1.0,0.3277086804029394,0.3272872359293048,0.3274978296424002,1.0,1.0,0.2018448255527162,0.4012880584385752,0.2686045054453611,0.7428107909411108,0.0,1.0,0.0173324536594893,0.0082708422775679,0.0204341483668767,0.0178909794085725,0.0192047072833394,0.9169867388345716,1.0,0.9028753799088812,0.9144295076691068,0.9084426343326956,1.0,1.0,0.0139651085932179,0.1316686336460214,0.020830006977904,0.2087350459822108,0.0,1.0,0.1894349151561171,0.423121717440218,18.94349151561171,0.189434915156117,0.423121717440218,0.0,0.0,5.551115123125783e-17
trained_support,0.02,0.08,real,10,0,20260637,1,6,0.950413223140496,36.36753105445262,28.57681958172316,0.903606046222766,0.2026318401090873,0.0155886609649967,0.1926153621893702,0.2133182134793239,0.2032305808107538,0.3630701544126287,0.9250168690501904,0.3817166074733203,0.3441798056239705,0.3619848553599447,0.9250168690501904,1.0,0.1876064140423424,0.3211285763707825,0.2707509643617208,0.590445733684912,0.0,1.0,0.0129600252636548,0.0155886609649967,0.0159222278095308,0.0238415576801049,0.0202723606300841,0.9372547772202644,0.9250168690501904,0.9234753800907872,0.8876233437637324,0.903606046222766,0.9250168690501904,1.0,0.0225849150525686,0.0601926499712549,0.0308763980388911,0.087207357510694,0.310020107839715,1.0,0.1866749541403989,0.3082880374651974,1.866749541403989,0.1866749541403989,0.3082880374651974,0.0,0.0,5.551115123125783e-17
trained_support,0.02,0.08,real,10,1,20261634,1,12,0.9008264462809916,29.63476438587756,22.75667978965876,0.9021394280957328,0.1701169815186431,0.0134100826885434,0.1629531605645593,0.1780042215776829,0.1706447119565324,0.4271650068082577,0.9351480561154508,0.4427430043822973,0.4106470847680213,0.4260393526857579,0.9351480561154508,1.0,0.1658337328964892,0.3080443904355501,0.2284753983174712,0.5263115379596637,0.0,1.0,0.0156338072980591,0.0134100826885434,0.023555943211495,0.0171350528481725,0.0205972388524875,0.9248080870171425,0.9351480561154508,0.8888918396483718,0.9178922552663198,0.9021394280957328,0.9351480561154508,1.0,0.0215689815788152,0.0561585430811594,0.028995192124513,0.0884776002143987,0.1462736814187418,1.0,0.1470786437680318,0.3304500657909342,1.4707864376803184,0.1470786437680318,0.3304500657909342,0.0,0.0,1.1102230246251563e-16
trained_support,0.02,0.08,real,10,2,20262631,1,9,0.9256198347107438,35.24490738766074,26.272754977216454,0.9085332525036036,0.2066947968325771,0.0170273617813904,0.2072951631407334,0.207494712010321,0.2073949615754796,0.3557688758306359,0.918386632335163,0.3547025189106015,0.3543487929705323,0.3545255692815742,0.918386632335163,1.0,0.1838507311136061,0.3741073278837147,0.2737452164261121,0.7007809853868435,0.0,1.0,0.0088387721071434,0.0170273617813904,0.0237820455577058,0.0130584911947723,0.0191847580541526,1.0,0.918386632335163,0.887887504809136,0.9367934524698436,0.9085332525036036,0.918386632335163,1.0,0.0212850199933611,0.0493083709941141,0.0315077089718801,0.0854278961853857,0.2159998024606731,1.0,0.1879141869018783,0.4172758581373733,1.879141869018783,0.1879141869018783,0.4172758581373733,0.0,0.0,5.551115123125783e-17
trained_support,0.02,0.08,real,10,3,20263628,1,8,0.9338842975206612,40.45497405090881,25.56117146310671,0.9057258548658984,0.1845958879402683,0.0152056478420678,0.1836742371318039,0.1867551384983986,0.1852210937521779,0.3973334447152632,0.9267900343711218,0.3991686835436363,0.393066805703483,0.3960933081820636,0.9267900343711218,1.0,0.168775814398539,0.3032470917068642,0.2496144898882431,0.5620425489428469,0.0,1.0,0.012687618231571,0.0152056478420678,0.0206449789781902,0.0189251052405063,0.0198037214353029,0.9385322209452568,0.9267900343711218,0.90192411254624,0.909713534573244,0.9057258548658984,0.9267900343711218,1.0,0.0191177726184195,0.0402051423158341,0.0304726309318773,0.0733835479980271,0.2263721015040432,1.0,0.1557421375828394,0.2777736607099192,1.557421375828394,0.1557421375828394,0.2777736607099192,0.0,0.0,5.551115123125783e-17
trained_support,0.02,0.08,real,10,4,20264625,1,6,0.950413223140496,16.517017398166047,21.739091650513743,0.9074199586567878,0.1239637838481206,0.019219275823006,0.1289669665151421,0.1218208606359802,0.1254448096539046,0.5380418578021438,0.908376463329996,0.5247492064241577,0.5438377647430269,0.5340723040903702,0.908376463329996,1.0,0.1200532116084787,0.2480770486369954,0.1719921266175409,0.4114795038881187,0.0,1.0,0.0028537148325182,0.019219275823006,0.0172456440701476,0.0213924347286142,0.0194299833120391,1.0,0.908376463329996,0.9173848414372802,0.89855966158595,0.9074199586567878,0.908376463329996,1.0,0.0192636634274319,0.0326188030568913,0.0272758142619843,0.0596426386874202,0.3313303832845043,1.0,0.1097656242417751,0.2248463584387402,1.0976562424177512,0.1097656242417751,0.2248463584387402,0.0,0.0,2.775557561562892e-17
trained_support,0.02,0.08,real,10,5,20265622,1,11,0.9090909090909092,22.5359328953166,28.03448090996357,0.9052645054622116,0.2256780191477475,0.0150460636784723,0.2253853562166958,0.226969922942245,0.2261790272299086,0.3235537278804929,0.92752983454517,0.3240275353724408,0.3214704621277078,0.3227442270565406,0.92752983454517,1.0,0.2039732210430288,0.3763385744627825,0.2964035056406982,0.70677223005247,0.0,1.0,0.0130326409128005,0.0150460636784723,0.0227570715500601,0.0165705527132541,0.0199056213512325,0.9369145421696606,0.92752983454517,0.8924494926925814,0.9204866664172568,0.9052645054622116,0.92752983454517,1.0,0.0204978601143652,0.0488545998448817,0.0319278849431771,0.089047818929953,0.1399719306459259,1.0,0.204425020938588,0.4208238338002086,2.04425020938588,0.204425020938588,0.4208238338002086,0.0,0.0,5.551115123125783e-17
trained_support,0.02,0.08,real,10,6,20266619,1,5,0.9586776859504132,20.065824867233427,23.99195655128221,0.9088598418292708,0.1367811738098106,0.0135172699674468,0.1367137943053889,0.1381772435640136,0.1374474666778637,0.5046420721360344,0.9346470105141962,0.5048121134413277,0.5011317603217722,0.5029636723849066,0.9346470105141962,1.0,0.1306380291670373,0.2270516567108785,0.1902196093352033,0.4450203352818119,0.0,1.0,0.0135124197778376,0.0135172699674468,0.0171997241422256,0.0208512263591861,0.0191128772199619,0.9346696768651288,0.9346470105141962,0.9175954968485356,0.90099449452648,0.9088598418292708,0.9346470105141962,1.0,0.0216628751119214,0.039984623843893,0.0326104610359611,0.0780265309101828,0.1011851023307774,1.0,0.1095933321936543,0.2344301231191196,1.095933321936544,0.1095933321936543,0.2344301231191195,0.0,0.0,5.551115123125783e-17
trained_support,0.02,0.08,real,10,7,20267616,1,11,0.9090909090909092,41.04256722378037,28.874914436927742,0.9066517370323884,0.2455845083789799,0.0163854690585225,0.2397848203346658,0.2523166832397299,0.2461305229995115,0.2929004344452868,0.9213388958725528,0.3015184406481025,0.2832052395214509,0.292101885392082,0.9213388958725528,1.0,0.2488040239325776,0.3364617779074043,0.3236202493921703,0.6419656941064088,0.0,1.0,0.0107541575288602,0.0163854690585225,0.0206033412644364,0.0185411253592616,0.0195993750008346,0.9476492945369338,0.9213388958725528,0.9021119023835398,0.9114617707298822,0.9066517370323884,0.9213388958725528,1.0,0.0193253803828591,0.038663088466869,0.0294553100597836,0.0672616013219297,0.2109131165638698,1.0,0.2313048244314074,0.4043240363052012,2.313048244314075,0.2313048244314074,0.4043240363052012,0.0,0.0,5.551115123125783e-17
trained_support,0.02,0.08,real,10,8,20268613,1,13,0.8925619834710744,11.59314096849956,23.39644918354324,0.9034801254478206,0.1813015442714131,0.0161428741532594,0.1906146570624717,0.1729963502366758,0.1820187966698142,0.4039324082391198,0.922457134543755,0.3855542824783097,0.4210592363900026,0.4024863952366455,0.922457134543755,1.0,0.1691598840101207,0.2925835927638485,0.2489079972475496,0.5579671233436514,0.0,1.0,0.0123088214693618,0.0161428741532594,0.0212222356757522,0.0193343129360218,0.0203002332965066,0.9403114701806228,0.922457134543755,0.8993246570602554,0.9078541285347492,0.9034801254478206,0.922457134543755,1.0,0.0216394657341724,0.0406175719607592,0.0309030397676116,0.0682899304848937,0.2299467298143344,1.0,0.1511480222268065,0.3028831616749545,1.5114802222680657,0.1511480222268065,0.3028831616749545,0.0,0.0,5.551115123125783e-17
trained_support,0.02,0.08,real,10,9,20269610,1,10,0.9173553719008264,22.73036564415947,22.56454571749112,0.909041753930192,0.1587302328397761,0.0163644990855816,0.1551127609526408,0.1639091171504258,0.1595715627788722,0.4521907548380999,0.921435503195676,0.4604441072223471,0.4406318384047833,0.4502925420942065,0.921435503195676,1.0,0.1536352205424718,0.249025115438783,0.2154638110309929,0.4305130585415153,0.0,1.0,0.0097967745520557,0.0163644990855816,0.0168301374329226,0.0210782759703101,0.0190728503885971,1.0,0.921435503195676,0.9192927200441516,0.8999722226543129,0.909041753930192,0.921435503195676,1.0,0.0212408141456614,0.0440525624522974,0.0306719702264729,0.0700669495686862,0.2188043610400969,1.0,0.1460023319715628,0.2250336230676761,1.4600233197156278,0.1460023319715628,0.2250336230676761,0.0,0.0,5.551115123125783e-17
trained_support,0.02,0.08,real,10,10,20270607,1,20,0.8347107438016529,23.48001834465909,19.11272910821596,0.9007463063838396,0.2297396861568943,0.0112020692588561,0.2255650213334022,0.2343758533918518,0.2300126295470501,0.3170491623713741,0.9455293531148504,0.3237365838518105,0.3097842266371873,0.3166167751154727,0.9455293531148504,1.0,0.212174891095362,0.4291508478815431,0.2918388545491859,0.6554404966068555,0.0,1.0,0.0176518585658775,0.0112020692588561,0.0185748796392349,0.0230026689627061,0.0209063259926261,0.9155234572764676,0.9455293531148504,0.9113079550311216,0.8913542488712222,0.9007463063838396,0.9455293531148504,1.0,0.0204781804339723,0.0588522856821231,0.0284639156503608,0.0785535633358627,0.1406694197864385,1.0,0.2121610837350101,0.3172050439734288,2.1216108373501017,0.2121610837350101,0.3172050439734288,0.0,0.0,5.551115123125783e-17
trained_support,0.02,0.08,real,10,11,20271604,1,22,0.8181818181818182,17.210822128970452,16.424993184782387,0.9006408399698846,0.2035151762400843,0.0185797016099109,0.2046761423772848,0.2040464194379436,0.2043615234625782,0.3614701254946055,0.9112859837948044,0.3593779309106117,0.3605112568125496,0.3599437112799146,0.9112859837948044,1.0,0.1839285143641392,0.387040183181131,0.2797137992395647,0.7267329820632235,0.0,1.0,0.0096358139643571,0.0185797016099109,0.0235910421293281,0.0178765538231037,0.0209297449260383,1.0,0.9112859837948044,0.8887358576275606,0.9144954659528858,0.9006408399698846,0.9112859837948044,1.0,0.0230738039376945,0.0411080135062121,0.033324398941219,0.0720109969197373,0.2603049405913867,1.0,0.1667514055195238,0.3630664918738165,1.6675140551952383,0.1667514055195238,0.3630664918738165,0.0,0.0,5.551115123125783e-17
trained_support,0.02,0.08,real,10,12,20272601,1,12,0.9008264462809916,28.07164990514025,23.907495533857222,0.903879822811836,0.1948902772563119,0.0155995224246352,0.2017943043688683,0.1890243086539988,0.1955135935655596,0.3773993432363079,0.9249666352472932,0.3645937635314105,0.3886323323865457,0.3762249783601242,0.9249666352472932,1.0,0.191457831314423,0.285179459003474,0.2644511248263135,0.5340435694213483,0.0,1.0,0.0128518746662036,0.0155995224246352,0.0219377212324054,0.0183239720517762,0.0202117733589238,0.9377617375986822,0.9249666352472932,0.896113135963395,0.9124519428712978,0.903879822811836,0.9249666352472932,1.0,0.021885361853508,0.0514405440771563,0.0337215798942223,0.0813103640659959,0.2567830434853878,1.0,0.1739848647956311,0.272582474204443,1.7398486479563116,0.1739848647956311,0.272582474204443,0.0,0.0,5.551115123125783e-17
trained_support,0.02,0.08,real,10,13,20273598,1,11,0.9090909090909092,19.831782621258142,24.84269723104663,0.9126245239872176,0.1939203351055256,0.0088385437610661,0.1949533705074271,0.1932863569275005,0.1941216531540354,0.3792340662316393,1.0,0.3772803052558606,0.3804381041696559,0.3788525249809939,1.0,1.0,0.1641501563049412,0.4261242285994756,0.2448403230041145,0.6582572605034037,0.0,1.0,0.0160082272485159,0.0088385437610661,0.0223633225365915,0.0129864620292517,0.0182861476384833,0.923078373629715,1.0,0.8942082289127364,0.937130895483776,0.9126245239872176,1.0,1.0,0.0152702692705222,0.0513173167337375,0.0248920236753548,0.0927029945807643,0.139165381860592,1.0,0.1625077504574169,0.3658672400127423,1.6250775045741688,0.1625077504574168,0.3658672400127422,0.0,0.0,5.551115123125783e-17
trained_support,0.02,0.08,real,10,14,20274595,1,7,0.9421487603305784,30.140987672375708,25.798322719126887,0.9176326383687188,0.1743453401466446,0.0138213476561553,0.1784381925797644,0.1712730743363647,0.1748923305404828,0.4182287694921154,0.933227063709502,0.4097570061536263,0.4247029176909902,0.4170864966381293,0.933227063709502,1.0,0.1552519282062818,0.3637650194082285,0.2257389515347185,0.5836255981512511,0.0,1.0,0.0102236223207326,0.0138213476561553,0.0206985541448412,0.0127543743512434,0.0171916289044782,0.950166438222823,0.933227063709502,0.9016825412300622,0.9382190093738484,0.9176326383687188,0.933227063709502,1.0,0.0174559833710772,0.0431092054898986,0.0278821425192644,0.0684500258914916,0.3860480204527929,1.0,0.1388417283994582,0.3474109246134115,1.388417283994582,0.1388417283994582,0.3474109246134115,0.0,0.0,5.551115123125783e-17
trained_support,0.02,0.08,real,10,15,20275592,1,17,0.859504132231405,30.98125254197181,21.467930412288556,0.908997652167972,0.2018192167970117,0.0125597339260409,0.1989939280490076,0.2053750300531461,0.202209651562066,0.3645483517800842,0.9391325305567138,0.3697346694276305,0.3581242985224129,0.3638373842216127,0.9391325305567138,1.0,0.1705113147025608,0.3654429148495158,0.2659502621150497,0.6425132542268224,0.0,1.0,0.0143665212620489,0.0125597339260409,0.0200924069489174,0.0180161838892366,0.0190825535363024,0.9306866738490536,0.9391325305567138,0.9044194482763356,0.9138572334579764,0.908997652167972,0.9391325305567138,1.0,0.0208000835900035,0.0369070046149266,0.0311940995778129,0.0653045305156287,0.2726818571789373,1.0,0.1602360785479885,0.3960401454715903,1.602360785479885,0.1602360785479885,0.3960401454715903,0.0,0.0,5.551115123125783e-17
trained_support,0.02,0.08,real,10,16,20276589,1,7,0.9421487603305784,25.160154463883444,30.518859207940668,0.9221127342385792,0.2044347777614996,0.0152953668025781,0.2078034394782276,0.2021701851140689,0.2050061623562061,0.3598118982999519,0.9263743744170648,0.353802228899369,0.3639091881520139,0.3587854104181377,0.9263743744170648,1.0,0.1973899872170037,0.3577173820605117,0.2706073302651618,0.6037982187049987,0.0,1.0,0.0053908210445435,0.0152953668025781,0.0169145544813679,0.0154892298393508,0.016217558298329,1.0,0.9263743744170648,0.9189047820309488,0.925476860727097,0.9221127342385792,0.9263743744170648,1.0,0.0169622517948148,0.0291732311219838,0.0254350417422785,0.0514734811447186,0.2918077583421196,1.0,0.1722552089786208,0.3941673510526478,1.722552089786208,0.1722552089786208,0.3941673510526478,0.0,0.0,5.551115123125783e-17
trained_support,0.02,0.08,real,10,17,20277586,1,10,0.9173553719008264,19.584411556517946,26.99453701213424,0.918696097244624,0.1937348295379769,0.0160758738743883,0.1799032756046435,0.2078895072402359,0.1944006633140283,0.3795859795645668,0.922766210737648,0.4067663333171412,0.3536500068250768,0.3783243749466702,0.922766210737648,1.0,0.1827615072113477,0.3206315244776001,0.2654391747100849,0.6067382549520516,0.0,1.0,0.0054043685757789,0.0160758738743883,0.016491251385076,0.0174160979788943,0.0169599799683876,1.0,0.922766210737648,0.9208517178612208,0.9166033153597832,0.918696097244624,0.922766210737648,1.0,0.0186908713852743,0.0279352932753669,0.0264607538022869,0.0545457988619427,0.3161595870134681,1.0,0.16963099248049,0.3326554305174947,1.6963099248049005,0.16963099248049,0.3326554305174947,0.0,0.0,5.551115123125783e-17
trained_support,0.02,0.08,real,10,18,20278583,1,10,0.9173553719008264,28.81219033578245,24.18371791592521,0.9102380469165656,0.1734207631011778,0.012199984996658,0.1759335743229952,0.1717398580497904,0.173849362117074,0.4201666689844669,0.940823310353476,0.4149206957399053,0.4237128514822533,0.4192672179840274,0.940823310353476,1.0,0.1640209376164142,0.3121789756981882,0.231585578274213,0.55704550658358,0.0,1.0,0.0143167689281825,0.012199984996658,0.0214429927233509,0.0157422068335296,0.018809824732348,0.930918221818601,0.940823310353476,0.8983325434205517,0.9243069789939422,0.9102380469165656,0.940823310353476,1.0,0.0190962848358588,0.038275744691366,0.0311434288393672,0.0737787601200851,0.2973105623709297,1.0,0.1511812834479282,0.4120448158581971,1.5118128344792825,0.1511812834479282,0.4120448158581971,0.0,0.0,5.551115123125783e-17
trained_support,0.02,0.08,real,10,19,20279580,1,7,0.9421487603305784,31.061182316221885,27.22259538752526,0.9310405389288878,0.1802985485254184,0.0138001877744481,0.1816247296591422,0.1800235571868551,0.1808259156840708,0.4059632086289467,0.9333258038041016,0.4032802100734664,0.4065217743735451,0.4048941603814439,0.9333258038041016,1.0,0.1465523116265843,0.437117316689567,0.2322593531021493,0.6761364786781893,0.0,1.0,0.0037111958420638,0.0138001877744481,0.014888288221174,0.0136665719264054,0.0142904918455657,1.0,0.9333258038041016,0.928261830453697,0.9339495477299634,0.9310405389288878,0.9333258038041016,1.0,0.0147222049684133,0.0301122731834363,0.0212746660259232,0.0461639718981323,0.4250217479964543,1.0,0.1443833385949506,0.3783009764658102,1.4438333859495065,0.1443833385949506,0.3783009764658101,0.0,0.0,5.551115123125783e-17
trained_support,0.02,0.08,real,10,20,20280577,1,10,0.9173553719008264,36.05672897182952,27.713815185961145,0.9269898112226987,0.2202077652687342,0.0118480451294955,0.2195395167026013,0.221508629001376,0.2205262706754923,0.332525467995717,0.9424803340119507,0.3336383745418153,0.3303696351007194,0.3319963336407224,0.9424803340119507,1.0,0.2009508895474437,0.3738216518038184,0.2872094180661618,0.6500193284513991,0.0,1.0,0.0094618430445282,0.0118480451294955,0.0163084926857668,0.0139225845552466,0.0151625409212919,1.0,0.9424803340119507,0.9216935707535542,0.9327547981759408,0.9269898112226987,0.9424803340119507,1.0,0.01471550217873,0.0318042710724472,0.0235130392837897,0.0609404336092079,0.110915410406714,1.0,0.2072498845556578,0.3715206705578863,2.0724988455565785,0.2072498845556578,0.3715206705578863,0.0,0.0,1.1102230246251563e-16
trained_support,0.02,0.08,real,10,21,20281574,1,17,0.859504132231405,28.60240568015464,20.425594689832764,0.9000546628880323,0.1871286897513233,0.0202499172215712,0.1760084774940352,0.1996883251501868,0.1882211616039161,0.3923333378974856,0.903707451910533,0.4147653304558973,0.3684531819546435,0.3901961147095807,0.903707451910533,1.0,0.1690831421616632,0.3377594889444463,0.2606909612200441,0.6750584294537867,0.0,1.0,0.0057846873146359,0.0202499172215712,0.0215082609532355,0.0206018984655473,0.0210599561919914,1.0,0.903707451910533,0.8980394283761193,0.9021184102372668,0.9000546628880323,0.903707451910533,1.0,0.023239932837144,0.0386524235711099,0.0323090160402348,0.0721891809982953,0.1701834487623643,1.0,0.1833181563662969,0.4524934744079586,1.833181563662969,0.1833181563662968,0.4524934744079586,0.0,0.0,1.1102230246251563e-16
trained_support,0.02,0.08,real,10,22,20282571,1,6,0.950413223140496,44.99512421203378,28.44986831691607,0.904910262095828,0.2114418411207566,0.0182370742592526,0.2130529131546774,0.2113975929485741,0.2122268669468424,0.3474240477113632,0.9128484793085094,0.3446366636392731,0.3475009206101803,0.3460630362812691,0.9128484793085094,1.0,0.1954716149813557,0.3680124109561029,0.291332541499836,0.7229775176175305,0.0,1.0,0.0081710076805411,0.0182370742592526,0.0237622765634684,0.0152992385636394,0.0199838996207686,1.0,0.9128484793085094,0.8879752723615854,0.9263564410894938,0.904910262095828,0.9128484793085094,1.0,0.0223130872831247,0.0378852068118724,0.0323566916550711,0.0718042606681741,0.1870623809350987,1.0,0.1797268298967092,0.3869661425658825,1.7972682989670925,0.1797268298967092,0.3869661425658824,0.0,0.0,5.551115123125783e-17
trained_support,0.02,0.08,real,10,23,20283568,1,8,0.9338842975206612,47.39012577685659,28.818338739371317,0.9029568350902436,0.2413124745327482,0.0201862503651946,0.244937067119052,0.2393412277251167,0.2421553118742692,0.299224134510582,0.9039951787675008,0.293850149959985,0.3021879395951776,0.2979658014278747,0.9039951787675008,1.0,0.2426809657955676,0.3971817613144809,0.3280197807059739,0.7145209504657346,0.0,1.0,0.0030549414338394,0.0201862503651946,0.019542325933274,0.0212539934849596,0.0204161056759243,1.0,0.9039951787675008,0.9069103921017106,0.8991818654930517,0.9029568350902436,0.9039951787675008,1.0,0.0215095021111569,0.0351364448525445,0.0288638365489195,0.0594261820284148,0.286396568923724,1.0,0.2254793037618243,0.3895945245768892,2.254793037618243,0.2254793037618243,0.3895945245768892,0.0,0.0,5.551115123125783e-17
trained_support,0.02,0.08,real,10,24,20284565,1,15,0.8760330578512396,29.24435011578525,20.9398515057554,0.9069869981162004,0.1993962595285898,0.0117596921967768,0.2037239511156982,0.1956805281343036,0.1997427312183241,0.3689916375579639,0.9428967804985476,0.3610929929659019,0.3759110846050781,0.3683529651416541,0.9428967804985476,1.0,0.1865014513509092,0.3372931749251862,0.2666802926703998,0.6483962267232926,0.0,1.0,0.0155869229022989,0.0117596921967768,0.0221623387023328,0.0164716664455473,0.0195254328025051,0.9250249077716944,0.9428967804985476,0.8951072875700794,0.9209418964025476,0.9069869981162004,0.9428967804985476,1.0,0.0192463830169242,0.0515244757640814,0.0292369857592679,0.0831949641983615,0.1997780288463,1.0,0.1732542078031364,0.3236960149259923,1.7325420780313647,0.1732542078031364,0.3236960149259923,0.0,0.0,5.551115123125783e-17
trained_support,0.02,0.08,real,10,25,20285562,1,9,0.9256198347107438,30.2664286950776,28.459157646776777,0.9090312161384312,0.2114714089891794,0.0187481561868535,0.2094140462028988,0.2151489196195999,0.2123008482796888,0.3473726885652597,0.9105187554735984,0.3509644891965656,0.3410437202302971,0.3459350489310507,0.9105187554735984,1.0,0.1995340436714865,0.4187829156973841,0.2796017483653294,0.6559438102876638,0.0,1.0,0.0035169171056777,0.0187481561868535,0.0189131644361261,0.0192358088907583,0.019075168841582,1.0,0.9105187554735984,0.9097678497514364,0.9083013751855684,0.9090312161384312,0.9105187554735984,1.0,0.0189973251247544,0.0300544261794015,0.0281025926119635,0.0578985262432871,0.2591840948687452,1.0,0.1913633611602737,0.3579474682665511,1.9136336116027373,0.1913633611602737,0.3579474682665511,0.0,0.0,5.551115123125783e-17
trained_support,0.02,0.08,real,10,26,20286559,1,8,0.9338842975206612,22.29059092011788,24.20265867142376,0.9140915817280558,0.1538315689155441,0.0160892095779759,0.1480546873572384,0.1610150243650388,0.1546706638631316,0.46340316151379,0.922704684105588,0.4769834728600504,0.4470543417597825,0.4614630379716717,0.922704684105588,1.0,0.1489210030660303,0.2523679583380089,0.2141117438181649,0.5017343858710135,0.0,1.0,0.0079921877955871,0.0160892095779759,0.0197803214093574,0.0159441006692269,0.0179649027440719,1.0,0.922704684105588,0.9058318311079118,0.9233743903761152,0.9140915817280558,0.922704684105588,1.0,0.0200277967879289,0.0361691408035402,0.0295538345736383,0.0650433305297206,0.2920540972987321,1.0,0.1346056863261565,0.26312509227288,1.3460568632615653,0.1346056863261565,0.26312509227288,0.0,0.0,1.1102230246251563e-16
trained_support,0.02,0.08,real,10,27,20287556,1,12,0.9008264462809916,23.39970421528014,27.462544670041865,0.91497705480919,0.2236176090001517,0.0158726076972882,0.225758292618708,0.222590976398414,0.2241802282317884,0.3269042236574069,0.9237045232749552,0.3234238900346765,0.3285865905633471,0.3259859029096211,0.9237045232749552,1.0,0.2035555295426348,0.3756916476267883,0.292415788691279,0.6280353935020033,0.0,1.0,0.0079923676714835,0.0158726076972882,0.017002036305401,0.0185085383995118,0.0177712581464619,1.0,0.9237045232749552,0.918502932591437,0.9116102916693496,0.91497705480919,0.9237045232749552,1.0,0.0175619898737431,0.0354416111486711,0.0285362448384999,0.0621233164346265,0.2235218123340981,1.0,0.1994755844440857,0.3317170251447014,1.9947558444408569,0.1994755844440857,0.3317170251447014,0.0,0.0,5.551115123125783e-17
trained_support,0.02,0.08,real,10,28,20288553,1,14,0.8842975206611571,39.38975594055608,26.576147496623506,0.9039552206488304,0.2592065769700551,0.018674460533677,0.2651670861886915,0.254479835043394,0.259878404298543,0.2736151054306856,0.9108543236666647,0.2655809918041203,0.2801586651045518,0.2726975368859735,0.9108543236666647,1.0,0.2706307586258491,0.3456705061578172,0.3369710964212914,0.6652787403016833,0.0,1.0,0.0076880569856055,0.018674460533677,0.0184376283179337,0.0218114019468096,0.0201950908994681,1.0,0.9108543236666647,0.9119335607743082,0.8966792965928293,0.9039552206488304,0.9108543236666647,1.0,0.0221636918901682,0.034872084779689,0.0328695156814328,0.0606479582498282,0.2256464134938423,1.0,0.2485707657511074,0.3377965010243378,2.4857076575110746,0.2485707657511074,0.3377965010243377,0.0,0.0,5.551115123125783e-17
trained_support,0.02,0.08,real,10,29,20289550,1,8,0.9338842975206612,26.030820497987506,28.370858160054244,0.9153203650158738,0.208383863036883,0.0160427731738925,0.2028627664729397,0.2149630383798858,0.2090004902991459,0.3527769416274019,0.9229189444161252,0.36265118398456,0.3413608357195865,0.3516909572081303,0.9229189444161252,1.0,0.1759164260916741,0.3779583478474885,0.2732603334450508,0.6886389681346575,0.0,1.0,0.0074690012752196,0.0160427731738925,0.0142051434487125,0.0206040530458911,0.0176962298571814,1.0,0.9229189444161252,0.931437937803264,0.902108691856642,0.9153203650158738,0.9229189444161252,1.0,0.018354236859398,0.0404516826462368,0.0272351193343884,0.0691916593739231,0.2677318361559845,1.0,0.1556098591004424,0.426062745501064,1.5560985910044245,0.1556098591004424,0.426062745501064,0.0,0.0,2.775557561562892e-17
trained_support,0.02,0.08,real,10,30,20290547,1,14,0.8842975206611571,51.01338806205032,22.4067567666891,0.900234573386191,0.2354959019792698,0.017325824615487,0.2317281524511226,0.2404559657335667,0.2361323866978786,0.3080542084923928,0.9170171330654868,0.3139125728503852,0.3005083228651378,0.3070754078166248,0.9170171330654868,1.0,0.2264599683785098,0.3919462854271247,0.312354927570852,0.6691247079763081,0.0,1.0,0.0119019101777282,0.017325824615487,0.0169826842377225,0.0243981098663906,0.0210199825044011,0.9422265344475496,0.9170171330654868,0.9185918115459184,0.8851567337855585,0.900234573386191,0.9170171330654868,1.0,0.0232757316526783,0.0483393767008992,0.0335221975739294,0.0769875155802596,0.1728409814818375,1.0,0.2179281995095883,0.3468609816769527,2.1792819950958835,0.2179281995095883,0.3468609816769527,0.0,0.0,1.1102230246251563e-16
trained_support,0.02,0.08,real,10,31,20291544,1,7,0.9421487603305784,27.697457315032047,24.91202760159463,0.9035434732020184,0.1678000207629982,0.0113634001103743,0.1686914449643149,0.167675710990333,0.168184344783131,0.432142405016878,0.9447669453775476,0.4302205801102912,0.4324110861280811,0.4313127888438935,0.9447669453775476,1.0,0.1559733637728832,0.3569017009380579,0.2217038069134211,0.5884370046399571,0.0,1.0,0.0168048648869447,0.0113634001103743,0.015781767478319,0.0239582242066085,0.0202862107338193,0.919408891721554,0.9447669453775476,0.9241241661746588,0.8871057150914564,0.9035434732020184,0.9447669453775476,1.0,0.0196549690744205,0.0583237929506825,0.0318831358790085,0.0842509778611811,0.2779763462034554,1.0,0.1441900129754606,0.2880921339352633,1.441900129754606,0.1441900129754605,0.2880921339352633,0.0,0.0,5.551115123125783e-17
trained_support,0.02,0.08,real,10,32,20292541,1,10,0.9173553719008264,20.34872653658314,21.67736996544223,0.9009896943267084,0.1523855806067134,0.0159624106466184,0.1583169282323138,0.1479461986536905,0.1532193321043282,0.4667656800419774,0.9232898594245154,0.4531261836599403,0.4772422796406565,0.4648238973408256,0.9232898594245154,1.0,0.1504334587610691,0.242726001531443,0.2105665813604068,0.4622219008941513,0.0,1.0,0.0134171354487918,0.0159624106466184,0.0245634879478589,0.0163178189241207,0.0208522918956766,0.9351150798217066,0.9232898594245154,0.8844251087019664,0.9216505920859844,0.9009896943267084,0.9232898594245154,1.0,0.0232553213849371,0.0475462189224214,0.0330526741414632,0.0758545365158591,0.265993898986701,1.0,0.1340142889517048,0.2323316195535598,1.3401428895170486,0.1340142889517048,0.2323316195535597,0.0,0.0,5.551115123125783e-17
trained_support,0.02,0.08,real,10,33,20293538,0,120,0.0,36.682023771921166,-59.02966529097155,0.8993657958376265,0.174489821434137,0.0210656209553558,0.1678918477524411,0.1832845978225519,0.1757568154307301,0.4179267474411741,0.9000291702656569,0.4319440388784592,0.3999471006027993,0.4152875624461914,0.9000291702656569,1.0,0.1726501680198535,0.2892993641448212,0.2446781336637669,0.506457616796785,0.0,1.0,0.0024969334749013,0.0210656209553558,0.0222808754841981,0.0200886214978349,0.0212130870693732,1.0,0.9000291702656569,0.8945769290666162,0.904436566616234,0.8993657958376265,0.9000291702656569,1.0,0.0211544140735054,0.0318617385684893,0.0286164033254145,0.0594869458623755,0.2832637236457936,1.0,0.1673743796199174,0.3406268290651875,1.6737437961991746,0.1673743796199174,0.3406268290651875,0.0,0.0,5.551115123125783e-17
trained_support,0.02,0.08,real,10,34,20294535,1,26,0.7851239669421488,22.87863778204208,15.374104546619634,0.9013711816731274,0.2411546599966589,0.0186500884738319,0.238035097680747,0.2456543994079673,0.2418747523785522,0.2994603372787745,0.9109653274104352,0.3041678814468431,0.2927980967637718,0.298384080414584,0.9109653274104352,1.0,0.2423019692806817,0.3726349217808651,0.3101452188217634,0.618920856867808,0.0,1.0,0.0091361135920093,0.0186500884738319,0.0192345142775605,0.0221950941381656,0.0207676279735519,1.0,0.9109653274104352,0.9083072546993368,0.8949607014275321,0.9013711816731274,0.9109653274104352,1.0,0.0240739005440893,0.0428979884033805,0.0336402320128141,0.0712125114138075,0.1589034635463854,1.0,0.2270478929918271,0.3392318238515006,2.2704789299182715,0.2270478929918271,0.3392318238515005,0.0,0.0,1.1102230246251563e-16
trained_support,0.02,0.08,real,10,35,20295532,1,12,0.9008264462809916,15.355972985466584,20.112986278098106,0.9032668550265032,0.1527751930094303,0.0162047414673983,0.1495075305085316,0.1576489924212276,0.1536322011984919,0.4658572766517899,0.9221718289471452,0.4735311165130005,0.4546420094619269,0.4638653299811287,0.9221718289471452,1.0,0.1382135531448311,0.3228704999694569,0.2050098802414061,0.5996439671926017,0.0,1.0,0.0123054892201183,0.0162047414673983,0.0161300936391385,0.0238297608283414,0.0203474497412247,0.9403271370720636,0.9221718289471452,0.92251608380941,0.8876757011128877,0.9032668550265032,0.9221718289471452,1.0,0.0229829693170759,0.0567408039714831,0.0325934921286295,0.0840407312207947,0.1344079807359668,1.0,0.1116926396156838,0.3497877980902204,1.1169263961568383,0.1116926396156838,0.3497877980902203,0.0,0.0,5.551115123125783e-17
trained_support,0.02,0.08,real,10,36,20296529,0,120,0.0,20.23079258893096,-54.65600524491349,0.8936543281926526,0.1930054817258039,0.0217857022130781,0.190002469744847,0.198369672795797,0.1942311324096282,0.3809727576552551,0.8967945260919143,0.3867362477257393,0.3708905163965173,0.3786451992687605,0.8967945260919143,0.0,0.1703324689457201,0.4074000914048384,0.2652198540957189,0.6449246117408183,0.0,1.0,0.0055731020499706,0.0217857022130781,0.0243969143718293,0.0203995868557732,0.022487247216507,1.0,0.8967945260919143,0.8851620248016776,0.903031417078033,0.8936543281926526,0.8967945260919143,0.0,0.0244817716240637,0.0373894030144954,0.0329721681671529,0.0645766583781735,0.2009885672099667,1.0,0.2633162077691089,0.4940497009414947,2.6331620776910896,0.2633162077691089,0.4940497009414947,0.0,0.0,1.1102230246251563e-16
trained_support,0.02,0.08,real,10,37,20297526,1,10,0.9173553719008264,38.93408060678596,26.137167644894404,0.9047556905094016,0.2147747553194927,0.0138068050855075,0.2216466637125376,0.2085914745226553,0.21521808332298,0.3416823493490046,0.9332949237791436,0.3301417013808918,0.3524109289063933,0.3409258013872038,0.9332949237791436,1.0,0.2056546815833776,0.3944724857946113,0.2852971934421316,0.6548098840152753,0.0,1.0,0.0144946567882288,0.0138068050855075,0.0245932169370957,0.0140221098569523,0.0200180653929831,0.930090594683425,0.9332949237791436,0.8842936531496234,0.932290750133291,0.9047556905094016,0.9332949237791436,1.0,0.0197741081298044,0.0639426736433521,0.0322978749609398,0.0900304247693561,0.156879255994973,1.0,0.2057379949797216,0.3497824263774346,2.057379949797216,0.2057379949797216,0.3497824263774345,0.0,0.0,5.551115123125783e-17
trained_support,0.02,0.08,real,10,38,20298523,1,6,0.950413223140496,16.77003352640714,26.490734265764125,0.9316288640616104,0.1523491948124541,0.0090653834598808,0.1535357271458429,0.151696068387921,0.152618669687813,0.4668506059669928,1.0,0.464089138797481,0.4683776603441509,0.4662220069968922,1.0,1.0,0.1274216786054942,0.2953829901618583,0.1990378917353604,0.5859335987365438,0.0,1.0,0.0108831068181972,0.0090653834598808,0.0142765910857197,0.0140508124161235,0.0141641516262348,0.9470384979472022,1.0,0.9311052520324576,0.9321569640814236,0.9316288640616104,1.0,1.0,0.0147942883811024,0.0295369841443621,0.0230189207775782,0.0452186932409673,0.4811569134233578,1.0,0.1316578113577438,0.3542154643407701,1.3165781135774386,0.1316578113577438,0.35421546434077,0.0,0.0,5.551115123125783e-17
trained_support,0.02,0.08,real,10,39,20299520,1,23,0.8099173553719008,16.72715765661537,19.76224734153141,0.9016960420559168,0.232589359452457,0.0161768213306242,0.2282576904484261,0.2379441659484108,0.2331512377811175,0.3125637604235531,0.9223005737513348,0.3194072156338385,0.3043062054514687,0.3116868787358084,0.9223005737513348,1.0,0.2303319869151365,0.327482771194488,0.3084892023579674,0.6268559747559358,0.0,1.0,0.0129080067420446,0.0161768213306242,0.016723818737052,0.0240192893250704,0.0206955595820844,0.9374985819642112,0.9223005737513348,0.919781539974976,0.886834900358993,0.9016960420559168,0.9223005737513348,1.0,0.0229206570749937,0.0613911809516117,0.0320372674657768,0.0842179902165817,0.1067059363547331,1.0,0.2242605412402276,0.3660221786883123,2.2426054124022765,0.2242605412402276,0.3660221786883122,0.0,0.0,5.551115123125783e-17
trained_support,0.02,0.08,real,10,40,20300517,1,12,0.9008264462809916,26.954278740135305,20.57813670165423,0.903766376880142,0.1706385764828815,0.0128277529693779,0.1719335594342687,0.1703026752607191,0.1711200602803411,0.4260524226523463,0.9378748464411336,0.4233026813108733,0.4267685815279796,0.4250279695991169,0.9378748464411336,1.0,0.1571966534067991,0.3118399767415887,0.2263855099313535,0.5945476661513817,0.0,1.0,0.0156518350869531,0.0128277529693779,0.0203833540662324,0.0200893318125747,0.0202368769288287,0.9247247295492752,0.9378748464411336,0.903104713647223,0.9044333544488156,0.903766376880142,0.9378748464411336,1.0,0.0207748142497576,0.05089033792971,0.0284117032245592,0.0751644942177397,0.0477358181894242,1.0,0.1484332578699803,0.3276638606445566,1.484332578699803,0.1484332578699803,0.3276638606445566,0.0,0.0,5.551115123125783e-17
trained_support,0.02,0.08,real,10,41,20301514,1,8,0.9338842975206612,26.76951600405712,26.90200316332717,0.9127517552966892,0.1863296352309636,0.0157315378859263,0.1853353392979206,0.1886352048437545,0.1869925513210628,0.3939039519596203,0.9243562872227388,0.3958671133118139,0.3893891599656423,0.392600487034132,0.9243562872227388,1.0,0.1701542070573692,0.2831093398428553,0.2474339854881555,0.5513085515744056,0.0,1.0,0.0092673098703431,0.0157315378859263,0.0206903165816506,0.0154479588531839,0.0182582670724605,1.0,0.9243562872227388,0.9017196803294526,0.92566785714653,0.9127517552966892,0.9243562872227388,1.0,0.0177888557521748,0.0451142359349407,0.0284163936284161,0.0701158714406035,0.2198274660749992,1.0,0.1981192470482438,0.3667089736778538,1.981192470482438,0.1981192470482438,0.3667089736778538,0.0,0.0,5.551115123125783e-17
trained_support,0.02,0.08,real,10,42,20302511,1,10,0.9173553719008264,34.6539624229679,25.47260280199557,0.9084493971600632,0.2060106392044395,0.0171991328005585,0.2128214760197593,0.2004480147414711,0.2067273412843908,0.3569879697240714,0.9175982099148008,0.3450357030862122,0.3670562864156712,0.3557109890253179,0.9175982099148008,1.0,0.2018689394207015,0.3603961035511652,0.2769086626914074,0.6356193548078353,0.0,1.0,0.0085412778917461,0.0171991328005585,0.0223571280677742,0.0154170690726773,0.019203218405134,1.0,0.9175982099148008,0.8942359250665926,0.9258108365724002,0.9084493971600632,0.9175982099148008,1.0,0.020736766401833,0.0476074262724233,0.0294252210342241,0.0774768893456345,0.3099134298275678,1.0,0.201050328088582,0.3631522850772611,2.0105032808858203,0.201050328088582,0.3631522850772611,0.0,0.0,5.551115123125783e-17
trained_support,0.02,0.08,real,10,43,20303508,1,19,0.8429752066115702,24.2220209866143,14.49626685945666,0.9041015400182194,0.1711583335479489,0.0125962838621069,0.1700461367561667,0.1731819690221661,0.1716212152096754,0.4249466413350048,0.9389609200683257,0.4273163456278098,0.420668635154966,0.4239642785303932,0.9389609200683257,1.0,0.1563971724832026,0.3207670983633203,0.2287413985033636,0.5409522018312161,0.0,1.0,0.015743853585923,0.0125962838621069,0.0190248898628911,0.0212396834120562,0.0201627203737431,0.924299368501624,0.9389609200683257,0.9092597706716766,0.8992462045850104,0.9041015400182194,0.9389609200683257,1.0,0.0194709583293548,0.0529126755547377,0.0275297552974019,0.0869909192715392,0.0249644355080207,1.0,0.1533923561677048,0.2952569846924655,1.5339235616770484,0.1533923561677048,0.2952569846924654,0.0,0.0,5.551115123125783e-17
trained_support,0.02,0.08,real,10,44,20304505,1,5,0.9586776859504132,22.89780332284155,27.274399120768987,0.9037571885906724,0.1680367922449885,0.0122415646588387,0.1725804332503253,0.164281566116512,0.1684821042522972,0.4316311127368372,0.9406277351069812,0.4219357759366955,0.439812037613403,0.4306711292776901,0.9406277351069812,1.0,0.1556678898736085,0.336254414831545,0.2251165193085524,0.5657506041315506,0.0,1.0,0.0161169967333723,0.0122415646588387,0.0205881044669873,0.0198835844971811,0.0202389102720493,0.922576496318518,0.9406277351069812,0.9021806314832,0.9053642568665528,0.9037571885906724,0.9406277351069812,1.0,0.0254065780151679,0.0375458446420376,0.0338775420976865,0.0697515901227998,0.271061977063658,1.0,0.1379323116845921,0.2801115170949603,1.3793231168459217,0.1379323116845921,0.2801115170949603,0.0,0.0,0.0
trained_support,0.02,0.08,real,10,45,20305502,1,10,0.9173553719008264,28.445867975397192,27.870014377592653,0.9012977824094026,0.2178386537546925,0.014163136060974,0.2235609678288462,0.2129061780430678,0.2182985879311601,0.3364878394879246,0.931633594723173,0.3269968179590756,0.3448896079139621,0.3357149172751791,0.931633594723173,1.0,0.2033707696710035,0.3580051532341123,0.2888878231563698,0.6367177262839254,0.0,1.0,0.015211071302006,0.014163136060974,0.0220650551986392,0.0194184336534581,0.0207839147716779,0.926764902668763,0.931633594723173,0.8955427893449215,0.9074723621234392,0.9012977824094026,0.931633594723173,1.0,0.0207660403552896,0.0565195971055724,0.0327889994376841,0.0807791795681137,0.1400793915181209,1.0,0.2094100234560962,0.3534250588870207,2.0941002345609623,0.2094100234560962,0.3534250588870207,0.0,0.0,1.1102230246251563e-16
trained_support,0.02,0.08,real,10,46,20306499,1,5,0.9586776859504132,24.90435085665572,24.095558139992576,0.9035692489516668,0.141680822127938,0.0187161348852603,0.1413508651955238,0.1444556369141066,0.142911682741096,0.4924294336131039,0.9106645471227592,0.4932425066531286,0.4856446066745971,0.4894081800311626,0.9106645471227592,1.0,0.1350091437619873,0.2511342926877941,0.1934450101516347,0.4811455266668151,0.0,1.0,0.0078105820254138,0.0187161348852603,0.0193684233894447,0.021153296874132,0.0202805053344086,1.0,0.9106645471227592,0.9076993051580328,0.8996347023131824,0.9035692489516668,0.9106645471227592,1.0,0.0217006611578155,0.0371938752267094,0.0321403260494513,0.0636533012040208,0.2838338229750922,1.0,0.1023679224640767,0.2773556340042592,1.023679224640767,0.1023679224640767,0.2773556340042592,0.0,0.0,5.551115123125783e-17
trained_support,0.02,0.08,real,10,47,20307496,1,8,0.9338842975206612,15.730896758045189,21.84915038395978,0.9014343409376744,0.1242583840467804,0.0192234990098274,0.1274464910503965,0.124003103828643,0.1257365854479037,0.5372499050279702,0.9083572823149656,0.5287537506325136,0.5379360892226857,0.5332937253016754,0.9083572823149656,1.0,0.1197360879632446,0.2779870256120261,0.1753676147794781,0.4430027733132813,0.0,1.0,0.0078210995038528,0.0192234990098274,0.0222360124071188,0.0191568467000824,0.0207536144232758,1.0,0.9083572823149656,0.8947776189432984,0.9086600533178296,0.9014343409376744,0.9083572823149656,1.0,0.0237891031910201,0.0376469486594809,0.0313529735409987,0.0631403804143638,0.282765051811386,1.0,0.1005621338713223,0.2690380710082476,1.0056213387132238,0.1005621338713223,0.2690380710082475,0.0,0.0,5.551115123125783e-17
trained_support,0.02,0.08,real,10,48,20308493,1,28,0.768595041322314,29.979172139903994,15.290150563273071,0.9007156600446012,0.2616255679837214,0.0166462589051376,0.2511385392089205,0.272726063368892,0.2621546027792411,0.2703256758760411,0.9201382996542492,0.2848784456898475,0.2557307062587894,0.2696115623264108,0.9201382996542492,1.0,0.2498740743373382,0.4152854579630451,0.3398962454970343,0.6964753431220495,0.0,1.0,0.0126594274273838,0.0166462589051376,0.0150284157811061,0.0254728246522121,0.0209131307633762,0.9386645201594116,0.9201382996542492,0.9276116829128664,0.880413035359446,0.9007156600446012,0.9201382996542492,1.0,0.0235161878176101,0.0595817051103196,0.0323911980198969,0.0888067083376598,0.077430240554984,1.0,0.2315144429926196,0.3769359594134899,2.3151444299261965,0.2315144429926196,0.3769359594134899,0.0,0.0,5.551115123125783e-17
trained_support,0.02,0.08,real,10,49,20309490,1,12,0.9008264462809916,32.28577266057641,20.424962993177,0.9018568959345076,0.168006843009211,0.0192217082280215,0.1690742820519442,0.1691314100895199,0.1691028484831786,0.4316957526863303,0.90836541569985,0.429397845824863,0.4292752100591924,0.4293365183845578,0.90836541569985,1.0,0.1591776383643645,0.2979972050002362,0.2365086615607818,0.5777702146585171,0.0,1.0,0.0075734251373757,0.0192217082280215,0.0231847450226502,0.0177800244449761,0.020659884692675,1.0,0.90836541569985,0.8905431467846775,0.9149369508781232,0.9018568959345076,0.90836541569985,1.0,0.0235341936411388,0.0365649732797983,0.0333466447967483,0.0651796222956249,0.2485893225623202,1.0,0.1399735606121477,0.3009971822203396,1.3997356061214774,0.1399735606121477,0.3009971822203396,0.0,0.0,5.551115123125783e-17
trained_support,0.02,0.08,real,40,0,20261027,1,15,0.8760330578512396,107.18650500762234,23.317589765394363,0.9024543737810402,0.208709355640883,0.0164646260338242,0.2120249913154311,0.2066561422813845,0.2093577776020424,0.3522032771360864,0.9209743160237818,0.346412521102556,0.3558376429069407,0.3510632444917568,0.9209743160237818,1.0,0.1981898473549075,0.3723910982418666,0.2643711999553313,0.6931767499898764,0.0,1.0,0.0122593406987373,0.0164646260338242,0.0210992018538262,0.0199392670560955,0.020527429084067,0.94054413564146,0.9209743160237818,0.8998780640107858,0.9051122269594962,0.9024543737810402,0.9209743160237818,1.0,0.0225093302948237,0.0558179800493507,0.0310711866137606,0.0944159161118195,0.0,1.0,0.1810887260026049,0.3646252106986497,7.243549040104199,0.1810887260026049,0.3646252106986497,0.0,0.0,1.1102230246251563e-16
trained_support,0.02,0.08,real,40,1,20262024,1,14,0.8842975206611571,133.81254393403253,24.870051024621237,0.9081173161769618,0.2148422431217879,0.0148611566581887,0.213581622573929,0.2171151245591359,0.2153556207922623,0.3415670718454586,0.9283877649671034,0.343726803546716,0.3377073378937713,0.3406914316233215,0.9283877649671034,1.0,0.1987661444236325,0.3842212803101701,0.270850895982403,0.7169428817573851,0.0,1.0,0.012276943918654,0.0148611566581887,0.017016882033488,0.0212974267051294,0.0192763411777495,0.9404613562581672,0.9283877649671034,0.918434755897878,0.8989866148750438,0.9081173161769618,0.9283877649671034,1.0,0.0192289706701714,0.0646753291591759,0.0285643390774575,0.1176907833834224,0.0310284578841458,1.0,0.1882065029439472,0.3625734955315767,7.52826011775789,0.1882065029439472,0.3625734955315767,0.0,0.0,1.1102230246251563e-16
trained_support,0.02,0.08,real,40,2,20263021,1,18,0.8512396694214877,102.04017789987888,16.029274233805562,0.9021688821899028,0.1631864015752066,0.0171861039575121,0.1648003509482759,0.1633743308599337,0.1640888900209365,0.4422269762091178,0.9176579880771636,0.4386726768901942,0.4418116343802796,0.4402359481051353,0.9176579880771636,1.0,0.1503750402622943,0.3882839025261709,0.211211307494552,0.6875090698968245,0.0,1.0,0.0113408612160175,0.0171861039575121,0.018781222250977,0.0222535456832877,0.0205907091271618,0.944873421388932,0.9176579880771636,0.910368231559254,0.8946991804660442,0.9021688821899028,0.9176579880771636,1.0,0.0208557185720242,0.0653370913898336,0.0281090001892824,0.0981953986185916,0.0,1.0,0.1421252949478528,0.4324020502132223,5.685011797914113,0.1421252949478528,0.4324020502132223,0.0,0.0,5.551115123125783e-17
trained_support,0.02,0.08,real,40,3,20264018,1,12,0.9008264462809916,120.68840400696983,24.51828920147868,0.9060464080747476,0.2100809646380141,0.0152136819159837,0.2104852310423054,0.210776903749974,0.2106311178830878,0.3497961148655819,0.92675280562067,0.3490897748919223,0.3485810461385088,0.3488352297181447,0.92675280562067,1.0,0.2024460174844788,0.3817550302709962,0.2646691717381533,0.7351498520580233,0.0,1.0,0.0125671479587092,0.0152136819159837,0.0231291159911359,0.0156148212920361,0.0197329502420905,0.9390977174056754,0.92675280562067,0.8907908815000727,0.9248958832438772,0.9060464080747476,0.92675280562067,1.0,0.0190918443650331,0.0785487242910829,0.0276192980031103,0.1239158120023738,0.0842142426863079,1.0,0.188189112054828,0.3789712651257625,7.527564482193124,0.188189112054828,0.3789712651257625,0.0,0.0,5.551115123125783e-17
trained_support,0.02,0.08,real,40,4,20265015,1,22,0.8181818181818182,152.57395378301914,17.314874112051662,0.9002038454893119,0.2122181813299015,0.0186327002512622,0.2132123954562694,0.2128566241277167,0.2130345840600168,0.3460780654624639,0.9110445311927492,0.3443619559397191,0.3449750716533624,0.3446682494767574,0.9110445311927492,1.0,0.2064969720193153,0.3887415543950183,0.2696059316096071,0.6942870863920826,0.0,1.0,0.0097441874538663,0.0186327002512622,0.0222272684401066,0.0197535301470493,0.0210268092631638,1.0,0.9110445311927492,0.8948167393283775,0.9059531811265016,0.9002038454893119,0.9110445311927492,1.0,0.0222475114358378,0.0673507414648135,0.0283626243814453,0.1069449149914524,0.1741157428052075,1.0,0.1942664426558373,0.3499488948552014,7.770657706233495,0.1942664426558373,0.3499488948552013,0.0,0.0,5.551115123125783e-17
trained_support,0.02,0.08,real,40,5,20266012,1,14,0.8842975206611571,117.6907123157439,23.38635793211406,0.9039461478127994,0.2083683746671727,0.0164816651892011,0.2105803723428606,0.2074462737231945,0.2090191973213183,0.3528042623837591,0.9208958562437056,0.348923750108619,0.3544346236067194,0.3516580632938507,0.9208958562437056,1.0,0.1987751706968809,0.3684780523487047,0.2585218464499909,0.7155244388287153,0.0,1.0,0.0116737950668972,0.0164816651892011,0.020858478422896,0.0195133143065769,0.0201970982735847,0.9433018281094772,0.9208958562437056,0.9009618247714084,0.9070419563724303,0.9039461478127994,0.9208958562437056,1.0,0.0210126739085027,0.0817084264467273,0.0287368521954029,0.1147681034715913,0.1328627940781896,1.0,0.1855908694393177,0.3751874753796545,7.423634777572708,0.1855908694393177,0.3751874753796545,0.0,0.0,5.551115123125783e-17
trained_support,0.02,0.08,real,40,6,20267009,1,18,0.8512396694214877,81.93716978419859,16.48662744704769,0.9000534920675368,0.1654295525654209,0.0151872748822648,0.1677699830273426,0.1644640178145202,0.1661252243951677,0.4372947776792049,0.9268751776621346,0.4322073127875994,0.439410998301639,0.4357763517349087,0.9268751776621346,1.0,0.1503040933903721,0.373864330516068,0.2106311582200518,0.7172511310069228,0.0,1.0,0.0145903870656477,0.0151872748822648,0.0230523728227943,0.0188587786823186,0.0210602163586913,0.929645512058362,0.9268751776621346,0.8911327576604076,0.9100152754424868,0.9000534920675368,0.9268751776621346,1.0,0.0212097305251599,0.0769298688414064,0.0289715038623559,0.1281646527848963,0.0526063934240433,1.0,0.1295444475215646,0.3495405137143754,5.181777900862584,0.1295444475215645,0.3495405137143754,0.0,0.0,5.551115123125783e-17
trained_support,0.02,0.08,real,40,7,20268006,1,17,0.859504132231405,151.29313905772972,21.34510406061257,0.9005575008097836,0.2119301177141263,0.015778894535684,0.2145248311450813,0.2104894140719616,0.2125167012427298,0.3465768871015298,0.9241374410485887,0.3421095896329561,0.34908247370387,0.3455618948066729,0.9241374410485887,1.0,0.198438058288332,0.3557146338029857,0.2682702651739279,0.6878192336106321,0.0,1.0,0.0137788158637032,0.015778894535684,0.0182134423071966,0.0233651252526191,0.0209482524181393,0.9334255439119726,0.9241374410485887,0.9129563476387188,0.8897403269830769,0.9005575008097836,0.9241374410485887,1.0,0.0213790292654635,0.0636460535998569,0.0298229098008516,0.1219307874201064,0.0,1.0,0.1816024427594824,0.3806085421396546,7.264097710379295,0.1816024427594823,0.3806085421396545,0.0,0.0,5.551115123125783e-17
trained_support,0.02,0.08,real,40,8,20269003,1,16,0.8677685950413223,90.7648989603583,20.81060344035235,0.9039846780799194,0.176594877455776,0.015000856214137,0.1798630099441565,0.1745590172846531,0.1772308563167762,0.4135510196358039,0.9277395146016116,0.4068482351368161,0.4177821784678359,0.412238059746831,0.9277395146016116,1.0,0.1599857419628609,0.3613689207245821,0.22521586250914,0.6622779121447506,0.0,1.0,0.0135112107121898,0.015000856214137,0.018995662088719,0.0213148264347618,0.0201885735520469,0.9346753272671996,0.9277395146016116,0.9093926585776896,0.8989084076568442,0.9039846780799194,0.9277395146016116,1.0,0.019829561529342,0.0663105161257926,0.0286510017232684,0.1277006656816051,0.0,1.0,0.1515327354976235,0.3604914813456639,6.061309419904941,0.1515327354976235,0.3604914813456638,0.0,0.0,1.1102230246251563e-16
trained_support,0.02,0.08,real,40,9,20270000,1,22,0.8181818181818182,113.19229806779502,18.672041538224143,0.902413623355059,0.2176148656577219,0.0170972917566831,0.2206246873605173,0.2159209151711732,0.218285471666443,0.3368645600788433,0.9180655746947748,0.3318330039369514,0.3397298364681401,0.3357369346257571,0.9180655746947748,1.0,0.2036914853058428,0.376227510914241,0.2763631734525905,0.7177514100994977,0.0,1.0,0.0113766786297674,0.0170972917566831,0.0211687048021577,0.0198841228399797,0.0205364603098525,0.9447042219287262,0.9180655746947748,0.8995653974491143,0.9053618198881934,0.902413623355059,0.9180655746947748,1.0,0.0211924865239036,0.0814043537237833,0.0290318661614651,0.1189373861610988,0.0602814523357613,1.0,0.1869777060187408,0.3684449629320364,7.479108240749634,0.1869777060187408,0.3684449629320364,0.0,0.0,1.1102230246251563e-16
trained_support,0.02,0.08,real,40,10,20270997,1,13,0.8925619834710744,114.15821964323116,22.47598892722604,0.9008113336358956,0.1826252964570958,0.0155767815294101,0.1851804831146687,0.1813765661024931,0.1832883930554717,0.4012677044443656,0.925071814073526,0.3961737443569901,0.4037809179091078,0.3999395112127964,0.925071814073526,1.0,0.1761379190783289,0.3211137318551249,0.2337693618054148,0.6172047109965411,0.0,1.0,0.0139224588637135,0.0155767815294101,0.0227467732593549,0.0188554043589902,0.0208918879861722,0.9327553843730284,0.925071814073526,0.892495447397286,0.9100306290008716,0.9008113336358956,0.925071814073526,1.0,0.0197213309384457,0.0963208308615654,0.0279014277946169,0.1438445270032892,0.0,1.0,0.167248664514126,0.3965611513906821,6.689946580565042,0.167248664514126,0.3965611513906821,0.0,0.0,5.551115123125783e-17
trained_support,0.02,0.08,real,40,11,20271994,1,60,0.5041322314049587,161.96640664257097,-0.3417464201240818,0.9002424866460443,0.2201414655865791,0.019726522944699,0.2251510866558135,0.2168174101263454,0.2210235294671017,0.3326357179327298,0.90607552569119,0.3244073066932973,0.3382104139761537,0.3311719184562315,0.90607552569119,1.0,0.2069673416454306,0.4274822842125332,0.2813618244125797,0.7291606980731423,0.0,1.0,0.0072546572838273,0.019726522944699,0.0223190712147219,0.0196313672396811,0.0210182244681497,1.0,0.90607552569119,0.8944061002828836,0.9065067195366748,0.9002424866460443,0.90607552569119,1.0,0.0223830332016944,0.0471130482952136,0.0290691267325885,0.0806464862719466,0.1785298887828139,1.0,0.3335867492848793,0.6517295040008653,13.343469971395171,0.3335867492848793,0.6517295040008653,0.0,0.0,1.1102230246251563e-16
trained_support,0.02,0.08,real,40,12,20272991,1,13,0.8925619834710744,108.56773303376852,22.448692643689583,0.9033134743845898,0.1815755765841779,0.0176913779384608,0.1812892994899695,0.1835743435802301,0.1824353991560796,0.4033793345656383,0.9153425705852934,0.4039571393164632,0.3993681052292227,0.4016488836482784,0.9153425705852934,1.0,0.1751305338729067,0.3707495274020967,0.2345558048893595,0.6831263050226821,0.0,1.0,0.0100306483551145,0.0176913779384608,0.0208473660277898,0.0198137540429418,0.0203371276188506,0.9510836675830364,0.9153425705852934,0.9010118853809912,0.905680422044781,0.9033134743845898,0.9153425705852934,1.0,0.0226843490196544,0.0440783508226371,0.0309028455892555,0.0770908232398743,0.1432749742124533,1.0,0.1603705117877779,0.3539768353317425,6.414820471511119,0.1603705117877779,0.3539768353317425,0.0,0.0,1.1102230246251563e-16
trained_support,0.02,0.08,real,40,13,20273988,1,16,0.8677685950413223,94.31158705985123,22.64458136686317,0.9028868015504896,0.2059966040313246,0.0172035500736122,0.2044613002935033,0.2089418643963845,0.2067137223494697,0.3570130225428877,0.9175779437293708,0.3597641858507193,0.3517940633184107,0.3557352118740835,0.9175779437293708,1.0,0.1961335600747678,0.4054275472775828,0.262717873749234,0.7486100713732626,0.0,1.0,0.0110221999701504,0.0172035500736122,0.0203889126019727,0.0204742349684586,0.0204316183235021,0.9463800940739124,0.9175779437293708,0.9030796142968736,0.90269443201529,0.9028868015504896,0.9175779437293708,1.0,0.0223513542565998,0.0485359631927455,0.0312878448964247,0.081399786890756,0.1906531832501026,1.0,0.1884605462490095,0.4475577405642966,7.538421849960381,0.1884605462490095,0.4475577405642966,0.0,0.0,1.1102230246251563e-16
trained_support,0.02,0.08,real,40,14,20274985,1,20,0.8347107438016529,72.6211091514981,16.733602942158786,0.9000650872572776,0.179612188676703,0.0164587003481119,0.184257021218658,0.1763865199169029,0.1803647059110636,0.4073587861625303,0.9210016034497508,0.3980072307722376,0.4139820764949322,0.4058289435139882,0.9210016034497508,1.0,0.158818061592931,0.3979571907459597,0.2267146192102967,0.6951921654764338,0.0,1.0,0.0131352722706034,0.0164587003481119,0.0217954715978436,0.0202929989743074,0.0210576398195957,0.9364338814493234,0.9210016034497508,0.8967507215078778,0.903512806370518,0.9000650872572776,0.9210016034497508,1.0,0.0203266244686684,0.0721486936790923,0.0285748661417973,0.1089629310236405,0.0,1.0,0.1444388215765244,0.3440738441551235,5.777552863060977,0.1444388215765244,0.3440738441551235,0.0,0.0,5.551115123125783e-17
trained_support,0.02,0.08,real,40,15,20275982,1,12,0.9008264462809916,108.69479895239846,26.225777613762038,0.9060546694364128,0.2265875720418737,0.0169384197068612,0.2306077721502197,0.2237805423979184,0.227219800778887,0.3220856225614009,0.9187951392235548,0.3156760148671758,0.3266380140287046,0.3210690712085537,0.9187951392235548,1.0,0.2180746408054702,0.41319577391176,0.2870991473901776,0.7433568447905718,0.0,1.0,0.0101196490286315,0.0169384197068612,0.0196258628071121,0.0198358318790353,0.0197311266436681,0.950660526304736,0.9187951392235548,0.9065316689055588,0.9055804502432304,0.9060546694364128,0.9187951392235548,1.0,0.0199738550175647,0.0669065507448602,0.0274835817748755,0.0989844902230153,0.1110474968381848,1.0,0.2013532911352413,0.4037555448190181,8.054131645409655,0.2013532911352413,0.4037555448190181,0.0,0.0,5.551115123125783e-17
trained_support,0.02,0.08,real,40,16,20276979,1,24,0.8016528925619835,106.8383348514318,17.31894889700644,0.9009184401716408,0.2036262331250573,0.0180006076603775,0.2035313085308989,0.2053054695651971,0.2044203137969489,0.3612694624815432,0.9139284084766012,0.3614409699645585,0.3582488766902105,0.3598379207736206,0.9139284084766012,1.0,0.1915593525910416,0.4012383530641523,0.2593882081871572,0.7149075935193181,0.0,1.0,0.0105572777337116,0.0180006076603775,0.0202128105515072,0.0215034478209428,0.0208681093846464,0.9485826188382134,0.9139284084766012,0.903875135336748,0.8980610405490383,0.9009184401716408,0.9139284084766012,1.0,0.0234099605162983,0.0588129267691731,0.0308338296139831,0.0903594599887777,0.047511429819735,1.0,0.1970719637285944,0.4223748965094482,7.882878549143776,0.1970719637285943,0.4223748965094482,0.0,0.0,1.1102230246251563e-16
trained_support,0.02,0.08,real,40,17,20277976,1,16,0.8677685950413223,101.81783893000215,22.78101550087967,0.9009010543871804,0.2042419274064355,0.0174596872483755,0.2051896210933464,0.2047838630717332,0.2049868424789911,0.3601590148886673,0.9164035667832072,0.3584564497264883,0.3591844208264558,0.3588200705425631,0.9164035667832072,1.0,0.1981850613000839,0.3662068996359314,0.2608556045588479,0.6960988751786696,0.0,1.0,0.0114367132842392,0.0174596872483755,0.0211253135751745,0.0206155112831214,0.0208719689908973,0.9444206895275716,0.9164035667832072,0.8997605848536356,0.9020570104601062,0.9009010543871804,0.9164035667832072,1.0,0.0214471859479276,0.0718579383383164,0.0304042001231021,0.1070287802555309,0.0,1.0,0.1913826154340628,0.4424986342138548,7.655304617362515,0.1913826154340628,0.4424986342138548,0.0,0.0,1.1102230246251563e-16
trained_support,0.02,0.08,real,40,18,20278973,1,28,0.768595041322314,94.24905877416158,11.8573679009713,0.9032034502075608,0.1906071896561038,0.0164861869266043,0.1921895262138678,0.190444155146969,0.1913188310333745,0.3855686781995756,0.920875036232875,0.3825302166456351,0.3858831113417364,0.3841991829921952,0.920875036232875,1.0,0.1810243608400342,0.4223147365340692,0.2421943344049831,0.6957262059184515,0.0,1.0,0.0119497231961718,0.0164861869266043,0.0215003266526831,0.0191550630778408,0.0203614892344363,0.9420013078971776,0.920875036232875,0.8980750556564718,0.9086681568853696,0.9032034502075608,0.920875036232875,1.0,0.0216235475012259,0.0617638293417893,0.0287952071105651,0.0974024157841586,0.0065754128220705,1.0,0.1814544821256232,0.3638366547659302,7.258179285024928,0.1814544821256231,0.3638366547659302,0.0,0.0,1.1102230246251563e-16
trained_support,0.02,0.08,real,40,19,20279970,1,11,0.9090909090909092,114.0282002980685,24.054539546173256,0.9069001344472714,0.1984909903837323,0.0163174247008164,0.1971302015064135,0.2011704423587229,0.1991605674132852,0.3706656069029203,0.9216524087684844,0.3731961943037762,0.3657328201341872,0.3694267359787062,0.9216524087684844,1.0,0.1826845458540136,0.3836419822886882,0.2482843924640774,0.6373902704722638,0.0,1.0,0.0107579074827224,0.0163174247008164,0.0201777612966896,0.0188902036410695,0.0195445880558693,0.9476315264978472,0.9216524087684844,0.9040335499668384,0.9098723007127512,0.9069001344472714,0.9216524087684844,1.0,0.0199119135174515,0.057593711687543,0.0274709970464719,0.0906180571837635,0.0792821224260653,1.0,0.1652544463666576,0.408854360862152,6.610177854666304,0.1652544463666575,0.408854360862152,0.0,0.0,5.551115123125783e-17
trained_support,0.02,0.08,real,40,20,20280967,1,14,0.8842975206611571,96.29606820679328,20.80434305758372,0.9013725088694596,0.1863848100420035,0.0169051756643356,0.1866265412824119,0.1876717848964936,0.187149892809576,0.3937952990669803,0.91894787424043,0.3933196234584727,0.3912694114289981,0.3922917467690828,0.91894787424043,1.0,0.1762979827050529,0.3307681161492314,0.239989771700939,0.6416780744087078,0.0,1.0,0.0120622210242959,0.0169051756643356,0.0186021264092712,0.0227271901830278,0.020767333489907,0.9414715913848948,0.91894787424043,0.9111838124961064,0.8925828407081305,0.9013725088694596,0.91894787424043,1.0,0.0211162563151871,0.0910046319611542,0.0286841769404191,0.1215913865392913,0.0,1.0,0.1605029170689068,0.3611775773490554,6.420116682756273,0.1605029170689068,0.3611775773490554,0.0,0.0,5.551115123125783e-17
trained_support,0.02,0.08,real,40,21,20281964,1,21,0.8264462809917356,139.85490202756785,19.49340877722565,0.9003581111631268,0.2168934521677877,0.0188427730816156,0.2233811521188593,0.2118879426946762,0.2177104032669677,0.3380818473672919,0.9100881050623144,0.3272909459862865,0.3466499792426874,0.3367036823330426,0.9100881050623144,1.0,0.2148908679957514,0.3749861863230448,0.2749769632117946,0.6997035612831382,0.0,1.0,0.0092540036592876,0.0188427730816156,0.0235331336539214,0.0180987563851609,0.0209925387014378,1.0,0.9100881050623144,0.8889932215774198,0.9134800139697962,0.9003581111631268,0.9100881050623144,1.0,0.0230728620335762,0.0696025394964538,0.0305821144201423,0.1030738315811973,0.1352279007156686,1.0,0.2054733268615199,0.3874737367804275,8.218933074460798,0.2054733268615199,0.3874737367804275,0.0,0.0,5.551115123125783e-17
trained_support,0.02,0.08,real,40,22,20282961,1,18,0.8512396694214877,107.10042019305168,21.002719903158464,0.9046511859641228,0.208220544062877,0.0168165998363486,0.2091841724481874,0.2086124828406962,0.2088985232113822,0.3530651351208493,0.9193549472200306,0.3513681087304865,0.3523739130461521,0.3518703074372936,0.9193549472200306,1.0,0.1945092709113101,0.376484498332812,0.264334879854033,0.7244292954851149,0.0,1.0,0.0109018521529917,0.0168165998363486,0.0209280182701355,0.0191132119783153,0.0200411678906587,0.946949739338255,0.9193549472200306,0.900648615487562,0.9088583205884234,0.9046511859641228,0.9193549472200306,1.0,0.0211299314988692,0.0567136294155259,0.0289732369573088,0.1059367526988714,0.0,1.0,0.1850021091742612,0.4044421203145841,7.400084366970448,0.1850021091742612,0.4044421203145841,0.0,0.0,5.551115123125783e-17
trained_support,0.02,0.08,real,40,23,20283958,1,14,0.8842975206611571,119.38003586295422,23.47706527155418,0.901969799254862,0.2057431360433984,0.0170358806409968,0.2063582457457847,0.2065361782572137,0.2064472311710346,0.3574657662348086,0.9183475151343274,0.3563680518316213,0.3560511455100908,0.356209529286538,0.9183475151343274,1.0,0.1875007031220033,0.4033211129769484,0.262092244216899,0.7286512586574804,0.0,1.0,0.0116436993611322,0.0170358806409968,0.0183813748211607,0.0226653697904412,0.0206348482918271,0.943443785461308,0.9183475151343274,0.9121900941079508,0.8928587824611456,0.901969799254862,0.9183475151343274,1.0,0.022673950594305,0.0707431483155074,0.0306264109494496,0.1061109636008302,0.0,1.0,0.1715205416920798,0.3674258418018655,6.860821667683194,0.1715205416920798,0.3674258418018655,0.0,0.0,1.1102230246251563e-16
trained_support,0.02,0.08,real,40,24,20284955,1,18,0.8512396694214877,115.49242218029448,21.68141875364597,0.9028872307831134,0.2190588309528004,0.0171276795772012,0.2206086981114297,0.2188425460686148,0.2197273966216021,0.3344412150014157,0.9179260952316968,0.3318595338001959,0.3348030835301487,0.3333251019550013,0.9179260952316968,1.0,0.2052757297867227,0.4012474827926126,0.2779564543639636,0.7396426667892615,0.0,1.0,0.0111395571882035,0.0171276795772012,0.019306946013953,0.0214973514580602,0.0204315232434719,0.9458249342945528,0.9179260952316968,0.9079783629002628,0.8980884154962244,0.9028872307831134,0.9179260952316968,1.0,0.0231519263417553,0.0678558372243038,0.0308055924567537,0.0981815776657388,0.0199997861329836,1.0,0.2019425435838412,0.411373949033966,8.077701743353648,0.2019425435838411,0.411373949033966,0.0,0.0,5.551115123125783e-17
trained_support,0.02,0.08,real,40,25,20285952,1,27,0.7768595041322314,106.15857143312432,13.551794579136876,0.9007882312679648,0.1980380184855792,0.0178749038465607,0.1959671604537665,0.2016779857349942,0.1988430762013563,0.3715060638197605,0.914503010464344,0.3753727291419513,0.3648058704478636,0.3700136504165179,0.914503010464344,1.0,0.1823384241060298,0.3973699053922063,0.2546893027595622,0.7170328143358772,0.0,1.0,0.0108246544514527,0.0178749038465607,0.0217147260630524,0.0200459805208147,0.0208970172875735,0.9473153216057424,0.914503010464344,0.8971128376840328,0.904629417468142,0.9007882312679648,0.914503010464344,1.0,0.0216858838135577,0.0636397389841321,0.0291327059253694,0.0945324840996614,0.0,1.0,0.1660379313667806,0.3872101771303172,6.641517254671224,0.1660379313667805,0.3872101771303172,0.0,0.0,1.1102230246251563e-16
trained_support,0.02,0.08,real,40,26,20286949,1,16,0.8677685950413223,158.44156070931126,22.381605265689267,0.9040681032552936,0.2067194794469594,0.0179220879518186,0.2072896190340894,0.2077000305234723,0.2074949262497149,0.3557249720099874,0.9142872858807506,0.3547123515898432,0.3539852077928357,0.3543484133933824,0.9142872858807506,1.0,0.1900995078780077,0.4071097078112982,0.2642356218012679,0.7259608028759708,0.0,1.0,0.009253777123529,0.0179220879518186,0.021347485625424,0.0189196224243947,0.0201701171936276,1.0,0.9142872858807506,0.898761631535776,0.9097384738752078,0.9040681032552936,0.9142872858807506,1.0,0.0214180119548116,0.0426857142037847,0.0300469785219958,0.0800114058539898,0.1006471681363652,1.0,0.1723624986097312,0.3823110337655545,6.89449994438925,0.1723624986097312,0.3823110337655545,0.0,0.0,1.1102230246251563e-16
trained_support,0.02,0.08,real,40,27,20287946,1,15,0.8760330578512396,115.18502000676888,23.594600427502904,0.902773234075494,0.2173488170278104,0.0172997702069456,0.2204965447497688,0.2155478006814652,0.2180362133055005,0.3373129700332283,0.9171366025422064,0.3320456817997023,0.3403642186499722,0.3361556216648396,0.9171366025422064,1.0,0.2069562554602952,0.3546952348301655,0.2758220394291225,0.6838102151188983,0.0,1.0,0.010917767755013,0.0172997702069456,0.0223851176344709,0.0183266448762982,0.0204567764314303,0.9468743859606032,0.9171366025422064,0.8941107874428302,0.9124397488331392,0.902773234075494,0.9171366025422064,1.0,0.0201535500123975,0.0920946809459612,0.0282416308967702,0.1261287390802262,0.1088144224985777,1.0,0.1924841948414829,0.3704328784343667,7.699367793659317,0.1924841948414828,0.3704328784343667,0.0,0.0,5.551115123125783e-17
trained_support,0.02,0.08,real,40,28,20288943,1,10,0.9173553719008264,110.9972124467005,24.137360992068785,0.9033944992567612,0.1816647169523901,0.0179678744108595,0.1834064871956789,0.1816917396224003,0.1825511268007854,0.4031995877133036,0.9140779999509864,0.3997034283561029,0.4031451137464312,0.4014165414792747,0.9140779999509864,1.0,0.1731703231298894,0.3336455210184904,0.2345985816493737,0.6517658136175863,0.0,1.0,0.0094881467343492,0.0179678744108595,0.0197283831046951,0.0208932950648839,0.0203191889428924,1.0,0.9140779999509864,0.906067098503148,0.9008049960959352,0.9033944992567612,0.9140779999509864,1.0,0.0223503509458875,0.0610160596708669,0.0304791940445446,0.0904884272176607,0.1911561109465767,1.0,0.1540079633448496,0.3536280793810398,6.160318533793983,0.1540079633448495,0.3536280793810398,0.0,0.0,5.551115123125783e-17
trained_support,0.02,0.08,real,40,29,20289940,1,15,0.8760330578512396,102.31562467083958,22.069781986104456,0.9044707775581352,0.1926569830087034,0.017665110581258,0.1914488824027833,0.1954606453853385,0.1934651628429881,0.3816371789485271,0.9154627966314944,0.3839494360514549,0.3763245936854574,0.3800981332468187,0.9154627966314944,1.0,0.1739474616348122,0.379331650466251,0.2466836995648939,0.7070343350649805,0.0,1.0,0.0095494868125552,0.017665110581258,0.019583990842047,0.020566112008863,0.0200810565018686,1.0,0.9154627966314944,0.9067214800861374,0.9022798427866436,0.9044707775581352,0.9154627966314944,1.0,0.0218486497551291,0.0514611635504599,0.0305950537331725,0.0870350114686838,0.0557366027977355,1.0,0.1597883113494741,0.3588898468160372,6.391532453978966,0.1597883113494741,0.3588898468160372,0.0,0.0,5.551115123125783e-17
trained_support,0.02,0.08,real,40,30,20290937,1,10,0.9173553719008264,119.96474304602256,22.508236388029538,0.901139598257236,0.179473568752104,0.0156724707490266,0.1821143190201402,0.1781773028413584,0.1801565658531358,0.4076412242512031,0.9246293229361564,0.4022942089032881,0.4102918619144604,0.4062515096572623,0.9246293229361564,1.0,0.1610948485023577,0.3480771964411823,0.2279010357543902,0.6802532070600833,0.0,1.0,0.0137042046106,0.0156724707490266,0.0230969014961462,0.0182591420404654,0.0208190192705681,0.933773829120472,0.9246293229361564,0.8909343749481298,0.9127477621625124,0.901139598257236,0.9246293229361564,1.0,0.0186567225680251,0.0970832242883694,0.0265753546027717,0.1474349766174736,0.0,1.0,0.1488905616972402,0.3724474803010013,5.95562246788961,0.1488905616972402,0.3724474803010013,0.0,0.0,5.551115123125783e-17
trained_support,0.02,0.08,real,40,31,20291934,1,22,0.8181818181818182,92.49453170122013,15.270589288051518,0.9008155607486512,0.1931104672719032,0.0185195451515129,0.1931389347906471,0.1948502094253882,0.1939964590465293,0.3807728269693696,0.9115601237078176,0.380718632538469,0.3774749586757993,0.3790897497398098,0.9115601237078176,1.0,0.1802680110199227,0.4521163561870069,0.2461501615838395,0.731738175423255,0.0,1.0,0.0096673790342242,0.0185195451515129,0.0192446275980972,0.0224166868343901,0.0208909494760358,1.0,0.9115601237078176,0.9082613258485168,0.8939696667697965,0.9008155607486512,0.9115601237078176,1.0,0.0211032339987112,0.0787864442366033,0.028996210718879,0.1149036418850625,0.0,1.0,0.1630038781546837,0.4262699397229139,6.520155126187349,0.1630038781546837,0.4262699397229139,0.0,0.0,5.551115123125783e-17
trained_support,0.02,0.08,real,40,32,20292931,1,20,0.8347107438016529,120.38820447756628,16.077805666692775,0.9009885654132476,0.1804123917439672,0.0179447087116375,0.1822946839398047,0.1803051178927961,0.1813026300568312,0.4057321935925088,0.9141838823630294,0.401931573631218,0.4059498742406475,0.4039302153254787,0.9141838823630294,1.0,0.1694291483246833,0.3758810030954825,0.2328533494730196,0.6884871040111322,0.0,1.0,0.0106214856563727,0.0179447087116375,0.0218786946941103,0.0197732085173351,0.0208525424899232,0.948278135119356,0.9141838823630294,0.8963776472761261,0.9058640471008056,0.9009885654132476,0.9141838823630294,1.0,0.0221410531913286,0.0748706639553599,0.0295309771186273,0.114056719671291,0.1355883525752171,1.0,0.1508743573059805,0.3586141135308127,6.034974292239221,0.1508743573059805,0.3586141135308127,0.0,0.0,5.551115123125783e-17
trained_support,0.02,0.08,real,40,33,20293928,1,18,0.8512396694214877,114.97999485462891,16.491430884551423,0.9007334328797432,0.1884727387202472,0.0157971395998024,0.1897964810875102,0.1884684097860722,0.1891336111330988,0.3897056012124747,0.9240531401595043,0.3871347693198932,0.3897140363532387,0.3884199980265691,0.9240531401595043,1.0,0.1738947255588471,0.3460336690617394,0.239478359371818,0.6810460794679144,0.0,1.0,0.0136983347029912,0.0157971395998024,0.0224952765278543,0.0191924599850306,0.0209091844214646,0.9338012353531724,0.9240531401595043,0.8936184517686253,0.9084982658757136,0.9007334328797432,0.9240531401595043,1.0,0.0196237527291372,0.0888263014399548,0.0267516111316642,0.1268430805762294,0.0,1.0,0.1573202734990053,0.3637099873875149,6.292810939960212,0.1573202734990052,0.3637099873875149,0.0,0.0,5.551115123125783e-17
trained_support,0.02,0.08,real,40,34,20294925,1,18,0.8512396694214877,106.57614664331176,19.128054314672944,0.9037541352966748,0.19598748262873,0.018267443129105,0.1974604319669501,0.1962115273338168,0.1968369701697875,0.3753345891283135,0.9127098789483008,0.3725804989914464,0.3749143659075766,0.3737437597084242,0.9127098789483008,1.0,0.1852160840290727,0.3780051742437817,0.2510892854067767,0.7079043043441334,0.0,1.0,0.0087144340863994,0.018267443129105,0.0191373162251189,0.0212848492487585,0.0202395859622001,1.0,0.9127098789483008,0.908748790462564,0.8990431514773746,0.9037541352966748,0.9127098789483008,1.0,0.022504844780927,0.0511207049541846,0.0300602961557199,0.0875780039573238,0.0026231146142557,1.0,0.1685063292263645,0.3590983481175618,6.740253169054579,0.1685063292263645,0.3590983481175617,0.0,0.0,5.551115123125783e-17
trained_support,0.02,0.08,real,40,35,20295922,1,13,0.8925619834710744,119.65306888653028,24.34380777441929,0.9014725190804436,0.2101045927896961,0.0182622691976749,0.206083944303201,0.2156022000712885,0.210896776617312,0.3497547921282805,0.9127334907453604,0.3568571485083048,0.3402716532102404,0.3483721816902108,0.9127334907453604,1.0,0.1920578719404202,0.3759255651322817,0.2671250198615606,0.7094652883336734,0.0,1.0,0.009841266496637,0.0182622691976749,0.0213360540228933,0.0201369015428028,0.0207451440705091,1.0,0.9127334907453604,0.8988130044326563,0.9042182617761788,0.9014725190804436,0.9127334907453604,1.0,0.0223899464892567,0.0561830025536843,0.0307921803688458,0.0917554524376548,0.0347545563286724,1.0,0.1778643836888639,0.3748561285375069,7.114575347554556,0.1778643836888638,0.3748561285375068,0.0,0.0,5.551115123125783e-17
trained_support,0.02,0.08,real,40,36,20296919,1,14,0.8842975206611571,82.58810525111741,23.663983964866205,0.9028950456135998,0.2028632577745044,0.0167140982688716,0.2023054250335657,0.2047882806061942,0.2035506385050818,0.3626502931301837,0.9198262445973032,0.3636631960847066,0.3591764873662876,0.3614060384295597,0.9198262445973032,1.0,0.192120746083737,0.3670578264437097,0.2574425295776434,0.6913643882910725,0.0,1.0,0.0117479924831912,0.0167140982688716,0.018700063448873,0.0220240878054314,0.0204297921753163,0.9429519402232772,0.9198262445973032,0.910737728499741,0.8957262484018055,0.9028950456135998,0.9198262445973032,1.0,0.0213261318770095,0.0658861651740008,0.0298466125483379,0.1230815799776189,0.0850682223440272,1.0,0.1775203758420943,0.3944047006241377,7.100815033683774,0.1775203758420943,0.3944047006241377,0.0,0.0,5.551115123125783e-17
trained_support,0.02,0.08,real,40,37,20297916,1,44,0.6363636363636364,126.31755562688406,5.600316726603855,0.900079410849366,0.1812439203102558,0.018785813390327,0.1871150393362478,0.17717926775593,0.1822148880694619,0.4040488059335681,0.9103473336620632,0.39236011637587,0.4123444073031768,0.4020919680247966,0.9103473336620632,1.0,0.1656982209769484,0.3786297065209682,0.2341097776509447,0.7165658476542822,0.0,1.0,0.0095070172572272,0.018785813390327,0.0236903922519453,0.0180373401220851,0.0210544570546335,1.0,0.9103473336620632,0.8882944871800088,0.9137605696885632,0.900079410849366,0.9103473336620632,1.0,0.0227392566638275,0.0617373075930025,0.0301248613985789,0.0978386765858143,0.200958489482807,1.0,0.2288070713673574,0.5482978749258756,9.152282854694295,0.2288070713673574,0.5482978749258756,0.0,0.0,1.1102230246251563e-16
trained_support,0.02,0.08,real,40,38,20298913,1,16,0.8677685950413223,112.20967652554909,21.27362954555449,0.901039351512324,0.2081232028268938,0.0153504745647214,0.2127467570949909,0.2045498144563765,0.2086885349612828,0.3532370159283581,0.9261191574863592,0.3451646306517419,0.3596049999501229,0.3522399446025941,0.9261191574863592,1.0,0.1967973001529518,0.3683985471441969,0.2635165132729115,0.6964039471782038,0.0,1.0,0.0140968592406489,0.0153504745647214,0.0206422595725849,0.0210383967869152,0.0208412693906304,0.9319423744445242,0.9261191574863592,0.9019363761170502,0.9001516913329671,0.901039351512324,0.9261191574863592,1.0,0.0211482492917956,0.0789415237788964,0.0282874657065035,0.1179967618897332,0.0,1.0,0.1801105344431197,0.3740518135686534,7.204421377724789,0.1801105344431196,0.3740518135686534,0.0,0.0,5.551115123125783e-17
trained_support,0.02,0.08,real,40,39,20299910,1,11,0.9090909090909092,105.09946173888046,24.770072107794288,0.9035224915637502,0.1998820330551497,0.0169485793526006,0.2006806528580165,0.2005179257052671,0.2005993057822767,0.368096493246316,0.9187484672433835,0.3666295782195713,0.3669280025443467,0.3667787297704606,0.9187484672433835,1.0,0.1819077496289906,0.3831330641127191,0.255330906452417,0.7372459343115074,0.0,1.0,0.0111563640202312,0.0169485793526006,0.0224729372448927,0.0178438978935023,0.0202908550885198,0.9457454560300528,0.9187484672433835,0.8937182713205333,0.91464479664167,0.9035224915637502,0.9187484672433835,1.0,0.0206220002026321,0.0729491084010868,0.029940953591327,0.1064942023614362,0.0,1.0,0.1692315048297669,0.3960286788606222,6.769260193190677,0.1692315048297669,0.3960286788606222,0.0,0.0,5.551115123125783e-17
trained_support,0.02,0.08,real,40,40,20300907,1,18,0.8512396694214877,122.28572841229696,21.641026154589944,0.9061869920361316,0.2100595976283158,0.0143412035249894,0.2115056194226076,0.2095871711276463,0.2105485803189257,0.3498334873467855,0.9308044957088196,0.3473132747956469,0.3506608171446244,0.3489792194782857,0.9308044957088196,1.0,0.1933116859197255,0.3596085943113316,0.2647127207364114,0.6758613916773167,0.0,1.0,0.0135090911265795,0.0143412035249894,0.0193465962203213,0.0200509485538876,0.019701920251879,0.9346852329415593,0.9308044957088196,0.9077983730950998,0.9046069466029096,0.9061869920361316,0.9308044957088196,1.0,0.0180108759934562,0.0772416481454593,0.0261191976274461,0.1243789306655314,0.0,1.0,0.1815860578843363,0.3484122342490245,7.263442315373451,0.1815860578843362,0.3484122342490245,0.0,0.0,5.551115123125783e-17
trained_support,0.02,0.08,real,40,41,20301904,1,17,0.859504132231405,99.39387713324258,21.13784241979428,0.9007425011505448,0.2101001667895415,0.0152727254675053,0.2101644315300705,0.2111435155907946,0.2106545423868162,0.3497625322877453,0.9264792521164504,0.3496501633501925,0.3479426617204785,0.3487943756499616,0.9264792521164504,1.0,0.1851407929386441,0.3829982124490518,0.2642969602568687,0.7130812572004228,0.0,1.0,0.0142777327291731,0.0152727254675053,0.0210950703929316,0.020717567311348,0.0209071709011881,0.93109993709655,0.9264792521164504,0.8998966532579438,0.9015968261029534,0.9007425011505448,0.9264792521164504,1.0,0.0212374516477489,0.0860060686840064,0.0307165485768797,0.1199284859979589,0.0,1.0,0.1780568247022572,0.3887486296716173,7.122272988090288,0.1780568247022572,0.3887486296716173,0.0,0.0,1.1102230246251563e-16
trained_support,0.02,0.08,real,40,42,20302901,1,17,0.859504132231405,112.9542170136668,18.564615074999,0.9015924298964444,0.1834101149078613,0.0175863889914488,0.1826396415989551,0.1858490354377772,0.1842513265305666,0.399696178376873,0.9158232009896612,0.4012389242657981,0.3948516409406484,0.3980185635687655,0.9158232009896612,1.0,0.1654909029483428,0.3858828554676773,0.234677396272014,0.7224419019753311,0.0,1.0,0.0109533979349733,0.0175863889914488,0.0191463132866706,0.0221796008911234,0.0207185425182475,0.9467057144616812,0.9158232009896612,0.9087079110380436,0.8950300333491401,0.9015924298964444,0.9158232009896612,1.0,0.0204944105933564,0.0840366220007031,0.0275768205352509,0.1094940216962023,0.0,1.0,0.1598384866912131,0.4324856352640468,6.393539467648527,0.1598384866912131,0.4324856352640468,0.0,0.0,1.1102230246251563e-16
trained_support,0.02,0.08,real,40,43,20303898,1,11,0.9090909090909092,115.53965226690757,24.43703801317907,0.9034656332746998,0.1929109599395662,0.016550955538955,0.1905959619121536,0.1965968577848986,0.1936196596269536,0.3811528513366515,0.9205768655245128,0.3855903241391278,0.3741927316912357,0.3798046269299794,0.9205768655245128,1.0,0.178882872848604,0.3923361727023554,0.2467422563360528,0.7378390380932056,0.0,1.0,0.0117599151117825,0.016550955538955,0.0216421432431216,0.0188700053317905,0.020303441400137,0.9428957295699272,0.9205768655245128,0.8974384716668168,0.9099641947636052,0.9034656332746998,0.9205768655245128,1.0,0.022727293583818,0.0499577598799075,0.0313610063234782,0.0896619795898812,0.1064856576132004,1.0,0.1648268881488844,0.3887486670617828,6.593075525955376,0.1648268881488844,0.3887486670617828,0.0,0.0,1.1102230246251563e-16
trained_support,0.02,0.08,real,40,44,20304895,1,21,0.8264462809917356,96.08032878205935,17.83338076525293,0.9000921722298185,0.2143410394450292,0.0161169601129366,0.2231056701606245,0.2064643676993531,0.2149461271892507,0.3424241186457904,0.9225766652442994,0.3277420703600905,0.3561790096206298,0.3413897010307774,0.9225766652442994,1.0,0.1980131146516909,0.3567889316076161,0.2716091793161526,0.7107863896082103,0.0,1.0,0.0135430558930786,0.0161169601129366,0.0199406821589042,0.0221068027414107,0.0210516214626105,0.934526514590585,0.9225766652442994,0.90510582284788,0.8953558752990958,0.9000921722298185,0.9225766652442994,1.0,0.0208604583440864,0.094415158539599,0.0284199528966904,0.1263565602128619,0.0,1.0,0.1810626597734091,0.3550782826438178,7.242506390936364,0.181062659773409,0.3550782826438178,0.0,0.0,5.551115123125783e-17
trained_support,0.02,0.08,real,40,45,20305892,1,89,0.2644628099173554,177.50355763213537,-21.87503630919989,0.9052529321292888,0.1834783897878871,0.0196998194831943,0.1919244085788745,0.1768327633819643,0.1845329304130465,0.399559755620689,0.9061965105323984,0.3830376304139319,0.4130594222173679,0.397458540059273,0.9061965105323984,1.0,0.1728395431754653,0.40319947763867,0.2388854221332278,0.7442585947323144,0.0,1.0,0.0028727467826381,0.0196998194831943,0.0202278034871412,0.0195833370389421,0.019908178262905,1.0,0.9061965105323984,0.9038073791678134,0.906724444177577,0.9052529321292888,0.9061965105323984,1.0,0.0194516347198417,0.0375571693717392,0.0258652599675022,0.0683323546827547,0.2205884682863748,1.0,0.3174689257478112,0.6311976991536865,12.698757029912452,0.3174689257478112,0.6311976991536864,0.0,0.0,1.1102230246251563e-16
trained_support,0.02,0.08,real,40,46,20306889,1,13,0.8925619834710744,97.94152845909278,22.53311932954092,0.902199186636242,0.1894502832113133,0.0159789040175978,0.191162346763992,0.1890778346199896,0.1901229475430318,0.3878054758200395,0.9232137217531108,0.3844999062652473,0.3885283366983094,0.3865033522216045,0.9232137217531108,1.0,0.1759562946485878,0.4010866475992237,0.2415789030095918,0.7137093933856558,0.0,1.0,0.0129759514621143,0.0159789040175978,0.0209782706329039,0.0201820103348042,0.0205839911084014,0.9371801456638504,0.9232137217531108,0.9004223453105185,0.9040143438058048,0.902199186636242,0.9232137217531108,1.0,0.0202499212106119,0.0724121556697787,0.0291952417053063,0.1244511315681059,0.0,1.0,0.1629105288294305,0.3802745361991753,6.5164211531772205,0.1629105288294305,0.3802745361991752,0.0,0.0,1.1102230246251563e-16
trained_support,0.02,0.08,real,40,47,20307886,1,15,0.8760330578512396,129.64696136209585,23.179389059969747,0.9007300786582424,0.2172285939636127,0.016323207773591,0.2135765723008593,0.2220235709537878,0.217841018055434,0.3375157949819681,0.9216257592390128,0.3437354832273988,0.329520123268635,0.3364838617191942,0.9216257592390128,1.0,0.2063079484799954,0.3720680317581011,0.2755325861164375,0.714439438689333,0.0,1.0,0.0130682067272149,0.016323207773591,0.0214634662724668,0.0203413346106093,0.0209099291984704,0.936747946339246,0.9216257592390128,0.8982405878500237,0.9032944734227216,0.9007300786582424,0.9216257592390128,1.0,0.0209495488497741,0.0564024015953386,0.0301986620343132,0.1029400611521705,0.0594645276675111,1.0,0.190878566707398,0.3619895557305391,7.635142668295921,0.190878566707398,0.3619895557305391,0.0,0.0,1.1102230246251563e-16
trained_support,0.02,0.08,real,40,48,20308883,1,17,0.859504132231405,125.97526822478716,21.93519843085499,0.901228515971673,0.2021730073823414,0.0173643828384912,0.2027988742981615,0.2030357357564486,0.2029173395877788,0.3639040529414673,0.9168403573508508,0.3627670553559127,0.3623376819923508,0.3625522424604911,0.9168403573508508,1.0,0.1900759413076932,0.3486007744709369,0.2588676437737613,0.6872955131874156,0.0,1.0,0.0114493884528128,0.0173643828384912,0.0233347973934997,0.0179083166493813,0.0207992857402626,0.9443608379669424,0.9168403573508508,0.8898752568095981,0.9143502426818612,0.901228515971673,0.9168403573508508,1.0,0.0218218068826718,0.0559730046963863,0.0306754992599765,0.1006694024196233,0.10153210869838,1.0,0.1838106820602366,0.4004713706656454,7.352427282409467,0.1838106820602366,0.4004713706656453,0.0,0.0,1.1102230246251563e-16
trained_support,0.02,0.08,real,40,49,20309880,1,20,0.8347107438016529,88.12353015067262,17.188904603857786,0.9018200659299552,0.1770467661340792,0.0170108258492519,0.1734722742407761,0.1821461535661701,0.1778620971275469,0.4126176793292919,0.9184625673694072,0.4200584665994324,0.4022301797317178,0.4109390034332992,0.9184625673694072,1.0,0.1690793152304783,0.3188787563996865,0.2285416668985541,0.6108913104127767,0.0,1.0,0.0117388328270874,0.0170108258492519,0.0197323910049644,0.0215631521271581,0.0206680524533852,0.9429951267896796,0.9184625673694072,0.9060489415522364,0.8977929900036336,0.9018200659299552,0.9184625673694072,1.0,0.0202821866823497,0.0868580758155884,0.0273396989131559,0.1208220303792114,0.0,1.0,0.1549950285584379,0.3107308541940733,6.199801142337517,0.1549950285584379,0.3107308541940733,0.0,0.0,5.551115123125783e-17
trained_support,0.02,0.08,real,100,0,20261807,1,23,0.8099173553719008,271.025645365489,17.11815084368252,0.9004441556908708,0.1902081147602264,0.0171513088730779,0.1923091403853647,0.189641195834767,0.1909798269888711,0.3863388001854632,0.9178176519014358,0.3823015048706932,0.3874354676423224,0.3848509606089103,0.9178176519014358,1.0,0.1775946447872114,0.4208311718287676,0.240509475752649,0.7326138608615376,0.0,1.0,0.0120713384131415,0.0171513088730779,0.0228729109519036,0.0188838332675042,0.0209734262137665,0.94142867355022,0.9178176519014358,0.8919327382812872,0.9099012823065684,0.9004441556908708,0.9178176519014358,1.0,0.0203440198146701,0.0978888288256378,0.0284362819516862,0.194999557111907,0.0,1.0,0.174929307403981,0.4169423232536394,17.4929307403981,0.174929307403981,0.4169423232536394,0.0,0.0,1.1102230246251563e-16
trained_support,0.02,0.08,real,100,1,20262804,1,12,0.9008264462809916,219.95308845866447,22.139300684955344,0.9014889548187311,0.1771383012124923,0.0166704508033072,0.1803096030231641,0.175499887266332,0.1779209984415362,0.4124288775793848,0.9200270069251048,0.4059407706521806,0.415821400623516,0.4108179970164078,0.9200270069251048,1.0,0.1623789311382583,0.3394771368014263,0.224762832032197,0.6702865555703106,0.0,1.0,0.0123412234469971,0.0166704508033072,0.0209519551685201,0.0205288827490616,0.0207414976834894,0.9401591427640948,0.9200270069251048,0.9005408282659745,0.9024478144732156,0.9014889548187311,0.9200270069251048,1.0,0.0209954054741661,0.1043033105042055,0.0294136221794239,0.1557099806010868,0.0,1.0,0.1489330842011469,0.3585645500249961,14.893308420114698,0.1489330842011469,0.358564550024996,0.0,0.0,1.1102230246251563e-16
trained_support,0.02,0.08,real,100,2,20263801,1,18,0.8512396694214877,354.58923589452263,20.92536586028553,0.901459818363724,0.2007302476360509,0.016936150752753,0.2009587150220783,0.2019270311111807,0.2014434548908212,0.3665386749280952,0.91880556280271,0.3661202033266901,0.3643518870864644,0.3652339125152584,0.91880556280271,1.0,0.1843458695303378,0.3733360771837875,0.2532459300125775,0.7186296624510381,0.0,1.0,0.0119851874866711,0.016936150752753,0.020826518694127,0.0206691064612007,0.0207479618616055,0.9418342856657578,0.91880556280271,0.9011058087530792,0.90181531331549,0.901459818363724,0.91880556280271,1.0,0.0212842098853804,0.0902258085272492,0.0296105065801337,0.1272243747276122,0.0,1.0,0.1744867554996143,0.4240889005348203,17.44867554996143,0.1744867554996142,0.4240889005348203,0.0,0.0,1.1102230246251563e-16
trained_support,0.02,0.08,real,100,3,20264798,1,20,0.8347107438016529,279.11267903430337,17.660174319169336,0.9011587356432306,0.1867479483522538,0.017121656771381,0.1883369228462341,0.1867219809812377,0.1875311903240979,0.3930809369963852,0.9179537381010578,0.3899703321231338,0.3931319767023825,0.3915445599065806,0.9179537381010578,1.0,0.1754139582867675,0.356946100519715,0.2361700813512326,0.6808243908635717,0.0,1.0,0.0118365366713772,0.017121656771381,0.020526182634934,0.0210994144083907,0.0208147719413362,0.942534568049568,0.9179537381010578,0.902459998115925,0.899877107645344,0.9011587356432306,0.9179537381010578,1.0,0.0210114626099653,0.0864156923634704,0.0290252547125045,0.1445076238720761,0.0,1.0,0.1734241621862056,0.3829224410703334,17.34241621862056,0.1734241621862055,0.3829224410703334,0.0,0.0,1.1102230246251563e-16
trained_support,0.02,0.08,real,100,4,20265795,1,20,0.8347107438016529,277.0066440593637,19.36047303585014,0.9004221794482931,0.2071483964893684,0.0175344978542632,0.2080828961612393,0.2076953102296398,0.2078891935217358,0.354962906944272,0.91606084735448,0.3533082121338103,0.3539935624623922,0.3536505615582603,0.91606084735448,1.0,0.1999567367436814,0.4072693076093658,0.2610043359733479,0.7332903567069495,0.0,1.0,0.0115165432951018,0.0175344978542632,0.021572625625925,0.0203666539358314,0.0209783074738911,0.9440437991809572,0.91606084735448,0.8977504648068788,0.903180126628114,0.9004221794482931,0.91606084735448,1.0,0.0216318482557926,0.0743684365087439,0.0301844729722224,0.1312939597542008,0.0,1.0,0.1879440703658811,0.4437847215620923,18.79440703658812,0.1879440703658811,0.4437847215620923,0.0,0.0,1.1102230246251563e-16
trained_support,0.02,0.08,real,100,5,20266792,1,18,0.8512396694214877,285.2492220762729,19.85357331451095,0.9003153490163451,0.1987518778436668,0.0179787304637231,0.1989238579863893,0.2002008644205937,0.199563382651906,0.3701824120767626,0.9140283849021128,0.3698642287790796,0.3675101571885195,0.368683431172201,0.9140283849021128,1.0,0.1917828007837681,0.3805281696159963,0.2518269229448107,0.7344690980340152,0.0,1.0,0.0108559128877215,0.0179787304637231,0.0217243133108332,0.0202540217882464,0.0210020378466711,0.9471672751972572,0.9140283849021128,0.897069834499435,0.9036889054633904,0.9003153490163451,0.9140283849021128,1.0,0.0225294267591559,0.0777336173291892,0.0294232272596256,0.1146331072110958,0.0,1.0,0.1769519795756323,0.3905835248815728,17.695197957563238,0.1769519795756323,0.3905835248815726,0.0,0.0,1.1102230246251563e-16
trained_support,0.02,0.08,real,100,6,20267789,1,18,0.8512396694214877,277.2523459107198,19.933658782570912,0.9033137354812693,0.2044335161174258,0.017475355719956,0.2055919880427732,0.2047653183328803,0.2051790695214129,0.3598141680798568,0.9163317763791468,0.3577360195218474,0.3592177272770018,0.3584753616204311,0.9163317763791468,1.0,0.1914708685294105,0.3710558575198179,0.2580824214964197,0.7318124068478199,0.0,1.0,0.0104023243040276,0.017475355719956,0.0209924359445851,0.0196598690240503,0.0203370698102052,0.9493178342624536,0.9163317763791468,0.9003585737530748,0.9063775434460188,0.9033137354812693,0.9163317763791468,1.0,0.0210063513089826,0.084535487151432,0.0286990171914032,0.1290423415750144,0.0,1.0,0.1760686792636313,0.3720474774308045,17.60686792636313,0.1760686792636313,0.3720474774308044,0.0,0.0,1.1102230246251563e-16
trained_support,0.02,0.08,real,100,7,20268786,1,17,0.859504132231405,290.5018770365805,21.682473537831804,0.9008640813773,0.2017695444445701,0.0165985400476547,0.2020922158099818,0.2028094117716867,0.202451131380101,0.3646389028953942,0.9203578655887252,0.3640510845398788,0.362747942618209,0.3633983523915835,0.9203578655887252,1.0,0.1848388561660968,0.4044876764715656,0.2541385342194289,0.7318425259639808,0.0,1.0,0.0126676859281872,0.0165985400476547,0.0218399675193003,0.0198740890541801,0.0208801771661255,0.9386257611511758,0.9203578655887252,0.8965512349511935,0.9054072420604344,0.9008640813773,0.9203578655887252,1.0,0.0208657482230399,0.0938136958308675,0.0281893809662126,0.1384730245773101,0.0,1.0,0.1768834531265697,0.4469662569675886,17.688345312656978,0.1768834531265697,0.4469662569675886,0.0,0.0,1.1102230246251563e-16
trained_support,0.02,0.08,real,100,8,20269783,1,23,0.8099173553719008,224.81216379862724,14.993449924722368,0.9004502694345454,0.1859790249021793,0.0168557353427856,0.1883926996205321,0.18507516787703,0.1867413010491023,0.3945950915548519,0.9191750677125196,0.3898615908509433,0.3963824149528178,0.3930940018542556,0.9191750677125196,1.0,0.1724360886954561,0.4052285720659584,0.2358436899434538,0.7429549828389163,0.0,1.0,0.0124784547899798,0.0168557353427856,0.0196291954608094,0.0222339825794783,0.0209720682788227,0.9395142675232394,0.9191750677125196,0.9065165632508236,0.8947867002110971,0.9004502694345454,0.9191750677125196,1.0,0.0199976698147618,0.1267114211397653,0.0277295039930419,0.1832382405792861,0.0,1.0,0.1563957966239854,0.3758741090842082,15.639579662398548,0.1563957966239854,0.3758741090842082,0.0,0.0,1.1102230246251563e-16
trained_support,0.02,0.08,real,100,9,20270780,1,20,0.8347107438016529,284.3214649161194,19.39247678428402,0.9007033861510456,0.2118534030264346,0.0181005369745795,0.2130252949321712,0.2122244362564303,0.2126252426515937,0.3467098502887488,0.9134718813417636,0.3446842581856904,0.3460672421673486,0.3453744068122425,0.9134718813417636,1.0,0.1988849410747402,0.4173467258122306,0.2669067524791151,0.7427159815759208,0.0,1.0,0.0104806297320916,0.0181005369745795,0.0222881453909621,0.0194469702455159,0.020915856146697,0.948946223318182,0.9134718813417636,0.8945444122032686,0.9073428905173464,0.9007033861510456,0.9134718813417636,1.0,0.021925713968115,0.1010972222272728,0.0290019151151641,0.1325977905254492,0.0239536902675331,1.0,0.1839465615077769,0.3636467900576791,18.394656150777696,0.1839465615077768,0.363646790057679,0.0,0.0,1.1102230246251563e-16
trained_support,0.02,0.08,real,100,10,20271777,1,20,0.8347107438016529,302.7372963420047,16.75246220192396,0.90215219580017,0.2040387159693736,0.0162638469933107,0.2057033174502709,0.203663364051707,0.2046858821058564,0.3605251430156576,0.921899341958188,0.3575369422394078,0.3612023973576505,0.3593604301192392,0.921899341958188,1.0,0.1879877891794271,0.3736304141698395,0.2561734559582803,0.7123667128957226,0.0,1.0,0.0126339596161856,0.0162638469933107,0.0200361654843216,0.021137913376096,0.0205944083334586,0.9387840564239563,0.921899341958188,0.9046738134112284,0.8997039026178857,0.90215219580017,0.921899341958188,1.0,0.0194879890029571,0.1217243069916208,0.026426169538353,0.1607428204669507,0.0,1.0,0.173868746717747,0.3808139074584915,17.386874671774702,0.1738687467177469,0.3808139074584915,0.0,0.0,5.551115123125783e-17
trained_support,0.02,0.08,real,100,11,20272774,1,19,0.8429752066115702,269.9642421774618,18.91192545396352,0.9014330437537,0.1987939959493548,0.0176161621753268,0.1977297000783796,0.2013994282452486,0.1995729991639638,0.3701044633749016,0.9156868762741512,0.3720792162791952,0.3653143214853638,0.368665704355073,0.9156868762741512,1.0,0.1889776117693706,0.4029160218597152,0.2507361126583957,0.7571187818723493,0.0,1.0,0.010972478657909,0.0176161621753268,0.0192706921649496,0.0221379614882473,0.0207539022279109,0.9466153996227344,0.9156868762741512,0.9081429663709206,0.8952163953291952,0.9014330437537,0.9156868762741512,1.0,0.0201697109690317,0.1264939915409008,0.0270501006470292,0.1567021911910853,0.0,1.0,0.1722626806796602,0.3647746325542626,17.226268067966018,0.1722626806796602,0.3647746325542626,0.0,0.0,1.1102230246251563e-16
trained_support,0.02,0.08,real,100,12,20273771,1,22,0.8181818181818182,275.1905786879721,17.212757784577413,0.9001494832860678,0.2025937353951708,0.0166521895355537,0.2042668068514533,0.2022822426564034,0.2032769466459404,0.3631393344244584,0.9201110150578536,0.3601142148931797,0.3637053514146696,0.3619009464358704,0.9201110150578536,1.0,0.184710724409289,0.4059630339765006,0.2548677088167372,0.7334698558243316,0.0,1.0,0.0128584355946211,0.0166521895355537,0.0201329399098386,0.0219074027471282,0.0210388873819179,0.9377309751650948,0.9201110150578536,0.9042361728579346,0.8962489902249707,0.9001494832860678,0.9201110150578536,1.0,0.021019609345138,0.0990442422641486,0.0289336871641391,0.1532286316888071,0.0,1.0,0.1774828075009016,0.3826541000875532,17.748280750090167,0.1774828075009016,0.3826541000875532,0.0,0.0,1.1102230246251563e-16
trained_support,0.02,0.08,real,100,13,20274768,1,21,0.8264462809917356,224.00443764561325,16.407301937684352,0.9002560131462874,0.1874919134278072,0.0184095708875474,0.1901237047341101,0.1866473592107449,0.1883935505825079,0.391621460732761,0.9120615023103672,0.3865018889399242,0.3932786850904741,0.389859932067524,0.9120615023103672,1.0,0.1745571174048154,0.3840104905657147,0.2393636717199441,0.7162277343769622,0.0,1.0,0.0101354401309138,0.0184095708875474,0.0222202117014941,0.0197367952252316,0.0210152194114401,0.9505854693798212,0.9120615023103672,0.8948483123245577,0.906028989576362,0.9002560131462874,0.9120615023103672,1.0,0.0220790716463745,0.0859459021500043,0.0293078366780224,0.1195710218746499,0.0,1.0,0.1630966679131757,0.3869775755629018,16.30966679131757,0.1630966679131756,0.3869775755629017,0.0,0.0,1.1102230246251563e-16
trained_support,0.02,0.08,real,100,14,20275765,1,21,0.8264462809917356,309.34001841534865,16.96002861494197,0.9022161975179426,0.1976796988748478,0.0171497022430528,0.1971026953007393,0.199733018736852,0.1984222155764719,0.3721722499513151,0.9178250248980354,0.3732475238897874,0.3683708536827517,0.3707930910992806,0.9178250248980354,1.0,0.1832268902224559,0.4062907241193869,0.24865917586115,0.721342866612782,0.0,1.0,0.0113768701721637,0.0171497022430528,0.0211155379342176,0.0200306011299685,0.0205802201625648,0.9447033171746068,0.9178250248980354,0.8998045646105762,0.9046989833897224,0.9022161975179426,0.9178250248980354,1.0,0.0209026253397376,0.0939872063942702,0.0283702943356161,0.1307264312950366,0.0087373318484204,1.0,0.166219964048865,0.4054160494209665,16.621996404886506,0.166219964048865,0.4054160494209664,0.0,0.0,1.1102230246251563e-16
trained_support,0.02,0.08,real,100,15,20276762,1,21,0.8264462809917356,304.01505887921587,17.999486413093294,0.9017137483662994,0.2081231628212355,0.0170398466955905,0.2043321183556732,0.2132125699027397,0.208819556742475,0.353237086585762,0.9183293042329866,0.3599966360870182,0.3443616555762115,0.3520092646463467,0.9183293042329866,1.0,0.1982075904609959,0.3804046420073342,0.2618984082690562,0.727237130996677,0.0,1.0,0.011738282295595,0.0170398466955905,0.0203519882039266,0.0210257905789021,0.0206916322860307,0.9429977225358244,0.9183293042329866,0.9032463580444092,0.9002084306184378,0.9017137483662994,0.9183293042329866,1.0,0.0199312412726283,0.1222542663801472,0.0262957219765175,0.1560015313558579,0.0,1.0,0.1855430410429981,0.3876592327450569,18.554304104299813,0.1855430410429981,0.3876592327450569,0.0,0.0,1.1102230246251563e-16
trained_support,0.02,0.08,real,100,16,20277759,1,19,0.8429752066115702,284.230401639823,20.03970979148244,0.901370301630836,0.1952816456667212,0.0161365803388432,0.1970293354320705,0.1948590816407238,0.1959472131961432,0.376661554434555,0.9224861638705744,0.3733844559482142,0.3774582138516254,0.3754101692916558,0.9224861638705744,1.0,0.1767378757967438,0.4075065965549381,0.2450551879853873,0.7360998003038782,0.0,1.0,0.013073379713823,0.0161365803388432,0.0231821599144012,0.0180330925259815,0.020767823241104,0.9367237177296748,0.9224861638705744,0.8905546576112432,0.9137799763238184,0.901370301630836,0.9224861638705744,1.0,0.0208158410622948,0.0876711314223024,0.0286057767439922,0.1551681824467797,0.0,1.0,0.1638837322589316,0.4109214535901638,16.38837322589316,0.1638837322589315,0.4109214535901637,0.0,0.0,1.1102230246251563e-16
trained_support,0.02,0.08,real,100,17,20278756,1,25,0.7933884297520661,239.42857220929488,15.694881359716051,0.900778526089122,0.2060911079199513,0.0185021795628772,0.2085550319808387,0.2052718915486757,0.2069199734492781,0.3568443667979817,0.91163927603471,0.352475148507096,0.3583090281729894,0.3553685470756755,0.91163927603471,1.0,0.1978340280792812,0.3784954372809681,0.2613696436027032,0.7070525346305259,0.0,1.0,0.0097182687067425,0.0185021795628772,0.0214521487066184,0.0203311609687183,0.0208991721183735,1.0,0.91163927603471,0.8982914187732194,0.903340423563886,0.900778526089122,0.91163927603471,1.0,0.0222779293709094,0.0667727598675755,0.0294279983178931,0.1007447037261671,0.007134771143624,1.0,0.1857546970670734,0.4019408515234133,18.57546970670735,0.1857546970670734,0.4019408515234133,0.0,0.0,1.1102230246251563e-16
trained_support,0.02,0.08,real,100,18,20279753,1,21,0.8264462809917356,276.54850814307093,18.81237403481255,0.9016314608841745,0.2076790270236541,0.018009394411109,0.2105763310343863,0.2063187871067239,0.2084584288354552,0.3540223843861355,0.91388825705305,0.3489308007223941,0.3564383677594704,0.3526454406707581,0.91388825705305,1.0,0.1950029309306738,0.4008107409588389,0.2626557612779359,0.7489323998617942,0.0,1.0,0.0102255086820095,0.018009394411109,0.0220697281662029,0.0192542392316962,0.0207098844724141,0.9501574764792072,0.91388825705305,0.8955218653773324,0.9082176775219736,0.9016314608841745,0.91388825705305,1.0,0.0220806669428324,0.0878962016703513,0.0292283581397807,0.1230862698843702,0.028831326356103,1.0,0.1791516920302183,0.4089749750013135,17.915169203021836,0.1791516920302183,0.4089749750013135,0.0,0.0,1.1102230246251563e-16
trained_support,0.02,0.08,real,100,19,20280750,1,19,0.8429752066115702,274.3386340454541,17.89298148651123,0.9009743225042932,0.1976530463918363,0.0175211293832064,0.1984724420142338,0.1983837775791648,0.1984281147489852,0.3722218498289873,0.9161220810655804,0.3706999847102124,0.3708643606668957,0.3707821543985193,0.9161220810655804,1.0,0.1866296159066297,0.4126687453341191,0.2497818392349726,0.7410372424866516,0.0,1.0,0.0113124011607756,0.0175211293832064,0.0221447614809352,0.0194815381508556,0.0208557041330514,0.9450078867047778,0.9161220810655804,0.8951859585219115,0.90718607935357,0.9009743225042932,0.9161220810655804,1.0,0.0208784202617346,0.1132426217650968,0.0277462671814224,0.149774505397676,0.0,1.0,0.1711580885502354,0.3899277158849684,17.11580885502355,0.1711580885502354,0.3899277158849684,0.0,0.0,5.551115123125783e-17
trained_support,0.02,0.08,real,100,20,20281747,1,17,0.859504132231405,263.6753111477347,22.162630431069463,0.9021413393565098,0.203442878072004,0.0157121637567486,0.2052257811254189,0.2028648126653314,0.204048711655181,0.3616008172545644,0.9244458345504972,0.3583916466012791,0.3626474737330722,0.3605071249856416,0.9244458345504972,1.0,0.1904396265057706,0.3825439055176373,0.2549931716416339,0.716747251165271,0.0,1.0,0.0133175336984508,0.0157121637567486,0.0208576184826177,0.0203326667874649,0.0205968151355557,0.9355808912947768,0.9244458345504972,0.9009656986465484,0.903333622254768,0.9021413393565098,0.9244458345504972,1.0,0.0210245520282657,0.096517086779555,0.0290219256085936,0.1607654731542029,0.0,1.0,0.1816171154691979,0.4127483373348945,18.161711546919797,0.1816171154691978,0.4127483373348944,0.0,0.0,1.1102230246251563e-16
trained_support,0.02,0.08,real,100,21,20282744,1,17,0.859504132231405,273.64873242323165,19.69479247580005,0.9019195144378432,0.1942378119542761,0.0173533044173347,0.1945203979713507,0.1955012642082863,0.1950114477844452,0.3786325535923591,0.916891144475501,0.3780979500337517,0.3762481721358945,0.3771707640972517,0.916891144475501,1.0,0.1793389599327581,0.4192739154365578,0.2449372237153652,0.728104265317648,0.0,1.0,0.0111857089228281,0.0173533044173347,0.0201285597074539,0.0211507825083921,0.0206459986028025,0.945606702168155,0.916891144475501,0.9042559767619996,0.8996460124376461,0.9019195144378432,0.916891144475501,1.0,0.0199225404621403,0.1064696613350802,0.0277485877365665,0.142887914387466,0.0,1.0,0.1640103365177869,0.3854127417279794,16.401033651778697,0.1640103365177869,0.3854127417279793,0.0,0.0,1.1102230246251563e-16
trained_support,0.02,0.08,real,100,22,20283741,1,22,0.8181818181818182,253.74657054683163,16.84654708019276,0.9008024394585638,0.1860733567135654,0.0173191753103376,0.1888686544290787,0.1848651595036694,0.1868776281743857,0.3944090210904591,0.9170476212060216,0.3889349114379246,0.3967988516835206,0.3928261462783836,0.9170476212060216,1.0,0.1704038341644875,0.3481815897857683,0.2355007539753035,0.6946462551181887,0.0,1.0,0.0116875859389383,0.0173191753103376,0.0213545575821622,0.0204227781530983,0.0208938626996129,0.9432367855779482,0.9170476212060216,0.8987298520807557,0.9029267107983996,0.9008024394585638,0.9170476212060216,1.0,0.0201218020884149,0.0828703651620368,0.0281780370078893,0.1587538952528504,0.0,1.0,0.1540503698617455,0.3647120686656421,15.405036986174554,0.1540503698617455,0.364712068665642,0.0,0.0,1.1102230246251563e-16
trained_support,0.02,0.08,real,100,23,20284738,1,19,0.8429752066115702,311.2836687872513,20.46957563161353,0.9018584729307044,0.2043208186597962,0.0178372206523275,0.2023170474078484,0.207841620194293,0.205097936065698,0.3600169759241202,0.9146753336709073,0.3636420635498493,0.3537346932337496,0.3586208128452222,0.9146753336709073,1.0,0.1917747808351914,0.3761629283896993,0.2583198947441681,0.7342233136576416,0.0,1.0,0.0104235284148619,0.0178372206523275,0.021657432361692,0.0196109253715688,0.0206595349709342,0.9492171923947276,0.9146753336709073,0.8973698690730182,0.9065993777258788,0.9018584729307044,0.9146753336709073,1.0,0.0215203660340937,0.0747353615046449,0.029447170517402,0.132061676027029,0.0,1.0,0.1761421335333142,0.3862175233829333,17.614213353331422,0.1761421335333142,0.3862175233829333,0.0,0.0,1.1102230246251563e-16
trained_support,0.02,0.08,real,100,24,20285735,1,16,0.8677685950413223,293.54615724944813,22.517052312687724,0.9010368355853816,0.2075437859634954,0.017369552816068,0.2058617620088188,0.2106494335544418,0.2082693555401067,0.3542618571563103,0.9168166574367276,0.3572538054930199,0.3488032854237489,0.3529789774809633,0.9168166574367276,1.0,0.1927266251470807,0.418185691799797,0.2602937703194446,0.737446345366074,0.0,1.0,0.0115186988301227,0.017369552816068,0.0214683672294652,0.0201958605669407,0.0208418278413685,0.9440336246384348,0.9168166574367276,0.8982185769272346,0.9039517419308736,0.9010368355853816,0.9168166574367276,1.0,0.0220204796537822,0.0703607053268408,0.0300699651681083,0.1218608310326664,0.0,1.0,0.1832977945484439,0.3912771215596685,18.329779454844388,0.1832977945484439,0.3912771215596685,0.0,0.0,1.1102230246251563e-16
trained_support,0.02,0.08,real,100,25,20286732,1,17,0.859504132231405,290.6816684769732,21.11790473322154,0.9003814422853254,0.2036255297403267,0.0176996562253257,0.2052483864010142,0.2035346856553612,0.2043933320647309,0.3612707330408953,0.9153046840274934,0.3583511411807002,0.3614348668603795,0.3598864693004562,0.9153046840274934,1.0,0.1878084462982703,0.3902192404179524,0.2570498309626935,0.7161719789242921,0.0,1.0,0.0112779114699501,0.0176996562253257,0.0226243297873762,0.0192114012219184,0.0209873561369398,0.9451708659063296,0.9153046840274934,0.8930420158960983,0.9084122295455336,0.9003814422853254,0.9153046840274934,1.0,0.0227887945434549,0.0882228859660892,0.0299158162296692,0.1258529098187017,0.0537185394152706,1.0,0.171381434676501,0.4118666527610708,17.1381434676501,0.171381434676501,0.4118666527610708,0.0,0.0,1.1102230246251563e-16
trained_support,0.02,0.08,real,100,26,20287729,1,18,0.8512396694214877,302.2680786865121,19.707183988483276,0.9000563743145227,0.2032612369276628,0.0169022925810579,0.2040271914751596,0.2038983594894203,0.2039627856542932,0.3619293743619072,0.9189611213521576,0.3605459179638272,0.3607782420155235,0.3606620429396671,0.9189611213521576,1.0,0.1924892642084944,0.3911074394938155,0.2561561678806789,0.7417035087224171,0.0,1.0,0.0125625730854396,0.0169022925810579,0.0204258234832908,0.0216748058601418,0.0210595758984528,0.939119198916587,0.9189611213521576,0.902912962353201,0.8972919201885331,0.9000563743145227,0.9189611213521576,1.0,0.0214167606199229,0.1032264199887436,0.0290146640247233,0.1482871717540252,0.0,1.0,0.1739663478187329,0.392955111975894,17.396634781873292,0.1739663478187328,0.392955111975894,0.0,0.0,5.551115123125783e-17
trained_support,0.02,0.08,real,100,27,20288726,1,20,0.8347107438016529,297.54644829514143,18.72626935908528,0.903042288179475,0.1955691139469482,0.0171515741198949,0.1946869086940992,0.1979391755886258,0.1963197769578619,0.3761205520838292,0.9178164346611892,0.3777832942211946,0.3716897128749526,0.3747114991173704,0.9178164346611892,1.0,0.1832823991867669,0.3809414222423918,0.2476559855633161,0.7009287426619109,0.0,1.0,0.0110394032309539,0.0171515741198949,0.019486584310321,0.0212688238717716,0.0203971791796278,0.9462986934569648,0.9178164346611892,0.907163190614216,0.8991151918906729,0.903042288179475,0.9178164346611892,1.0,0.0203229631411152,0.1031090188027715,0.0277519678155809,0.163323159874894,0.0,1.0,0.1677154456333718,0.3432173321221982,16.77154456333718,0.1677154456333717,0.3432173321221982,0.0,0.0,5.551115123125783e-17
trained_support,0.02,0.08,real,100,28,20289723,1,20,0.8347107438016529,274.2753066824569,19.130856905068686,0.9007934386487714,0.1896527788130791,0.0182267541499026,0.1950457528629228,0.1858976504608465,0.1905266151443512,0.3874130300089698,0.9128955840044451,0.3771060752819885,0.3947556739965425,0.3857240445338558,0.9128955840044451,1.0,0.1792750189901651,0.3813852607310414,0.2417814282567901,0.6837534481886849,0.0,1.0,0.0102187300871806,0.0182267541499026,0.0228099037913151,0.0187878235009336,0.0208958611077802,0.950189680687736,0.9128955840044451,0.8922137732933836,0.9103381842138868,0.9007934386487714,0.9128955840044451,1.0,0.0224792073606911,0.0892095263571811,0.029714844140636,0.1215356054582776,0.0627712275433445,1.0,0.1647598304022457,0.4253269100666282,16.47598304022457,0.1647598304022456,0.4253269100666282,0.0,0.0,1.1102230246251563e-16
trained_support,0.02,0.08,real,100,29,20290720,1,22,0.8181818181818182,302.4786353166157,16.89794637883541,0.9005567460275706,0.2099965144178446,0.0173889756333657,0.2124558132299,0.2089601696670097,0.2107152404104217,0.3499438478481682,0.9167276259477388,0.3456671137077071,0.3517618663642013,0.3486885360651746,0.9167276259477388,1.0,0.1960650872131258,0.4193976305970889,0.2642358884217937,0.7486294787423742,0.0,1.0,0.0116816021483281,0.0173889756333657,0.0200172932279415,0.0218398849925046,0.0209484200437553,0.9432650066572223,0.9167276259477388,0.9047591836197216,0.8965516048987731,0.9005567460275706,0.9167276259477388,1.0,0.0204096666590541,0.0941995580005904,0.0276063618240777,0.1320947459547845,0.0,1.0,0.179225671534873,0.3931290806653729,17.922567153487307,0.179225671534873,0.3931290806653729,0.0,0.0,5.551115123125783e-17
trained_support,0.02,0.08,real,100,30,20291717,1,18,0.8512396694214877,285.9358630654692,20.512977711140728,0.9018021013824574,0.2062950500194911,0.017426400359469,0.2078930578785914,0.2061628741309994,0.2070297734434177,0.3564806743131497,0.9165561005949004,0.353643728464414,0.3567163429281308,0.355173503298157,0.9165561005949004,1.0,0.1922545987618378,0.3863171095464792,0.2603257364726001,0.7085756923977018,0.0,1.0,0.0111199669944473,0.017426400359469,0.0213123423680046,0.0200112531761795,0.0206720365577778,0.94591758330062,0.9165561005949004,0.8989195724686455,0.904786507993827,0.9018021013824574,0.9165561005949004,1.0,0.0213904192288488,0.0761578889925261,0.0293801717014304,0.1156789809064907,0.021967815724867,1.0,0.1768118237409411,0.3893578905622389,17.68118237409411,0.176811823740941,0.3893578905622388,0.0,0.0,1.1102230246251563e-16
trained_support,0.02,0.08,real,100,31,20292714,1,15,0.8760330578512396,289.2142314008229,23.74805466077165,0.9003732322874595,0.2088836436300945,0.0180211142590669,0.2070553674946325,0.2122318285797586,0.2096595743945949,0.3518964868253385,0.9138347054649908,0.3551280545620945,0.3460544511990003,0.3505338951761629,0.9138347054649908,1.0,0.1975489691553024,0.3733211491725039,0.2640485810053833,0.7399113088738356,0.0,1.0,0.0107603489823957,0.0180211142590669,0.0208635584521278,0.0211140537897683,0.0209891798163075,0.9476199583581448,0.9138347054649908,0.9009389405000088,0.8998112418351012,0.9003732322874595,0.9138347054649908,1.0,0.0217711461209968,0.0608152190455044,0.030336752345377,0.1144888032309585,0.0,1.0,0.1903829549846106,0.426097111384759,19.03829549846106,0.1903829549846105,0.426097111384759,0.0,0.0,1.1102230246251563e-16
trained_support,0.02,0.08,real,100,32,20293711,1,18,0.8512396694214877,305.6986341226717,18.9990362437498,0.9033760440709616,0.195565659790891,0.0171516842267001,0.1942153202251051,0.1983951221990547,0.1963163456293413,0.3761270480353401,0.9178159293721514,0.3786751364909754,0.3708433246875019,0.3747179279637887,0.9178159293721514,1.0,0.1804256070847365,0.3727615493788829,0.2473798592735778,0.7143180777062075,0.0,1.0,0.0109020742895798,0.0171516842267001,0.0187216163958279,0.0218076149723753,0.0203232747269713,0.9469486875779184,0.9178159293721514,0.9106395883780968,0.8966962752614333,0.9033760440709616,0.9178159293721514,1.0,0.0211624439473732,0.1104341869675911,0.0279416264264185,0.1537821121359658,0.0,1.0,0.1655922328015704,0.3694511609874701,16.559223280157042,0.1655922328015704,0.36945116098747,0.0,0.0,1.1102230246251563e-16
trained_support,0.02,0.08,real,100,33,20294708,1,19,0.8429752066115702,218.91471350742415,17.879603943570107,0.9001291577019309,0.1785770006668596,0.0172472149050456,0.1823473177448732,0.1764196102749211,0.1794079473968542,0.4094727168881705,0.917377636164957,0.4018258116079857,0.4139135880852319,0.4077749960436739,0.917377636164957,1.0,0.161555165475248,0.3953911108068603,0.2265678177221455,0.7134681221248766,0.0,1.0,0.0120564674764929,0.0172472149050456,0.0207766567719386,0.0213068109619008,0.0210434034792986,0.9414986757835024,0.917377636164957,0.9013304910982474,0.8989444342584957,0.9001291577019309,0.917377636164957,1.0,0.0198721800279402,0.1072903818249358,0.0276090729162109,0.1406836253484826,0.0,1.0,0.1454546021318121,0.3780335085575094,14.54546021318121,0.145454602131812,0.3780335085575094,0.0,0.0,5.551115123125783e-17
trained_support,0.02,0.08,real,100,34,20295705,1,17,0.859504132231405,255.88675565792175,20.25030553650969,0.9002358585194,0.2024162948308535,0.0175115015052394,0.202525944393002,0.2038167315108372,0.2031723630271082,0.363461655627587,0.9161661836851056,0.363262443184483,0.3609255200615645,0.3620902404773821,0.9161661836851056,1.0,0.1899758169147982,0.3849397868744734,0.2555134026407007,0.7117374431903958,0.0,1.0,0.0116264774005616,0.0175115015052394,0.0219101904526222,0.0200897704754775,0.021019696993862,0.943525028717547,0.9161661836851056,0.8962364979208627,0.904431370744188,0.9002358585194,0.9161661836851056,1.0,0.0211283676606011,0.0947685951996673,0.0283628672562732,0.1289675359845405,0.0,1.0,0.1754171858469934,0.3774837977556506,17.541718584699343,0.1754171858469934,0.3774837977556506,0.0,0.0,1.1102230246251563e-16
trained_support,0.02,0.08,real,100,35,20296702,1,20,0.8347107438016529,289.8709878560703,18.495238649970883,0.9006066540703989,0.2032164275087857,0.0166527507060844,0.206553243445531,0.2012069050831912,0.2038975981111905,0.3620104726711867,0.9201084333655424,0.3560207664069283,0.3656661481367307,0.360779615461634,0.9201084333655424,1.0,0.1910313111667659,0.3731874737576224,0.2556845522755464,0.7133760339177331,0.0,1.0,0.0126908610796217,0.0166527507060844,0.0233178078448311,0.0182489440613433,0.0209373365312126,0.9385170034817109,0.9201084333655424,0.8899508529153346,0.9127943042622022,0.9006066540703989,0.9201084333655424,1.0,0.0192853983940281,0.1363548444232482,0.0270031402054881,0.2067169782444478,0.0,1.0,0.1746917844463155,0.3427179905632022,17.46917844463156,0.1746917844463155,0.3427179905632022,0.0,0.0,1.1102230246251563e-16
trained_support,0.02,0.08,real,100,36,20297699,1,13,0.8925619834710744,304.4001713373574,23.157967519896676,0.902186975325538,0.1873045160665565,0.0178580903211238,0.1877439669893782,0.1885629579657149,0.188153908088151,0.3919885768391283,0.9145798937941408,0.3911282236836047,0.3895298461302027,0.3903273470756998,0.9145798937941408,1.0,0.1738436052434041,0.3731820579147931,0.2384754431306469,0.6934909829841017,0.0,1.0,0.0102421067291572,0.0178580903211238,0.0220415964494095,0.0190208387380553,0.0205866981366334,0.9500786259582028,0.9145798937941408,0.8956478370741201,0.9092781884824044,0.902186975325538,0.9145798937941408,1.0,0.0224174922697211,0.0842877665780438,0.0298978090713056,0.1306732120655621,0.0,1.0,0.1688085602786353,0.3976133443301886,16.880856027863537,0.1688085602786353,0.3976133443301886,0.0,0.0,1.1102230246251563e-16
trained_support,0.02,0.08,real,100,37,20298696,1,20,0.8347107438016529,303.825426497192,19.404148942050163,0.90242587727598,0.2105120165932064,0.0172179657629808,0.2099960209417795,0.2124269430626136,0.2112149792868716,0.34904302521286,0.9175118085198196,0.3499447112937986,0.3457170146462324,0.3478183575867362,0.9175118085198196,1.0,0.2007335678552272,0.3725060059720778,0.2644793446501632,0.726943566783457,0.0,1.0,0.0111882223304814,0.0172179657629808,0.0208812105575273,0.0201802966656869,0.0205337445180235,0.9455948187672136,0.9175118085198196,0.9008594266633458,0.9040220897463024,0.90242587727598,0.9175118085198196,1.0,0.0207964083009927,0.1112311022558436,0.0285947114375367,0.1453240905961646,0.0,1.0,0.1855297471696641,0.3986800807896556,18.55297471696641,0.1855297471696641,0.3986800807896556,0.0,0.0,1.1102230246251563e-16
trained_support,0.02,0.08,real,100,38,20299693,1,22,0.8181818181818182,286.26062148392606,15.68220195407179,0.9007789110128358,0.1984516864232801,0.0167878310296461,0.1993826545359063,0.1989380891133297,0.1991604958693461,0.3707384571927216,0.91948720045556,0.3690167390543646,0.3698379117914394,0.3694268681299493,0.91948720045556,1.0,0.1848115078437412,0.4017020671799661,0.2501811073937822,0.7296757559916698,0.0,1.0,0.0124475118911239,0.0167878310296461,0.0200827334028773,0.0216847288428562,0.0208990866537181,0.9396596352429644,0.91948720045556,0.9044631940501312,0.8972474022318506,0.9007789110128358,0.91948720045556,1.0,0.0194463316137433,0.1340573472761376,0.0269644434393559,0.1865947108097018,0.0,1.0,0.1737491844190651,0.3955119712282254,17.37491844190651,0.173749184419065,0.3955119712282254,0.0,0.0,5.551115123125783e-17
trained_support,0.02,0.08,real,100,39,20300690,1,18,0.8512396694214877,274.42317353938626,19.32783619870132,0.9008136461798012,0.2130969469118201,0.0171509244442317,0.2122081975502958,0.2153522855168161,0.2137860215084953,0.3445607937559239,0.9178194160810358,0.3460953417293261,0.3406971131695284,0.3433756960301478,0.9178194160810358,1.0,0.1999162620165037,0.4422017712837766,0.2645342078844248,0.7338317431035075,0.0,1.0,0.0119287602599782,0.0171509244442317,0.0197066830312254,0.0220123988963125,0.0208913745510386,0.9421000486383854,0.9178194160810358,0.9061654124496314,0.8957786002451955,0.9008136461798012,0.9178194160810358,1.0,0.0201333379041121,0.1259322931069466,0.0276847504650788,0.1612628621008285,0.0,1.0,0.1840664945819152,0.4058165402986569,18.406649458191524,0.1840664945819152,0.4058165402986569,0.0,0.0,5.551115123125783e-17
trained_support,0.02,0.08,real,100,40,20301687,1,16,0.8677685950413223,278.8851007104184,19.740381893956133,0.9008481034950908,0.1858875804612045,0.0176260036824568,0.1832578219773007,0.1901218236689452,0.1867213661462843,0.3947755504444069,0.915641818688138,0.4000006487955868,0.3865055241332166,0.3931331852606431,0.915641818688138,1.0,0.173443275657138,0.3700496747693098,0.2367520053593265,0.6977443612174784,0.0,1.0,0.0112006223199769,0.0176260036824568,0.0204065358413107,0.0213502502864673,0.0208837244324078,0.9455361937555076,0.915641818688138,0.9030000418618148,0.8987492077652957,0.9008481034950908,0.915641818688138,1.0,0.0215886014783711,0.0945902752810579,0.028790081329524,0.1306751366236292,0.0,1.0,0.1569598923029236,0.3560982602868061,15.695989230292358,0.1569598923029235,0.3560982602868061,0.0,0.0,1.1102230246251563e-16
trained_support,0.02,0.08,real,100,41,20302684,1,22,0.8181818181818182,288.1877887619564,18.426696949774858,0.9015723230691294,0.2016897308416573,0.0167853616233021,0.2020805190866887,0.2026930082397142,0.2023869953623631,0.3647844476576034,0.9194985534632778,0.3640723761864811,0.3629591297782584,0.3635149056946209,0.9194985534632778,1.0,0.1928154278387713,0.3608889087173086,0.2539256210381171,0.6978916279843433,0.0,1.0,0.0121529618903404,0.0167853616233021,0.0198004822470954,0.0216061703651674,0.0207230028599402,0.9410445385322916,0.9194985534632778,0.9057405240672306,0.8975999034073555,0.9015723230691294,0.9194985534632778,1.0,0.0201448247746609,0.100534969672046,0.028103587037825,0.1618521810455431,0.0,1.0,0.1776055663093223,0.3723793964752432,17.760556630932232,0.1776055663093222,0.3723793964752431,0.0,0.0,1.1102230246251563e-16
trained_support,0.02,0.08,real,100,42,20303681,1,15,0.8760330578512396,330.5236338313278,22.468530100782907,0.9037066329322768,0.2090949050045349,0.0177686755895544,0.2107713246665459,0.2089216574710101,0.2098485290181046,0.3515249723991661,0.9149888697870374,0.3485907700878243,0.3518296084959505,0.3502028765685739,0.9149888697870374,1.0,0.1973305820615875,0.3852687356659067,0.2641968177286664,0.7321710605730155,0.0,1.0,0.0097129118108566,0.0177686755895544,0.0210556167162097,0.0194111818497658,0.0202500984701878,1.0,0.9149888697870374,0.900074191926955,0.9075052667771122,0.9037066329322768,0.9149888697870374,1.0,0.0208178636655128,0.0708799488910897,0.0287523123306309,0.1079719467814236,0.0,1.0,0.181384015154627,0.3820794178632821,18.138401515462704,0.181384015154627,0.382079417863282,0.0,0.0,1.1102230246251563e-16
trained_support,0.02,0.08,real,100,43,20304678,1,22,0.8181818181818182,354.3448339451934,18.263777468468625,0.9005735473826144,0.2000978378700056,0.0188440454258443,0.2008958221823688,0.2010705203807726,0.200983190262923,0.3676995224774694,0.9100823153539902,0.3662353531272972,0.3659155895210277,0.3660754016673018,0.9100823153539902,1.0,0.1928183330263472,0.3965663295591839,0.2544121080450625,0.7087146610228158,0.0,1.0,0.0091423158401328,0.0188440454258443,0.0197500486343859,0.0220747718629988,0.0209446887523311,1.0,0.9100823153539902,0.9059689517011276,0.8954992819582781,0.9005735473826144,0.9100823153539902,1.0,0.021922125780479,0.0880133000604632,0.0286863018617829,0.117610009554174,0.0,1.0,0.1754841258202676,0.3884357668249011,17.548412582026767,0.1754841258202676,0.3884357668249011,0.0,0.0,1.1102230246251563e-16
trained_support,0.02,0.08,real,100,44,20305675,1,21,0.8264462809917356,301.5914633309031,19.50417780149691,0.9019113100705048,0.2071914008758058,0.0177924926134456,0.205926392213502,0.2099619483870534,0.2079539597850408,0.3548865903393322,0.9148799147157703,0.3571383772115437,0.3500043339240261,0.353536056972407,0.9148799147157703,1.0,0.1987878091119413,0.3774522566711236,0.2610987735717988,0.7187130116911651,0.0,1.0,0.0104766211922856,0.0177924926134456,0.0218144539114817,0.0194111918891182,0.0206478179236006,0.9489652429523336,0.9148799147157703,0.896665613529553,0.9075052212232876,0.9019113100705048,0.9148799147157703,1.0,0.0215524364055725,0.0781196777427631,0.0292753116026039,0.1124827649645345,0.0799803342976095,1.0,0.1811725501821659,0.3799862409668271,18.1172550182166,0.1811725501821659,0.3799862409668271,0.0,0.0,1.1102230246251563e-16
trained_support,0.02,0.08,real,100,45,20306672,1,24,0.8016528925619835,250.65789660222285,14.722088051306034,0.900214960405087,0.2079123274510745,0.0165230772140304,0.2093905093502683,0.2077419326171836,0.2085678498396712,0.3536096572884888,0.92070519517322,0.3510057946243213,0.3539110519545723,0.3524525593474877,0.92070519517322,1.0,0.1958931765339381,0.3947045400537901,0.2613569343244835,0.7249795964072223,0.0,1.0,0.013000414831003,0.0165230772140304,0.0213190646597183,0.020725424358326,0.0210243398564372,0.9370655197562404,0.92070519517322,0.8988893589784416,0.9015614073555852,0.900214960405087,0.92070519517322,1.0,0.0207830819768858,0.0804007573484881,0.0281020928649825,0.1136632935292983,0.0,1.0,0.179312142353582,0.3657439801943205,17.9312142353582,0.1793121423535819,0.3657439801943205,0.0,0.0,1.1102230246251563e-16
trained_support,0.02,0.08,real,100,46,20307669,1,25,0.7933884297520661,244.78968063210093,14.742456693960484,0.9001411338950684,0.1890706927451844,0.0189580506753176,0.1894320047012099,0.190603737308544,0.1900187741791633,0.3885422110497248,0.9095636923753722,0.3878409199712201,0.385575333842446,0.3867047214320589,0.9095636923753722,1.0,0.1752526314195532,0.376619498586049,0.2409721974781272,0.7182544783746981,0.0,1.0,0.0091271660253219,0.0189580506753176,0.0213842850574778,0.0206914968695823,0.0210407425026234,1.0,0.9095636923753722,0.8985962771606492,0.901714358900872,0.9001411338950684,0.9095636923753722,1.0,0.0237893436114946,0.0570459501066236,0.0304628845446086,0.0913497241707658,0.0693638067792661,1.0,0.1755699688289191,0.428476536606881,17.55699688289191,0.175569968828919,0.4284765366068809,0.0,0.0,1.1102230246251563e-16
trained_support,0.02,0.08,real,100,47,20308666,1,15,0.8760330578512396,334.73981949075414,23.231690270534862,0.9005551913722706,0.2191422009521328,0.0159463039493429,0.218263636549674,0.2211699858834633,0.2197216167057528,0.33430183223493,0.9233642181699764,0.335773590902562,0.3309294959660039,0.3333347350493957,0.9233642181699764,1.0,0.2099262571488649,0.3889416091910277,0.2729143568168589,0.7324944276950637,0.0,1.0,0.0135855128112471,0.0159463039493429,0.0217519925625358,0.0201134869065054,0.0209487653094254,0.9343281500674144,0.9233642181699764,0.8969456919813439,0.904324127681752,0.9005551913722706,0.9233642181699764,1.0,0.0203095676554891,0.0878186354393051,0.0289867765345349,0.1545363311905151,0.0,1.0,0.1996749310666361,0.4268851940017141,19.967493106663618,0.1996749310666361,0.4268851940017141,0.0,0.0,1.1102230246251563e-16
trained_support,0.02,0.08,real,100,48,20309663,1,19,0.8429752066115702,279.91610577723696,19.640964279569936,0.901127030113866,0.1983701165482875,0.0179276886871972,0.1999103504209079,0.1984441032550029,0.19917857605939,0.3708896934794785,0.9142616828335012,0.368044379320558,0.3707525143197523,0.3693934730995277,0.9142616828335012,1.0,0.1901722627256222,0.3799114736152192,0.251525233892069,0.735983342513391,0.0,1.0,0.010589886448447,0.0179276886871972,0.0209418556192714,0.0207010655893292,0.0208218086787882,0.9484279711456092,0.9142616828335012,0.9005863046964209,0.901671218672912,0.901127030113866,0.9142616828335012,1.0,0.0221432250719462,0.0846325534634365,0.0293198439470813,0.1169454872660797,0.0,1.0,0.1720797227031575,0.3730552514158818,17.207972270315754,0.1720797227031575,0.3730552514158818,0.0,0.0,5.551115123125783e-17
trained_support,0.02,0.08,real,100,49,20310660,1,14,0.8842975206611571,291.0735980807709,23.176087742393708,0.9042122254158584,0.2093102084428063,0.0165416845551358,0.2096447563161037,0.2102804259120348,0.2099628316781154,0.3511467533393733,0.920619539779709,0.3505598673321572,0.349447434871279,0.3500027881489405,0.920619539779709,1.0,0.1965930782708419,0.3970274411029204,0.2622389596670131,0.7210803060788129,0.0,1.0,0.01148569760956,0.0165416845551358,0.0214297125236278,0.0187580536344902,0.0201382367028464,0.9441894088000764,0.920619539779709,0.8983921955789833,0.9104736975299812,0.9042122254158584,0.920619539779709,1.0,0.0200813382029563,0.0683784313342752,0.0278963648215176,0.1331027072311476,0.0,1.0,0.1797826606632941,0.3825918938392403,17.97826606632941,0.179782660663294,0.3825918938392402,0.0,0.0,1.1102230246251563e-16
wide_ood,0.08,0.16,real,10,0,20260637,1,11,0.9090909090909092,31.935612315618048,21.996702988006646,0.9002966277778055,0.1628506573517161,0.0207848812866623,0.1498930030797365,0.1773042114776508,0.1641717024641784,0.4429699754425514,0.9012934268308664,0.4726193291826315,0.412086888525542,0.4400537007662801,0.9012934268308664,1.0,0.159093731303132,0.2701624394408602,0.2274416065395881,0.4902092140956398,0.0,1.0,0.0030412185110824,0.0207848812866623,0.020097911346599,0.0218768041489117,0.021006196707943,1.0,0.9012934268308664,0.9043945571972918,0.8963861205284597,0.9002966277778055,0.9012934268308664,1.0,0.0224685150143867,0.0341942277209945,0.0296599553726411,0.0634234581006356,0.6121632437159124,1.0,0.13460763942704,0.2624604784881156,1.3460763942704008,0.13460763942704,0.2624604784881156,0.0,0.0,5.551115123125783e-17
wide_ood,0.08,0.16,real,10,1,20261634,1,44,0.6363636363636364,30.265186837122805,0.9152047299357022,0.9133024903525558,0.1365878197612862,0.0178801102513912,0.1275257901314121,0.1472719747638568,0.1377531518686361,0.5051301809810866,0.9144792044097488,0.5285441437567976,0.4788538352184918,0.5021955168381608,0.9144792044097488,1.0,0.1394549113877231,0.262071303280012,0.1916535372656455,0.4423631987920837,0.0,1.0,0.0030455206723339,0.0178801102513912,0.0179589636764425,0.0183145488943425,0.0181376277050644,1.0,0.9144792044097488,0.9141187263897056,0.9124949347756308,0.9133024903525558,0.9144792044097488,1.0,0.0182311028954734,0.0377063471730872,0.0260407784286361,0.0605580217816748,0.5889864960891678,1.0,0.2268739059859227,0.4679644315678115,2.268739059859228,0.2268739059859227,0.4679644315678114,0.0,0.0,5.551115123125783e-17
wide_ood,0.08,0.16,real,10,2,20262631,0,120,0.0,52.16902445519312,-58.54750583060289,0.8920543917977671,0.1657388601944834,0.0227031490418539,0.1673893005826603,0.1671838136914399,0.1672865886883439,0.4366190073117945,0.8926901407074519,0.4330307649056081,0.4334759042706268,0.4332532090706767,0.8926901407074519,0.0,0.1548379317051755,0.3171791054428013,0.2302947245788608,0.5786075103178068,0.0,1.0,0.0025475526993132,0.0227031490418539,0.0235672572442106,0.0221004612696211,0.0228456341818827,1.0,0.8926901407074519,0.8888415563138811,0.895384265119301,0.8920543917977671,0.8926901407074519,0.0,0.0218709025167418,0.0449084493762155,0.0311236243891773,0.0814243876633433,0.5278322415111004,1.0,0.194676766919252,0.4429760961491282,1.9467676691925209,0.194676766919252,0.4429760961491281,0.0,0.0,5.551115123125783e-17
wide_ood,0.08,0.16,real,10,3,20263628,1,107,0.1157024793388429,70.73025748287088,-78.57399327536652,0.900832783836866,0.1475177951127322,0.0202741971227572,0.146702473928168,0.1510743857546478,0.1489044759028233,0.4782656366862928,0.9035977489314448,0.4802193166996097,0.4698358367636841,0.4749610969240467,0.9035977489314448,1.0,0.141037007380781,0.242540013071821,0.2089167236679321,0.4716971276527174,0.0,1.0,0.0050228426108032,0.0202741971227572,0.0195211317375734,0.0221691102531188,0.0208871256247794,1.0,0.9035977489314448,0.9070065033757888,0.895076981760842,0.900832783836866,0.9035977489314448,1.0,0.0190246404100489,0.0402809363605568,0.0278227472037727,0.0662643449726119,0.5710567744657544,1.0,0.185687235201886,0.3572664922671024,1.8568723520188604,0.185687235201886,0.3572664922671024,0.0,0.0,1.1102230246251563e-16
wide_ood,0.08,0.16,real,10,4,20264625,0,120,0.0,43.25449591676746,-91.58587468358986,0.8794939488192142,0.1289228532532068,0.0256257010973414,0.1347593129504901,0.1280448549082244,0.13144496432986,0.5248649611854554,0.8797403204224146,0.5097695262330899,0.5271741790367771,0.5182876812630938,0.8797403204224146,0.0,0.1203538598252021,0.2504180957245266,0.1889975471709734,0.460069552367501,0.0,1.0,0.0016953273661947,0.0256257010973414,0.0267505064788305,0.0245664768809806,0.0256817190158457,1.0,0.8797403204224146,0.8748065240949708,0.884411891363226,0.8794939488192142,0.8797403204224146,0.0,0.0241703557485524,0.0407605367005207,0.0336788986174635,0.0707088606821994,0.5708989290105335,1.0,0.1401139853578596,0.3508212002496428,1.4011398535785968,0.1401139853578596,0.3508212002496428,0.0,0.0,1.1102230246251563e-16
wide_ood,0.08,0.16,real,10,5,20265622,1,110,0.0909090909090909,29.53859960453276,-39.48768240023355,0.9008775498737328,0.182371542391783,0.020061418237963,0.1827238196386487,0.1842164099335761,0.1834716326195317,0.4017771441134001,0.9045595930976442,0.4010700822697939,0.3980880569036603,0.3995732553114209,0.9045595930976442,1.0,0.1713199431126206,0.3154123035965755,0.249518879245829,0.5810340175142406,0.0,1.0,0.0057789651169061,0.020061418237963,0.0186462073959219,0.0228917633403383,0.0208771870600638,1.0,0.9045595930976442,0.9109830052190018,0.8918486669315157,0.9008775498737328,0.9045595930976442,1.0,0.0213554902740489,0.0488383519716505,0.0298705615313466,0.0769134045261663,0.5588337768259153,1.0,0.227555038855963,0.4898050659352592,2.27555038855963,0.227555038855963,0.4898050659352592,0.0,0.0,5.551115123125783e-17
wide_ood,0.08,0.16,real,10,6,20266619,1,5,0.9586776859504132,15.925464649575716,21.02043106572995,0.9085174465296982,0.1100739113500426,0.0180230266232624,0.1100582169485667,0.1130016804265403,0.1115396586356613,0.5767366340763237,0.9138259675829092,0.576781893533506,0.5683553713402268,0.57252533390045,0.9138259675829092,1.0,0.1111798635038334,0.196135516289117,0.1618841395684365,0.3744418891489475,0.0,1.0,0.0065847529157828,0.0180230266232624,0.0195396724992249,0.0188302447640096,0.0191882375330497,1.0,0.9138259675829092,0.9069224243160964,0.9101451162120784,0.9085174465296982,0.9138259675829092,1.0,0.0213629329903591,0.032330440627722,0.0304711688842072,0.0574114717501123,0.5994956855739715,1.0,0.0910534363976256,0.188952679817026,0.9105343639762564,0.0910534363976256,0.188952679817026,0.0,0.0,2.775557561562892e-17
wide_ood,0.08,0.16,real,10,7,20267616,0,120,0.0,56.18846353457792,-57.76271400478877,0.8957925312933472,0.1971187803775897,0.0218472920780301,0.189545189803803,0.2067337817571736,0.1983257868979503,0.3732175065213528,0.8965184013415535,0.3876214929951547,0.3556995344750341,0.3709719096428044,0.8965184013415535,0.0,0.205782585773517,0.2819891042337822,0.2717064723090591,0.5405144483583909,0.0,1.0,0.0026654476218582,0.0218472920780301,0.0230527733745125,0.0209138041512924,0.022009288542968,1.0,0.8965184013415535,0.8911309729384087,0.9007126273944994,0.8957925312933472,0.8965184013415535,0.0,0.0191276554737135,0.0428836404044319,0.0297811201140417,0.0771815191374475,0.5214903991543515,1.0,0.2040802217415031,0.3986800957731082,2.040802217415031,0.204080221741503,0.3986800957731082,0.0,0.0,1.1102230246251563e-16
wide_ood,0.08,0.16,real,10,8,20268613,0,120,0.0,17.541367016205598,-46.83511765766147,0.8970041003503042,0.1435356399287881,0.0215238322043459,0.1560144226180051,0.1333829468118978,0.1451404674187304,0.4878837105186879,0.8979695131105935,0.4583729554231571,0.5132897727823224,0.4839845292704379,0.8979695131105935,0.0,0.1414774166575286,0.2448491521425276,0.208086028892449,0.4602637937589801,0.0,1.0,0.0030508075912582,0.0215238322043459,0.0214902577068359,0.0219848671393123,0.0217389691503465,1.0,0.8979695131105935,0.8981202701401281,0.8959019205268005,0.8970041003503042,0.8979695131105935,0.0,0.0209865725879112,0.0347091188644568,0.0301036061900014,0.0651498261277135,0.578801797230927,1.0,0.2337818211755185,0.4358260651405916,2.337818211755186,0.2337818211755185,0.4358260651405916,0.0,0.0,5.551115123125783e-17
wide_ood,0.08,0.16,real,10,9,20269610,0,120,0.0,42.80354977861601,-61.20241996120359,0.8957599968177278,0.1252351152499354,0.0218193321141088,0.1216293787051543,0.1323862867782721,0.1271216635572803,0.5346325576115305,0.8966437432135161,0.5443586895987235,0.5158540337277453,0.5296132171659541,0.8966437432135161,0.0,0.1280617893645975,0.2164252728290182,0.1804923409761766,0.3611372071799034,0.0,1.0,0.0029402943404661,0.0218193321141088,0.0230830389444104,0.0208957048820935,0.022016552516558,1.0,0.8966437432135161,0.8909961302076483,0.9007941422844138,0.8957599968177278,0.8966437432135161,0.0,0.0207747934291326,0.0468028036458538,0.03001252356809,0.0767600412458828,0.5588149734154115,1.0,0.1136981064065899,0.2604293298195778,1.1369810640659,0.1136981064065899,0.2604293298195778,0.0,0.0,1.1102230246251563e-16
wide_ood,0.08,0.16,real,10,10,20270607,1,17,0.859504132231405,20.36935407740189,18.727147336842023,0.900771897013449,0.1832987371101541,0.0149360923451414,0.178187372286336,0.1894526012466724,0.1839062638430784,0.3999188267668355,0.9280399832496948,0.4102712053778228,0.3878009811120598,0.3987058630778901,0.9280399832496948,1.0,0.1739079675288808,0.3456431668172211,0.2414856320237893,0.5371647226444664,0.0,1.0,0.014620193711926,0.0149360923451414,0.0186777185461828,0.0229088774789,0.0209006439785198,0.929506974307272,0.9280399832496948,0.9108394859136318,0.891772354088324,0.900771897013449,0.9280399832496948,1.0,0.0227834506688201,0.0505647004646551,0.032309929813014,0.0743696620280428,0.5509690341386019,1.0,0.1662739816040204,0.2519756423212493,1.662739816040204,0.1662739816040204,0.2519756423212493,0.0,0.0,1.1102230246251563e-16
wide_ood,0.08,0.16,real,10,11,20271604,0,120,0.0,17.730708259906855,-48.81033791237747,0.8820468063652216,0.1636596033212443,0.0247729354798813,0.1666219498855171,0.1644185330170022,0.1655239079153142,0.4411819001397617,0.8834993902288126,0.4346953885355076,0.4395109422674604,0.4370885208278518,0.8834993902288126,0.0,0.1543109124943476,0.3433112260693144,0.2361479800730977,0.6107710783540916,0.0,1.0,0.0040513747659728,0.0247729354798813,0.0236128218714978,0.0265077079890805,0.0251020311884262,1.0,0.8834993902288126,0.8886390807079168,0.8758691775054376,0.8820468063652216,0.8834993902288126,0.0,0.0241765909814778,0.0479130779318266,0.0352835159918304,0.0838228709336402,0.5122813300001859,1.0,0.2056638688320967,0.4664629628578534,2.056638688320967,0.2056638688320967,0.4664629628578534,0.0,0.0,5.551115123125783e-17
wide_ood,0.08,0.16,real,10,12,20272601,1,112,0.0743801652892562,37.184866283434616,-66.4926987550516,0.9005055566806911,0.1513530858899261,0.020799363232847,0.1608151957514603,0.1442886449240204,0.1527755547176814,0.4691815761695238,0.9012281667791066,0.4475012362248992,0.4860502698039787,0.4658564341304477,0.9012281667791066,1.0,0.1567467088116867,0.2258596512289579,0.2153572479024755,0.4249186903606268,0.0,1.0,0.0025882877219945,0.020799363232847,0.0213707164139427,0.0205406418692871,0.0209597887447306,1.0,0.9012281667791066,0.8986572428915152,0.9023947560712932,0.9005055566806911,0.9012281667791066,1.0,0.019784245868531,0.0348197732152523,0.0286222027599649,0.0635934215460987,0.6014966611286556,1.0,0.2280448940687759,0.4197155902913964,2.2804489406877595,0.2280448940687759,0.4197155902913964,0.0,0.0,1.1102230246251563e-16
wide_ood,0.08,0.16,real,10,13,20273598,1,9,0.9256198347107438,16.113515774170295,23.632482668093797,0.915842501982554,0.1584369496948175,0.0117847250147548,0.1598238928462582,0.1579196530518316,0.1588746259547809,0.4528543408992047,0.942778771066582,0.4497247885852699,0.4540271571316636,0.451864406500071,0.942778771066582,1.0,0.1376807246061044,0.3507641408267615,0.2044687946819663,0.5422262053125176,0.0,1.0,0.013048107142748,0.0117847250147548,0.0220215751119007,0.0115462512078577,0.0175821740317294,0.9368420922922612,0.942778771066582,0.8957375019002451,0.9439035817410146,0.915842501982554,0.942778771066582,1.0,0.0162528882609706,0.05015384804893,0.0251699179195245,0.0864751878180885,0.5682868530516823,1.0,0.1328698631377908,0.2996998805099979,1.3286986313779088,0.1328698631377908,0.2996998805099979,0.0,0.0,1.1102230246251563e-16
wide_ood,0.08,0.16,real,10,14,20274595,1,6,0.950413223140496,23.474420261041296,22.80729614587154,0.9074383161229602,0.1386759633715626,0.0184284635415404,0.1443095069551494,0.1353367221910867,0.1398950716985157,0.4998836953799287,0.9119753500676252,0.4859995724688535,0.5082999204885924,0.4968459014079397,0.9119753500676252,1.0,0.1296715187492033,0.2943074868106611,0.1883585816145194,0.4696557104859803,0.0,1.0,0.0061448165516328,0.0184284635415404,0.0220665836830358,0.016364594784772,0.0194259372735295,1.0,0.9119753500676252,0.8955359452551741,0.9214350622926232,0.9074383161229602,0.9119753500676252,1.0,0.0189543677176564,0.0384626532871952,0.0293542046382596,0.0689455909688246,0.6199936802860148,1.0,0.1110979357341783,0.2855176152799369,1.110979357341783,0.1110979357341782,0.2855176152799369,0.0,0.0,5.551115123125783e-17
wide_ood,0.08,0.16,real,10,15,20275592,1,15,0.8760330578512396,24.28991683687044,20.11822008583447,0.904723011801684,0.1619796812949997,0.0167463119013879,0.1586485026247955,0.1669322163165839,0.1628430413457334,0.4449032632178361,0.9196781018050556,0.4523755808382254,0.4340215544069118,0.4429868440736439,0.9196781018050556,1.0,0.1419029688280773,0.3020540392795892,0.2214180483802278,0.5232392612885031,0.0,1.0,0.0109805850821048,0.0167463119013879,0.0202397224714682,0.0198085349373891,0.0200252892873963,0.9465770320704008,0.9196781018050556,0.9037535184428076,0.9057040565617556,0.904723011801684,0.9196781018050556,1.0,0.0216443696562897,0.0391965118904643,0.0310098638557718,0.059882660883677,0.6387639293542363,1.0,0.133244264950652,0.3335359460870066,1.3324426495065202,0.133244264950652,0.3335359460870066,0.0,0.0,5.551115123125783e-17
wide_ood,0.08,0.16,real,10,16,20276589,1,6,0.950413223140496,19.45180191383939,26.737066756166072,0.900961696001398,0.1633562872148974,0.0203938224034374,0.1681735116371869,0.1609970158522666,0.164624374151761,0.441851495639877,0.903057444860928,0.4313361518485704,0.4470945974912371,0.439058827811275,0.903057444860928,1.0,0.1644543073545875,0.2983225558876426,0.2264671470896463,0.4962835652917732,0.0,1.0,0.004378278471725,0.0203938224034374,0.0212926901532278,0.0204150918498171,0.0208585070079073,1.0,0.903057444860928,0.8990079056109553,0.9029614123079104,0.900961696001398,0.903057444860928,1.0,0.0203196570865136,0.0399705438811697,0.0306074247336012,0.0689352876440801,0.5457917099330802,1.0,0.1386133737333317,0.3252286879310826,1.3861337373333176,0.1386133737333317,0.3252286879310826,0.0,0.0,5.551115123125783e-17
wide_ood,0.08,0.16,real,10,17,20277586,0,120,0.0,27.49438027766668,-77.78852283755907,0.8980581643746669,0.1556008508056714,0.0214344984991844,0.137238194578683,0.17466483029936,0.157070247015023,0.4593217867793082,0.8983706974207669,0.503490229138615,0.4175612029692269,0.4559595246794766,0.8983706974207669,0.0,0.1542017259457948,0.2779690486668102,0.2236283487829983,0.5129784684275955,0.0,1.0,0.0017286092473059,0.0214344984991844,0.0212927002839268,0.0217134185770386,0.0215040883517858,1.0,0.8983706974207669,0.8990078600730641,0.8971187025156433,0.8980581643746669,0.8983706974207669,0.0,0.0210559908312481,0.0362195308829466,0.0288160824669389,0.0622837855613711,0.578708737964924,1.0,0.1813612481953191,0.4103045026139838,1.813612481953191,0.181361248195319,0.4103045026139837,0.0,0.0,5.551115123125783e-17
wide_ood,0.08,0.16,real,10,18,20278583,1,9,0.9256198347107438,22.536082881488444,21.906179343098483,0.908952933059678,0.1379231186331535,0.0162666466622107,0.1417879465301491,0.135907906734744,0.1388790497055915,0.5017689153982412,0.9218864369839288,0.4921657481937305,0.506850326147947,0.4993763552724506,0.9218864369839288,1.0,0.1353214301394655,0.2512393124984542,0.1923957485968818,0.4459376837624809,0.0,1.0,0.0099957829362376,0.0162666466622107,0.0218843345710643,0.0158150194645755,0.0190923929914925,1.0,0.9218864369839288,0.8963523703343502,0.9239705341260752,0.908952933059678,0.9218864369839288,1.0,0.0203594356503348,0.0358653590422129,0.0319866803126801,0.0701551593033364,0.6016382171446087,1.0,0.1209040084735939,0.3308030478253103,1.209040084735939,0.1209040084735939,0.3308030478253103,0.0,0.0,5.551115123125783e-17
wide_ood,0.08,0.16,real,10,19,20279580,1,6,0.950413223140496,23.131010609872227,23.91824015570337,0.9113898320696192,0.144522232523184,0.0184002503659309,0.1463895638937991,0.1449847764319127,0.1456888633596069,0.4854829246024977,0.9121040077455308,0.480971231965275,0.4843614360987274,0.4826592712595517,0.9121040077455308,1.0,0.1236055999678691,0.3601041100544144,0.1950105298650608,0.5481875482487122,0.0,1.0,0.0024061887322562,0.0184002503659309,0.0187302134715328,0.018381975378048,0.0185569113201571,1.0,0.9121040077455308,0.910600445031993,0.9121873550018452,0.9113898320696192,0.9121040077455308,1.0,0.0176231606583899,0.035720746679169,0.025360278166632,0.0582121179793022,0.6433875915327698,1.0,0.1126416144171553,0.3159301596358513,1.1264161441715534,0.1126416144171553,0.3159301596358513,0.0,0.0,1.1102230246251563e-16
wide_ood,0.08,0.16,real,10,20,20280577,1,8,0.9338842975206612,28.761783635767795,25.752093042647257,0.9067408862285368,0.1803611629133605,0.015797393505994,0.1798631053920004,0.1822324800271128,0.1810516686723516,0.4058361328327411,0.9240519670461804,0.4068480409729282,0.4020566016558622,0.404437387891111,0.9240519670461804,1.0,0.1690234529127751,0.3093091528182566,0.2417706449159596,0.5336202577204365,0.0,1.0,0.011567515592326,0.015797393505994,0.0213813463215219,0.0175945487752031,0.0195797103799298,0.9438032294326189,0.9240519670461804,0.8986094809436025,0.9157858371554825,0.9067408862285368,0.9240519670461804,1.0,0.0180395656123379,0.0448925931878153,0.0299907949622928,0.0854130096467833,0.4460368265666294,1.0,0.1669269789135209,0.3027226398225446,1.6692697891352093,0.1669269789135209,0.3027226398225446,0.0,0.0,0.0
wide_ood,0.08,0.16,real,10,21,20281574,0,120,0.0,38.60719013563361,-88.23934489849073,0.8733580706836751,0.1491702738642822,0.0269998896287617,0.1350196732022544,0.1665269261644404,0.1515940785278577,0.4743302977230712,0.8737163938537028,0.509106339384526,0.4349019694736126,0.4686165701150854,0.8737163938537028,0.0,0.1440664640568945,0.281537746994119,0.2207199316475566,0.5554884503657147,0.0,1.0,0.0021063831938823,0.0269998896287617,0.0276785962848439,0.0264718168615264,0.027081929217188,1.0,0.8737163938537028,0.8707564333962717,0.8760263712715223,0.8733580706836751,0.8737163938537028,0.0,0.0259775028607986,0.0450214967012231,0.0364722912543341,0.079946203941199,0.4965452637155982,1.0,0.1677358531748835,0.4102010126917267,1.6773585317488355,0.1677358531748835,0.4102010126917266,0.0,0.0,5.551115123125783e-17
wide_ood,0.08,0.16,real,10,22,20282571,0,120,0.0,89.38910783889922,-51.84406265206447,0.884949462223778,0.1688020263568886,0.0243160990123368,0.1719186978404233,0.1691589633439275,0.1705444129057574,0.4299827739043906,0.8855197705113976,0.4233341372421888,0.4292160744873612,0.4262530629819644,0.8855197705113976,0.0,0.1652462661439633,0.2982220778003822,0.2445901738678979,0.5918624084593795,0.0,1.0,0.0025065545703991,0.0243160990123368,0.0256767711995195,0.0231476649956715,0.0244449480873279,1.0,0.8855197705113976,0.879515706960945,0.8907082689105789,0.884949462223778,0.8855197705113976,0.0,0.0243904280189872,0.0409682300053283,0.0332752857630544,0.0748819615515195,0.5294577334475488,1.0,0.1899172903817652,0.440896821472586,1.899172903817652,0.1899172903817651,0.440896821472586,0.0,0.0,5.551115123125783e-17
wide_ood,0.08,0.16,real,10,23,20283568,0,120,0.0,85.04029656191523,-61.47987202987256,0.8739920927117493,0.1950361833636384,0.0269150004869262,0.2005977362573817,0.1930999957352303,0.1968845602688693,0.3771241192952532,0.8740873177410696,0.3667816081234913,0.3807927638743983,0.3736548377755741,0.8740873177410696,0.0,0.2046850099176172,0.3467312669645245,0.2779639486778797,0.6001979630829775,0.0,1.0,0.0010832408988093,0.0269150004869262,0.0269101999224271,0.0269633540986129,0.0269367901216179,1.0,0.8740873177410696,0.8741082985556013,0.8738760168912851,0.8739920927117493,0.8740873177410696,0.0,0.0262682412354746,0.0420219717211117,0.0347423841500281,0.0743647949892068,0.5325591332009271,1.0,0.1997688348154042,0.3730618680569137,1.9976883481540424,0.1997688348154042,0.3730618680569137,0.0,0.0,5.551115123125783e-17
wide_ood,0.08,0.16,real,10,24,20284565,1,13,0.8925619834710744,23.556862706461487,19.609223923146157,0.9074943207416544,0.1584890796025275,0.0156795895957024,0.1643881102407403,0.153966960669392,0.1592627950374661,0.4527363200059329,0.9245964120499692,0.4395778030678658,0.4630895628385728,0.4509882580486054,0.9245964120499692,1.0,0.1532340042827101,0.2698155199237615,0.2193216527022047,0.5199873940723512,0.0,1.0,0.0114471878582465,0.0156795895957024,0.0212782751082837,0.0173496480632745,0.0194135941997263,0.9443712288007504,0.9245964120499692,0.8990727041429342,0.9169079070220192,0.9074943207416544,0.9245964120499692,1.0,0.0200781375629283,0.0424908891518802,0.0302332507292474,0.0840467127046165,0.5396282886392728,1.0,0.1403455141433566,0.2429573261285471,1.4034551414335668,0.1403455141433566,0.2429573261285471,0.0,0.0,5.551115123125783e-17
wide_ood,0.08,0.16,real,10,25,20285562,0,120,0.0,69.07688431018897,-57.34885099831113,0.8822621739111609,0.1722687926547348,0.0249975415824713,0.1702284620858003,0.1778344699760934,0.1740730134394398,0.4225937500147187,0.8825077503805376,0.426926970169426,0.4109957727245735,0.4187986316940824,0.8825077503805376,0.0,0.1701891411150956,0.3618055119575996,0.2407903079929371,0.5496740827557098,0.0,1.0,0.0016691086182818,0.0249975415824713,0.0253374988567405,0.0247656449376689,0.0250532035625587,1.0,0.8825077503805376,0.8810089499150063,0.8835315967638123,0.8822621739111609,0.8825077503805376,0.0,0.0229777624105421,0.0390523443763244,0.033689457672571,0.0775395778636683,0.5254306153345939,1.0,0.2230800471850584,0.39778736454805,2.230800471850584,0.2230800471850583,0.3977873645480499,0.0,0.0,5.551115123125783e-17
wide_ood,0.08,0.16,real,10,26,20286559,0,120,0.0,32.8102233141977,-73.13667768843241,0.8979815428142448,0.1237743302949093,0.0214522794373012,0.1165260377400375,0.1340979224098049,0.1256196048911528,0.5385517689839128,0.8982908316021587,0.5584276631699815,0.5114581004246398,0.5336057415268471,0.8982908316021587,0.0,0.1271713427966929,0.2213499690128756,0.1829439184541592,0.4225728237309836,0.0,1.0,0.0017203864451699,0.0214522794373012,0.0210447494497593,0.0219872364282193,0.0215211529100273,1.0,0.8982908316021587,0.9001230999860294,0.8958913073372546,0.8979815428142448,0.8982908316021587,0.0,0.0202417972370784,0.0323211157567977,0.029139627520581,0.063766826635528,0.5918241974412887,1.0,0.1883869207494863,0.3748370314609294,1.8838692074948635,0.1883869207494863,0.3748370314609294,0.0,0.0,5.551115123125783e-17
wide_ood,0.08,0.16,real,10,27,20287556,0,120,0.0,31.625453526330936,-57.77109598416856,0.8994209552137093,0.1805694988941696,0.0211634769297176,0.1840153333535422,0.179568456205641,0.1818054913544864,0.4054136015981888,0.899588911822185,0.3984884890889392,0.4074478699334475,0.4029158866652009,0.899588911822185,0.0,0.1705652270912086,0.3095172833495951,0.2464698978936909,0.515902113287199,0.0,1.0,0.0012578005475705,0.0211634769297176,0.0218101713491384,0.0205734309648522,0.0212008211626852,1.0,0.899588911822185,0.896684813867074,0.9022468246584964,0.8994209552137093,0.899588911822185,0.0,0.017329647899513,0.0456094875582888,0.0275530654289743,0.073713807029919,0.5311444190504478,1.0,0.1594165258919463,0.4176410223812697,1.594165258919463,0.1594165258919462,0.4176410223812696,0.0,0.0,1.1102230246251563e-16
wide_ood,0.08,0.16,real,10,28,20288553,0,120,0.0,46.62151666306192,-62.06873985715204,0.8825680404300342,0.2071143713594538,0.0248992807115694,0.2156751943052705,0.2012880636514106,0.2086056974379541,0.3550233003764805,0.8829414368084798,0.3401474865268891,0.3655177935342388,0.3523858682435321,0.8829414368084798,0.0,0.2243049864307086,0.295432629288155,0.2831108493263318,0.5529895767552102,0.0,1.0,0.0020542675179951,0.0248992807115694,0.0256316208739481,0.0243188898050925,0.0249838787018554,1.0,0.8829414368084798,0.8797142814769343,0.8855074140868056,0.8825680404300342,0.8829414368084798,0.0,0.0235910187425041,0.0423446484349527,0.0340073399915506,0.0763025984116816,0.5191555537140745,1.0,0.2065422375252431,0.4337624394504883,2.065422375252432,0.2065422375252431,0.4337624394504882,0.0,0.0,1.1102230246251563e-16
wide_ood,0.08,0.16,real,10,29,20289550,0,120,0.0,56.504341056072384,-54.60359734877765,0.8982241371560805,0.1662927689131356,0.0213903642318566,0.1589810570760176,0.1759167099525515,0.1676628541889021,0.435411444907629,0.8985689639584302,0.4516240082932171,0.4149556840966149,0.4324388841389095,0.8985689639584302,0.0,0.1470723164573145,0.3035638776978395,0.2293091791214861,0.5698244948583024,0.0,1.0,0.0018138227867277,0.0213903642318566,0.0222248557567246,0.0206816599125668,0.0214671291763278,1.0,0.8985689639584302,0.8948275339408717,0.901758710618522,0.8982241371560805,0.8985689639584302,0.0,0.0202774276791965,0.0369434979000705,0.0288670538814244,0.0674384028666033,0.6025867025558501,1.0,0.2270501429926186,0.4332898879448883,2.2705014299261865,0.2270501429926186,0.4332898879448883,0.0,0.0,5.551115123125783e-17
wide_ood,0.08,0.16,real,10,30,20290547,0,120,0.0,67.79342444001072,-58.98855448149048,0.8898585190714298,0.1850184689459166,0.023101099487316,0.1802850138251895,0.1924273969248642,0.1864550740758052,0.3964948031789956,0.8909156744711967,0.4059906825102269,0.3820755234216802,0.3936569751353737,0.8909156744711967,0.0,0.1863246042101415,0.3166777539050928,0.2567775959620364,0.5342451794782559,0.0,1.0,0.0033207755326363,0.023101099487316,0.0252189298566911,0.0212927751175218,0.0233385592456139,1.0,0.8909156744711967,0.8815314065187269,0.8990075236931766,0.8898585190714298,0.8909156744711967,0.0,0.0220809438010016,0.045988284166583,0.0324667451646521,0.0783033038369515,0.5291588571782156,1.0,0.2418820743765377,0.4264939499706509,2.418820743765377,0.2418820743765377,0.4264939499706509,0.0,0.0,5.551115123125783e-17
wide_ood,0.08,0.16,real,10,31,20291544,1,6,0.950413223140496,20.03767252987193,22.860765387820383,0.9127218210345058,0.1315799464023163,0.0151512001471657,0.1330900427415656,0.1318056252415656,0.1324493909428651,0.5179380015508708,0.927042376623347,0.5140420468267278,0.5173538929302712,0.5156912967133023,0.927042376623347,1.0,0.1278670967311954,0.2835371306853722,0.1820399451633509,0.4759621619280798,0.0,1.0,0.0102002457831263,0.0151512001471657,0.0146412048758124,0.0212801052548104,0.0182648263045577,0.9502775027208318,0.927042376623347,0.9294093293195952,0.8990644770066424,0.9127218210345058,0.927042376623347,1.0,0.0191815446963823,0.0445429094176038,0.0303602037392687,0.0721073356113733,0.6213145189743308,1.0,0.1135603015119212,0.2266990468351652,1.1356030151192122,0.1135603015119211,0.2266990468351652,0.0,0.0,1.1102230246251563e-16
wide_ood,0.08,0.16,real,10,32,20292541,0,120,0.0,26.06886913751781,-57.74554351826836,0.8982526620341325,0.1222250298997887,0.0212832141954912,0.1303498075071237,0.1174427263130697,0.1240642298992558,0.5427398619180673,0.8990505014246298,0.5211334971403649,0.5558739986398545,0.5377717047475328,0.8990505014246298,0.0,0.1274145024159517,0.2115185572742902,0.179699542575148,0.3845652618558943,0.0,1.0,0.0027549556892248,0.0212832141954912,0.0214587360533818,0.0214628195182458,0.0214607778829368,1.0,0.8990505014246298,0.8982618324751097,0.8982434925591783,0.8982526620341325,0.8990505014246298,0.0,0.0214626821081224,0.0365795348452988,0.0296091521425029,0.0651117202772906,0.5915578489202395,1.0,0.2437462040029373,0.4296649394597947,2.4374620400293736,0.2437462040029373,0.4296649394597947,0.0,0.0,1.1102230246251563e-16
wide_ood,0.08,0.16,real,10,33,20293538,0,120,0.0,38.99744788380181,-68.434785572673,0.868574128188539,0.1417067590370333,0.0280874946071411,0.1345687690708514,0.1537227120855207,0.1444635348802112,0.4923655772665067,0.868977997790365,0.5102554249751655,0.4636554531626607,0.4856254290300484,0.868977997790365,0.0,0.1497330016085133,0.2517652402257698,0.2117797095285621,0.4252106327368568,0.0,1.0,0.002287242754624,0.0280874946071411,0.0293678999643862,0.0269407519778369,0.0281804689940526,1.0,0.868977997790365,0.8634325473733744,0.8739747797281894,0.868574128188539,0.868977997790365,0.0,0.0275350524459275,0.0418104882654889,0.0371474138141983,0.0784974972140291,0.5257204483289991,1.0,0.1392272825031653,0.2985180447731458,1.3922728250316534,0.1392272825031653,0.2985180447731458,0.0,0.0,5.551115123125783e-17
wide_ood,0.08,0.16,real,10,34,20294535,0,120,0.0,24.32052222760323,-62.223395714142825,0.8822278859279303,0.1929835413916045,0.0248667846317759,0.1896355792070909,0.1993999888433489,0.1945790436454251,0.3810145532958581,0.8830849091408027,0.387446348198953,0.368984757192312,0.3779870972414083,0.8830849091408027,0.0,0.202846795959194,0.3114169629042412,0.2603503233470196,0.516521940931609,0.0,1.0,0.0031137699027626,0.0248667846317759,0.0254884607221685,0.0246260726035523,0.0250609764560457,1.0,0.8830849091408027,0.8803442070509346,0.8841483947947627,0.8822278859279303,0.8830849091408027,0.0,0.0253248075586156,0.035803230074337,0.0348778508786609,0.0677550278981259,0.5590469261226726,1.0,0.164513705033311,0.3887399350307083,1.64513705033311,0.1645137050333109,0.3887399350307083,0.0,0.0,1.1102230246251563e-16
wide_ood,0.08,0.16,real,10,35,20295532,0,120,0.0,19.488266542229518,-60.81137168396871,0.8966545230930377,0.1242286688013927,0.0216063219565311,0.1201536953891643,0.1317660050454545,0.1260935973816887,0.5373297335219435,0.8975992230656463,0.5483900490148126,0.5174563913959432,0.532342613329315,0.8975992230656463,0.0,0.1187446217773415,0.2671425472470441,0.1766661035677013,0.4994091656407243,0.0,1.0,0.0030241003379785,0.0216063219565311,0.0214800059574265,0.0221487247207554,0.0218169276329972,1.0,0.8975992230656463,0.8981663078397807,0.8951682195144854,0.8966545230930377,0.8975992230656463,0.0,0.0217596406826342,0.0365510004022899,0.0310995765538961,0.0650388226156172,0.5864544768282803,1.0,0.2529730108397172,0.4856841423355692,2.529730108397172,0.2529730108397172,0.4856841423355692,0.0,0.0,5.551115123125783e-17
wide_ood,0.08,0.16,real,10,36,20296529,0,120,0.0,18.22295371493486,-70.58087589008213,0.8638557873283198,0.1582330721599503,0.0290476029507708,0.1552657798394306,0.1662993515789428,0.1608771840950782,0.4533162104046314,0.8648164295428231,0.4600919587293708,0.4353971143033121,0.4473625584150259,0.8648164295428231,0.0,0.1488633562175826,0.3563055670954536,0.2308846645701006,0.5431205453067425,0.0,1.0,0.0036004264099515,0.0290476029507708,0.0306238880743122,0.0278501363416808,0.029269887384804,1.0,0.8648164295428231,0.8580272325993693,0.8700099055502303,0.8638557873283198,0.8648164295428231,0.0,0.0297055565993427,0.0441576272600642,0.0398986833695924,0.0792735097985123,0.5022741983673268,1.0,0.2276231953359191,0.4195086595365291,2.2762319533591917,0.2276231953359191,0.419508659536529,0.0,0.0,5.551115123125783e-17
wide_ood,0.08,0.16,real,10,37,20297526,1,9,0.9256198347107438,30.827522961058182,24.2032658003419,0.905177835886317,0.1730748786452793,0.0184090734473434,0.182532994768555,0.1651342515269269,0.174051163751547,0.42089394328383,0.9120637707934868,0.4014529356173383,0.4379409225898595,0.4188443872903629,0.9120637707934868,1.0,0.1704746795987755,0.337983740875284,0.238908010972338,0.5480648298095956,0.0,1.0,0.0076224983500056,0.0184090734473434,0.0221265904254485,0.0174472613528741,0.0199247701689511,1.0,0.9120637707934868,0.8952672945853768,0.9164605042267254,0.905177835886317,0.9120637707934868,1.0,0.0203684019268512,0.0499658197064225,0.031651841745456,0.0834962610251887,0.5632350988322098,1.0,0.1685047388712972,0.2855675114456744,1.685047388712972,0.1685047388712971,0.2855675114456744,0.0,0.0,5.551115123125783e-17
wide_ood,0.08,0.16,real,10,38,20298523,1,5,0.9586776859504132,12.31789993241332,23.5891488560884,0.9295595284148106,0.1181921661826109,0.0120871779465078,0.120145475250568,0.1174565486131449,0.1188086192902201,0.5537949257378307,0.941354117548156,0.5484125886890463,0.555835582681296,0.5520906106482182,0.941354117548156,1.0,0.1030124396531097,0.2321877178597771,0.1605468378612969,0.4574262009986428,0.0,1.0,0.0082048572038937,0.0120871779465078,0.0149113814499726,0.0142999932918543,0.0146088860782344,1.0,0.941354117548156,0.9281546538272736,0.9309963088211556,0.9295595284148106,0.941354117548156,1.0,0.0155782219590876,0.0309596117246078,0.0237032990912347,0.0462337662533068,0.7197427517914967,1.0,0.1015649900928091,0.271486815739233,1.015649900928091,0.101564990092809,0.271486815739233,0.0,0.0,5.551115123125783e-17
wide_ood,0.08,0.16,real,10,39,20299520,0,120,0.0,18.488987235512656,-53.611354924405816,0.8965939162519757,0.1844711398911317,0.0215690951074989,0.178937518258353,0.1922784938377696,0.1857278312921621,0.3975813548834252,0.8977663125695455,0.408735271154879,0.3823600904655175,0.3950910017410506,0.8977663125695455,0.0,0.1903700022990988,0.264306998400602,0.2561988888499375,0.5061652305225348,0.0,1.0,0.0033678675497795,0.0215690951074989,0.0218310937728362,0.0218297992629346,0.0218304465274807,1.0,0.8977663125695455,0.8965910146754305,0.8965968179239421,0.8965939162519757,0.8977663125695455,0.0,0.0224877970587315,0.0368819717250124,0.0309256028592934,0.0648380531488111,0.593609451033233,1.0,0.2448407449705858,0.4771659663392371,2.4484074497058583,0.2448407449705857,0.4771659663392371,0.0,0.0,1.1102230246251563e-16
wide_ood,0.08,0.16,real,10,40,20300517,1,11,0.9090909090909092,22.29455189818225,18.82459756056302,0.9014297298015396,0.1388987220563074,0.0171036706258372,0.1410744456016423,0.1388120379278908,0.1399478136226231,0.4993272381541125,0.918036294060841,0.4939246874317423,0.4995437037932323,0.496714895638314,0.918036294060841,1.0,0.1336316598624131,0.2586708851627184,0.1922995756205129,0.4918367018196529,0.0,1.0,0.0117566759146126,0.0171036706258372,0.022766076987863,0.0185260814383239,0.0207546374923379,0.9429110008194872,0.918036294060841,0.8924093091052719,0.91153033310255,0.9014297298015396,0.918036294060841,1.0,0.0237867799253819,0.0380530743460495,0.0330434712594731,0.0678124067636619,0.5213963186446573,1.0,0.12046547571088,0.2594823003912401,1.2046547571088009,0.12046547571088,0.2594823003912401,0.0,0.0,5.551115123125783e-17
wide_ood,0.08,0.16,real,10,41,20301514,1,59,0.512396694214876,34.655176138590335,-8.693910101250694,0.9000602907734678,0.1482028755125269,0.0209753838479018,0.1477129751055133,0.1516212223304334,0.1496798551500781,0.4766301872533379,0.9004353420329251,0.4777991249401364,0.4685529742524522,0.4731232868364174,0.9004353420329251,1.0,0.14223554037147,0.2257213735676154,0.2066351297422829,0.4416058274680614,0.0,1.0,0.0018714580603046,0.0209753838479018,0.0202173388006569,0.0218677245614638,0.0210587056306483,1.0,0.9004353420329251,0.9038546707093562,0.8964268155330294,0.9000602907734678,0.9004353420329251,1.0,0.0179723593908452,0.0428468910335313,0.0277375162615244,0.071379711157926,0.5506156764548548,1.0,0.2591853674833079,0.4828416775072045,2.591853674833079,0.2591853674833078,0.4828416775072045,0.0,0.0,1.1102230246251563e-16
wide_ood,0.08,0.16,real,10,42,20302511,0,120,0.0,40.83546767674745,-65.36725235954921,0.8912842702748279,0.1635678429184749,0.0229321770674114,0.1732187877572234,0.1567032211922461,0.1651675633472081,0.4413843617253586,0.8916684704950733,0.4205911998477365,0.4567970375150219,0.4378679856176508,0.8916684704950733,0.0,0.1681485284696842,0.2963577905308078,0.2318935081951114,0.512404274789456,0.0,1.0,0.0019901427861654,0.0229321770674114,0.0221005280975238,0.0239009933795947,0.0230183712143243,1.0,0.8916684704950733,0.8953839659360879,0.8873596003835037,0.8912842702748279,0.8916684704950733,0.0,0.0221946450845178,0.0371278298567996,0.0310858172787835,0.0708523635063399,0.5732085137106596,1.0,0.1566332984131338,0.4218114216940772,1.5663329841313385,0.1566332984131338,0.4218114216940772,0.0,0.0,1.1102230246251563e-16
wide_ood,0.08,0.16,real,10,43,20303508,1,18,0.8512396694214877,19.378819968005093,13.566154621167776,0.9010562770855504,0.1404589397855533,0.0167950451494759,0.1392567887522325,0.1436284143229512,0.1414594899865492,0.495447096448289,0.9194540345994894,0.4984340756502935,0.4876574474229722,0.4929746875681423,0.9194540345994894,1.0,0.1330026043716617,0.2663731055348796,0.1953523658171083,0.4464159170916081,0.0,1.0,0.0123340336751253,0.0167950451494759,0.0201649435852723,0.0214890415502159,0.0208375125260205,0.940192941020394,0.9194540345994894,0.9040914900292408,0.8981257314312932,0.9010562770855504,0.9194540345994894,1.0,0.0211514401980918,0.0440643765037445,0.0307607129785949,0.0863839175805269,0.4762495105674529,1.0,0.1205614374589133,0.2258425658973322,1.2056143745891337,0.1205614374589133,0.2258425658973322,0.0,0.0,5.551115123125783e-17
wide_ood,0.08,0.16,real,10,44,20304505,1,5,0.9586776859504132,17.241832067783953,24.085978060793,0.9129626227419648,0.131562747187988,0.016322086211785,0.1376377538730627,0.1273035058460252,0.1325713654827293,0.5179825440995726,0.9216309275547592,0.5024853622292077,0.5291319056083044,0.5153768865549906,0.9216309275547592,1.0,0.1281876633568464,0.2689643540474203,0.1842859512162704,0.4517463855875899,0.0,1.0,0.008078917576743,0.016322086211785,0.0161729871305936,0.0200447824210479,0.0182120676343118,1.0,0.9216309275547592,0.9223182553452614,0.9046348366658444,0.9129626227419648,0.9216309275547592,1.0,0.0209379380627336,0.0359121230872687,0.0293189014872876,0.0682777422100668,0.633170565168647,1.0,0.1127841796448386,0.2484932428405213,1.127841796448386,0.1127841796448385,0.2484932428405213,0.0,0.0,5.551115123125783e-17
wide_ood,0.08,0.16,real,10,45,20305502,1,9,0.9256198347107438,23.29922151405554,25.416748662367333,0.9012987654624578,0.1719047476781535,0.018884181414632,0.1797605907532999,0.1658367847493594,0.1729388752767589,0.4233636661715545,0.9098996984103572,0.4070566338275459,0.4364052810289849,0.4211802555917749,0.9098996984103572,1.0,0.1673260266687399,0.2807794687900925,0.2373779014437166,0.5011501510747434,0.0,1.0,0.0086804226804957,0.018884181414632,0.0199828564233477,0.0215548031860527,0.0207836966301185,1.0,0.9098996984103572,0.904914982108396,0.8978304688898924,0.9012987654624578,0.9098996984103572,1.0,0.0219932381648581,0.0393876444042922,0.0337644444336813,0.0695665741651586,0.5697581015190981,1.0,0.1707672578560258,0.2822155187645795,1.707672578560258,0.1707672578560257,0.2822155187645794,0.0,0.0,1.1102230246251563e-16
wide_ood,0.08,0.16,real,10,46,20306499,0,120,0.0,41.03398992278501,-70.99504689126857,0.8821805045203828,0.1127224389403859,0.0249548465136804,0.1132650870916941,0.1175976413729956,0.1154516894860806,0.5691494675655361,0.882696164136223,0.5676073210869776,0.5554435990807542,0.5614354634241449,0.882696164136223,0.0,0.1165297936021004,0.2051545309359934,0.1667042140844932,0.3851121163744334,0.0,1.0,0.0024179912294946,0.0249548465136804,0.0252958945034282,0.0248455189820206,0.0250717180525639,1.0,0.882696164136223,0.8811922380164204,0.8831788110048343,0.8821805045203828,0.882696164136223,0.0,0.0241997280297165,0.0373870369422815,0.0342590026434146,0.0704026941066,0.5474926629345036,1.0,0.2083459007592157,0.3925872078795521,2.083459007592157,0.2083459007592156,0.3925872078795521,0.0,0.0,5.551115123125783e-17
wide_ood,0.08,0.16,real,10,47,20307496,0,120,0.0,34.54984484907005,-68.1346501351748,0.8781279069632425,0.1012596228370385,0.0256313320131032,0.107946320890042,0.1008392017126004,0.1044532258853944,0.6027226645425385,0.879715552052905,0.5829046804029289,0.6039909838478237,0.5931748128423874,0.879715552052905,0.0,0.108303201962445,0.2345814981731571,0.1547369645059455,0.3673591567700116,0.0,1.0,0.0043185924572478,0.0256313320131032,0.0262169857896881,0.0257662666923003,0.0259926032089463,1.0,0.879715552052905,0.8771432763714752,0.879122231545187,0.8781279069632425,0.879715552052905,0.0,0.0274369315340256,0.0399372839274697,0.0359876722421588,0.0756751973291276,0.5508029466819995,1.0,0.0842838068001247,0.236486968467308,0.8428380680012475,0.0842838068001247,0.2364869684673079,0.0,0.0,1.1102230246251563e-16
wide_ood,0.08,0.16,real,10,48,20308493,0,120,0.0,31.867621115058952,-38.07009835464486,0.8936073515515146,0.2120771912031681,0.0221950118735168,0.1986859944190861,0.2268536593997996,0.2132354416617713,0.3463221194269013,0.8949610695457466,0.370304376589395,0.3216573929291293,0.3443222770438648,0.8949610695457466,0.0,0.2092777867513639,0.3484035686950741,0.2859599233418115,0.5791139163386347,0.0,1.0,0.0036784089306005,0.0221950118735168,0.0247316608037054,0.0200160795997371,0.022497760873613,1.0,0.8949610695457466,0.8836817398003808,0.9047646738426968,0.8936073515515146,0.8949610695457466,0.0,0.0228025101741128,0.0399475821516892,0.0322823122000655,0.0740303698003618,0.5686849650205555,1.0,0.1915816396465615,0.4730444014382706,1.9158163964656156,0.1915816396465615,0.4730444014382706,0.0,0.0,0.0
wide_ood,0.08,0.16,real,10,49,20309490,0,120,0.0,61.5826592001959,-53.57212307978478,0.8792086582589826,0.1358187661903821,0.0256289443040287,0.1379908270529199,0.1384402099120214,0.1382157011182763,0.5070762810684822,0.8797260546396304,0.5015990742473058,0.5004732893614814,0.5010354080764216,0.8797260546396304,0.0,0.1379331593631838,0.2461248743489263,0.2038871475820582,0.4703557888346363,0.0,1.0,0.0024586407585423,0.0256289443040287,0.0250381588448922,0.0264360738895754,0.0257466056115864,1.0,0.8797260546396304,0.8823285433339743,0.8761829441921428,0.8792086582589826,0.8797260546396304,0.0,0.0247119593540845,0.0407904949744528,0.0354493878920844,0.0779195381980147,0.5102453274809066,1.0,0.1920280735673473,0.3999896188832452,1.9202807356734737,0.1920280735673473,0.3999896188832452,0.0,0.0,5.551115123125783e-17
wide_ood,0.08,0.16,real,40,0,20261027,0,120,0.0,177.7926270396268,-74.15138431944791,0.8950710344027673,0.1686893264844954,0.0219528347117656,0.1738107443841611,0.1663305647798183,0.170111774494521,0.430225137202511,0.8960454215850028,0.4193481815475652,0.4353291689174856,0.4271761282455038,0.8960454215850028,0.0,0.1675851168789127,0.3030415085986875,0.223880435559358,0.5744698615389886,0.0,1.0,0.0030986159401803,0.0219528347117656,0.0230481816416986,0.0212564829702599,0.0221704391617947,1.0,0.8960454215850028,0.8911514323499179,0.8991706730625283,0.8950710344027673,0.8960454215850028,0.0,0.0211517315898371,0.0430554716661476,0.0287780999620904,0.0804865955173439,0.502507912603276,1.0,0.1672924622415911,0.4004888088029703,6.691698489663647,0.1672924622415911,0.4004888088029703,0.0,0.0,1.1102230246251563e-16
wide_ood,0.08,0.16,real,40,1,20262024,1,112,0.0743801652892562,163.24767911958213,-58.51828155861688,0.9015670005842348,0.1718094682839629,0.0198148755442516,0.1705260905349722,0.1753370976620834,0.1729483237410882,0.4235654033894144,0.9056753434501223,0.4262921146040743,0.4161599954103289,0.4211603585286645,0.9056753434501223,1.0,0.1649858860782949,0.3284776686706012,0.2259464049618236,0.6039980018920748,0.0,1.0,0.0060714489226871,0.0198148755442516,0.0199336340978725,0.021485665020243,0.0207241835751129,1.0,0.9056753434501223,0.9051377196153004,0.8981408943015458,0.9015670005842348,0.9056753434501223,1.0,0.0192656773836743,0.0578710467772934,0.027141969593307,0.1039607349320431,0.4736902097971294,1.0,0.2087923847098459,0.4583220596765591,8.35169538839384,0.2087923847098459,0.4583220596765591,0.0,0.0,1.1102230246251563e-16
wide_ood,0.08,0.16,real,40,2,20263021,0,120,0.0,131.87347001864237,-59.21673215675736,0.8908378685271141,0.1321607097382801,0.0229148052766828,0.1348420831619593,0.133419247514486,0.134132551975254,0.5164361860965327,0.8917459232491008,0.5095586012244351,0.5131966173396814,0.5113695502321822,0.8917459232491008,0.0,0.1288773617985448,0.3218671715210986,0.1814266926791617,0.5718869492488242,0.0,1.0,0.0030626505248489,0.0229148052766828,0.0240638664585421,0.0221329299749659,0.0231185667614938,1.0,0.8917459232491008,0.8866372595968544,0.8952389170784042,0.8908378685271141,0.8917459232491008,0.0,0.0219091902263457,0.0412555603416486,0.0298850661607616,0.0822585807485514,0.4917502623908317,1.0,0.1889948359782924,0.436215926736241,7.559793439131699,0.1889948359782924,0.4362159267362409,0.0,0.0,1.1102230246251563e-16
wide_ood,0.08,0.16,real,40,3,20264018,1,114,0.0578512396694214,154.86645802522372,-61.89434382379202,0.9004783254623403,0.1687653265959204,0.0202849092213116,0.1699833752404017,0.1699766988388992,0.1699800370724296,0.4300616824690967,0.9035493530868082,0.4274504617778552,0.4274647311705506,0.4274575963446019,0.9035493530868082,1.0,0.1686522743479832,0.3302402661240433,0.2219512927136806,0.6129970858873228,0.0,1.0,0.0052998841001873,0.0202849092213116,0.0200487612315212,0.0218444455243432,0.0209658368207013,1.0,0.9035493530868082,0.9046168399920452,0.8965311613711616,0.9004783254623403,0.9035493530868082,1.0,0.0179333801345908,0.0611426687093956,0.0261965047738407,0.0962409062380507,0.4966219029573692,1.0,0.1798966187552052,0.4332231230739541,7.1958647502082105,0.1798966187552052,0.4332231230739541,0.0,0.0,1.1102230246251563e-16
wide_ood,0.08,0.16,real,40,4,20265015,0,120,0.0,163.77973850077728,-72.39174955070027,0.8823187560135135,0.1685610774095143,0.0248436003350162,0.170962571325299,0.1697995341453168,0.1703820451076412,0.4305011055541684,0.8831872835873744,0.4253627874610833,0.4278435572228583,0.4265992523443452,0.8831872835873744,0.0,0.172396405334649,0.3398710181731634,0.2258699018682395,0.5845323839809051,0.0,1.0,0.0031330530826805,0.0248436003350162,0.0252416521821543,0.0248374715614325,0.0250403773778454,1.0,0.8831872835873744,0.881431259990115,0.8832143482765212,0.8823187560135135,0.8831872835873744,0.0,0.0248191008132278,0.0466814824186063,0.0313611872644824,0.0877670479773281,0.506586079611248,1.0,0.1643309470697645,0.4215413626139664,6.573237882790583,0.1643309470697645,0.4215413626139663,0.0,0.0,1.1102230246251563e-16
wide_ood,0.08,0.16,real,40,5,20266012,0,120,0.0,151.71190680197196,-67.12365047761091,0.8951078051193447,0.1663917886307281,0.0219755535856015,0.1699511006214342,0.1656952864622775,0.16783668335357,0.4351959266718622,0.8959436416515048,0.427519446347739,0.4367141432734936,0.4320631949768936,0.8959436416515048,0.0,0.1660956704005338,0.3166773137885688,0.2169797837369362,0.593881152628671,0.0,1.0,0.002870396434283,0.0219755535856015,0.0227636086895762,0.021544056758072,0.0221622230627613,1.0,0.8959436416515048,0.8924203228350785,0.897878712538362,0.8951078051193447,0.8959436416515048,0.0,0.0213342578084795,0.0478530210679238,0.0289876198887281,0.085406561545513,0.4986657040927438,1.0,0.1673629026133815,0.439731700511617,6.694516104535263,0.1673629026133815,0.439731700511617,0.0,0.0,1.1102230246251563e-16
wide_ood,0.08,0.16,real,40,6,20267009,1,66,0.4545454545454545,99.63549425750274,-13.793453191046812,0.9032209260820666,0.1317338093527034,0.0202496998430197,0.1355033817036365,0.1310210948187054,0.1332810821921356,0.5175396974359497,0.9037084341441513,0.5078765318325708,0.5193872777955957,0.5135512697075431,0.9037084341441513,1.0,0.1264976632667753,0.3185355635488857,0.1770842231863189,0.5912339579371366,0.0,1.0,0.0020934012310029,0.0202496998430197,0.0199819670033557,0.0207264647146955,0.0203576195181646,1.0,0.9037084341441513,0.9049190063647246,0.9015567176420196,0.9032209260820666,0.9037084341441513,1.0,0.0192419938883707,0.0419834205585546,0.0258287823436134,0.0732831666473152,0.5499142008133705,1.0,0.2411631538468829,0.495147521524526,9.646526153875318,0.2411631538468829,0.495147521524526,0.0,0.0,1.1102230246251563e-16
wide_ood,0.08,0.16,real,40,7,20268006,1,99,0.1818181818181818,217.07775588591144,-30.349816220773636,0.9000546944855182,0.169900724710362,0.0210385260475787,0.1736970592043717,0.1686626315888458,0.1711983523149708,0.4276271433185563,0.9001511095621306,0.419586617674848,0.4302825651107229,0.4248616206381654,0.9001511095621306,1.0,0.1662804029076768,0.3017589366951225,0.2248355281238936,0.5680872439745868,0.0,1.0,0.0009496740599356,0.0210385260475787,0.0213795304758772,0.0207354429607992,0.0210599491707544,1.0,0.9001511095621306,0.8986176396612011,0.9015162465599876,0.9000546944855182,0.9001511095621306,1.0,0.0189391612714425,0.0381137573467633,0.0257987284491249,0.0722897966665336,0.5342200540445722,1.0,0.2239668228619762,0.4999049291221906,8.958672914479049,0.2239668228619761,0.4999049291221906,0.0,0.0,1.1102230246251563e-16
wide_ood,0.08,0.16,real,40,8,20269003,1,16,0.8677685950413223,75.99405276108132,17.967105378577763,0.9004787888422019,0.1404078930110791,0.0200011416188494,0.1452706445202426,0.1382941937046133,0.1418253224423195,0.4955735674684282,0.9048322531534396,0.4836696132527059,0.5008388088327712,0.4920737810684973,0.9048322531534396,1.0,0.1340121705962523,0.2915779222456867,0.1884600889647862,0.5411817918007666,0.0,1.0,0.0062862017146592,0.0200011416188494,0.0203446959314744,0.0215688975973544,0.0209657339021236,1.0,0.9048322531534396,0.90327929223749,0.897767199159754,0.9004787888422019,0.9048322531534396,1.0,0.0221309148337611,0.0472949926305981,0.0301649724625068,0.0847641619597144,0.4848238830122092,1.0,0.1331090662113552,0.3146265288943932,5.32436264845421,0.1331090662113552,0.3146265288943932,0.0,0.0,1.1102230246251563e-16
wide_ood,0.08,0.16,real,40,9,20270000,0,120,0.0,147.88980179202397,-48.50522787008107,0.8913481895231224,0.1732561451595835,0.0227963890089108,0.177911175915578,0.1715294372961819,0.1747494411647839,0.4205126462109552,0.8922740657054787,0.4108381738640718,0.4241588759607402,0.4173845892567054,0.8922740657054787,0.0,0.1696673743068587,0.3321702598280408,0.2311248017070428,0.6048860997497684,0.0,1.0,0.0030838251692895,0.0227963890089108,0.0230638335158969,0.0229440676993347,0.0230040285498069,1.0,0.8922740657054787,0.8910816941282342,0.8916154595630212,0.8913481895231224,0.8922740657054787,0.0,0.0219254901347282,0.0429705246013918,0.0301897061876977,0.0843467739222599,0.4955598772317371,1.0,0.1902713560540213,0.4398107145673021,7.610854242160855,0.1902713560540213,0.4398107145673021,0.0,0.0,1.1102230246251563e-16
wide_ood,0.08,0.16,real,40,10,20270997,1,39,0.6776859504132231,125.34927215631524,5.924898181378135,0.900780646025827,0.1458423316881514,0.0207690420392135,0.1498910104072169,0.1446905754983038,0.1473137428058339,0.4822890487632035,0.9013648087054752,0.4726240380838373,0.485074458333194,0.4787538417247349,0.9013648087054752,1.0,0.1476785753218551,0.2580740109997915,0.1964538693755176,0.5096536277006773,0.0,1.0,0.0023243524245771,0.0207690420392135,0.0208233386041197,0.0209737934627641,0.0208987014290423,1.0,0.9013648087054752,0.9011201368548802,0.9004425022563209,0.900780646025827,0.9013648087054752,1.0,0.0193993327341482,0.0389562462312177,0.0270047650313655,0.075238653366798,0.5281769160939186,1.0,0.2003798381705972,0.446742147900691,8.01519352682389,0.2003798381705972,0.446742147900691,0.0,0.0,1.1102230246251563e-16
wide_ood,0.08,0.16,real,40,11,20271994,0,120,0.0,172.9922370420503,-58.429802955702165,0.875937428513579,0.1785460090682594,0.026302030592932,0.1856951759480358,0.175094974127349,0.180472918099959,0.4095361728749475,0.8767703732739915,0.3951555161708748,0.4166641111399847,0.4056094247143944,0.8767703732739915,0.0,0.1762622549813107,0.3687115364631379,0.24031743792845,0.6115616730060546,0.0,1.0,0.0031679350697984,0.026302030592932,0.0266192572085086,0.0263643774343952,0.0264921238468718,1.0,0.8767703732739915,0.8753808010977563,0.8764970965537449,0.875937428513579,0.8767703732739915,0.0,0.0259008901633131,0.0465857347084033,0.0339370423029662,0.0865650735519052,0.4822390907381406,1.0,0.222231910070586,0.4670284210739575,8.88927640282344,0.2222319100705859,0.4670284210739575,0.0,0.0,1.1102230246251563e-16
wide_ood,0.08,0.16,real,40,12,20272991,0,120,0.0,138.23030099283517,-77.01717223097346,0.8879933275150346,0.1459784851898017,0.0235885039179477,0.1464493973903653,0.1492810949678199,0.1478720245867899,0.4819608337809433,0.8887471366964722,0.4808273625340946,0.4740675414919577,0.4774193074697018,0.8887471366964722,0.0,0.1486213464000439,0.3151116546530267,0.1996086650704742,0.5670269978093894,0.0,1.0,0.0028346121528054,0.0235885039179477,0.0237582233125853,0.0237581967185445,0.0237582100155686,1.0,0.8887471366964722,0.887993268476726,0.8879933865533801,0.8879933275150346,0.8887471366964722,0.0,0.0224646756021188,0.0449316167455969,0.0306792783268895,0.0819783699887313,0.5007187628174502,1.0,0.1640196440670737,0.3877046252118314,6.560785762682951,0.1640196440670737,0.3877046252118314,0.0,0.0,5.551115123125783e-17
wide_ood,0.08,0.16,real,40,13,20273988,0,120,0.0,116.62152381358376,-78.95344731870485,0.8912021243527676,0.1629099534270254,0.0229380667648163,0.1614959761842415,0.1674833285473645,0.1645168922405926,0.4428386630041758,0.8916422125943193,0.4459805753572391,0.432827227747427,0.439294845634354,0.8916422125943193,0.0,0.1629865635771757,0.3562186050898925,0.21854319943008,0.6297084236476999,0.0,1.0,0.0021306074143762,0.0229380667648163,0.0231726896811261,0.0229001144683812,0.0230368052225426,1.0,0.8916422125943193,0.8905968274113891,0.8918114279969266,0.8912021243527676,0.8916422125943193,0.0,0.0215776356214056,0.0452742038525832,0.0293835984831134,0.0793490103500148,0.5109947186328536,1.0,0.1856631303114034,0.4724088313735537,7.426525212456138,0.1856631303114034,0.4724088313735537,0.0,0.0,1.1102230246251563e-16
wide_ood,0.08,0.16,real,40,14,20274985,0,120,0.0,113.8554004436004,-61.81085350997624,0.895097780941444,0.144250891720376,0.0219449337974826,0.1511848573215017,0.1404383803654694,0.1459105886544892,0.4861420282382299,0.8960808201745497,0.4695763909184961,0.49549802959106,0.4821244789105655,0.8960808201745497,0.0,0.1346127278453837,0.3253846493499646,0.1921095600220406,0.583672546301851,0.0,1.0,0.003111799132898,0.0219449337974826,0.0218402145460689,0.0224840355590466,0.022164462845271,1.0,0.8960808201745497,0.8965501275911052,0.8936686788658267,0.895097780941444,0.8960808201745497,0.0,0.0206597323331724,0.045738820250502,0.0291697526539997,0.0850537894084748,0.4792592777435052,1.0,0.1629103772581668,0.4712090980977169,6.516415090326675,0.1629103772581668,0.4712090980977169,0.0,0.0,1.1102230246251563e-16
wide_ood,0.08,0.16,real,40,15,20275982,0,120,0.0,155.5093487996448,-69.65733771551895,0.8927278715729559,0.1828580079838774,0.0225845596091483,0.1886875950160404,0.1796975746085757,0.1842474244503053,0.4008010778697208,0.8932196157541443,0.3892871724981936,0.4071849097338584,0.3980263291464227,0.8932196157541443,0.0,0.1830749431954085,0.3622889918205961,0.242220729953096,0.6250149961640894,0.0,1.0,0.0022331346604245,0.0225845596091483,0.0230742130028057,0.0223087234193864,0.0226946959254968,1.0,0.8932196157541443,0.891035450474314,0.8944523771363948,0.8927278715729559,0.8932196157541443,0.0,0.0216749517545836,0.0409994443479873,0.0289590512892631,0.0776015696476246,0.5144405976757732,1.0,0.1839489012359965,0.4514461170155369,7.357956049439863,0.1839489012359965,0.4514461170155369,0.0,0.0,1.1102230246251563e-16
wide_ood,0.08,0.16,real,40,16,20276979,0,120,0.0,154.01468031090775,-58.84168798934969,0.8857973974170257,0.1644111219182171,0.0240008102138367,0.1647113687009984,0.1675836412759273,0.1661537116688263,0.4395272288642639,0.8869168437483858,0.438867890716431,0.4326101917795943,0.4357142857543111,0.8869168437483858,0.0,0.1623872080135496,0.3407935428446806,0.2205016418069257,0.5935079681338143,0.0,1.0,0.0034912417736165,0.0240008102138367,0.0250360913943992,0.0234446038093245,0.0242534051226308,1.0,0.8869168437483858,0.8823376642340262,0.8893868208429675,0.8857973974170257,0.8869168437483858,0.0,0.0241754964912732,0.0432158494722735,0.0316720622567169,0.0806606197609228,0.5086528603949813,1.0,0.2324880866221486,0.4756199421971201,9.299523464885947,0.2324880866221486,0.4756199421971201,0.0,0.0,5.551115123125783e-17
wide_ood,0.08,0.16,real,40,17,20277976,0,120,0.0,152.69929431571006,-59.42241895608662,0.8895032667490772,0.1652599936255303,0.023279582997834,0.1671228527047008,0.1666600163781632,0.1668915949880741,0.4376656710723309,0.8901209603465814,0.4336080500031992,0.4346126597646877,0.4341097160204226,0.8901209603465814,0.0,0.1677510501703897,0.3159694561338148,0.2216954123393343,0.5813341238794989,0.0,1.0,0.0025462529977002,0.023279582997834,0.0243860941945188,0.0224089979182188,0.0234184198630339,1.0,0.8901209603465814,0.8852099141473785,0.8940040357195795,0.8895032667490772,0.8901209603465814,0.0,0.0218759536758244,0.046928387809934,0.0300243903248748,0.0887503575819278,0.487483250006382,1.0,0.2015416464595786,0.4752264335267753,8.061665858383147,0.2015416464595786,0.4752264335267753,0.0,0.0,1.1102230246251563e-16
wide_ood,0.08,0.16,real,40,18,20278973,0,120,0.0,111.5011041511526,-54.5956138470717,0.8943467516768743,0.1543807272279265,0.0219815825688058,0.156751066175418,0.1551202793840158,0.1559378046262441,0.4621324983096275,0.8959166339127423,0.4566877733520337,0.4604267984605752,0.458548587138993,0.8959166339127423,0.0,0.1535725233287415,0.34321823230194,0.2063063781075151,0.5770268537751608,0.0,1.0,0.0039425320698425,0.0219815825688058,0.0223041455558192,0.0223605043263062,0.0223323427197185,1.0,0.8959166339127423,0.8944728507754569,0.8942208293356524,0.8943467516768743,0.8959166339127423,0.0,0.0217883285007655,0.0467268935767466,0.0292720600797321,0.0843196155067045,0.4820487307006723,1.0,0.2450034706768327,0.4583707940816307,9.800138827073312,0.2450034706768327,0.4583707940816306,0.0,0.0,1.1102230246251563e-16
wide_ood,0.08,0.16,real,40,19,20279970,0,120,0.0,162.34395812076048,-53.5855701225732,0.8958874184970211,0.1572680130568763,0.0217565662677552,0.1557004874394811,0.1617730213118062,0.1587657901017125,0.4555088809690474,0.896925180389915,0.4590930173852199,0.4453632193177075,0.4521103686585178,0.896925180389915,0.0,0.1523699624134294,0.3135636801022525,0.2072489848820027,0.5194645025873346,0.0,1.0,0.0031825410072375,0.0217565662677552,0.0214674644580384,0.0224966987754826,0.0219881045801127,1.0,0.896925180389915,0.8982226313667164,0.8936120970576021,0.8958874184970211,0.896925180389915,0.0,0.0212589132366279,0.044555524379203,0.0287781176842563,0.0801812730738857,0.5211583658452624,1.0,0.2368677139190345,0.4136494956466157,9.47470855676138,0.2368677139190344,0.4136494956466156,0.0,0.0,1.1102230246251563e-16
wide_ood,0.08,0.16,real,40,20,20280967,0,120,0.0,148.84128750491388,-60.66644900915816,0.8924530727125932,0.1504381861709079,0.0225402342191142,0.1514615437825543,0.1527704840245521,0.1521174218064626,0.4713327631802159,0.8934175992318433,0.4689272129199556,0.4658682453552736,0.4673919364123412,0.8934175992318433,0.0,0.1495478936431007,0.2814882193290864,0.2041378698195013,0.5305060703664795,0.0,1.0,0.0031281994855554,0.0225402342191142,0.0236888352727872,0.0217838165794394,0.0227562692608862,1.0,0.8934175992318433,0.8883014024869402,0.8968029812613996,0.8924530727125932,0.8934175992318433,0.0,0.0218261591139596,0.041882337649801,0.0297557990582356,0.0787989686251109,0.5114390682933985,1.0,0.1803842626068506,0.4203178769075374,7.215370504274025,0.1803842626068506,0.4203178769075374,0.0,0.0,1.1102230246251563e-16
wide_ood,0.08,0.16,real,40,21,20281964,0,120,0.0,215.9267700334837,-54.244670402162434,0.8811310646706108,0.1745080251995894,0.0251236974421541,0.1837458092834175,0.1685407358333078,0.1763072631295303,0.4178887099698298,0.8819512582912041,0.399025862292531,0.4305448931361298,0.4141461634523617,0.8819512582912041,0.0,0.181405563186077,0.3257017527835364,0.2328368721551915,0.5875266998120352,0.0,1.0,0.0030634539967811,0.0251236974421541,0.0249282793796834,0.0256856133716725,0.0253097792079523,1.0,0.8819512582912041,0.8828134254606501,0.879476823674022,0.8811310646706108,0.8819512582912041,0.0,0.0247939254840785,0.0473071916110052,0.0326901817657246,0.084667267095301,0.4945810490769542,1.0,0.1979795329159985,0.4193192252948834,7.919181316639941,0.1979795329159985,0.4193192252948834,0.0,0.0,1.1102230246251563e-16
wide_ood,0.08,0.16,real,40,22,20282961,0,120,0.0,137.98394521254403,-74.65950592081285,0.8927747414189082,0.1686880015425394,0.0224221331151314,0.1705806789616814,0.1697616558610002,0.1701716601489462,0.4302279873286256,0.8939453230523575,0.4261757774021847,0.4279245947960441,0.4270482387833456,0.8939453230523575,0.0,0.1643035031571338,0.3280926868617816,0.2244681605094704,0.5971115688322086,0.0,1.0,0.0034381226365638,0.0224221331151314,0.0232185758065113,0.0221369198153388,0.0226841958353548,1.0,0.8939453230523575,0.8903925206609467,0.8952210579546688,0.8927747414189082,0.8939453230523575,0.0,0.0215135972794625,0.0506047538177494,0.0294519518053381,0.08532633596968,0.4865497366630577,1.0,0.1971764667570739,0.4392635952574533,7.887058670282958,0.1971764667570739,0.4392635952574533,0.0,0.0,1.1102230246251563e-16
wide_ood,0.08,0.16,real,40,23,20283958,0,120,0.0,176.7225540922033,-52.87840679441781,0.891307169474524,0.1655543597508764,0.0227145075213291,0.1666054716304279,0.1676037189077884,0.1671053406820354,0.4370219751552631,0.8926394441338507,0.4347312051184661,0.4325667650185475,0.4336460184354327,0.8926394441338507,0.0,0.1580702980030741,0.3328651522458353,0.2214714809003937,0.6101126150160752,0.0,1.0,0.0036959480947782,0.0227145075213291,0.024036383406692,0.0219424256006059,0.0230132328075786,1.0,0.8926394441338507,0.8867591054572918,0.896092057980588,0.891307169474524,0.8926394441338507,0.0,0.0227016389791567,0.0454916367601786,0.0304932595644409,0.0824500751626701,0.4974849941633074,1.0,0.2213690667658742,0.4740064574808264,8.854762670634969,0.2213690667658742,0.4740064574808263,0.0,0.0,1.1102230246251563e-16
wide_ood,0.08,0.16,real,40,24,20284955,0,120,0.0,135.96213541718166,-66.16462728109465,0.8915267813551936,0.1753961623807012,0.0228369061029349,0.177844265185929,0.1759036482195299,0.1768766181784115,0.4160371116913082,0.8920933222530181,0.4109756442683068,0.4149827851833805,0.4129688589624039,0.8920933222530181,0.0,0.1721038218865034,0.330957756777423,0.2332651695320824,0.6165629918550736,0.0,1.0,0.0024122999256171,0.0228369061029349,0.0236214075672625,0.0222871273858267,0.022963960270071,1.0,0.8920933222530181,0.8886009336027632,0.8945489654688838,0.8915267813551936,0.8920933222530181,0.0,0.0225019961211845,0.0443522827021428,0.0296392114054881,0.0820943896585824,0.5100946200702626,1.0,0.2112169971240434,0.4620293195289895,8.448679884961738,0.2112169971240433,0.4620293195289895,0.0,0.0,1.1102230246251563e-16
wide_ood,0.08,0.16,real,40,25,20285952,0,120,0.0,121.42110378612324,-60.075955611691,0.8866720354020379,0.1604264467961917,0.0238332051287476,0.158420469501247,0.1658682846107869,0.1621871341949178,0.4483719103252079,0.8876604141356312,0.4528916580726556,0.4363365529120492,0.4444420201140519,0.8876604141356312,0.0,0.1553703003350696,0.3314519865368437,0.2172403035476598,0.5892661072527821,0.0,1.0,0.0032665787433273,0.0238332051287476,0.0240255859538012,0.0240864199574604,0.0240560221856257,1.0,0.8876604141356312,0.8868069804479333,0.8865372813717314,0.8866720354020379,0.8876604141356312,0.0,0.0231115014162353,0.0426434433844905,0.0314202877407466,0.0789007874854683,0.5102687702865095,1.0,0.1808398298257411,0.4631023246735478,7.233593193029646,0.1808398298257411,0.4631023246735477,0.0,0.0,1.1102230246251563e-16
wide_ood,0.08,0.16,real,40,26,20286949,0,120,0.0,208.318067337074,-76.97952014946794,0.8869911290339776,0.1650591668773348,0.0238961172690915,0.1665711824002689,0.1669884641983763,0.1667799538037411,0.4381053666595649,0.8873812349645718,0.4348057444997765,0.4338995076044633,0.4343521062801028,0.8873812349645718,0.0,0.1598894797793308,0.3541826432141752,0.2220547354094046,0.6091249407796034,0.0,1.0,0.0020519972103527,0.0238961172690915,0.0242127914906747,0.0237531251503471,0.0239840595623316,1.0,0.8873812349645718,0.8859772929293644,0.888015904433975,0.8869911290339776,0.8873812349645718,0.0,0.0223215387021802,0.0419555090383774,0.030518562268603,0.0795767211613797,0.5035470585794565,1.0,0.1546362078621342,0.4214386406818557,6.185448314485371,0.1546362078621342,0.4214386406818557,0.0,0.0,5.551115123125783e-17
wide_ood,0.08,0.16,real,40,27,20287946,0,120,0.0,185.21512539008853,-62.00481363490805,0.8903304027187166,0.1739066092717067,0.0230663602759274,0.1787187532220042,0.17207771121297,0.1754296603335963,0.4191472258815609,0.8910704364513048,0.4091826006926909,0.422997692063733,0.4159674355686396,0.8910704364513048,0.0,0.1734426531252448,0.2855340396860847,0.2314359917756888,0.5564271552866038,0.0,1.0,0.0027737047310908,0.0230663602759274,0.023746896369816,0.0227065131940053,0.0232325292276618,1.0,0.8910704364513048,0.888043561145526,0.8926751251064523,0.8903304027187166,0.8910704364513048,0.0,0.0212664108186571,0.0441854314315131,0.0298453651286806,0.0822847064978865,0.4901393062238554,1.0,0.1770672183249572,0.4034956965330691,7.082688732998289,0.1770672183249572,0.4034956965330691,0.0,0.0,1.1102230246251563e-16
wide_ood,0.08,0.16,real,40,28,20288943,0,120,0.0,148.61264818055318,-80.18870450661059,0.8867715483313564,0.1436154453715917,0.023957165881146,0.1467166302258146,0.1444746147524068,0.145599938002519,0.4876890704768343,0.8871104093367076,0.4801853272646212,0.4855985264368057,0.4828739222160405,0.8871104093367076,0.0,0.145785637274272,0.2670041957968739,0.1969581110143835,0.5328788808834405,0.0,1.0,0.0019149488328338,0.023957165881146,0.0242625467515491,0.0238024048639445,0.0240335770556344,1.0,0.8871104093367076,0.8857569101868107,0.8877971255412829,0.8867715483313564,0.8871104093367076,0.0,0.0229162226212148,0.0427943518364899,0.0302918935198323,0.0787836786501444,0.5176591838583984,1.0,0.1654202670343548,0.3888797675006721,6.6168106813741945,0.1654202670343548,0.3888797675006721,0.0,0.0,1.1102230246251563e-16
wide_ood,0.08,0.16,real,40,29,20289940,0,120,0.0,133.95047354773823,-75.52499022845157,0.8883802708380006,0.1554044275383847,0.0235534807750106,0.1547850703743263,0.1595374159860895,0.1571792052249656,0.4597731158023098,0.8889027839142285,0.4611991415764343,0.4503694288882456,0.4557111896628892,0.8889027839142285,0.0,0.1476035998124124,0.3289313812490022,0.2099224272457269,0.5915100413009888,0.0,1.0,0.0023565911498316,0.0235534807750106,0.0243222144241485,0.0230015182637638,0.0236710789459682,1.0,0.8889027839142285,0.8854926943350342,0.8913593772879319,0.8883802708380006,0.8889027839142285,0.0,0.0209384382937855,0.0453833258845496,0.0301746091392142,0.0833983007385165,0.4847630349242285,1.0,0.1570680761384532,0.4173470453087161,6.282723045538128,0.1570680761384532,0.4173470453087161,0.0,0.0,1.1102230246251563e-16
wide_ood,0.08,0.16,real,40,30,20290937,1,46,0.6198347107438017,148.86007376166987,1.6228695999491831,0.9004430596542576,0.1447442064894912,0.0208966276653688,0.1488417379201339,0.1436009950279915,0.1462448438751176,0.4849444006517787,0.900789986105157,0.4751101108002843,0.4877243081230014,0.4813193887415981,0.900789986105157,1.0,0.1368108729175322,0.3010768106529322,0.1935370844370286,0.564732741260173,0.0,1.0,0.0017960431830647,0.0208966276653688,0.0207879148954621,0.0211577936491498,0.0209736696574655,1.0,0.900789986105157,0.9012797560761918,0.8996144752663019,0.9004430596542576,0.900789986105157,1.0,0.0196099574977895,0.0392896779031193,0.0267423636097312,0.0776844124673059,0.5141560126948882,1.0,0.2147590787551582,0.4744761251450132,8.59036315020633,0.2147590787551582,0.4744761251450132,0.0,0.0,5.551115123125783e-17
wide_ood,0.08,0.16,real,40,31,20291934,0,120,0.0,120.29553672270336,-52.38555455046091,0.8829702677839195,0.1565684297030034,0.0246927268686839,0.1570245852162897,0.1599690204927307,0.1585036401470823,0.4571050030460378,0.8838537825827791,0.4560636362240577,0.4493985694574811,0.4527033607689135,0.8838537825827791,0.0,0.1537907815094981,0.3880513669422323,0.2109121855485594,0.6144569178150439,0.0,1.0,0.0031493253179153,0.0246927268686839,0.0258872707905893,0.0238568068138565,0.0248927501527952,1.0,0.8838537825827791,0.8785905054494288,0.8875556689082719,0.8829702677839195,0.8838537825827791,0.0,0.0236065563683166,0.045404018773099,0.0323150161005501,0.0904920231075733,0.4866235959903906,1.0,0.2374497337505434,0.486580462062619,9.497989350021736,0.2374497337505434,0.486580462062619,0.0,0.0,1.1102230246251563e-16
wide_ood,0.08,0.16,real,40,32,20292931,0,120,0.0,167.50242161017215,-70.27024320438873,0.886441862010244,0.1432194328831317,0.0239262782821834,0.1467448254548974,0.143647143020028,0.1452042449372688,0.4886556819485294,0.8872474234693248,0.480117637359542,0.4876117836180141,0.4838302172144063,0.8872474234693248,0.0,0.1429768759960463,0.333427891215282,0.1960512453037813,0.5841969406773767,0.0,1.0,0.0029540373115542,0.0239262782821834,0.0245622672162322,0.0236448998083619,0.0241079474214321,1.0,0.8872474234693248,0.8844305069469492,0.8884965635957298,0.886441862010244,0.8872474234693248,0.0,0.0233322022399257,0.0453109058950593,0.0313761399832585,0.0835838737300203,0.490560556737423,1.0,0.16218835070406,0.4006062554810476,6.4875340281624005,0.16218835070406,0.4006062554810475,0.0,0.0,1.1102230246251563e-16
wide_ood,0.08,0.16,real,40,33,20293928,0,120,0.0,128.054690128149,-66.16582385909183,0.8989179773170415,0.1507240908579202,0.0210628527997365,0.1532421596354512,0.1511278636661116,0.1521886833276705,0.4706594633131662,0.9000416274558912,0.4647708464585186,0.4697102243617499,0.4672254307757701,0.9000416274558912,1.0,0.145683653272811,0.3016891153073573,0.2012009410490347,0.5665007859987383,0.0,1.0,0.0032538126814823,0.0210628527997365,0.0205362546103684,0.0220618307634976,0.0213126972725074,1.0,0.9000416274558912,0.9024145514856204,0.8955572275595126,0.8989179773170415,0.9000416274558912,1.0,0.0201590802554838,0.0445844643812389,0.0278534127627742,0.0829666422097155,0.4996883918746936,1.0,0.1822341280173728,0.4209133904659395,7.289365120694912,0.1822341280173727,0.4209133904659395,0.0,0.0,5.551115123125783e-17
wide_ood,0.08,0.16,real,40,34,20294925,0,120,0.0,158.70678336969644,-51.09743729682912,0.8846472257191899,0.1576544595087919,0.0243565908388067,0.1604953017369439,0.1585484227640377,0.1595248322998597,0.4546295817934049,0.8853405070943517,0.4482175737872132,0.4526020059106777,0.4503977663176128,0.8853405070943517,0.0,0.1575148472852456,0.3188151233915675,0.2132921471955089,0.59398333826589,0.0,1.0,0.0027670701993696,0.0243565908388067,0.0257472516122354,0.0232137765986238,0.0245132656897706,1.0,0.8853405070943517,0.8792058184167499,0.8904138868113382,0.8846472257191899,0.8853405070943517,0.0,0.0240873811198773,0.0445961489554598,0.031677264889721,0.0832507266508696,0.4991125987281725,1.0,0.178273347172392,0.4487639148432422,7.130933886895679,0.1782733471723919,0.4487639148432421,0.0,0.0,1.1102230246251563e-16
wide_ood,0.08,0.16,real,40,35,20295922,0,120,0.0,209.7571904976514,-75.59808576383581,0.8848741341298841,0.168855206041124,0.0243496922635666,0.1639746029945951,0.1769810888592524,0.1706018409060138,0.4298684573626438,0.8853710455615351,0.4404875862827229,0.4127531996031983,0.4261306862473821,0.8853710455615351,0.0,0.1628500808720883,0.3089279761529176,0.2260814074449314,0.5760507318428667,0.0,1.0,0.0023410710672172,0.0243496922635666,0.0246456714531777,0.0242768847417937,0.0244619730821567,1.0,0.8853710455615351,0.8840617575826254,0.885693412593221,0.8848741341298841,0.8853710455615351,0.0,0.0228494597050037,0.0442178838499464,0.0309601566075231,0.083756301038966,0.4900613497008328,1.0,0.1945716561376209,0.4112360864953475,7.782866245504836,0.1945716561376209,0.4112360864953475,0.0,0.0,1.1102230246251563e-16
wide_ood,0.08,0.16,real,40,36,20296919,0,120,0.0,116.40723283013088,-75.700021223408,0.8940451274474913,0.1591799717872194,0.0222854643584954,0.1590949733376818,0.1623533188400834,0.1607324028932988,0.4511750582912173,0.8945564037967029,0.4513668449443749,0.4440728763033273,0.4476865241054254,0.8945564037967029,0.0,0.1583807811259981,0.2876291139296721,0.2123591459460046,0.5673743419694303,0.0,1.0,0.0022603893175083,0.0222854643584954,0.0227388798841435,0.0220555186902382,0.0223998053906831,1.0,0.8945564037967029,0.8925306720995895,0.8955854921196719,0.8940451274474913,0.8945564037967029,0.0,0.0205806772030154,0.0522505491347813,0.0277413207976963,0.0835054080181471,0.4956312915371,1.0,0.1711078708541627,0.4247163694788415,6.844314834166509,0.1711078708541626,0.4247163694788415,0.0,0.0,1.1102230246251563e-16
wide_ood,0.08,0.16,real,40,37,20297916,0,120,0.0,130.7814826766729,-75.84006987073313,0.881209246723113,0.1464905196707644,0.0250477511871027,0.1550437270422852,0.1418984393526602,0.1486164936773224,0.4807285091090102,0.8822862263621309,0.4606030659407325,0.491893919375172,0.4756454913079351,0.8822862263621309,0.0,0.1420369790771924,0.3302515403061366,0.2005130406537225,0.6016032346839393,0.0,1.0,0.0035067295588556,0.0250477511871027,0.0248150274164807,0.0257602095833715,0.0252920341556379,1.0,0.8822862263621309,0.8833134687923867,0.8791488566439535,0.881209246723113,0.8822862263621309,0.0,0.0246718653399911,0.0512083871868083,0.0327706703595347,0.0925073398219092,0.4881252882084727,1.0,0.1713128659698599,0.4176458237186933,6.852514638794395,0.1713128659698598,0.4176458237186933,0.0,0.0,1.1102230246251563e-16
wide_ood,0.08,0.16,real,40,38,20298913,1,114,0.0578512396694214,139.13008184681945,-53.90742437733415,0.9005964927238652,0.1651335378076057,0.0204672994196285,0.1717152665546814,0.1609032583288234,0.1663971023016587,0.437942485427138,0.9027257359646212,0.4237649533479188,0.4473042390371064,0.4351843643857349,0.9027257359646212,1.0,0.1632385618150467,0.3167973431698131,0.218806395748016,0.5785670922818542,0.0,1.0,0.0044222407958509,0.0204672994196285,0.0205000705270934,0.0213700778370746,0.0209395930998961,1.0,0.9027257359646212,0.9025778314719144,0.8986601122047341,0.9005964927238652,0.9027257359646212,1.0,0.020374040042733,0.0491908250100722,0.0271560553480473,0.0917447052972009,0.5066039166737493,1.0,0.1993233497043008,0.4322548389614509,7.972933988172032,0.1993233497043008,0.4322548389614509,0.0,0.0,1.1102230246251563e-16
wide_ood,0.08,0.16,real,40,39,20299910,0,120,0.0,156.5224971862617,-84.01913203939374,0.8928323750337829,0.160372623115714,0.0225981058034675,0.1620118987198354,0.1619019763160194,0.1619569468436583,0.4484925916954509,0.8931591191704898,0.4448316008027279,0.4450761527951968,0.4449538392502739,0.8931591191704898,0.0,0.153219908890489,0.3348809107274218,0.2153137443635063,0.6168601159070248,0.0,1.0,0.0018201053751498,0.0225981058034675,0.0227174539390944,0.0226250221102179,0.0226712851307852,1.0,0.8931591191704898,0.8926262937871361,0.8930389245345179,0.8928323750337829,0.8931591191704898,0.0,0.0207015930078673,0.0416200270521651,0.0286936346803456,0.0809751804857528,0.4972781976786868,1.0,0.170950551910532,0.4184834485450044,6.8380220764212805,0.1709505519105319,0.4184834485450044,0.0,0.0,1.1102230246251563e-16
wide_ood,0.08,0.16,real,40,40,20300907,1,22,0.8181818181818182,104.39321579470314,17.30507518113528,0.9001014966723835,0.1694410698515789,0.0191216046999859,0.1718265443028319,0.1691965203851641,0.1705166030589108,0.4286110780322553,0.9088201824140228,0.4235292408791131,0.429135481625627,0.4263123372648879,0.9088201824140228,1.0,0.1621338053372958,0.3098345597148357,0.2224601060702581,0.5659019216188467,0.0,1.0,0.008800441552603,0.0191216046999859,0.0217925099889013,0.0202793881571967,0.0210495495871837,1.0,0.9088201824140228,0.8967640007309765,0.9035742962006348,0.9001014966723835,0.9088201824140228,1.0,0.0214182552421413,0.0505650187645742,0.0298881138364868,0.0906848436554264,0.4388177524819437,1.0,0.1478486046151459,0.3176458570482923,5.913944184605838,0.1478486046151459,0.3176458570482922,0.0,0.0,1.1102230246251563e-16
wide_ood,0.08,0.16,real,40,41,20301904,1,111,0.0826446280991735,155.6110276064885,-61.05584608552115,0.9004615011259068,0.1705055246323115,0.0203636339566738,0.1711630202997723,0.1722696825270833,0.1717172429258669,0.4263359522686085,0.90319376465687,0.4249366833544511,0.4225918697464378,0.4237607657843932,0.90319376465687,1.0,0.1563979924870299,0.3361211898429712,0.2237569352930709,0.6003507070905933,0.0,1.0,0.005004540888843,0.0203636339566738,0.0215651118425139,0.0203566202027465,0.0209695736110561,1.0,0.90319376465687,0.8977841929531887,0.9032254391063286,0.9004615011259068,0.90319376465687,1.0,0.0196346843875156,0.0445726148520031,0.0269961511640176,0.0862017863385744,0.4860453265231466,1.0,0.1955947359482817,0.4515125935460229,7.82378943793127,0.1955947359482817,0.4515125935460229,0.0,0.0,1.1102230246251563e-16
wide_ood,0.08,0.16,real,40,42,20302901,0,120,0.0,174.2846895336461,-63.55382438992906,0.8889476021172305,0.1458770029865747,0.0234485186552651,0.1457122722791742,0.149759139160796,0.1477495618520455,0.4822054480720943,0.8893694119514248,0.4826027819052063,0.4729357684481757,0.4777117273569756,0.8893694119514248,0.0,0.1394873936652687,0.3274814657106384,0.1974671342593685,0.5936254005526465,0.0,1.0,0.0021115206525879,0.0234485186552651,0.0241036457275771,0.0229694874959084,0.0235433970911723,1.0,0.8893694119514248,0.8864609282228388,0.8915021433463414,0.8889476021172305,0.8893694119514248,0.0,0.0221449756576982,0.0457178212262906,0.0294978022001544,0.0756747437273213,0.5272911171029245,1.0,0.1676926390325264,0.4409585032275207,6.707705561301056,0.1676926390325264,0.4409585032275207,0.0,0.0,1.1102230246251563e-16
wide_ood,0.08,0.16,real,40,43,20303898,0,120,0.0,165.81656966793153,-70.53971059598267,0.8945655562634379,0.1552920324914668,0.0220679407186067,0.1529890565620747,0.1606224370940366,0.156852189538083,0.4600315695224137,0.895529868905125,0.4653593934358649,0.4479327428205278,0.4564569227012902,0.895529868905125,0.0,0.1511817698178303,0.3406916351574673,0.2087681828524032,0.6174945366494922,0.0,1.0,0.003091393721387,0.0220679407186067,0.022096110101562,0.0224691647326017,0.0222834181107964,1.0,0.895529868905125,0.8954037451682777,0.8937351292953415,0.8945655562634379,0.895529868905125,0.0,0.021473748489572,0.0408116644278883,0.0291139478837974,0.07954667641328,0.518296959041736,1.0,0.1831941202707666,0.4616173589609686,7.327764810830665,0.1831941202707666,0.4616173589609686,0.0,0.0,1.1102230246251563e-16
wide_ood,0.08,0.16,real,40,44,20304895,0,120,0.0,138.89008678988336,-65.43133020287394,0.8970326504512504,0.1713084774637412,0.0214892801505822,0.1832425980621854,0.1613657878240955,0.1726510457898686,0.4246277452870711,0.8981246599662898,0.4000310978340726,0.4462709772631682,0.4217868324481222,0.8981246599662898,0.0,0.1656797677293091,0.2996662506608406,0.2272037059628297,0.5866527538066212,0.0,1.0,0.0032429766609709,0.0214892801505822,0.0221778490862235,0.0212780433295995,0.0217326035949172,1.0,0.8981246599662898,0.8950378729734637,0.8990737460729799,0.8970326504512504,0.8981246599662898,0.0,0.0208804997497023,0.0400067671713126,0.0288173987445033,0.0789173448577325,0.5273115401292259,1.0,0.1947890632017714,0.427812179572125,7.791562528070856,0.1947890632017714,0.427812179572125,0.0,0.0,1.1102230246251563e-16
wide_ood,0.08,0.16,real,40,45,20305892,0,120,0.0,206.90900234337647,-55.17413706117523,0.8757968876259088,0.1452814572276543,0.0262664259775925,0.1573582975436861,0.1372283501679114,0.1476368075644657,0.4836434650694838,0.8769264725276217,0.4553033004465905,0.5035150125717315,0.4779811235162036,0.8769264725276217,0.0,0.1462650855815456,0.3511008052503351,0.2015783973319265,0.6259576675556324,0.0,1.0,0.0036890220241734,0.0262664259775925,0.0272410033447138,0.0257875119202233,0.0265242156741944,1.0,0.8769264725276217,0.87266370349436,0.8790288507441091,0.8757968876259088,0.8769264725276217,0.0,0.0256572686539853,0.0501463832179326,0.0341332179598361,0.0915866356608123,0.4823207114526498,1.0,0.1692960281801444,0.392898387924198,6.771841127205779,0.1692960281801444,0.3928983879241979,0.0,0.0,1.1102230246251563e-16
wide_ood,0.08,0.16,real,40,46,20306889,0,120,0.0,172.61849836016262,-58.40374464886138,0.8984054290969985,0.1522322863037039,0.0213052053567971,0.1552772243000572,0.1521385721990518,0.1537159092890133,0.4671235797823878,0.8989516510363219,0.4600656319610857,0.467342511411042,0.4636712241993639,0.8989516510363219,0.0,0.1480272884860424,0.3337965114165119,0.2039546297152231,0.5953092021721355,0.0,1.0,0.0022791549695622,0.0213052053567971,0.0223319446281029,0.0204816233357734,0.0214267665005846,1.0,0.8989516510363219,0.8943485318383625,0.9026610854410518,0.8984054290969985,0.8989516510363219,0.0,0.0195889973400472,0.0429261257304686,0.0275765950708932,0.0823614420783078,0.5076783872143837,1.0,0.1370331993748641,0.3928061197534062,5.481327974994565,0.1370331993748641,0.3928061197534062,0.0,0.0,1.1102230246251563e-16
wide_ood,0.08,0.16,real,40,47,20307886,0,120,0.0,210.48385752319575,-50.74966099336752,0.8961165605388159,0.1727144281023479,0.0217642770314546,0.1683507531066585,0.1796272217323057,0.1740803189031517,0.4216531845024611,0.8968906011658895,0.4309540679094243,0.4073281680768401,0.418783334382437,0.8968906011658895,0.0,0.1715881792791672,0.3163931439610458,0.2294103986004374,0.5917582587312544,0.0,1.0,0.0027470573423402,0.0217642770314546,0.0223025706525566,0.0215651454846876,0.0219369569162181,1.0,0.8968906011658895,0.8944798943442446,0.8977840419361425,0.8961165605388159,0.8968906011658895,0.0,0.0203502336925113,0.0401094400136484,0.0283302190859092,0.0787532177394881,0.5132941440558932,1.0,0.1877141768014515,0.4449670055901936,7.508567072058061,0.1877141768014515,0.4449670055901935,0.0,0.0,1.1102230246251563e-16
wide_ood,0.08,0.16,real,40,48,20308883,0,120,0.0,199.43276275732643,-76.06750380352722,0.889996170554666,0.1619322455484164,0.0231525104513216,0.163171048275888,0.1639859469029288,0.1635790050359495,0.4450087973248047,0.8906866897349114,0.4422609257278563,0.4404626027372527,0.4413597284922778,0.8906866897349114,0.0,0.1600935419678263,0.3080208728608099,0.2181532296659609,0.580436028036248,0.0,1.0,0.0026845087302646,0.0231525104513216,0.0234879132972234,0.0231259288156166,0.0233076238025549,1.0,0.8906866897349114,0.8891942472556049,0.8908050771476341,0.889996170554666,0.8906866897349114,0.0,0.0219582082075519,0.0437383701923298,0.0300133487265842,0.0805687819423529,0.5022753626616279,1.0,0.1916000233172417,0.4322827373424728,7.664000932689671,0.1916000233172417,0.4322827373424727,0.0,0.0,1.1102230246251563e-16
wide_ood,0.08,0.16,real,40,49,20309880,0,120,0.0,114.58346903896228,-60.055195371909285,0.8921255529351265,0.1423986111868038,0.0226811011323359,0.1380372770027154,0.1500976475188307,0.1441936087921575,0.4906652988996203,0.8927885558892245,0.5014825915152906,0.4721359819229967,0.4862812863746004,0.8927885558892245,0.0,0.1438809106405655,0.2594024694910068,0.1944517630131396,0.5159396312685366,0.0,1.0,0.0026003764413694,0.0226811011323359,0.0230241545616007,0.0226335352772755,0.0228296803791047,1.0,0.8927885558892245,0.8912584976151756,0.8930009123957654,0.8921255529351265,0.8927885558892245,0.0,0.0217046223328576,0.0481134667583741,0.0293963018773727,0.0822565341935051,0.5078286636001224,1.0,0.209175783243641,0.4361485663750598,8.367031329745643,0.209175783243641,0.4361485663750598,0.0,0.0,1.1102230246251563e-16
wide_ood,0.08,0.16,real,100,0,20261807,0,120,0.0,375.56841356124426,-62.06488748544604,0.8912699394804426,0.1508967780257444,0.0228684118307705,0.1542824273844351,0.1509388497266079,0.1526197951715717,0.4702532544573988,0.8919528030741317,0.4623596918990701,0.4701543430899292,0.46621938337779,0.8919528030741317,0.0,0.1484387628354772,0.3635048667834332,0.2012685861927766,0.6105977185383448,0.0,1.0,0.0026512654484013,0.0228684118307705,0.0235897257081256,0.0224390681021878,0.0230215870030633,1.0,0.8919528030741317,0.8887417074004444,0.8938696314946168,0.8912699394804426,0.8919528030741317,0.0,0.0213759364552769,0.0474572827956961,0.0291142503751304,0.0869889959408903,0.4904722720159147,1.0,0.1968769423996573,0.4480181230111569,19.687694239965733,0.1968769423996573,0.4480181230111569,0.0,0.0,1.1102230246251563e-16
wide_ood,0.08,0.16,real,100,1,20262804,0,120,0.0,358.414631978076,-59.95398144772622,0.893984288785577,0.142074293577159,0.0222272677377429,0.1469532071104878,0.1405811778760238,0.1438024906826515,0.4914616013467667,0.8948167424708111,0.4796176593296407,0.4951443764325092,0.4872331839192308,0.8948167424708111,0.0,0.1378081516871485,0.2862836925660737,0.1906506323407701,0.5589635438962591,0.0,1.0,0.0028826668256353,0.0222272677377429,0.0228453448386259,0.021972997461205,0.0224134156056797,1.0,0.8948167424708111,0.8920556823483159,0.8959550924416804,0.893984288785577,0.8948167424708111,0.0,0.0209509077521152,0.0447987720191915,0.0288691608019567,0.0882699164421528,0.4837432571906301,1.0,0.1762491037580363,0.4155113891332021,17.62491037580363,0.1762491037580363,0.415511389133202,0.0,0.0,1.1102230246251563e-16
wide_ood,0.08,0.16,real,100,2,20263801,0,120,0.0,452.4538082696569,-74.79725802590526,0.8925357654346405,0.1612941794696463,0.022581534337004,0.1620420625867334,0.1636882585900305,0.1628672404868449,0.4464307895227946,0.8932331270184434,0.4447645166556551,0.4411186937382003,0.4429332478104169,0.8932331270184434,0.0,0.1555508294174596,0.3234133468680423,0.2138840262728263,0.6008046267637113,0.0,1.0,0.0026606506623854,0.022581534337004,0.0234170056845065,0.0220375442073948,0.0227377385630265,1.0,0.8932331270184434,0.889509556353413,0.8956659841669395,0.8925357654346405,0.8932331270184434,0.0,0.0213838722231183,0.0419463489310416,0.0289621229973535,0.0827044338765076,0.4873190576696493,1.0,0.1760432895425295,0.4316489273825465,17.604328954252956,0.1760432895425295,0.4316489273825465,0.0,0.0,1.1102230246251563e-16
wide_ood,0.08,0.16,real,100,3,20264798,0,120,0.0,441.81304154006216,-56.87751659877623,0.8912669235441422,0.1488522933221788,0.0228288756951747,0.1515083913134293,0.1496714166004056,0.15059270497862,0.4750850365707862,0.892129142337827,0.4688173853729044,0.4731432496293429,0.4709687549306128,0.892129142337827,0.0,0.1477639635970352,0.2996870249960673,0.1988631523753925,0.5586326272193893,0.0,1.0,0.0029777615607703,0.0228288756951747,0.0238215175498241,0.0221942461115602,0.0230222637770168,1.0,0.892129142337827,0.8877122886570724,0.8949644961880052,0.8912669235441422,0.892129142337827,0.0,0.0219722135211346,0.0463147438772495,0.0296358349939745,0.0867394681819201,0.4822621204414588,1.0,0.198986639285602,0.4205065736692677,19.898663928560204,0.198986639285602,0.4205065736692677,0.0,0.0,1.1102230246251563e-16
wide_ood,0.08,0.16,real,100,4,20265795,0,120,0.0,341.3050242483538,-66.4901304466233,0.8890700044651966,0.1665193509646129,0.0233793304723509,0.1683813237086737,0.1679235078961176,0.1681525716098666,0.4349184421321905,0.8896771344430179,0.4308882003170979,0.4318756672385864,0.4313813151668516,0.8896771344430179,0.0,0.1679656617074999,0.3567973913275765,0.2205175208826022,0.6170761123523653,0.0,1.0,0.0025303342195791,0.0233793304723509,0.0240688412796424,0.0229495587899141,0.0235158602776545,1.0,0.8896771344430179,0.8866152055624061,0.8915909801928167,0.8890700044651966,0.8896771344430179,0.0,0.0217505155979236,0.0419410991587232,0.0299041095635224,0.0834306069089083,0.4951435625570651,1.0,0.1828545168473926,0.4687626891092825,18.28545168473926,0.1828545168473926,0.4687626891092824,0.0,0.0,1.1102230246251563e-16
wide_ood,0.08,0.16,real,100,5,20266792,0,120,0.0,435.6977877177903,-65.67265790919684,0.8862302438444217,0.1609131888227794,0.0239716406182975,0.1617424580392242,0.1636299637888071,0.1626889482756843,0.4472820298282707,0.8870462082099743,0.4454312833055706,0.4412472871109397,0.4433282816036202,0.8870462082099743,0.0,0.1631965876015543,0.3319846726433261,0.2147972176650017,0.6172962587469817,0.0,1.0,0.0029762767383283,0.0239716406182975,0.0245367894075536,0.0237684984776323,0.0241556986476467,1.0,0.8870462082099743,0.8845431808797366,0.8879476482616532,0.8862302438444217,0.8870462082099743,0.0,0.0235426402970138,0.045634741325819,0.0307882779430624,0.0830991345919349,0.4886764087377181,1.0,0.1845790297646327,0.4593557810728783,18.45790297646328,0.1845790297646327,0.4593557810728782,0.0,0.0,1.1102230246251563e-16
wide_ood,0.08,0.16,real,100,6,20267789,0,120,0.0,424.8637516641065,-70.12910791862298,0.8895234060893504,0.1642240207267032,0.0233004742932746,0.1665045117830764,0.1652305350949144,0.16586874656166,0.4399386015961995,0.8900279863027339,0.4349507124979221,0.4377301407580239,0.4363355450829552,0.8900279863027339,0.0,0.1616415925529249,0.3212620061469868,0.218093798470377,0.6107282964949584,0.0,1.0,0.0023017866751431,0.0233004742932746,0.0240178552653006,0.0227939307017001,0.0234138916925277,1.0,0.8900279863027339,0.8868412592530558,0.8922850331917301,0.8895234060893504,0.8900279863027339,0.0,0.0222583697234666,0.0425323481129323,0.0295656528144022,0.0829987040604422,0.5023350070510174,1.0,0.1713354960916041,0.4071845376544037,17.13354960916041,0.1713354960916041,0.4071845376544036,0.0,0.0,1.1102230246251563e-16
wide_ood,0.08,0.16,real,100,7,20268786,0,120,0.0,432.8712011374872,-54.91921871259623,0.8938785555488578,0.1621154204949635,0.0221313867302062,0.1631509992850096,0.1640858528759392,0.1636190937539405,0.4446014115971143,0.8952458249688928,0.4423052623764109,0.4402426334579332,0.4412712696296392,0.8952458249688928,0.0,0.1552846247725799,0.3472329841293597,0.2142928391548046,0.6116223182940091,0.0,1.0,0.0036910559302357,0.0221313867302062,0.0228248766029879,0.0220424443522611,0.0224370713882645,1.0,0.8952458249688928,0.8921469810495869,0.8956440399703935,0.8938785555488578,0.8952458249688928,0.0,0.0215789173310166,0.0412624316075576,0.0293904757153114,0.0809277287305921,0.5018627246987358,1.0,0.1849537236952701,0.470487397790423,18.49537236952701,0.1849537236952701,0.4704873977904229,0.0,0.0,1.1102230246251563e-16
wide_ood,0.08,0.16,real,100,8,20269783,0,120,0.0,269.4362984339819,-59.080451071315245,0.8928530459156351,0.1485355678834991,0.0224743137903808,0.1524144426984187,0.1480055981055264,0.1502261951419328,0.4758379901954346,0.893712120122432,0.4666983257327486,0.4771005610376986,0.4718326196334075,0.893712120122432,0.0,0.1453070247950509,0.3434882748350542,0.1987266548633768,0.6195165849092299,0.0,1.0,0.0029466011767522,0.0224743137903808,0.0233517547923023,0.0219601918435806,0.0226666547784038,1.0,0.893712120122432,0.8897998101600192,0.8960124605698591,0.8928530459156351,0.893712120122432,0.0,0.0215683271661998,0.047781021745927,0.0292640869726014,0.0872539466450497,0.4782562013459698,1.0,0.1701430257859743,0.4627480049763588,17.014302578597437,0.1701430257859743,0.4627480049763588,0.0,0.0,1.1102230246251563e-16
wide_ood,0.08,0.16,real,100,9,20270780,0,120,0.0,376.6658505175531,-60.786685674672185,0.8854074852606877,0.1708274978036527,0.0241340492994393,0.1729810487002457,0.1720654801912711,0.1725238718016864,0.4256501607398604,0.8863261805724519,0.4210914518885776,0.4230235613244947,0.4220551193050823,0.8863261805724519,0.0,0.1682389774514851,0.3602157015419309,0.2262603988154976,0.6212838484411722,0.0,1.0,0.0031708649165792,0.0241340492994393,0.0243627167708845,0.0243201864991941,0.0243414609238427,1.0,0.8863261805724519,0.8853133898305896,0.8855016729442129,0.8854074852606877,0.8863261805724519,0.0,0.0236957174851395,0.0469670217335179,0.03132854226109,0.0845815944925758,0.4877403690902679,1.0,0.2112052536060944,0.4568180069764792,21.12052536060944,0.2112052536060943,0.4568180069764792,0.0,0.0,1.1102230246251563e-16
wide_ood,0.08,0.16,real,100,10,20271777,0,120,0.0,401.3148371887711,-51.07669917344804,0.8960337564743729,0.1643432840360685,0.0216851293244142,0.1671016374383467,0.1644231201765015,0.1657677889144223,0.4396763371325711,0.8972456055784613,0.4336540479941756,0.4395008618490928,0.4365558577340832,0.8972456055784613,0.0,0.1583417567786552,0.3283056883744332,0.2162773720477477,0.5994442088978195,0.0,1.0,0.0034345949142278,0.0216851293244142,0.0221897988511603,0.0217185491925189,0.0219554384160601,1.0,0.8972456055784613,0.8949843971100818,0.897095688955315,0.8960337564743729,0.8972456055784613,0.0,0.0212677794066948,0.0443525752722331,0.028681068493151,0.0831415918215976,0.4944351004945442,1.0,0.1924801223251618,0.4578874177666365,19.24801223251618,0.1924801223251618,0.4578874177666365,0.0,0.0,1.1102230246251563e-16
wide_ood,0.08,0.16,real,100,11,20272774,0,120,0.0,385.214715444894,-69.02430438005769,0.8885604589827928,0.1580537028074816,0.0234882162337691,0.1574783540045267,0.162067598754424,0.1597894529466823,0.4537229479436105,0.8891929004094563,0.4550300719476083,0.4447077323744637,0.4498022376362006,0.8891929004094563,0.0,0.1579230014956565,0.348314645139643,0.2102979728153382,0.637580894813005,0.0,1.0,0.0025894123267535,0.0234882162337691,0.024472946299114,0.022756924562101,0.0236305175153283,1.0,0.8891929004094563,0.8848255858824539,0.89245014858947,0.8885604589827928,0.8891929004094563,0.0,0.0222842520170086,0.0474557368229444,0.0299770931577834,0.0855501668446743,0.4936531716526414,1.0,0.159168006405753,0.4417470498765081,15.916800640575303,0.159168006405753,0.4417470498765081,0.0,0.0,1.1102230246251563e-16
wide_ood,0.08,0.16,real,100,12,20273771,0,120,0.0,397.4329818933924,-51.10375088505506,0.893503598568603,0.162687546506283,0.0222029193807383,0.1655799809977328,0.1627995231175864,0.1641956376316422,0.4433313888346086,0.8949256856896446,0.4369659935016035,0.4430832445739435,0.4400010401223417,0.8949256856896446,0.0,0.1552251364337315,0.352297604385102,0.2147635144324277,0.6138597227270693,0.0,1.0,0.0037716128271818,0.0222029193807383,0.0234517577352124,0.0215500451001932,0.0225209833787454,1.0,0.8949256856896446,0.8893550083749212,0.8978518289162649,0.893503598568603,0.8949256856896446,0.0,0.0216058451524105,0.0480147040025994,0.0294289844166678,0.0889622458347668,0.4753073220934786,1.0,0.20587974263248,0.4597007046893558,20.587974263248007,0.20587974263248,0.4597007046893558,0.0,0.0,1.1102230246251563e-16
wide_ood,0.08,0.16,real,100,13,20274768,0,120,0.0,325.59199970590066,-54.93929363007745,0.8835792229142896,0.1509781523470504,0.0245460945167298,0.1552748866554734,0.1506105443135928,0.1529604956913823,0.4700619606789242,0.8845020279827288,0.4600710093421754,0.4709267479571773,0.4654258535284542,0.8845020279827288,0.0,0.1487400251832892,0.3306222621868384,0.2039655458439112,0.5978277019378099,0.0,1.0,0.0032082010356122,0.0245460945167298,0.0247743640116624,0.0247353493534238,0.0247548643686274,1.0,0.8845020279827288,0.8834930797165621,0.8836654424305027,0.8835792229142896,0.8845020279827288,0.0,0.0240488779940004,0.0456782092545747,0.0319861092276272,0.08981351265143,0.4708926063936489,1.0,0.1972867043827235,0.4666050096808938,19.728670438272356,0.1972867043827235,0.4666050096808938,0.0,0.0,1.1102230246251563e-16
wide_ood,0.08,0.16,real,100,14,20275765,0,120,0.0,464.7223960833837,-52.909234576644266,0.8909699816107896,0.1581557920959189,0.0228662696574038,0.1581398055170045,0.1614436237022362,0.1598002530083498,0.4534914057790588,0.8919623567129914,0.4535276561085639,0.446097331587999,0.4497779488324846,0.8919623567129914,0.0,0.1541523559079171,0.3490510286347595,0.2095335102689239,0.600516935034763,0.0,1.0,0.0031986575305829,0.0228662696574038,0.0234243674619209,0.0227485033594525,0.0230889085502771,1.0,0.8919623567129914,0.8894768150991923,0.8924877268983759,0.8909699816107896,0.8919623567129914,0.0,0.0219237448901057,0.0518291913941558,0.0298083021240558,0.0919706687738392,0.4600691934694129,1.0,0.1634327693508938,0.4517212725230251,16.34327693508939,0.1634327693508938,0.4517212725230251,0.0,0.0,1.1102230246251563e-16
wide_ood,0.08,0.16,real,100,15,20276762,0,120,0.0,367.7730148496854,-52.218854739337374,0.8916770628857152,0.1675947940601648,0.0227197955941207,0.1631357756140889,0.174914627548999,0.169127774501729,0.4325860684115679,0.8926158427340808,0.4423389312066072,0.4170400003241616,0.4292830134686802,0.8926158427340808,0.0,0.1676467639850162,0.3279266307528919,0.2213149463146617,0.6028478719645624,0.0,1.0,0.0030995555743148,0.0227197955941207,0.023813951092312,0.0220110982589865,0.0229302498154053,1.0,0.8926158427340808,0.8877458734789393,0.8957844256795542,0.8916770628857152,0.8926158427340808,0.0,0.0227757198010182,0.047313485239912,0.029527476636837,0.0914635029154906,0.4626427622436258,1.0,0.1882417002530311,0.4556939425060245,18.82417002530311,0.188241700253031,0.4556939425060244,0.0,0.0,1.1102230246251563e-16
wide_ood,0.08,0.16,real,100,16,20277759,0,120,0.0,373.7517600116237,-69.42247389568313,0.897005235666773,0.1569806549684119,0.0215154404517909,0.1599575579029952,0.1569243769909641,0.1584482256516183,0.4561638221695753,0.8980071915908391,0.4494243265527285,0.456292200117339,0.4528288097890056,0.8980071915908391,0.0,0.1490988599846899,0.3523020664488832,0.2068804718466793,0.61539312272082,0.0,1.0,0.0031076673181813,0.0215154404517909,0.0217958457969458,0.0216814356993689,0.0217387160153274,1.0,0.8980071915908391,0.8967490436928731,0.8972621761756779,0.897005235666773,0.8980071915908391,0.0,0.020796768668083,0.039564384393151,0.0281820282240587,0.0773086390019205,0.5112741527896065,1.0,0.1748514295250132,0.4618207662174096,17.48514295250132,0.1748514295250131,0.4618207662174095,0.0,0.0,1.1102230246251563e-16
wide_ood,0.08,0.16,real,100,17,20278756,0,120,0.0,341.75971433383376,-56.040129743475774,0.8831175740827,0.1654069190683968,0.0246695727505029,0.1693333736093374,0.1651129370245215,0.1672364693940634,0.4373442680297476,0.8839561127807616,0.4288419391963121,0.4379875975411886,0.4333617944010757,0.8839561127807616,0.0,0.1673217993684528,0.3302029933423718,0.2212060085605653,0.5934262886644948,0.0,1.0,0.0030661531227379,0.0246695727505029,0.025305394374796,0.0244052298670778,0.0248593868521416,1.0,0.8839561127807616,0.8811503829459156,0.8851252227636942,0.8831175740827,0.8839561127807616,0.0,0.0242555836859805,0.0451849509180993,0.0319264014507386,0.0835858232560781,0.4885097260656216,1.0,0.1895976467650604,0.4582264674075936,18.95976467650604,0.1895976467650604,0.4582264674075936,0.0,0.0,1.1102230246251563e-16
wide_ood,0.08,0.16,real,100,18,20279753,0,120,0.0,390.766341720921,-56.92593971038496,0.8860070578131182,0.1657796661199805,0.0240125258814787,0.1704442628326278,0.1645227992211531,0.1675096985194018,0.4365299331855691,0.8868648911552114,0.4264665628097084,0.4392818712953854,0.4327701633000161,0.8868648911552114,0.0,0.1638888111508684,0.3479766302764727,0.2208639741085287,0.6267569310985495,0.0,1.0,0.0030549216799394,0.0240125258814787,0.0242638111956397,0.024148195742557,0.0242060724959513,1.0,0.8868648911552114,0.8857513102540588,0.8862634909750788,0.8860070578131182,0.8868648911552114,0.0,0.0236284608129194,0.0422506468803227,0.0312052658161684,0.0840359291437056,0.4869488914106862,1.0,0.1959798046624241,0.4712236663577834,19.59798046624241,0.1959798046624241,0.4712236663577833,0.0,0.0,1.1102230246251563e-16
wide_ood,0.08,0.16,real,100,19,20280750,0,120,0.0,362.6346700072031,-62.88015712330386,0.8890703060221202,0.1582179231846811,0.0233615058442753,0.1599498405194521,0.1599168248251989,0.1599333335242712,0.4533505480853694,0.8897564287965906,0.4494416687868262,0.449515868054615,0.4494787649749754,0.8897564287965906,0.0,0.1568887003487701,0.3606177919428622,0.2106827328194114,0.6214855687325205,0.0,1.0,0.0026893379900192,0.0233615058442753,0.0236856097674541,0.023344739840427,0.0235157924411802,1.0,0.8897564287965906,0.8883157287070188,0.8898310202215934,0.8890703060221202,0.8897564287965906,0.0,0.0223940277561819,0.0470626679540115,0.0299483797297676,0.0836146939109276,0.4896246642555366,1.0,0.1756096905074038,0.4753766102133937,17.56096905074038,0.1756096905074038,0.4753766102133937,0.0,0.0,1.1102230246251563e-16
wide_ood,0.08,0.16,real,100,20,20281747,0,120,0.0,381.1852436601731,-70.29972545880248,0.899603784270857,0.1621637887848919,0.0209495516756648,0.1649766863292263,0.1620328645207288,0.163511400545902,0.4444939015479378,0.9005516505482358,0.4382860797741523,0.4447849719929287,0.4415089432066798,0.9005516505482358,1.0,0.1587106563905789,0.3225477817322067,0.2130195398788732,0.5887915898611069,0.0,1.0,0.0029781031559052,0.0209495516756648,0.0218165196465844,0.0204828000563234,0.0211601704581641,1.0,0.9005516505482358,0.8966563522092157,0.9026557745574306,0.899603784270857,0.9005516505482358,1.0,0.0200395268815309,0.0500170111504036,0.0272884254114729,0.0861127586150376,0.4732659566267814,1.0,0.1895086512464355,0.4461071705632586,18.95086512464356,0.1895086512464355,0.4461071705632585,0.0,0.0,1.1102230246251563e-16
wide_ood,0.08,0.16,real,100,21,20282744,0,120,0.0,403.827700195677,-67.52705879134932,0.8900577927676722,0.1556774700368881,0.0231377392231129,0.1566716179039919,0.1581001690392248,0.1573875142870074,0.4591458560697287,0.8907524748459814,0.4568692246605008,0.4536175462099062,0.4552367929062308,0.8907524748459814,0.0,0.1512715311103981,0.3588405176902413,0.2069699436241409,0.6128500587614238,0.0,1.0,0.0026916628430623,0.0231377392231129,0.0237149718493898,0.0228648236515755,0.0232937765340337,1.0,0.8907524748459814,0.8881853242835611,0.8919688056501361,0.8900577927676722,0.8907524748459814,0.0,0.0215500558012156,0.0416849879494258,0.0297152253213613,0.0828908271518349,0.4937947464213059,1.0,0.2037595412399714,0.4522239596409825,20.37595412399714,0.2037595412399714,0.4522239596409825,0.0,0.0,1.1102230246251563e-16
wide_ood,0.08,0.16,real,100,22,20283741,0,120,0.0,362.346160744795,-58.20943212824508,0.8898986342508046,0.1490309742786121,0.0230922337471168,0.1533125451739456,0.1482640502617359,0.1508094246188342,0.4746607828705394,0.8909551684810958,0.4646073095052753,0.4764844208866732,0.4704586904374022,0.8909551684810958,0.0,0.14417283210373,0.2975921320004103,0.1992813445283192,0.5752850460091593,0.0,1.0,0.0033190863731066,0.0230922337471168,0.0238554729436276,0.0227914808251481,0.0233295433685193,1.0,0.8909551684810958,0.8875615883484274,0.8922959631995757,0.8898986342508046,0.8909551684810958,0.0,0.0221048135982464,0.0475061536971661,0.0300669433429667,0.0888196554981571,0.4732154276846878,1.0,0.1977278471917483,0.4550640328730861,19.77278471917484,0.1977278471917483,0.455064032873086,0.0,0.0,1.1102230246251563e-16
wide_ood,0.08,0.16,real,100,23,20284738,0,120,0.0,379.4513641330156,-67.1410780389003,0.8873165516719563,0.1646164318071028,0.02378296086977,0.162626336332416,0.1699443215537576,0.1663255808606587,0.4390762639401607,0.8878834413477107,0.4434670915564737,0.4275339375096283,0.4353400172795819,0.8878834413477107,0.0,0.1624597644135111,0.3210455855011476,0.219090566813896,0.6093564468172733,0.0,1.0,0.0024682318137795,0.02378296086977,0.0238901237908666,0.0239312510599884,0.0239106962679794,1.0,0.8878834413477107,0.8874078278635746,0.8872253633221016,0.8873165516719563,0.8878834413477107,0.0,0.0227202929713237,0.0463175565645004,0.0302156911584206,0.0835433952094411,0.493213771366088,1.0,0.1847668493459779,0.4482340695699799,18.476684934597795,0.1847668493459779,0.4482340695699799,0.0,0.0,1.1102230246251563e-16
wide_ood,0.08,0.16,real,100,24,20285735,0,120,0.0,406.45718075297486,-68.38540256219555,0.8901614106253353,0.1671272480957087,0.0231594037547573,0.1654793160271371,0.1719079580584673,0.1687242574093021,0.4335985207232922,0.8906559913958546,0.4371859847049151,0.4233568704341995,0.430150002954386,0.8906559913958546,0.0,0.163027810823596,0.3619035525164753,0.2203935208804215,0.6175358800902966,0.0,1.0,0.002271107989754,0.0231594037547573,0.0236594810332873,0.0228748942028045,0.0232704944893096,1.0,0.8906559913958546,0.8884317891157906,0.8919238936931063,0.8901614106253353,0.8906559913958546,0.0,0.0223808418935668,0.0434915661133256,0.0294369641111278,0.0806294392803557,0.5009957037310575,1.0,0.1995173195473676,0.4446269238187724,19.95173195473676,0.1995173195473675,0.4446269238187724,0.0,0.0,1.1102230246251563e-16
wide_ood,0.08,0.16,real,100,25,20286732,0,120,0.0,348.8751820774977,-69.49110279184356,0.8878634801134249,0.1638635264787689,0.0235995416337676,0.1667282791440438,0.1643717380951788,0.1655542016240667,0.440732293361202,0.888698089358258,0.4344643457657256,0.4396137886996377,0.4370223206798532,0.888698089358258,0.0,0.1589984695603057,0.334037372301648,0.2176528792719228,0.5956410554451801,0.0,1.0,0.0029840842337096,0.0235995416337676,0.0240896168752695,0.0234814098145393,0.0237874572839933,1.0,0.888698089358258,0.8865231105508726,0.8892231620226684,0.8878634801134249,0.888698089358258,0.0,0.023136624206925,0.0437605887756856,0.0304630336665079,0.0804914004747995,0.5031362065691309,1.0,0.1697029181620501,0.438189161223475,16.970291816205012,0.16970291816205,0.438189161223475,0.0,0.0,1.1102230246251563e-16
wide_ood,0.08,0.16,real,100,26,20287729,0,120,0.0,414.41436337269175,-53.48459608864472,0.8924388200900171,0.1629259836271072,0.0225363901080772,0.1646102863466946,0.1643441014116018,0.1644772477273493,0.4428031704647167,0.8934347713791411,0.4390897557764245,0.4396745402328403,0.439381932416979,0.8934347713791411,0.0,0.1619048304190495,0.339297314409257,0.2158127926290976,0.6192615751418821,0.0,1.0,0.0031787248199114,0.0225363901080772,0.0229475199348265,0.0225698398312673,0.0227594633193351,1.0,0.8934347713791411,0.8916000693631753,0.8932853581451122,0.8924388200900171,0.8934347713791411,0.0,0.0222720421837309,0.0460922065964182,0.0295469787998425,0.0863799028071028,0.483210630301446,1.0,0.1922297406095696,0.4658545694163802,19.22297406095696,0.1922297406095696,0.4658545694163802,0.0,0.0,1.1102230246251563e-16
wide_ood,0.08,0.16,real,100,27,20288726,0,120,0.0,384.0211413841285,-67.18142686298062,0.8912448075221071,0.1569630224971452,0.0228687654931932,0.1562922659432487,0.1609144783404178,0.1586202095151245,0.4562040404198536,0.89195122582458,0.45773661819994,0.4472791459472338,0.4524395809246281,0.89195122582458,0.0,0.1547292808585628,0.3290734400554707,0.2093490245824823,0.5905963831698949,0.0,1.0,0.0026968004690834,0.0228687654931932,0.0235777259833711,0.0224632404910444,0.0230272266665509,1.0,0.89195122582458,0.8887950322794715,0.8937616032014051,0.8912448075221071,0.89195122582458,0.0,0.0221996770778976,0.043084361036708,0.0295177306570907,0.0839810682444404,0.4856573887628383,1.0,0.1994375940639093,0.4459170065606873,19.943759406390928,0.1994375940639092,0.4459170065606872,0.0,0.0,1.1102230246251563e-16
wide_ood,0.08,0.16,real,100,28,20289723,0,120,0.0,406.2513082794311,-55.79912605201593,0.8847109161012616,0.1535204953561308,0.0243023388665368,0.1614133910165679,0.1492112915904292,0.1554321272091963,0.4641244846842658,0.8855806970130227,0.4461647702870199,0.4742330279465986,0.4597094423919641,0.8855806970130227,0.0,0.1531872953015276,0.3242248024856999,0.2067717928098804,0.5737853556657998,0.0,1.0,0.0030969045551212,0.0243023388665368,0.0246781635767993,0.0243182488450909,0.0244988671617182,1.0,0.8855806970130227,0.883918144029132,0.8855102519655207,0.8847109161012616,0.8855806970130227,0.0,0.0240304242927251,0.047751557445514,0.031396534840377,0.0840468198310377,0.4849839598752174,1.0,0.1756256392802165,0.4545333219613012,17.56256392802165,0.1756256392802164,0.4545333219613011,0.0,0.0,1.1102230246251563e-16
wide_ood,0.08,0.16,real,100,29,20290720,0,120,0.0,419.3000575305775,-53.87443069055119,0.8894753224890475,0.1677183127929553,0.0231853008444876,0.1716276599316481,0.1669668457781859,0.1693132913310853,0.4323189884785294,0.8905406718714758,0.4239506170909973,0.4339464112487533,0.4288850019740181,0.8905406718714758,0.0,0.1640025077167158,0.3636243019343851,0.2217324716533757,0.6260544375555072,0.0,1.0,0.0033404399440491,0.0231853008444876,0.0239563614329952,0.0228806943826033,0.0234247030775034,1.0,0.8905406718714758,0.8871139775155253,0.8918980274734288,0.8894753224890475,0.8905406718714758,0.0,0.0222919960446946,0.0446491708274513,0.0302104526301154,0.0826539482572775,0.4925672652605583,1.0,0.204291402417804,0.4644987381168662,20.42914024178041,0.204291402417804,0.4644987381168662,0.0,0.0,1.1102230246251563e-16
wide_ood,0.08,0.16,real,100,30,20291717,0,120,0.0,437.11061122799833,-58.66673395679144,0.8896491009224246,0.1657535022704136,0.023235200479292,0.1686456132026648,0.1660929055075471,0.1673741260058463,0.4365870434385643,0.8903185113154304,0.430319180242827,0.4358467764595745,0.4330636214450771,0.8903185113154304,0.0,0.1622869101943865,0.3303806537765872,0.2199203381769914,0.5832938475438212,0.0,1.0,0.0026482574077727,0.023235200479292,0.0237953947483408,0.0229685612521131,0.0233856325253502,1.0,0.8903185113154304,0.887828243889051,0.891506272097546,0.8896491009224246,0.8903185113154304,0.0,0.022318232804966,0.0420148107750641,0.0297998395942613,0.0813901131966612,0.496338667458739,1.0,0.1784817472441358,0.4505580935362002,17.848174724413578,0.1784817472441358,0.4505580935362002,0.0,0.0,1.1102230246251563e-16
wide_ood,0.08,0.16,real,100,31,20292714,0,120,0.0,461.0143786452616,-55.512707186776886,0.8859522981670164,0.1679025460899304,0.0240281523454226,0.1660871197763246,0.173067336091005,0.1696131394928354,0.4319209340809,0.8867956010509213,0.4358593851034631,0.4209098166601973,0.4282424818433485,0.8867956010509213,0.0,0.1667245634288525,0.3204052574246001,0.2233862873362827,0.6208709115997354,0.0,1.0,0.0030299231254413,0.0240281523454226,0.0250113683226948,0.0233986438322469,0.0242184338734139,1.0,0.8867956010509213,0.8824467414623997,0.8895912253176257,0.8859522981670164,0.8867956010509213,0.0,0.0227587956422295,0.0456272420926807,0.0309344576899942,0.0862057738855593,0.4808904594113327,1.0,0.2043692582182383,0.4681134807597084,20.43692582182384,0.2043692582182383,0.4681134807597083,0.0,0.0,1.1102230246251563e-16
wide_ood,0.08,0.16,real,100,32,20293711,0,120,0.0,420.42094732980615,-55.50128472843864,0.8910327375963235,0.1561380371163666,0.0228689123022668,0.1550463691631627,0.1605140834263511,0.1578039092812363,0.4580897352427391,0.8919505710921546,0.4605969811360408,0.4481754843472326,0.4542899872522964,0.8919505710921546,0.0,0.1520766256936912,0.3194058423183842,0.208147398590258,0.5913712926591956,0.0,1.0,0.0030757531190043,0.0228689123022668,0.0236514263745071,0.0224834348960949,0.0230748219307936,1.0,0.8919505710921546,0.8884675699108449,0.8936713628381896,0.8910327375963235,0.8919505710921546,0.0,0.0227558088487233,0.0478870787307199,0.0297260954913827,0.0848052669144194,0.4823427233713312,1.0,0.1896205713125367,0.4481725014904534,18.96205713125368,0.1896205713125367,0.4481725014904534,0.0,0.0,1.1102230246251563e-16
wide_ood,0.08,0.16,real,100,33,20294708,0,120,0.0,306.3832399074072,-57.04333684085044,0.8902266304718737,0.1433733859336593,0.0229962865400608,0.1489470347685608,0.1413658191044863,0.1452059123752012,0.4882796765205844,0.8913826943228119,0.4748600386489693,0.4932056285141221,0.4838261834469364,0.8913826943228119,0.0,0.1371459333893638,0.344558044844126,0.1922805957972561,0.5993187826608848,0.0,1.0,0.0034648190465021,0.0229962865400608,0.0238955099818507,0.0225980736794631,0.0232558415383659,1.0,0.8913826943228119,0.8873839294451714,0.8931592626297389,0.8902266304718737,0.8913826943228119,0.0,0.0221177384490069,0.043173774245576,0.0301338985105927,0.0833812431801287,0.4967098748503334,1.0,0.1957149920925474,0.4640930145795735,19.57149920925474,0.1957149920925473,0.4640930145795735,0.0,0.0,1.1102230246251563e-16
wide_ood,0.08,0.16,real,100,34,20295705,0,120,0.0,332.9224634682634,-71.52902190800201,0.8893575891127156,0.1630006886146691,0.0233486686736525,0.1638842249116917,0.1654410180713076,0.1646644613074975,0.4426378033243049,0.8898135404048954,0.4406866833823252,0.4372697093685255,0.4389708335321308,0.8898135404048954,0.0,0.1606493433465435,0.3364207050294927,0.2164807098284652,0.5976765595889272,0.0,1.0,0.0021902948232565,0.0233486686736525,0.0237708171269474,0.023127120305105,0.0234511773743833,1.0,0.8898135404048954,0.8879373541252922,0.8907997702390138,0.8893575891127156,0.8898135404048954,0.0,0.0218799150742166,0.0437715353019793,0.0295388770140362,0.0810433119548394,0.4959052505543905,1.0,0.1606045036360399,0.4183448244354042,16.060450363603994,0.1606045036360399,0.4183448244354042,0.0,0.0,1.1102230246251563e-16
wide_ood,0.08,0.16,real,100,35,20296702,0,120,0.0,402.2689481829128,-58.68589720998911,0.894148441168197,0.1631085303731898,0.0222036676081125,0.1682108190731576,0.1609344941839508,0.1646128656446796,0.4423991934648622,0.8949223376564278,0.4312556991231812,0.4472343848400952,0.4390840930963275,0.8949223376564278,0.0,0.1607573999380507,0.3138837678632468,0.2155375036343561,0.5946779383833802,0.0,1.0,0.0027773427899419,0.0222036676081125,0.0224720240730484,0.022280958473753,0.022376695203367,1.0,0.8949223376564278,0.8937223519216595,0.8945765578639876,0.894148441168197,0.8949223376564278,0.0,0.0209878579726882,0.0542419362771942,0.028528039156953,0.0929783560396941,0.4720684403931655,1.0,0.1660735897115424,0.4165848672494519,16.607358971154248,0.1660735897115424,0.4165848672494519,0.0,0.0,1.1102230246251563e-16
wide_ood,0.08,0.16,real,100,36,20297699,0,120,0.0,493.9382481094469,-70.56105289446688,0.8871773575301088,0.1487560909388104,0.0238107870948318,0.1500538099196194,0.1512432162959675,0.1506496869345271,0.4753136131045013,0.8877599177185628,0.4722394798050729,0.4694393909243792,0.4708345904397727,0.8877599177185628,0.0,0.1465797121367671,0.3186503312684208,0.2005456618115556,0.5740653723256386,0.0,1.0,0.0025038516456057,0.0238107870948318,0.0243029071849531,0.0235757165879804,0.0239420729081383,1.0,0.8877599177185628,0.8855781805575017,0.8888039620275358,0.8871773575301088,0.8877599177185628,0.0,0.0231975065634877,0.0419938388136603,0.030317295034472,0.0805496510507357,0.5059328451384522,1.0,0.1729993196068274,0.4091255804792232,17.299931960682745,0.1729993196068274,0.4091255804792231,0.0,0.0,1.1102230246251563e-16
wide_ood,0.08,0.16,real,100,37,20298696,0,120,0.0,395.10309102928295,-56.99555332517604,0.8907323361958985,0.1687964796907911,0.0229572876839744,0.1688300416345166,0.1718574824361867,0.1703504875655142,0.4299946989241228,0.8915565257974015,0.4299225476886937,0.4234637299255404,0.4266665697745231,0.8915565257974015,0.0,0.1685795821571984,0.3146300088224303,0.2227630985142033,0.6018607874318006,0.0,1.0,0.002920134577485,0.0229572876839744,0.0233121987797446,0.0229710660519804,0.0231422609905642,1.0,0.8915565257974015,0.8899758122266178,0.8914951069435018,0.8907323361958985,0.8915565257974015,0.0,0.0219270933667004,0.0447683766254011,0.0297961095135951,0.0870600931515112,0.4756991324529832,1.0,0.1823814209962866,0.4467418574879442,18.23814209962866,0.1823814209962865,0.4467418574879442,0.0,0.0,1.1102230246251563e-16
wide_ood,0.08,0.16,real,100,38,20299693,0,120,0.0,348.7131013439624,-60.94663338737873,0.8932960313778994,0.1597991005265523,0.0223837747061948,0.1616455629964994,0.1610722935887188,0.1613591828784245,0.449780540644447,0.8941167910962785,0.4456471360051243,0.4469263478104655,0.4462857154843266,0.8941167910962785,0.0,0.1558990236980129,0.3503219376896765,0.211664321624578,0.6130895918686768,0.0,1.0,0.0028734017934818,0.0223837747061948,0.0227403407551875,0.0223932248295527,0.0225674501874817,1.0,0.8941167910962785,0.8925241527623257,0.8940745445245134,0.8932960313778994,0.8941167910962785,0.0,0.0214424276948084,0.05326195879166,0.0288654492201184,0.0934927147752339,0.448255432896856,1.0,0.1681203190239362,0.460815861658774,16.812031902393624,0.1681203190239361,0.460815861658774,0.0,0.0,1.1102230246251563e-16
wide_ood,0.08,0.16,real,100,39,20300690,0,120,0.0,348.40591851581075,-63.896624928880186,0.8913316028924999,0.1701374188575735,0.0228678992589757,0.1694795679592843,0.1738276165297288,0.1716673589009747,0.4271213584583192,0.891955089026307,0.4285285823950956,0.4193128065219046,0.4238664734295958,0.891955089026307,0.0,0.1672916604194221,0.3835124092521644,0.2219705113727406,0.6153502564279927,0.0,1.0,0.0025329343464508,0.0228678992589757,0.023668890903239,0.0223270407634946,0.0230077502794621,1.0,0.891955089026307,0.8883899899611273,0.8943704609277682,0.8913316028924999,0.891955089026307,0.0,0.0219798740921375,0.0398321166757842,0.0293660175401815,0.0795817912117683,0.5160686684554486,1.0,0.2190500141973972,0.4494986811111676,21.90500141973972,0.2190500141973972,0.4494986811111676,0.0,0.0,1.1102230246251563e-16
wide_ood,0.08,0.16,real,100,40,20301687,0,120,0.0,400.0106197523911,-60.31437780936503,0.8881257398847374,0.1497877447160029,0.0235013382432758,0.1471072373175677,0.1560026392772103,0.1516201878587786,0.4728681303341873,0.8891345623347969,0.4792484234946428,0.4583999620424441,0.4685553977825731,0.8891345623347969,0.0,0.1475803260919429,0.324611576338618,0.2014970541061009,0.5881683090319523,0.0,1.0,0.0032746854381628,0.0235013382432758,0.0242529396594392,0.02319197804766,0.0237283894089711,1.0,0.8891345623347969,0.8857994589498428,0.8905109407627831,0.8881257398847374,0.8891345623347969,0.0,0.0228461822104042,0.0448290250947058,0.0306548670997781,0.08281898892563,0.4925014608150797,1.0,0.1912009168162645,0.4633599695296781,19.12009168162645,0.1912009168162645,0.463359969529678,0.0,0.0,1.1102230246251563e-16
wide_ood,0.08,0.16,real,100,41,20302684,0,120,0.0,416.0219224311948,-51.42595440311106,0.8928742789121374,0.1604809753135067,0.0223804821644028,0.1616485887572309,0.1624185721885483,0.1620340378423173,0.4482496817109491,0.8941315108019495,0.4456403939481029,0.4439280137258269,0.4447823626215336,0.8941315108019495,0.0,0.1609063676095777,0.3031878972414273,0.2124528440385701,0.571904109246522,0.0,1.0,0.0035602903306965,0.0223804821644028,0.0236201636300517,0.0216612827041611,0.0226618986219161,1.0,0.8941315108019495,0.8886064604387852,0.8973525933327257,0.8928742789121374,0.8941315108019495,0.0,0.021563856704339,0.0447284236860116,0.0293626520133823,0.083781168069261,0.485811166361473,1.0,0.1897291252150758,0.4587052641061078,18.972912521507578,0.1897291252150757,0.4587052641061077,0.0,0.0,1.1102230246251563e-16
wide_ood,0.08,0.16,real,100,42,20303681,0,120,0.0,453.78322382120257,-53.80756515201848,0.8876439641120161,0.1687531894651011,0.0236915674527392,0.1715409400807758,0.169267730303882,0.1704081257540614,0.4300877818355195,0.8882892675734115,0.4241344816213351,0.4289827153096056,0.4265436260500306,0.8882892675734115,0.0,0.1668457732110878,0.3224434128940682,0.2240486551676605,0.609635386443598,0.0,1.0,0.0026283042886246,0.0236915674527392,0.0239677471131741,0.0237053538661949,0.0238369115407448,1.0,0.8882892675734115,0.8870634769728454,0.8882280380682189,0.8876439641120161,0.8882892675734115,0.0,0.0222133834525614,0.0444668220831983,0.0302417148862104,0.0824988195160291,0.4894215121678994,1.0,0.199881050193142,0.474131543237134,19.9881050193142,0.199881050193142,0.4741315432371339,0.0,0.0,1.1102230246251563e-16
wide_ood,0.08,0.16,real,100,43,20304678,0,120,0.0,540.0956630290752,-53.13613764726078,0.8811057117161599,0.159209030496266,0.0251253939011257,0.1611089230835543,0.1612498574366897,0.1611794056641471,0.451109510229448,0.8819437773523089,0.4468445018738879,0.4465297340867805,0.4466870558504436,0.8819437773523089,0.0,0.1620821307419452,0.3384861681452817,0.214110591900497,0.5868262105187343,0.0,1.0,0.0030969080457951,0.0251253939011257,0.026325436901655,0.024263633037916,0.0253155339294046,1.0,0.8819437773523089,0.8766677694878684,0.8857520992715961,0.8811057117161599,0.8819437773523089,0.0,0.024515911258445,0.0516303481738364,0.0320543480611825,0.0893174412147588,0.4635400055212241,1.0,0.1704278760697051,0.4585691644328366,17.04278760697051,0.170427876069705,0.4585691644328366,0.0,0.0,1.1102230246251563e-16
wide_ood,0.08,0.16,real,100,44,20305675,0,120,0.0,354.4587231231328,-63.363946522017336,0.88726833269166,0.1660497137022811,0.0237233234845941,0.165041197662671,0.1703878225390523,0.1677358145947496,0.4359409116693561,0.8881482360588238,0.4381447304747747,0.4265869292827329,0.4322811583275516,0.8881482360588238,0.0,0.1671907464214837,0.3259334820436639,0.2203359484338374,0.5998336673757023,0.0,1.0,0.0030733040386013,0.0237233234845941,0.0238473598114176,0.0239955408307781,0.0239215650589249,1.0,0.8881482360588238,0.8875975936012652,0.8869402115791734,0.88726833269166,0.8881482360588238,0.0,0.0226416794624872,0.0480476219348281,0.03064822056888,0.0879463995486206,0.4814563698317039,1.0,0.1796172358341073,0.450681345446305,17.961723583410734,0.1796172358341073,0.450681345446305,0.0,0.0,1.1102230246251563e-16
wide_ood,0.08,0.16,real,100,45,20306672,0,120,0.0,296.6742277738713,-57.688981351722376,0.8946794037132626,0.1663388748702945,0.0220307696187072,0.168769443352908,0.1668077552051033,0.1677914661212186,0.4353110811693621,0.8956963235239994,0.4300528302630209,0.434291732490194,0.4321608895295596,0.8956963235239994,0.0,0.1641201537867989,0.3355686860334078,0.2192936209120153,0.6001661926262949,0.0,1.0,0.0031721077155254,0.0220307696187072,0.0224111829548409,0.0221036882277041,0.0222579666041498,1.0,0.8956963235239994,0.8939942686151419,0.8953698183983901,0.8946794037132626,0.8956963235239994,0.0,0.0212073923869177,0.0422548566893093,0.0289097762689384,0.0816124527412407,0.4922397916983771,1.0,0.1988488883802106,0.4644935712393213,19.884888838021062,0.1988488883802106,0.4644935712393213,0.0,0.0,1.1102230246251563e-16
wide_ood,0.08,0.16,real,100,46,20307669,0,120,0.0,407.1358072126468,-55.57799763769153,0.8801300942779229,0.1511743733124283,0.0252774009004235,0.1524057305572489,0.15413555585485,0.1532730835557443,0.4696010067793878,0.881273723880884,0.4667186558840306,0.4626993539763665,0.4646989893308698,0.881273723880884,0.0,0.1491858765501446,0.3206355051118724,0.2043959017366922,0.6008542952085039,0.0,1.0,0.0036327635133419,0.0252774009004235,0.0261162056835617,0.024944573252375,0.0255371096059166,1.0,0.881273723880884,0.8775853807128303,0.882741506142476,0.8801300942779229,0.881273723880884,0.0,0.0255569345204469,0.0491609774104708,0.0328815386394448,0.092171258860535,0.46648398063115,1.0,0.1933202898687453,0.4592542000409807,19.332028986874533,0.1933202898687453,0.4592542000409807,0.0,0.0,1.1102230246251563e-16
wide_ood,0.08,0.16,real,100,47,20308666,0,120,0.0,467.2654312690223,-61.694748353317095,0.8985294443280532,0.176610791127506,0.0212617385991239,0.175930304258505,0.1798204498531574,0.1778860114537988,0.4135181153690401,0.8991470448362677,0.4149274798825337,0.4069348218388854,0.4108898697238681,0.8991470448362677,0.0,0.1759952433689049,0.3363563635540127,0.229791234962035,0.6154901617634663,0.0,1.0,0.0024212690999436,0.0212617385991239,0.0214734468785958,0.021324615442623,0.0213991605515687,1.0,0.8991470448362677,0.898195764040873,0.8988644116262013,0.8985294443280532,0.8991470448362677,0.0,0.0198414374021155,0.0487659139340215,0.0273019955650303,0.0852917402198004,0.484423745931835,1.0,0.1957589375408093,0.456390125192964,19.575893754080937,0.1957589375408093,0.456390125192964,0.0,0.0,1.1102230246251563e-16
wide_ood,0.08,0.16,real,100,48,20309663,0,120,0.0,350.7831578406797,-63.82732296713454,0.8864924114456988,0.157823224527787,0.0239035849162629,0.1605305942142411,0.1587105272677812,0.1596231548748403,0.4542461157552561,0.8873481023332864,0.4481384872225848,0.4522353104204215,0.4501763993947366,0.8873481023332864,0.0,0.1594575325916269,0.3284421762589291,0.2113132669979511,0.6121644140982139,0.0,1.0,0.0030433533364008,0.0239035849162629,0.0245325112075817,0.0236525397496385,0.0240965427266896,1.0,0.8873481023332864,0.8845621023451684,0.8884626239361251,0.8864924114456988,0.8873481023332864,0.0,0.0231738476802602,0.0497244553791209,0.0308971565123192,0.0896012050618091,0.4708470418198384,1.0,0.1894966654563948,0.4659077199178751,18.94966654563948,0.1894966654563947,0.465907719917875,0.0,0.0,1.1102230246251563e-16
wide_ood,0.08,0.16,real,100,49,20310660,0,120,0.0,435.00520418146647,-61.14600794846772,0.8948578684867682,0.1686747038216605,0.0220555794068477,0.1695886034316269,0.170630929701223,0.1701105649049955,0.4302565935380575,0.8955852202351401,0.4282950219848359,0.4260687126130141,0.4271787117921678,0.8955852202351401,0.0,0.1654790370383137,0.3420849756647406,0.2214683194196596,0.6046544793968266,0.0,1.0,0.0026822217533214,0.0220555794068477,0.0223506480468419,0.0220847079423232,0.0222180758956701,1.0,0.8955852202351401,0.8942648988735313,0.8954547943038669,0.8948578684867682,0.8955852202351401,0.0,0.0205126283568319,0.0426691322012445,0.0283138477015442,0.0797425268336128,0.5012732235715618,1.0,0.2102129679800441,0.46733126928724,21.02129679800441,0.2102129679800441,0.46733126928724,0.0,0.0,1.1102230246251563e-16
trained_support,0.02,0.08,zero,10,0,20260637,1,7,0.9421487603305784,39.876331255404175,28.01054609117436,0.9123938878687226,0.2026318401090873,0.0155886609649967,0.1926153621893702,0.2133182134793239,0.2032305808107538,0.3630701544126287,0.9250168690501904,0.3817166074733203,0.3441798056239705,0.3619848553599447,0.9250168690501904,1.0,0.1876064140423424,0.3211285763707825,0.2707509643617208,0.590445733684912,0.0,1.0,0.0096554712430242,0.0155886609649967,0.0136864833786812,0.0220261009699412,0.0183366975109064,1.0,0.9250168690501904,0.9338565708990612,0.8957172322257143,0.9123938878687226,0.9250168690501904,1.0,0.0217448601816123,0.0412160111411376,0.0301730210779832,0.0678138555901765,0.2528072499187958,1.0,0.1628234766268556,0.3487939994012392,1.628234766268556,0.1628234766268556,0.3487939994012392,0.0,0.0,5.551115123125783e-17
trained_support,0.02,0.08,zero,10,1,20261634,0,120,0.0,39.09950963295273,-133.75938905934967,0.8518309096726809,0.1701169815186431,0.0134100826885434,0.1629531605645593,0.1780042215776829,0.1706447119565324,0.4271650068082577,0.9351480561154508,0.4427430043822973,0.4106470847680213,0.4260393526857579,0.9351480561154508,1.0,0.1658337328964892,0.3080443904355501,0.2284753983174712,0.5263115379596637,0.0,1.0,0.0052369320063827,0.0134100826885434,0.0124874121404782,0.0160803012142165,0.0143963806060082,1.0,0.9351480561154508,0.9394721906725272,0.9227457839657548,0.9305477357532486,0.9351480561154508,1.0,0.0158608121456031,0.0273964160447742,0.0216681895125671,0.0491477462859212,0.3238846972290667,1.0,0.2969955158737721,0.5847761037591652,2.9699551587377218,0.2969955158737721,0.5847761037591652,0.0,0.0,1.1102230246251563e-16
trained_support,0.02,0.08,zero,10,2,20262631,1,12,0.9008264462809916,42.52400716367789,24.55953899684112,0.9002215783062337,0.2066947968325771,0.0170273617813904,0.2072951631407334,0.207494712010321,0.2073949615754796,0.3557688758306359,0.918386632335163,0.3547025189106015,0.3543487929705323,0.3545255692815742,0.918386632335163,1.0,0.1838507311136061,0.3741073278837147,0.2737452164261121,0.7007809853868435,0.0,1.0,0.0123300444302526,0.0170273617813904,0.0228438247127999,0.0190284461337123,0.0210228695683144,0.9402116945067708,0.918386632335163,0.8920624625584875,0.9092436029454624,0.9002215783062337,0.918386632335163,1.0,0.0249047674667136,0.0503092355244589,0.0356238996555324,0.0806360792464543,0.1403525634107078,1.0,0.2313637392471542,0.5221113788655739,2.3136373924715423,0.2313637392471542,0.5221113788655739,0.0,0.0,5.551115123125783e-17
trained_support,0.02,0.08,zero,10,3,20263628,1,10,0.9173553719008264,50.703031454865325,23.457498220756296,0.9007020006290934,0.1845958879402683,0.0152056478420678,0.1836742371318039,0.1867551384983986,0.1852210937521779,0.3973334447152632,0.9267900343711218,0.3991686835436363,0.393066805703483,0.3960933081820636,0.9267900343711218,1.0,0.168775814398539,0.3032470917068642,0.2496144898882431,0.5620425489428469,0.0,1.0,0.0143622484946547,0.0152056478420678,0.0253708838629004,0.0152082237047463,0.0209161638002573,0.9307065570998148,0.9267900343711218,0.8808618997424258,0.9267780980286864,0.9007020006290934,0.9267900343711218,1.0,0.0240119745108576,0.0405809029273415,0.0335980460266499,0.0796599265515881,0.2255795044534963,1.0,0.1926228068063306,0.3723641579333016,1.9262280680633068,0.1926228068063306,0.3723641579333015,0.0,0.0,5.551115123125783e-17
trained_support,0.02,0.08,zero,10,4,20264625,1,22,0.8181818181818182,37.582328424757286,12.21206479838096,0.9002934769981393,0.1239637838481206,0.019219275823006,0.1289669665151421,0.1218208606359802,0.1254448096539046,0.5380418578021438,0.908376463329996,0.5247492064241577,0.5438377647430269,0.5340723040903702,0.908376463329996,1.0,0.1200532116084787,0.2480770486369954,0.1719921266175409,0.4114795038881187,0.0,1.0,0.0084799259298599,0.019219275823006,0.0172716014831909,0.0241717023827289,0.0210068966517354,1.0,0.908376463329996,0.9172657844772298,0.8861593317113854,0.9002934769981393,0.908376463329996,1.0,0.0240288067235079,0.047068357932556,0.0336966489558553,0.0747120462570757,0.1925893842495639,1.0,0.3659963921668735,0.5146767364861353,3.659963921668735,0.3659963921668735,0.5146767364861353,0.0,0.0,5.551115123125783e-17
trained_support,0.02,0.08,zero,10,5,20265622,1,25,0.7933884297520661,31.071493395476743,20.72084198530745,0.9003180212458722,0.2256780191477475,0.0150460636784723,0.2253853562166958,0.226969922942245,0.2261790272299086,0.3235537278804929,0.92752983454517,0.3240275353724408,0.3214704621277078,0.3227442270565406,0.92752983454517,1.0,0.2039732210430288,0.3763385744627825,0.2964035056406982,0.70677223005247,0.0,1.0,0.0146518472348475,0.0150460636784723,0.0247571318675953,0.0164074903903795,0.0210014442267657,0.9293598750965152,0.92752983454517,0.8835692053961962,0.921237455909369,0.9003180212458722,0.92752983454517,1.0,0.0226761519583594,0.0665049991010526,0.0316013239317072,0.087083320024927,0.2783680901256207,1.0,0.2872229867427741,0.622513959210851,2.8722298674277407,0.287222986742774,0.622513959210851,0.0,0.0,5.551115123125783e-17
trained_support,0.02,0.08,zero,10,6,20266619,1,27,0.7768595041322314,38.72774922942168,9.394932463847931,0.9016402965264924,0.1367811738098106,0.0135172699674468,0.1367137943053889,0.1381772435640136,0.1374474666778637,0.5046420721360344,0.9346470105141962,0.5048121134413277,0.5011317603217722,0.5029636723849066,0.9346470105141962,1.0,0.1306380291670373,0.2270516567108785,0.1902196093352033,0.4450203352818119,0.0,1.0,0.0156876241718984,0.0135172699674468,0.0204852596610931,0.0209282205569594,0.0207079245587667,0.924559269094428,0.9346470105141962,0.9026446737434476,0.9006477045412833,0.9016402965264924,0.9346470105141962,1.0,0.0246453996371672,0.0443083974461375,0.0337927639699729,0.06941003173052,0.1041629737647845,1.0,0.3420229553620507,0.5587927350046684,3.4202295536205067,0.3420229553620506,0.5587927350046684,0.0,0.0,5.551115123125783e-17
trained_support,0.02,0.08,zero,10,7,20267616,1,10,0.9173553719008264,46.477301654435394,28.742029063023963,0.9045452349179548,0.2455845083789799,0.0163854690585225,0.2397848203346658,0.2523166832397299,0.2461305229995115,0.2929004344452868,0.9213388958725528,0.3015184406481025,0.2832052395214509,0.292101885392082,0.9213388958725528,1.0,0.2488040239325776,0.3364617779074043,0.3236202493921703,0.6419656941064088,0.0,1.0,0.0115803407303298,0.0163854690585225,0.0184987007727541,0.0215168270225137,0.0200645928864339,0.9437427093397566,0.9213388958725528,0.9116551331811652,0.8980009658600167,0.9045452349179548,0.9213388958725528,1.0,0.0203368653225262,0.0364867465703742,0.0321563843307422,0.0640729030606482,0.2338289325977464,1.0,0.2400929865565066,0.4593255814645522,2.4009298655650664,0.2400929865565066,0.4593255814645522,0.0,0.0,5.551115123125783e-17
trained_support,0.02,0.08,zero,10,8,20268613,0,120,0.0,23.17722130853273,-83.85236123951769,0.7556520510842333,0.1813015442714131,0.0161428741532594,0.1906146570624717,0.1729963502366758,0.1820187966698142,0.4039324082391198,0.922457134543755,0.3855542824783097,0.4210592363900026,0.4024863952366455,0.922457134543755,1.0,0.1691598840101207,0.2925835927638485,0.2489079972475496,0.5579671233436514,0.0,1.0,0.0035822966440996,0.0161428741532594,0.0161022475736205,0.0169578328045311,0.0165355748365244,1.0,0.922457134543755,0.9226445349679064,0.9187059602528432,0.920647663840963,0.922457134543755,1.0,0.0165985308697656,0.0268246656662429,0.0238567698171867,0.0495023157088088,0.3522551291443612,1.0,0.4204487138239282,0.6760335796366741,4.204487138239282,0.4204487138239282,0.6760335796366741,0.0,0.0,5.551115123125783e-17
trained_support,0.02,0.08,zero,10,9,20269610,1,19,0.8429752066115702,27.58597487001868,15.786335327495085,0.9010500982295948,0.1587302328397761,0.0163644990855816,0.1551127609526408,0.1639091171504258,0.1595715627788722,0.4521907548380999,0.921435503195676,0.4604441072223471,0.4406318384047833,0.4502925420942065,0.921435503195676,1.0,0.1536352205424718,0.249025115438783,0.2154638110309929,0.4305130585415153,0.0,1.0,0.0129020252694004,0.0163644990855816,0.0185589360420023,0.0228928824252728,0.0208388840002109,0.9375266204940984,0.921435503195676,0.9113806055618096,0.8918436766734419,0.9010500982295948,0.921435503195676,1.0,0.0248217695172989,0.0508312945746269,0.0347301770951137,0.0810163321832503,0.1477469261869662,1.0,0.1408802270819401,0.3126042737454364,1.4088022708194017,0.1408802270819401,0.3126042737454364,0.0,0.0,5.551115123125783e-17
trained_support,0.02,0.08,zero,10,10,20270607,1,32,0.7355371900826446,27.58114866509529,13.64664069102954,0.901676371805618,0.2297396861568943,0.0112020692588561,0.2255650213334022,0.2343758533918518,0.2300126295470501,0.3170491623713741,0.9455293531148504,0.3237365838518105,0.3097842266371873,0.3166167751154727,0.9455293531148504,1.0,0.212174891095362,0.4291508478815431,0.2918388545491859,0.6554404966068555,0.0,1.0,0.0174069077928582,0.0112020692588561,0.019597388779988,0.0217466305938312,0.0206999225744754,0.9166454351024436,0.9455293531148504,0.9066607411300024,0.896969739277345,0.901676371805618,0.9455293531148504,1.0,0.022112548044308,0.0537560423939521,0.03235969280177,0.0730911816280771,0.1424089156058044,1.0,0.2022875632600606,0.4403712364812583,2.0228756326006065,0.2022875632600606,0.4403712364812583,0.0,0.0,5.551115123125783e-17
trained_support,0.02,0.08,zero,10,11,20271604,0,120,0.0,24.36025743620151,-89.62780911306473,0.5875850895632417,0.2035151762400843,0.0185797016099109,0.2046761423772848,0.2040464194379436,0.2043615234625782,0.3614701254946055,0.9112859837948044,0.3593779309106117,0.3605112568125496,0.3599437112799146,0.9112859837948044,1.0,0.1839285143641392,0.387040183181131,0.2797137992395647,0.7267329820632235,0.0,1.0,0.0036403210995538,0.0185797016099109,0.0175489529119308,0.0202224813249316,0.0189329672693211,1.0,0.9112859837948044,0.9159946411851664,0.9038314305352162,0.9096777743060088,0.9112859837948044,1.0,0.0186923697595428,0.0363206938703606,0.0272262199706928,0.0639216099043492,0.2695217910679489,1.0,0.3331595476677957,0.6805183902057724,3.3315954766779576,0.3331595476677957,0.6805183902057723,0.0,0.0,1.1102230246251563e-16
trained_support,0.02,0.08,zero,10,12,20272601,1,18,0.8512396694214877,35.07005719111258,21.123803028067275,0.9002244520359003,0.1948902772563119,0.0155995224246352,0.2017943043688683,0.1890243086539988,0.1955135935655596,0.3773993432363079,0.9249666352472932,0.3645937635314105,0.3886323323865457,0.3762249783601242,0.9249666352472932,1.0,0.191457831314423,0.285179459003474,0.2644511248263135,0.5340435694213483,0.0,1.0,0.0140921645385967,0.0155995224246352,0.0225153602067747,0.0194146068020536,0.0210222311199259,0.931964250660168,0.9249666352472932,0.89352872054372,0.9074897260989796,0.9002244520359003,0.9249666352472932,1.0,0.0250199846728648,0.0492759443408464,0.0365472011690492,0.086693025555054,0.2107147331942591,1.0,0.2200105213292573,0.406715595974983,2.200105213292573,0.2200105213292572,0.4067155959749829,0.0,0.0,1.1102230246251563e-16
trained_support,0.02,0.08,zero,10,13,20273598,1,15,0.8760330578512396,23.57582225009083,22.81598079610702,0.9018646545240416,0.1939203351055256,0.0088385437610661,0.1949533705074271,0.1932863569275005,0.1941216531540354,0.3792340662316393,1.0,0.3772803052558606,0.3804381041696559,0.3788525249809939,1.0,1.0,0.1641501563049412,0.4261242285994756,0.2448403230041145,0.6582572605034037,0.0,1.0,0.0186719010534902,0.0088385437610661,0.0253136202553532,0.0145856134290948,0.0206581641190017,0.9108659803092246,1.0,0.8811141425021796,0.9296677012721573,0.9018646545240416,1.0,1.0,0.02113096891611,0.0644822930142723,0.0278664595480762,0.0872458593199186,0.1683379455062857,1.0,0.2290744753405622,0.3997830088018849,2.290744753405622,0.2290744753405621,0.3997830088018849,0.0,0.0,5.551115123125783e-17
trained_support,0.02,0.08,zero,10,14,20274595,1,17,0.859504132231405,38.95376140626438,20.185009981107875,0.9019060889025724,0.1743453401466446,0.0138213476561553,0.1784381925797644,0.1712730743363647,0.1748923305404828,0.4182287694921154,0.933227063709502,0.4097570061536263,0.4247029176909902,0.4170864966381293,0.933227063709502,1.0,0.1552519282062818,0.3637650194082285,0.2257389515347185,0.5836255981512511,0.0,1.0,0.0153411390571462,0.0138213476561553,0.0230835839789039,0.017885987473296,0.0206489757276966,0.9261623874573368,0.933227063709502,0.8909937020928339,0.9144523318185332,0.9019060889025724,0.933227063709502,1.0,0.0219456990437226,0.0590384025727179,0.0318414323072443,0.0874277365746335,0.2719198270791098,1.0,0.2330310245750751,0.4143780071395767,2.330310245750752,0.2330310245750751,0.4143780071395767,0.0,0.0,5.551115123125783e-17
trained_support,0.02,0.08,zero,10,15,20275592,1,29,0.7603305785123967,36.17416493677356,14.78333823917347,0.9006048019624615,0.2018192167970117,0.0125597339260409,0.1989939280490076,0.2053750300531461,0.202209651562066,0.3645483517800842,0.9391325305567138,0.3697346694276305,0.3581242985224129,0.3638373842216127,0.9391325305567138,1.0,0.1705113147025608,0.3654429148495158,0.2659502621150497,0.6425132542268224,0.0,1.0,0.0167523839516797,0.0125597339260409,0.0187488857725255,0.0229185045542607,0.0209377478339347,0.9196501805704737,0.9391325305567138,0.9105154339724664,0.8917294293231449,0.9006048019624615,0.9391325305567138,1.0,0.0247965731179349,0.0373008009993365,0.0334994894855033,0.0734021755542548,0.2745146675608585,1.0,0.2289915528711416,0.5595703062820226,2.289915528711417,0.2289915528711416,0.5595703062820226,0.0,0.0,5.551115123125783e-17
trained_support,0.02,0.08,zero,10,16,20276589,0,120,0.0,42.37253783992317,-114.31248786353454,0.8525498327533189,0.2044347777614996,0.0152953668025781,0.2078034394782276,0.2021701851140689,0.2050061623562061,0.3598118982999519,0.9263743744170648,0.353802228899369,0.3639091881520139,0.3587854104181377,0.9263743744170648,1.0,0.1973899872170037,0.3577173820605117,0.2706073302651618,0.6037982187049987,0.0,1.0,0.0038688139748249,0.0152953668025781,0.015618192549682,0.01593436524859,0.015777070932122,1.0,0.9263743744170648,0.9248802930636836,0.9234193386605606,0.924145867388651,0.9263743744170648,1.0,0.0152030088194584,0.0314253760709078,0.0228247991738601,0.0511523377691763,0.2918077583421188,1.0,0.3939114166655439,0.6364534404521694,3.93911416665544,0.3939114166655439,0.6364534404521693,0.0,0.0,1.1102230246251563e-16
trained_support,0.02,0.08,zero,10,17,20277586,1,10,0.9173553719008264,21.997380606067548,26.31826980463721,0.9010196867358348,0.1937348295379769,0.0160758738743883,0.1799032756046435,0.2078895072402359,0.1944006633140283,0.3795859795645668,0.922766210737648,0.4067663333171412,0.3536500068250768,0.3783243749466702,0.922766210737648,1.0,0.1827615072113477,0.3206315244776001,0.2654391747100849,0.6067382549520516,0.0,1.0,0.0132705218638423,0.0160758738743883,0.0179996322695346,0.0233472521057499,0.0208456343478427,0.9358008340141628,0.922766210737648,0.9139328656744732,0.889819842833718,0.9010196867358348,0.922766210737648,1.0,0.0254769386583637,0.0525823792674452,0.0354811290411084,0.0764962075446656,0.104852975722027,1.0,0.1773404149737075,0.3724154431841026,1.773404149737075,0.1773404149737074,0.3724154431841026,0.0,0.0,1.1102230246251563e-16
trained_support,0.02,0.08,zero,10,18,20278583,1,10,0.9173553719008264,34.19743146197641,23.02567415536238,0.902816682930598,0.1734207631011778,0.012199984996658,0.1759335743229952,0.1717398580497904,0.173849362117074,0.4201666689844669,0.940823310353476,0.4149206957399053,0.4237128514822533,0.4192672179840274,0.940823310353476,1.0,0.1640209376164142,0.3121789756981882,0.231585578274213,0.55704550658358,0.0,1.0,0.016408727891023,0.012199984996658,0.0233556074555301,0.01704956217103,0.0204471510220939,0.9212317557672818,0.940823310353476,0.8897826698300658,0.9182846952874848,0.902816682930598,0.940823310353476,1.0,0.0218944113441628,0.0530598082657802,0.0325901671897339,0.0869128560123215,0.2293229105912628,1.0,0.1762946039052229,0.4636842135767687,1.7629460390522294,0.1762946039052229,0.4636842135767687,0.0,0.0,5.551115123125783e-17
trained_support,0.02,0.08,zero,10,19,20279580,1,11,0.9090909090909092,48.2364992670409,23.19007289839326,0.9017431621316542,0.1802985485254184,0.0138001877744481,0.1816247296591422,0.1800235571868551,0.1808259156840708,0.4059632086289467,0.9333258038041016,0.4032802100734664,0.4065217743735451,0.4048941603814439,0.9333258038041016,1.0,0.1465523116265843,0.437117316689567,0.2322593531021493,0.6761364786781893,0.0,1.0,0.0154087159703487,0.0138001877744481,0.0164720468504119,0.024174761498051,0.0206851084228463,0.9258495043431582,0.9333258038041016,0.9209401447503266,0.8861457774970983,0.9017431621316542,0.9333258038041016,1.0,0.0234816732403646,0.0614118089702727,0.0327336657495773,0.0874718413146364,0.1643277383812147,1.0,0.2387543928643437,0.4426301740461918,2.387543928643437,0.2387543928643437,0.4426301740461917,0.0,0.0,1.1102230246251563e-16
trained_support,0.02,0.08,zero,10,20,20280577,1,12,0.9008264462809916,42.63109039980812,24.80519480464896,0.9027792603958568,0.2202077652687342,0.0118480451294955,0.2195395167026013,0.221508629001376,0.2205262706754923,0.332525467995717,0.9424803340119507,0.3336383745418153,0.3303696351007194,0.3319963336407224,0.9424803340119507,1.0,0.2009508895474437,0.3738216518038184,0.2872094180661618,0.6500193284513991,0.0,1.0,0.0166747985938541,0.0118480451294955,0.0176293301207031,0.0229359299477391,0.020455441367425,0.9200070067188794,0.9424803340119507,0.9156265896849564,0.891651739026743,0.9027792603958568,0.9424803340119507,1.0,0.0198178423298884,0.0553283899254223,0.0294792665722493,0.0921016251245353,0.0409123904075982,1.0,0.2511154157553589,0.4636588849308377,2.5111541575535887,0.2511154157553589,0.4636588849308376,0.0,0.0,1.1102230246251563e-16
trained_support,0.02,0.08,zero,10,21,20281574,0,120,0.0,47.85012002919922,-166.13117961485924,0.7490699509517916,0.1871286897513233,0.0202499172215712,0.1760084774940352,0.1996883251501868,0.1882211616039161,0.3923333378974856,0.903707451910533,0.4147653304558973,0.3684531819546435,0.3901961147095807,0.903707451910533,1.0,0.1690831421616632,0.3377594889444463,0.2606909612200441,0.6750584294537867,0.0,1.0,0.0024961125198891,0.0202499172215712,0.0208775907126539,0.0199174711351561,0.0204031792912878,1.0,0.903707451910533,0.9008757316677856,0.9052108711071992,0.9030151968130414,0.903707451910533,1.0,0.020284435565159,0.035198159273673,0.0284966067176253,0.0618862583463084,0.2261597264352246,1.0,0.3583369355295123,0.6810412213586979,3.583369355295123,0.3583369355295122,0.6810412213586979,0.0,0.0,1.1102230246251563e-16
trained_support,0.02,0.08,zero,10,22,20282571,1,20,0.8347107438016529,67.93384530610433,19.486821913018478,0.9001949440538068,0.2114418411207566,0.0182370742592526,0.2130529131546774,0.2113975929485741,0.2122268669468424,0.3474240477113632,0.9128484793085094,0.3446366636392731,0.3475009206101803,0.3460630362812691,0.9128484793085094,1.0,0.1954716149813557,0.3680124109561029,0.291332541499836,0.7229775176175305,0.0,1.0,0.0104699093532216,0.0182370742592526,0.0177171580853888,0.0238856037851607,0.021028786921793,0.9489970899966514,0.9128484793085094,0.915224589859562,0.88742788353243,0.9001949440538068,0.9128484793085094,1.0,0.0259335784417267,0.0431403590566654,0.0344349817446481,0.0782487466227718,0.0888608048965957,1.0,0.2777544603698431,0.6212419020147285,2.777544603698431,0.277754460369843,0.6212419020147284,0.0,0.0,1.1102230246251563e-16
trained_support,0.02,0.08,zero,10,23,20283568,1,17,0.859504132231405,68.83064555789949,22.02666748673287,0.9002751101539189,0.2413124745327482,0.0201862503651946,0.244937067119052,0.2393412277251167,0.2421553118742692,0.299224134510582,0.9039951787675008,0.293850149959985,0.3021879395951776,0.2979658014278747,0.9039951787675008,1.0,0.2426809657955676,0.3971817613144809,0.3280197807059739,0.7145209504657346,0.0,1.0,0.0058289317893903,0.0201862503651946,0.0237288320286833,0.0178847652983736,0.0210109768838026,1.0,0.9039951787675008,0.8881237743771158,0.914457919939146,0.9002751101539189,0.9039951787675008,1.0,0.0238886141458735,0.0337280188032814,0.032069173853105,0.0656195672213656,0.2691609467058269,1.0,0.2979345122530973,0.5606338540059477,2.9793451225309733,0.2979345122530973,0.5606338540059477,0.0,0.0,5.551115123125783e-17
trained_support,0.02,0.08,zero,10,24,20284565,1,23,0.8099173553719008,34.102448465423016,15.850474387453414,0.9025061462459328,0.1993962595285898,0.0117596921967768,0.2037239511156982,0.1956805281343036,0.1997427312183241,0.3689916375579639,0.9428967804985476,0.3610929929659019,0.3759110846050781,0.3683529651416541,0.9428967804985476,1.0,0.1865014513509092,0.3372931749251862,0.2666802926703998,0.6483962267232926,0.0,1.0,0.0168111295920407,0.0117596921967768,0.0214258373088953,0.0195638026226853,0.0205159557106979,0.9193800930447484,0.9428967804985476,0.898409603060986,0.906813010166333,0.9025061462459328,0.9428967804985476,1.0,0.0232500035698217,0.0470321964383476,0.0332687467412647,0.082578942469017,0.1996113602669078,1.0,0.206687240320626,0.4097236915776356,2.0668724032062604,0.206687240320626,0.4097236915776356,0.0,0.0,5.551115123125783e-17
trained_support,0.02,0.08,zero,10,25,20285562,1,15,0.8760330578512396,48.020395916354566,23.246988241589897,0.9002056331566342,0.2114714089891794,0.0187481561868535,0.2094140462028988,0.2151489196195999,0.2123008482796888,0.3473726885652597,0.9105187554735984,0.3509644891965656,0.3410437202302971,0.3459350489310507,0.9105187554735984,1.0,0.1995340436714865,0.4187829156973841,0.2796017483653294,0.6559438102876638,0.0,1.0,0.0095192775537163,0.0187481561868535,0.0223609911908867,0.0196011755786169,0.0210264120941101,1.0,0.9105187554735984,0.8942186525160571,0.9066435745842611,0.9002056331566342,0.9105187554735984,1.0,0.0236118416499363,0.0371632040368259,0.0347397286884416,0.0715514511746793,0.2032726846550201,1.0,0.2828599282843708,0.5054115326053145,2.8285992828437085,0.2828599282843708,0.5054115326053145,0.0,0.0,5.551115123125783e-17
trained_support,0.02,0.08,zero,10,26,20286559,1,8,0.9338842975206612,29.137819601610577,23.304795749912813,0.9036531934357304,0.1538315689155441,0.0160892095779759,0.1480546873572384,0.1610150243650388,0.1546706638631316,0.46340316151379,0.922704684105588,0.4769834728600504,0.4470543417597825,0.4614630379716717,0.922704684105588,1.0,0.1489210030660303,0.2523679583380089,0.2141117438181649,0.5017343858710135,0.0,1.0,0.012315963720611,0.0160892095779759,0.0248524931408126,0.0142634090984145,0.020261925555372,0.94027789107634,0.922704684105588,0.8831480143954401,0.9311666231429788,0.9036531934357304,0.922704684105588,1.0,0.0233910211360227,0.0505063862611112,0.0342833450656046,0.0861740383975318,0.2605303438431179,1.0,0.1495080113669034,0.3394455682633339,1.4950801136690344,0.1495080113669034,0.3394455682633339,0.0,0.0,1.1102230246251563e-16
trained_support,0.02,0.08,zero,10,27,20287556,1,13,0.8925619834710744,23.88545917156883,25.69770084049272,0.9057040573864088,0.2236176090001517,0.0158726076972882,0.225758292618708,0.222590976398414,0.2241802282317884,0.3269042236574069,0.9237045232749552,0.3234238900346765,0.3285865905633471,0.3259859029096211,0.9237045232749552,1.0,0.2035555295426348,0.3756916476267883,0.292415788691279,0.6280353935020033,0.0,1.0,0.0118506697717638,0.0158726076972882,0.0178051078081447,0.0216271642672627,0.019808534755287,0.9424679657244984,0.9237045232749552,0.9148222095944406,0.8975056877298642,0.9057040573864088,0.9237045232749552,1.0,0.0209494067520408,0.044723583819955,0.0326582519371852,0.08141384534628,0.0817101099600203,1.0,0.1827840030407732,0.3786909617423188,1.8278400304077325,0.1827840030407732,0.3786909617423188,0.0,0.0,5.551115123125783e-17
trained_support,0.02,0.08,zero,10,28,20288553,1,30,0.7520661157024794,51.471325049674896,16.740687296665012,0.9000545114316557,0.2592065769700551,0.018674460533677,0.2651670861886915,0.254479835043394,0.259878404298543,0.2736151054306856,0.9108543236666647,0.2655809918041203,0.2801586651045518,0.2726975368859735,0.9108543236666647,1.0,0.2706307586258491,0.3456705061578172,0.3369710964212914,0.6652787403016833,0.0,1.0,0.0097358972944782,0.018674460533677,0.0209702361136447,0.0211493626864491,0.0210599898469227,1.0,0.9108543236666647,0.9004585183404696,0.8996523991460631,0.9000545114316557,0.9108543236666647,1.0,0.0251692313397241,0.0392684417542938,0.0351836964963372,0.0678419738446296,0.2205579006859444,1.0,0.2695535693509282,0.5598342343216485,2.6955356935092825,0.2695535693509282,0.5598342343216485,0.0,0.0,1.1102230246251563e-16
trained_support,0.02,0.08,zero,10,29,20289550,1,19,0.8429752066115702,34.50659388153688,19.51076087894193,0.9025021349879586,0.208383863036883,0.0160427731738925,0.2028627664729397,0.2149630383798858,0.2090004902991459,0.3527769416274019,0.9229189444161252,0.36265118398456,0.3413608357195865,0.3516909572081303,0.9229189444161252,1.0,0.1759164260916741,0.3779583478474885,0.2732603334450508,0.6886389681346575,0.0,1.0,0.0127894621615906,0.0160427731738925,0.0174939464436031,0.0231482972335287,0.0205168446280543,0.9380544235583352,0.9229189444161252,0.9162466039836308,0.890705453217593,0.9025021349879586,0.9229189444161252,1.0,0.0233637478062174,0.054566683065554,0.0330847230927109,0.0888975745604648,0.1415990819867174,1.0,0.2823078236958932,0.4901648022021931,2.823078236958932,0.2823078236958932,0.4901648022021931,0.0,0.0,5.551115123125783e-17
trained_support,0.02,0.08,zero,10,30,20290547,0,120,0.0,73.12705536391277,-143.49148221917844,0.8101406043657936,0.2354959019792698,0.017325824615487,0.2317281524511226,0.2404559657335667,0.2361323866978786,0.3080542084923928,0.9170171330654868,0.3139125728503852,0.3005083228651378,0.3070754078166248,0.9170171330654868,1.0,0.2264599683785098,0.3919462854271247,0.312354927570852,0.6691247079763081,0.0,1.0,0.0034366030266986,0.017325824615487,0.019463674150298,0.0156574029299396,0.0176633643162827,1.0,0.9170171330654868,0.9072671128356088,0.9246989862971136,0.9154707898694796,0.9170171330654868,1.0,0.0172292332469174,0.0345298902953454,0.0253423942117367,0.059353610648497,0.2901568886965411,1.0,0.3929500680163947,0.6659444814146447,3.929500680163947,0.3929500680163947,0.6659444814146446,0.0,0.0,1.1102230246251563e-16
trained_support,0.02,0.08,zero,10,31,20291544,1,8,0.9338842975206612,33.598468619966056,24.334833183831652,0.901862002831632,0.1678000207629982,0.0113634001103743,0.1686914449643149,0.167675710990333,0.168184344783131,0.432142405016878,0.9447669453775476,0.4302205801102912,0.4324110861280811,0.4313127888438935,0.9447669453775476,1.0,0.1559733637728832,0.3569017009380579,0.2217038069134211,0.5884370046399571,0.0,1.0,0.0172527441008312,0.0113634001103743,0.0180139952553096,0.0230013925034144,0.0206587521665085,0.9173522747127312,0.9447669453775476,0.9138672340074236,0.8913599377764422,0.901862002831632,0.9447669453775476,1.0,0.021836753643011,0.0461855677462184,0.0326694254382378,0.0769292324812249,0.2126230832029003,1.0,0.1689951631923718,0.3546971612867908,1.689951631923718,0.1689951631923717,0.3546971612867907,0.0,0.0,5.551115123125783e-17
trained_support,0.02,0.08,zero,10,32,20292541,1,44,0.6363636363636364,33.569610464461675,2.936453810028161,0.901213561950444,0.1523855806067134,0.0159624106466184,0.1583169282323138,0.1479461986536905,0.1532193321043282,0.4667656800419774,0.9232898594245154,0.4531261836599403,0.4772422796406565,0.4648238973408256,0.9232898594245154,1.0,0.1504334587610691,0.242726001531443,0.2105665813604068,0.4622219008941513,0.0,1.0,0.0133397823912204,0.0159624106466184,0.0222747305599287,0.0192180403338988,0.0208026043536955,0.9354768198244618,0.9232898594245154,0.8946044150262733,0.9083820747934568,0.901213561950444,0.9232898594245154,1.0,0.0246841232831313,0.0412441939633893,0.0344261349424722,0.0722094362030899,0.2279294985282693,1.0,0.3797318095574298,0.606219076385711,3.7973180955742976,0.3797318095574298,0.606219076385711,0.0,0.0,5.551115123125783e-17
trained_support,0.02,0.08,zero,10,33,20293538,0,120,0.0,38.60981370087342,-167.7070148057124,0.7897744297004852,0.174489821434137,0.0210656209553558,0.1678918477524411,0.1832845978225519,0.1757568154307301,0.4179267474411741,0.9000291702656569,0.4319440388784592,0.3999471006027993,0.4152875624461914,0.9000291702656569,1.0,0.1726501680198535,0.2892993641448212,0.2446781336637669,0.506457616796785,0.0,1.0,0.0025850497261587,0.0210656209553558,0.0223518227272444,0.02003201830602,0.0212236393750327,1.0,0.9000291702656569,0.8942596465116994,0.9046925728237696,0.8993183451755353,0.9000291702656569,1.0,0.0212011604737702,0.0319964996900675,0.0287201856761144,0.0596740966147913,0.2832637236457936,1.0,0.2792751712623562,0.5067490042083805,2.7927517126235624,0.2792751712623561,0.5067490042083805,0.0,0.0,1.1102230246251563e-16
trained_support,0.02,0.08,zero,10,34,20294535,0,120,0.0,29.459490356538424,-108.14467531012534,0.6894098987734436,0.2411546599966589,0.0186500884738319,0.238035097680747,0.2456543994079673,0.2418747523785522,0.2994603372787745,0.9109653274104352,0.3041678814468431,0.2927980967637718,0.298384080414584,0.9109653274104352,1.0,0.2423019692806817,0.3726349217808651,0.3101452188217634,0.618920856867808,0.0,1.0,0.0039093396245146,0.0186500884738319,0.0195375690239274,0.0185607346136512,0.0190554122595539,1.0,0.9109653274104352,0.906931962810838,0.9113724096820692,0.909121017322708,0.9109653274104352,1.0,0.0203319658084937,0.0281728028808957,0.0280378292397902,0.0537778427948191,0.2946047532886547,1.0,0.2563503086362116,0.6023986384135094,2.5635030863621164,0.2563503086362116,0.6023986384135094,0.0,0.0,5.551115123125783e-17
trained_support,0.02,0.08,zero,10,35,20295532,1,39,0.6776859504132231,25.21061348146365,2.201175021834468,0.9003074623394574,0.1527751930094303,0.0162047414673983,0.1495075305085316,0.1576489924212276,0.1536322011984919,0.4658572766517899,0.9221718289471452,0.4735311165130005,0.4546420094619269,0.4638653299811287,0.9221718289471452,1.0,0.1382135531448311,0.3228704999694569,0.2050098802414061,0.5996439671926017,0.0,1.0,0.0133628418168345,0.0162047414673983,0.0240042353138894,0.017496144200633,0.0210037898353359,0.9353689682513674,0.9221718289471452,0.8869016549838022,0.9162365356018752,0.9003074623394574,0.9221718289471452,1.0,0.0263952875811957,0.0478444516167979,0.0364409900633871,0.0771387405960971,0.2200002551931232,1.0,0.3081133106916072,0.5702809952633814,3.0811331069160723,0.3081133106916072,0.5702809952633813,0.0,0.0,1.1102230246251563e-16
trained_support,0.02,0.08,zero,10,36,20296529,0,120,0.0,23.08562357100673,-103.99435815659947,0.7191740679133902,0.1930054817258039,0.0217857022130781,0.190002469744847,0.198369672795797,0.1942311324096282,0.3809727576552551,0.8967945260919143,0.3867362477257393,0.3708905163965173,0.3786451992687605,0.8967945260919143,0.0,0.1703324689457201,0.4074000914048384,0.2652198540957189,0.6449246117408183,0.0,1.0,0.0042656182675651,0.0217857022130781,0.0237213979169596,0.0205650169245801,0.0221993765705594,1.0,0.8967945260919143,0.8881567870474774,0.902284783162542,0.8949415385891968,0.8967945260919143,0.0,0.0235178118979412,0.0357923449378223,0.0316376569286275,0.0626094939800258,0.2171852703633791,1.0,0.37450116147599,0.6350450446474556,3.7450116147599006,0.37450116147599,0.6350450446474556,0.0,0.0,5.551115123125783e-17
trained_support,0.02,0.08,zero,10,37,20297526,1,12,0.9008264462809916,45.2299400163543,24.928609790633047,0.9073599556540533,0.2147747553194927,0.0138068050855075,0.2216466637125376,0.2085914745226553,0.21521808332298,0.3416823493490046,0.9332949237791436,0.3301417013808918,0.3524109289063933,0.3409258013872038,0.9332949237791436,1.0,0.2056546815833776,0.3944724857946113,0.2852971934421316,0.6548098840152753,0.0,1.0,0.0136897954178521,0.0138068050855075,0.0185770932725216,0.0202723539838796,0.0194432087180034,0.9338411061793968,0.9332949237791436,0.9112978685788226,0.9036060762505193,0.9073599556540533,0.9332949237791436,1.0,0.0225191008203438,0.0378534639848393,0.0327253418468073,0.0654828450089227,0.3051287844816774,1.0,0.2298393467537204,0.435810407299263,2.298393467537205,0.2298393467537204,0.4358104072992629,0.0,0.0,5.551115123125783e-17
trained_support,0.02,0.08,zero,10,38,20298523,1,7,0.9421487603305784,15.186405351412391,24.33269201466142,0.9032694568315162,0.1523491948124541,0.0090653834598808,0.1535357271458429,0.151696068387921,0.152618669687813,0.4668506059669928,1.0,0.464089138797481,0.4683776603441509,0.4662220069968922,1.0,1.0,0.1274216786054942,0.2953829901618583,0.1990378917353604,0.5859335987365438,0.0,1.0,0.0182157648817743,0.0090653834598808,0.0188096790857099,0.021775823926964,0.0203468736542685,0.9129457456542608,1.0,0.9102387097823642,0.896838821150375,0.9032694568315162,1.0,1.0,0.020026484703752,0.052883042261032,0.0292092595241392,0.078123120690679,0.2384167791210241,1.0,0.1117993463738702,0.273119537488087,1.117993463738702,0.1117993463738701,0.2731195374880869,0.0,0.0,1.1102230246251563e-16
trained_support,0.02,0.08,zero,10,39,20299520,1,47,0.6115702479338843,24.812358678018303,5.071167379921023,0.9004208242507001,0.232589359452457,0.0161768213306242,0.2282576904484261,0.2379441659484108,0.2331512377811175,0.3125637604235531,0.9223005737513348,0.3194072156338385,0.3043062054514687,0.3116868787358084,0.9223005737513348,1.0,0.2303319869151365,0.327482771194488,0.3084892023579674,0.6268559747559358,0.0,1.0,0.0133571129263465,0.0161768213306242,0.0215746106726868,0.0203651713104067,0.0209786084879362,0.9353957617670332,0.9223005737513348,0.8977415544678321,0.903186822042025,0.9004208242507001,0.9223005737513348,1.0,0.025331568231943,0.0416202401941856,0.0351615311099663,0.0731422676151181,0.1816705111444311,1.0,0.3164269445735229,0.6146558462708525,3.1642694457352287,0.3164269445735229,0.6146558462708525,0.0,0.0,5.551115123125783e-17
trained_support,0.02,0.08,zero,10,40,20300517,1,41,0.6611570247933884,41.41743173700381,8.268881767335834,0.9012548043704884,0.1706385764828815,0.0128277529693779,0.1719335594342687,0.1703026752607191,0.1711200602803411,0.4260524226523463,0.9378748464411336,0.4233026813108733,0.4267685815279796,0.4250279695991169,0.9378748464411336,1.0,0.1571966534067991,0.3118399767415887,0.2263855099313535,0.5945476661513817,0.0,1.0,0.0163650969017188,0.0128277529693779,0.0198549150513363,0.0216914184413164,0.0207934519223248,0.921432748954726,0.9378748464411336,0.9054940476265636,0.8972173916095487,0.9012548043704884,0.9378748464411336,1.0,0.022553299877791,0.0561740905352537,0.0316450633451889,0.0822156704489086,0.0,1.0,0.288896876799419,0.5892009447759485,2.8889687679941902,0.288896876799419,0.5892009447759485,0.0,0.0,5.551115123125783e-17
trained_support,0.02,0.08,zero,10,41,20301514,1,34,0.71900826446281,37.456672677859046,9.286765656215843,0.9021925620648136,0.1863296352309636,0.0157315378859263,0.1853353392979206,0.1886352048437545,0.1869925513210628,0.3939039519596203,0.9243562872227388,0.3958671133118139,0.3893891599656423,0.392600487034132,0.9243562872227388,1.0,0.1701542070573692,0.2831093398428553,0.2474339854881555,0.5513085515744056,0.0,1.0,0.0132770427747267,0.0157315378859263,0.0189724053396464,0.0220809903270817,0.0205854596523434,0.9357703231423417,0.9243562872227388,0.9094984123106354,0.895471439240522,0.9021925620648136,0.9243562872227388,1.0,0.0217848820052247,0.0375733750480098,0.0318958705992748,0.070291854675946,0.195774803285282,1.0,0.3084052620654323,0.5962890386530033,3.084052620654323,0.3084052620654323,0.5962890386530033,0.0,0.0,1.1102230246251563e-16
trained_support,0.02,0.08,zero,10,42,20302511,1,37,0.6942148760330579,45.606922235932274,11.129723127891875,0.9003614585091052,0.2060106392044395,0.0171991328005585,0.2128214760197593,0.2004480147414711,0.2067273412843908,0.3569879697240714,0.9175982099148008,0.3450357030862122,0.3670562864156712,0.3557109890253179,0.9175982099148008,1.0,0.2018689394207015,0.3603961035511652,0.2769086626914074,0.6356193548078353,0.0,1.0,0.0120351690589415,0.0171991328005585,0.0268250417396664,0.0127172348567705,0.0209917951440212,0.94159894328186,0.9175982099148008,0.8744805651750543,0.9383932504499768,0.9003614585091052,0.9175982099148008,1.0,0.0250043846858644,0.0457038882204103,0.0346453333954,0.0808816528077615,0.3057527187626752,1.0,0.2579063769685658,0.6142955516022939,2.579063769685657,0.2579063769685658,0.6142955516022939,0.0,0.0,5.551115123125783e-17
trained_support,0.02,0.08,zero,10,43,20303508,1,58,0.5206611570247934,32.44932243472549,-4.892987942390981,0.9021576997105026,0.1711583335479489,0.0125962838621069,0.1700461367561667,0.1731819690221661,0.1716212152096754,0.4249466413350048,0.9389609200683257,0.4273163456278098,0.420668635154966,0.4239642785303932,0.9389609200683257,1.0,0.1563971724832026,0.3207670983633203,0.2287413985033636,0.5409522018312161,0.0,1.0,0.0162915018219985,0.0125962838621069,0.0204906046326902,0.0206952632089734,0.0205931881638311,0.9217718759291724,0.9389609200683257,0.90262055101507,0.9016973782492128,0.9021576997105026,0.9389609200683257,1.0,0.0204311321912759,0.0525898316454557,0.0304505457729913,0.0842690234310422,0.0025371596340043,1.0,0.2866578714763497,0.5548351381942145,2.866578714763497,0.2866578714763497,0.5548351381942145,0.0,0.0,5.551115123125783e-17
trained_support,0.02,0.08,zero,10,44,20304505,1,5,0.9586776859504132,27.091244093170143,27.640876542516867,0.9124877197002615,0.1680367922449885,0.0122415646588387,0.1725804332503253,0.164281566116512,0.1684821042522972,0.4316311127368372,0.9406277351069812,0.4219357759366955,0.439812037613403,0.4306711292776901,0.9406277351069812,1.0,0.1556678898736085,0.336254414831545,0.2251165193085524,0.5657506041315506,0.0,1.0,0.0136244164540924,0.0122415646588387,0.0195504933540326,0.0169923355556579,0.018316130295755,0.9341464238992594,0.9406277351069812,0.9068733572641005,0.9185474845073324,0.9124877197002615,0.9406277351069812,1.0,0.021931541981858,0.0510083351608024,0.0304534552627943,0.0704682817271921,0.3608240645362511,1.0,0.1527131398916115,0.279621594765774,1.527131398916115,0.1527131398916114,0.279621594765774,0.0,0.0,5.551115123125783e-17
trained_support,0.02,0.08,zero,10,45,20305502,1,10,0.9173553719008264,32.669756832549254,27.79840799505003,0.9087821654666248,0.2178386537546925,0.014163136060974,0.2235609678288462,0.2129061780430678,0.2182985879311601,0.3364878394879246,0.931633594723173,0.3269968179590756,0.3448896079139621,0.3357149172751791,0.931633594723173,1.0,0.2033707696710035,0.3580051532341123,0.2888878231563698,0.6367177262839254,0.0,1.0,0.0128592912327396,0.014163136060974,0.017441020142807,0.0206814507363084,0.0191299710948573,0.9377269633818404,0.931633594723173,0.9164891037855885,0.9017596537515804,0.9087821654666248,0.931633594723173,1.0,0.0228566454298414,0.0483428442039925,0.033644850261624,0.0822501892497916,0.2155837309535855,1.0,0.2297850250833261,0.3928044089427219,2.2978502508332617,0.2297850250833261,0.3928044089427219,0.0,0.0,1.1102230246251563e-16
trained_support,0.02,0.08,zero,10,46,20306499,0,120,0.0,47.41787896601489,-144.14817791986798,0.7985567432724404,0.141680822127938,0.0187161348852603,0.1413508651955238,0.1444556369141066,0.142911682741096,0.4924294336131039,0.9106645471227592,0.4932425066531286,0.4856446066745971,0.4894081800311626,0.9106645471227592,1.0,0.1350091437619873,0.2511342926877941,0.1934450101516347,0.4811455266668151,0.0,1.0,0.0029694819255437,0.0187161348852603,0.0189639532120916,0.0189365132605867,0.0189502382029722,1.0,0.9106645471227592,0.9095368491057698,0.9096616459017762,0.9095992227752836,0.9106645471227592,1.0,0.0190972946235819,0.0287678733456143,0.0269643691539514,0.0523782582847193,0.3084792597522003,1.0,0.4119108957471579,0.6448414716884235,4.119108957471579,0.4119108957471579,0.6448414716884234,0.0,0.0,1.1102230246251563e-16
trained_support,0.02,0.08,zero,10,47,20307496,0,120,0.0,22.224257370325653,-181.6904477670317,0.7591894516262261,0.1242583840467804,0.0192234990098274,0.1274464910503965,0.124003103828643,0.1257365854479037,0.5372499050279702,0.9083572823149656,0.5287537506325136,0.5379360892226857,0.5332937253016754,0.9083572823149656,1.0,0.1197360879632446,0.2779870256120261,0.1753676147794781,0.4430027733132813,0.0,1.0,0.0045887091760203,0.0192234990098274,0.0199518029637153,0.0195735507934287,0.0197635818130957,1.0,0.9083572823149656,0.9050554967211136,0.9067688124031826,0.9059076505765044,0.9083572823149656,1.0,0.021652147504275,0.0308736062731511,0.0283897905555778,0.0594028483698905,0.2834419023553735,1.0,0.1538947344582373,0.4129148284142682,1.5389473445823731,0.1538947344582373,0.4129148284142681,0.0,0.0,5.551115123125783e-17
trained_support,0.02,0.08,zero,10,48,20308493,1,57,0.5289256198347108,38.78629629587391,7.123097127883575,0.9013647961348046,0.2616255679837214,0.0166462589051376,0.2511385392089205,0.272726063368892,0.2621546027792411,0.2703256758760411,0.9201382996542492,0.2848784456898475,0.2557307062587894,0.2696115623264108,0.9201382996542492,1.0,0.2498740743373382,0.4152854579630451,0.3398962454970343,0.6964753431220495,0.0,1.0,0.012419955215296,0.0166462589051376,0.0145489249389007,0.0255153920074903,0.0207690448284661,0.93978911364253,0.9201382996542492,0.9298382574370084,0.8802256710268249,0.9013647961348046,0.9201382996542492,1.0,0.0237406917870501,0.0575226505027776,0.0336186541137122,0.087422121205649,0.1062421253402854,1.0,0.2521233363357833,0.6416359168759067,2.521233363357833,0.2521233363357832,0.6416359168759067,0.0,0.0,5.551115123125783e-17
trained_support,0.02,0.08,zero,10,49,20309490,0,120,0.0,54.56481254873481,-142.72127128458953,0.7922366190667368,0.168006843009211,0.0192217082280215,0.1690742820519442,0.1691314100895199,0.1691028484831786,0.4316957526863303,0.90836541569985,0.429397845824863,0.4292752100591924,0.4293365183845578,0.90836541569985,1.0,0.1591776383643645,0.2979972050002362,0.2365086615607818,0.5777702146585171,0.0,1.0,0.0027086813595023,0.0192217082280215,0.0184607445472724,0.0203180450482167,0.0194116207955571,1.0,0.90836541569985,0.9118281645386715,0.9033996662123264,0.9075032750512104,0.90836541569985,1.0,0.0192851706945076,0.0314951011410791,0.02763840983382,0.0584099497527497,0.2561995790794701,1.0,0.367174963037004,0.6420657477247815,3.67174963037004,0.3671749630370039,0.6420657477247815,0.0,0.0,5.551115123125783e-17
trained_support,0.02,0.08,zero,40,0,20261027,0,120,0.0,156.38015130943944,-131.10099475819018,0.7535565922889491,0.208709355640883,0.0164646260338242,0.2120249913154311,0.2066561422813845,0.2093577776020424,0.3522032771360864,0.9209743160237818,0.346412521102556,0.3558376429069407,0.3510632444917568,0.9209743160237818,1.0,0.1981898473549075,0.3723910982418666,0.2643711999553313,0.6931767499898764,0.0,1.0,0.0040432188220351,0.0164646260338242,0.0179505319852292,0.0158946990912173,0.0169538057343046,1.0,0.9209743160237818,0.9141572650362306,0.9236024993071994,0.918724458906178,0.9209743160237818,1.0,0.0171486142273908,0.0333268143057774,0.023218575800054,0.0662902310669056,0.2007543397696697,1.0,0.2990081017608913,0.6461411830271877,11.960324070435652,0.2990081017608913,0.6461411830271877,0.0,0.0,1.1102230246251563e-16
trained_support,0.02,0.08,zero,40,1,20262024,1,32,0.7355371900826446,180.4967563374386,14.7240459946548,0.9001623532960041,0.2148422431217879,0.0148611566581887,0.213581622573929,0.2171151245591359,0.2153556207922623,0.3415670718454586,0.9283877649671034,0.343726803546716,0.3377073378937713,0.3406914316233215,0.9283877649671034,1.0,0.1987661444236325,0.3842212803101701,0.270850895982403,0.7169428817573851,0.0,1.0,0.0148882669086323,0.0148611566581887,0.0227132627465864,0.0192129287962125,0.021036027875098,0.9282619293717972,0.9283877649671034,0.8926449998263117,0.908405291236179,0.9001623532960041,0.9283877649671034,1.0,0.0210909384954084,0.0832434603387906,0.0291325926256885,0.1161040457624421,0.1154007363586559,1.0,0.3368306467616034,0.6563382086112313,13.47322587046414,0.3368306467616034,0.6563382086112313,0.0,0.0,1.1102230246251563e-16
trained_support,0.02,0.08,zero,40,2,20263021,0,120,0.0,149.2044612148589,-102.1440652089816,0.7585867774915923,0.1631864015752066,0.0171861039575121,0.1648003509482759,0.1633743308599337,0.1640888900209365,0.4422269762091178,0.9176579880771636,0.4386726768901942,0.4418116343802796,0.4402359481051353,0.9176579880771636,1.0,0.1503750402622943,0.3882839025261709,0.211211307494552,0.6875090698968245,0.0,1.0,0.0038734909476973,0.0171861039575121,0.0185693581438947,0.0166105731642344,0.0176172103739583,1.0,0.9176579880771636,0.911333114291548,0.9203024933870338,0.915682077178074,0.9176579880771636,1.0,0.0174503530847823,0.0317029673520656,0.0238063609515125,0.0631226800000515,0.2226690404328545,1.0,0.3693430879858093,0.678479162441592,14.773723519432371,0.3693430879858092,0.678479162441592,0.0,0.0,1.1102230246251563e-16
trained_support,0.02,0.08,zero,40,3,20264018,0,120,0.0,170.91273135138235,-128.0376502564295,0.7505343065340356,0.2100809646380141,0.0152136819159837,0.2104852310423054,0.210776903749974,0.2106311178830878,0.3497961148655819,0.92675280562067,0.3490897748919223,0.3485810461385088,0.3488352297181447,0.92675280562067,1.0,0.2024460174844788,0.3817550302709962,0.2646691717381533,0.7351498520580233,0.0,1.0,0.003103307635495,0.0152136819159837,0.0146827592385113,0.0163275795078883,0.0155269647942298,1.0,0.92675280562067,0.9292162443172688,0.9216056139444834,0.9253022630607972,0.92675280562067,1.0,0.014130581509768,0.0354600675128795,0.0205048422310078,0.0625001366397195,0.2596643734262379,1.0,0.3288003315614237,0.6782002541556467,13.15201326245695,0.3288003315614237,0.6782002541556467,0.0,0.0,1.1102230246251563e-16
trained_support,0.02,0.08,zero,40,4,20265015,0,120,0.0,193.59838757912823,-128.51253981596736,0.6497290209105734,0.2122181813299015,0.0186327002512622,0.2132123954562694,0.2128566241277167,0.2130345840600168,0.3460780654624639,0.9110445311927492,0.3443619559397191,0.3449750716533624,0.3446682494767574,0.9110445311927492,1.0,0.2064969720193153,0.3887415543950183,0.2696059316096071,0.6942870863920826,0.0,1.0,0.0036727726293407,0.0186327002512622,0.019049696350925,0.0189325810131106,0.0189912289607655,1.0,0.9110445311927492,0.9091469999573306,0.9096795311511549,0.9094128160711676,0.9110445311927492,1.0,0.0196355212598049,0.0360752995246459,0.024835087094781,0.0694617434384855,0.2587529042600001,1.0,0.3015720423898457,0.6635827508592143,12.062881695593829,0.3015720423898457,0.6635827508592143,0.0,0.0,1.1102230246251563e-16
trained_support,0.02,0.08,zero,40,5,20266012,0,120,0.0,166.57929858371386,-123.63892052712228,0.7092444448342832,0.2083683746671727,0.0164816651892011,0.2105803723428606,0.2074462737231945,0.2090191973213183,0.3528042623837591,0.9208958562437056,0.348923750108619,0.3544346236067194,0.3516580632938507,0.9208958562437056,1.0,0.1987751706968809,0.3684780523487047,0.2585218464499909,0.7155244388287153,0.0,1.0,0.0035580795978078,0.0164816651892011,0.0174092621805218,0.0162950307148031,0.0168613527877588,1.0,0.9208958562437056,0.9166346444724356,0.921755611901956,0.9191492509982632,0.9208958562437056,1.0,0.0170092021819992,0.0394673539549873,0.0231259562720127,0.0682413459382107,0.2143711006308659,1.0,0.3379762864437805,0.6911965791428573,13.51905145775122,0.3379762864437805,0.6911965791428573,0.0,0.0,1.1102230246251563e-16
trained_support,0.02,0.08,zero,40,6,20267009,0,120,0.0,118.94853895100708,-119.5224631228874,0.6819061124869586,0.1654295525654209,0.0151872748822648,0.1677699830273426,0.1644640178145202,0.1661252243951677,0.4372947776792049,0.9268751776621346,0.4322073127875994,0.439410998301639,0.4357763517349087,0.9268751776621346,1.0,0.1503040933903721,0.373864330516068,0.2106311582200518,0.7172511310069228,0.0,1.0,0.0041190385972755,0.0151872748822648,0.0162111262077248,0.0152459496820582,0.015735939670554,1.0,0.9268751776621346,0.922142390278722,0.9266032964681072,0.9243359433601348,0.9268751776621346,1.0,0.0164803960884183,0.0361385055237344,0.0219204909452061,0.0622289821966838,0.2755394636858009,1.0,0.3388299986888372,0.6658069768725806,13.55319994755349,0.3388299986888372,0.6658069768725806,0.0,0.0,1.1102230246251563e-16
trained_support,0.02,0.08,zero,40,7,20268006,1,37,0.6942148760330579,196.5981332119113,13.151582749872876,0.9013655070790472,0.2119301177141263,0.015778894535684,0.2145248311450813,0.2104894140719616,0.2125167012427298,0.3465768871015298,0.9241374410485887,0.3421095896329561,0.34908247370387,0.3455618948066729,0.9241374410485887,1.0,0.198438058288332,0.3557146338029857,0.2682702651739279,0.6878192336106321,0.0,1.0,0.0135045606288821,0.015778894535684,0.0178240441889736,0.0233451663057751,0.0207688870801348,0.9347064061278492,0.9241374410485887,0.9147355965860894,0.8898291228131372,0.9013655070790472,0.9241374410485887,1.0,0.0227721812596877,0.0803465079459124,0.0303880961950967,0.112529321987179,0.0,1.0,0.3207248034484865,0.6671888053170065,12.82899213793946,0.3207248034484865,0.6671888053170064,0.0,0.0,1.1102230246251563e-16
trained_support,0.02,0.08,zero,40,8,20269003,1,23,0.8099173553719008,121.7872283625637,18.351094359369093,0.9004903197890183,0.176594877455776,0.015000856214137,0.1798630099441565,0.1745590172846531,0.1772308563167762,0.4135510196358039,0.9277395146016116,0.4068482351368161,0.4177821784678359,0.412238059746831,0.9277395146016116,1.0,0.1599857419628609,0.3613689207245821,0.22521586250914,0.6622779121447506,0.0,1.0,0.0146433919811191,0.015000856214137,0.0191395965627981,0.0226403417631705,0.0209631728483529,0.9293991657947858,0.9277395146016116,0.9087384292510924,0.8929705219223268,0.9004903197890183,0.9277395146016116,1.0,0.0228461982309342,0.0882167120284501,0.0311491309975151,0.1221635767143216,0.0,1.0,0.2465750448003936,0.5364333718645402,9.863001792015746,0.2465750448003936,0.5364333718645402,0.0,0.0,1.1102230246251563e-16
trained_support,0.02,0.08,zero,40,9,20270000,0,120,0.0,159.89773406046237,-117.35962312436702,0.6177431772775465,0.2176148656577219,0.0170972917566831,0.2206246873605173,0.2159209151711732,0.218285471666443,0.3368645600788433,0.9180655746947748,0.3318330039369514,0.3397298364681401,0.3357369346257571,0.9180655746947748,1.0,0.2036914853058428,0.376227510914241,0.2763631734525905,0.7177514100994977,0.0,1.0,0.0034529425601136,0.0170972917566831,0.0173815456453242,0.0175032073190226,0.0174424825565797,1.0,0.9180655746947748,0.9167616829568332,0.9162041787376104,0.9164824023786494,0.9180655746947748,1.0,0.0173044564503392,0.0342798668208257,0.0238481895547446,0.0673142965560287,0.2404558124714115,1.0,0.3279759258978219,0.6616672669648788,13.119037035912877,0.3279759258978219,0.6616672669648787,0.0,0.0,1.1102230246251563e-16
trained_support,0.02,0.08,zero,40,10,20270997,0,120,0.0,168.38516826986628,-148.11983560545025,0.7535886584591502,0.1826252964570958,0.0155767815294101,0.1851804831146687,0.1813765661024931,0.1832883930554717,0.4012677044443656,0.925071814073526,0.3961737443569901,0.4037809179091078,0.3999395112127964,0.925071814073526,1.0,0.1761379190783289,0.3211137318551249,0.2337693618054148,0.6172047109965411,0.0,1.0,0.0034363153743066,0.0155767815294101,0.0164350141949798,0.0154524781424905,0.0159513129919348,1.0,0.925071814073526,0.9211106848339904,0.92564694057861,0.9233410926060864,0.925071814073526,1.0,0.0157879990392012,0.0325406417161565,0.0217782258404247,0.0604667227783122,0.2644252849474746,1.0,0.3160240862405572,0.6285912705127723,12.640963449622287,0.3160240862405572,0.6285912705127723,0.0,0.0,1.1102230246251563e-16
trained_support,0.02,0.08,zero,40,11,20271994,0,120,0.0,175.7651519652755,-119.75704735824128,0.6942971091809926,0.2201414655865791,0.019726522944699,0.2251510866558135,0.2168174101263454,0.2210235294671017,0.3326357179327298,0.90607552569119,0.3244073066932973,0.3382104139761537,0.3311719184562315,0.90607552569119,1.0,0.2069673416454306,0.4274822842125332,0.2813618244125797,0.7291606980731423,0.0,1.0,0.0036194206677402,0.019726522944699,0.0199401807001937,0.0201707962301746,0.0200558199398031,1.0,0.90607552569119,0.9051080922167188,0.9040650337840888,0.9045849134235476,0.90607552569119,1.0,0.0202613392333308,0.0381084800854887,0.0265328617734006,0.0690119114848019,0.2168227754035429,1.0,0.3804139409982765,0.7027810049582092,15.21655763993106,0.3804139409982764,0.7027810049582092,0.0,0.0,1.1102230246251563e-16
trained_support,0.02,0.08,zero,40,12,20272991,0,120,0.0,161.57477492517444,-148.31327112011556,0.6856027381840923,0.1815755765841779,0.0176913779384608,0.1812892994899695,0.1835743435802301,0.1824353991560796,0.4033793345656383,0.9153425705852934,0.4039571393164632,0.3993681052292227,0.4016488836482784,0.9153425705852934,1.0,0.1751305338729067,0.3707495274020967,0.2345558048893595,0.6831263050226821,0.0,1.0,0.003690555424604,0.0176913779384608,0.0178756496117844,0.0182666706425603,0.0180722177029697,1.0,0.9153425705852934,0.9144996004479904,0.9127134042356128,0.9136012347911142,0.9153425705852934,1.0,0.0180042081793866,0.0356440300299405,0.0245171544605593,0.0636964289944294,0.2431649662032066,1.0,0.3325130245372866,0.6307576849851999,13.300520981491465,0.3325130245372866,0.6307576849851998,0.0,0.0,1.1102230246251563e-16
trained_support,0.02,0.08,zero,40,13,20273988,1,31,0.743801652892562,129.4015024272905,14.002410770027064,0.9008420312727772,0.2059966040313246,0.0172035500736122,0.2044613002935033,0.2089418643963845,0.2067137223494697,0.3570130225428877,0.9175779437293708,0.3597641858507193,0.3517940633184107,0.3557352118740835,0.9175779437293708,1.0,0.1961335600747678,0.4054275472775828,0.262717873749234,0.7486100713732626,0.0,1.0,0.0118416265882145,0.0172035500736122,0.0227615956017466,0.0188223876392591,0.0208850725493112,0.942510581241958,0.9175779437293708,0.8924293054827395,0.9101808725330242,0.9008420312727772,0.9175779437293708,1.0,0.0239032332109811,0.0475960636839654,0.0322682832589711,0.0874683055075602,0.192382609393422,1.0,0.2977065040239528,0.6651000913366287,11.908260160958111,0.2977065040239528,0.6651000913366287,0.0,0.0,1.1102230246251563e-16
trained_support,0.02,0.08,zero,40,14,20274985,0,120,0.0,110.2989846946872,-115.8031136146642,0.6600307652634622,0.179612188676703,0.0164587003481119,0.184257021218658,0.1763865199169029,0.1803647059110636,0.4073587861625303,0.9210016034497508,0.3980072307722376,0.4139820764949322,0.4058289435139882,0.9210016034497508,1.0,0.158818061592931,0.3979571907459597,0.2267146192102967,0.6951921654764338,0.0,1.0,0.0034986924866296,0.0164587003481119,0.0163390529851946,0.0173001352618087,0.0168264573296026,1.0,0.9210016034497508,0.9215527453554796,0.9171349285178492,0.9193096356607344,0.9210016034497508,1.0,0.0164606040251591,0.0363686202865957,0.0231504405188268,0.0670073880143119,0.2060256547386231,1.0,0.3065705251449286,0.7044628733166665,12.262821005797148,0.3065705251449286,0.7044628733166665,0.0,0.0,1.1102230246251563e-16
trained_support,0.02,0.08,zero,40,15,20275982,1,35,0.7107438016528925,152.54064018298482,13.646631066178738,0.9000248321359933,0.2265875720418737,0.0169384197068612,0.2306077721502197,0.2237805423979184,0.227219800778887,0.3220856225614009,0.9187951392235548,0.3156760148671758,0.3266380140287046,0.3210690712085537,0.9187951392235548,1.0,0.2180746408054702,0.41319577391176,0.2870991473901776,0.7433568447905718,0.0,1.0,0.0125256113428017,0.0169384197068612,0.0220316877401522,0.0200550925870175,0.0210665849552486,0.939292772365719,0.9187951392235548,0.8956922117434228,0.9045882031913124,0.9000248321359933,0.9187951392235548,1.0,0.0224193010835633,0.0786765207537872,0.0301213693127866,0.114697961922571,0.0649290285429237,1.0,0.3034804567503559,0.689199786469591,12.139218270014236,0.3034804567503559,0.6891997864695909,0.0,0.0,1.1102230246251563e-16
trained_support,0.02,0.08,zero,40,16,20276979,0,120,0.0,153.1767662722383,-121.4502972640959,0.745097750674451,0.2036262331250573,0.0180006076603775,0.2035313085308989,0.2053054695651971,0.2044203137969489,0.3612694624815432,0.9139284084766012,0.3614409699645585,0.3582488766902105,0.3598379207736206,0.9139284084766012,1.0,0.1915593525910416,0.4012383530641523,0.2593882081871572,0.7149075935193181,0.0,1.0,0.0038624154346272,0.0180006076603775,0.0190874997192398,0.0177072757004852,0.0184103266981465,1.0,0.9139284084766012,0.9089751721025626,0.9152698139852096,0.912058055588127,0.9139284084766012,1.0,0.0191038883733041,0.0350206852727841,0.0250411483604697,0.0641539566496537,0.2310947010860053,1.0,0.3918164734146274,0.7028570823266843,15.672658936585098,0.3918164734146274,0.7028570823266843,0.0,0.0,1.1102230246251563e-16
trained_support,0.02,0.08,zero,40,17,20277976,1,18,0.8512396694214877,125.99607145256134,21.62466576710485,0.9006968577116243,0.2042419274064355,0.0174596872483755,0.2051896210933464,0.2047838630717332,0.2049868424789911,0.3601590148886673,0.9164035667832072,0.3584564497264883,0.3591844208264558,0.3588200705425631,0.9164035667832072,1.0,0.1981850613000839,0.3662068996359314,0.2608556045588479,0.6960988751786696,0.0,1.0,0.0115192448720339,0.0174596872483755,0.0187487805361893,0.0228812279144223,0.0209173057833213,0.9440310472323296,0.9164035667832072,0.9105159130691338,0.8918956481967172,0.9006968577116243,0.9164035667832072,1.0,0.024040713046562,0.0522928690525805,0.0329615939260247,0.0955415886071503,0.0393638336696724,1.0,0.2315449807247432,0.5500389297385933,9.26179922898973,0.2315449807247432,0.5500389297385933,0.0,0.0,5.551115123125783e-17
trained_support,0.02,0.08,zero,40,18,20278973,0,120,0.0,138.4892433321371,-96.13836834340772,0.6635020142187636,0.1906071896561038,0.0164861869266043,0.1921895262138678,0.190444155146969,0.1913188310333745,0.3855686781995756,0.920875036232875,0.3825302166456351,0.3858831113417364,0.3841991829921952,0.920875036232875,1.0,0.1810243608400342,0.4223147365340692,0.2421943344049831,0.6957262059184515,0.0,1.0,0.0042214030513734,0.0164861869266043,0.0168896077826922,0.0171455637162793,0.0170180669613527,1.0,0.920875036232875,0.919019407383156,0.9178440173117308,0.9184293145193262,0.920875036232875,1.0,0.0173380416378855,0.0378157940944785,0.0231728971041555,0.0670963291863071,0.2012433927521933,1.0,0.4172893401354415,0.679057622242504,16.691573605417663,0.4172893401354415,0.679057622242504,0.0,0.0,1.1102230246251563e-16
trained_support,0.02,0.08,zero,40,19,20279970,1,44,0.6363636363636364,165.25794816465643,8.59487765890017,0.9008816156975018,0.1984909903837323,0.0163174247008164,0.1971302015064135,0.2011704423587229,0.1991605674132852,0.3706656069029203,0.9216524087684844,0.3731961943037762,0.3657328201341872,0.3694267359787062,0.9216524087684844,1.0,0.1826845458540136,0.3836419822886882,0.2482843924640774,0.6373902704722638,0.0,1.0,0.013021555305003,0.0163174247008164,0.0236587841282706,0.0176607031691272,0.0208762844258279,0.9369664749446848,0.9216524087684844,0.8884348848840383,0.9154829709629606,0.9008816156975018,0.9216524087684844,1.0,0.0238321080645047,0.0529526682366933,0.0315113405476312,0.0936626095920104,0.1680965347864359,1.0,0.3767491725101856,0.6284257899740823,15.069966900407422,0.3767491725101855,0.6284257899740822,0.0,0.0,1.1102230246251563e-16
trained_support,0.02,0.08,zero,40,20,20280967,1,39,0.6776859504132231,133.291655760321,7.876371953278115,0.9000656666700794,0.1863848100420035,0.0169051756643356,0.1866265412824119,0.1876717848964936,0.187149892809576,0.3937952990669803,0.91894787424043,0.3933196234584727,0.3912694114289981,0.3922917467690828,0.91894787424043,1.0,0.1762979827050529,0.3307681161492314,0.239989771700939,0.6416780744087078,0.0,1.0,0.0125355942420041,0.0169051756643356,0.0192240605787733,0.0227219644693869,0.0210458092560541,0.9392458892104631,0.91894787424043,0.9083547317923386,0.8926061629244492,0.9001183302180297,0.91894787424043,1.0,0.022704131159777,0.0747276444467975,0.0309921183432678,0.1063450383769956,0.0,1.0,0.3004284421844683,0.6312286533638853,12.017137687378732,0.3004284421844683,0.6312286533638853,0.0,0.0,1.1102230246251563e-16
trained_support,0.02,0.08,zero,40,21,20281964,0,120,0.0,185.7194336603456,-141.69693642102766,0.6579613526307194,0.2168934521677877,0.0188427730816156,0.2233811521188593,0.2118879426946762,0.2177104032669677,0.3380818473672919,0.9100881050623144,0.3272909459862865,0.3466499792426874,0.3367036823330426,0.9100881050623144,1.0,0.2148908679957514,0.3749861863230448,0.2749769632117946,0.6997035612831382,0.0,1.0,0.0033689697245693,0.0188427730816156,0.0185451340409566,0.0197199927034366,0.0191415792036687,1.0,0.9100881050623144,0.9114435021123852,0.9061051106331028,0.9087294207859916,0.9100881050623144,1.0,0.0194211392411278,0.0382097527546581,0.0256385630669967,0.067274280643873,0.2348896449531737,1.0,0.3306913835068475,0.6512049745345516,13.227655340273904,0.3306913835068475,0.6512049745345516,0.0,0.0,1.1102230246251563e-16
trained_support,0.02,0.08,zero,40,22,20282961,0,120,0.0,161.99977823146315,-141.94878489356043,0.6779350763625449,0.208220544062877,0.0168165998363486,0.2091841724481874,0.2086124828406962,0.2088985232113822,0.3530651351208493,0.9193549472200306,0.3513681087304865,0.3523739130461521,0.3518703074372936,0.9193549472200306,1.0,0.1945092709113101,0.376484498332812,0.264334879854033,0.7244292954851149,0.0,1.0,0.0036125873406094,0.0168165998363486,0.0180461619541791,0.0163105387226283,0.017200256316387,1.0,0.9193549472200306,0.913720265365865,0.9216841417066808,0.917593055248714,0.9193549472200306,1.0,0.0170565566511434,0.0396590847723141,0.0232532943081689,0.0682518538285518,0.2078508219599134,1.0,0.3556738032137435,0.6953142551190498,14.22695212854974,0.3556738032137435,0.6953142551190498,0.0,0.0,1.1102230246251563e-16
trained_support,0.02,0.08,zero,40,23,20283958,0,120,0.0,178.36472190668607,-136.23158785039794,0.7125491038166568,0.2057431360433984,0.0170358806409968,0.2063582457457847,0.2065361782572137,0.2064472311710346,0.3574657662348086,0.9183475151343274,0.3563680518316213,0.3560511455100908,0.356209529286538,0.9183475151343274,1.0,0.1875007031220033,0.4033211129769484,0.262092244216899,0.7286512586574804,0.0,1.0,0.0040396195951941,0.0170358806409968,0.0184571517468997,0.0165049404957501,0.017508276776661,1.0,0.9183475151343274,0.9118445447686456,0.9207886918127705,0.9161809557405703,0.9183475151343274,1.0,0.0180132130483408,0.0359881782055498,0.024132374210146,0.0654989424106305,0.220824977942373,1.0,0.379683864219108,0.6993869711596288,15.18735456876432,0.3796838642191079,0.6993869711596287,0.0,0.0,1.1102230246251563e-16
trained_support,0.02,0.08,zero,40,24,20284955,0,120,0.0,168.3368010281374,-129.13909722945482,0.6525714821779531,0.2190588309528004,0.0171276795772012,0.2206086981114297,0.2188425460686148,0.2197273966216021,0.3344412150014157,0.9179260952316968,0.3318595338001959,0.3348030835301487,0.3333251019550013,0.9179260952316968,1.0,0.2052757297867227,0.4012474827926126,0.2779564543639636,0.7396426667892615,0.0,1.0,0.003770518074613,0.0171276795772012,0.0182977658125913,0.0167433627078936,0.0175377938820781,1.0,0.9179260952316968,0.9125715103739616,0.9196916634484188,0.9160457506687129,0.9179260952316968,1.0,0.0182801593110408,0.038125521980821,0.0241510724238131,0.0672758805337837,0.228508028856626,1.0,0.3760094277864155,0.7116774104667278,15.04037711145662,0.3760094277864154,0.7116774104667278,0.0,0.0,1.1102230246251563e-16
trained_support,0.02,0.08,zero,40,25,20285952,0,120,0.0,140.231409405433,-98.465046009447,0.6879627871362002,0.1980380184855792,0.0178749038465607,0.1959671604537665,0.2016779857349942,0.1988430762013563,0.3715060638197605,0.914503010464344,0.3753727291419513,0.3648058704478636,0.3700136504165179,0.914503010464344,1.0,0.1823384241060298,0.3973699053922063,0.2546893027595622,0.7170328143358772,0.0,1.0,0.0039390523774333,0.0178749038465607,0.017902466204402,0.0186964795111847,0.0183037788763947,1.0,0.914503010464344,0.9143769898519992,0.9107540487823144,0.9125440740328196,0.914503010464344,1.0,0.0185262122427593,0.0355305223418576,0.0250698919290226,0.0638308402571531,0.2429567529008572,1.0,0.3193005848677571,0.7028529868441341,12.772023394710285,0.3193005848677571,0.7028529868441341,0.0,0.0,1.1102230246251563e-16
trained_support,0.02,0.08,zero,40,26,20286949,1,29,0.7603305785123967,208.44405416350904,15.709978595906476,0.900166056125187,0.2067194794469594,0.0179220879518186,0.2072896190340894,0.2077000305234723,0.2074949262497149,0.3557249720099874,0.9142872858807506,0.3547123515898432,0.3539852077928357,0.3543484133933824,0.9142872858807506,1.0,0.1900995078780077,0.4071097078112982,0.2642356218012679,0.7259608028759708,0.0,1.0,0.0110126572711091,0.0179220879518186,0.0224625415061815,0.0195036904848889,0.02103520517427,0.9464252502532654,0.9142872858807506,0.893764726836022,0.90708560347281,0.900166056125187,0.9142872858807506,1.0,0.0228273190758385,0.056432938986147,0.0313391776898186,0.0910676461548916,0.1447401043992539,1.0,0.2797933146153852,0.6473047265141264,11.191732584615409,0.2797933146153852,0.6473047265141263,0.0,0.0,1.1102230246251563e-16
trained_support,0.02,0.08,zero,40,27,20287946,0,120,0.0,168.96864627411506,-136.99341020048013,0.6920157344723371,0.2173488170278104,0.0172997702069456,0.2204965447497688,0.2155478006814652,0.2180362133055005,0.3373129700332283,0.9171366025422064,0.3320456817997023,0.3403642186499722,0.3361556216648396,0.9171366025422064,1.0,0.2069562554602952,0.3546952348301655,0.2758220394291225,0.6838102151188983,0.0,1.0,0.0031573879394355,0.0172997702069456,0.0177962092033803,0.0173723122702751,0.0175855380302456,1.0,0.9171366025422064,0.9148629137063228,0.9168040079560792,0.9158270976480164,0.9171366025422064,1.0,0.01680826559345,0.0375462941805615,0.0235480762131011,0.0672570216134266,0.2124626139375593,1.0,0.3176834954954108,0.6655198334582062,12.707339819816434,0.3176834954954108,0.6655198334582062,0.0,0.0,1.1102230246251563e-16
trained_support,0.02,0.08,zero,40,28,20288943,1,28,0.768595041322314,164.33786538714878,14.188750041412131,0.9008481685067166,0.1816647169523901,0.0179678744108595,0.1834064871956789,0.1816917396224003,0.1825511268007854,0.4031995877133036,0.9140779999509864,0.3997034283561029,0.4031451137464312,0.4014165414792747,0.9140779999509864,1.0,0.1731703231298894,0.3336455210184904,0.2345985816493737,0.6517658136175863,0.0,1.0,0.0106435347736145,0.0179678744108595,0.0222258882970672,0.0194491278994563,0.0208837099989815,0.9481735974029778,0.9140779999509864,0.8948229142251545,0.9073331019103325,0.9008481685067166,0.9140779999509864,1.0,0.023307564496951,0.0598655772796887,0.0312948726590693,0.1003964575053384,0.1224991891480621,1.0,0.2877530084361732,0.5967454939377382,11.510120337446928,0.2877530084361732,0.5967454939377381,0.0,0.0,1.1102230246251563e-16
trained_support,0.02,0.08,zero,40,29,20289940,1,33,0.7272727272727273,135.369516154951,12.783268539125576,0.9009994289253695,0.1926569830087034,0.017665110581258,0.1914488824027833,0.1954606453853385,0.1934651628429881,0.3816371789485271,0.9154627966314944,0.3839494360514549,0.3763245936854574,0.3800981332468187,0.9154627966314944,1.0,0.1739474616348122,0.379331650466251,0.2466836995648939,0.7070343350649805,0.0,1.0,0.0110757316919954,0.017665110581258,0.0217403403377857,0.01992017898312,0.0208501310394238,0.94612682119098,0.9154627966314944,0.8969979505676088,0.9051986153230954,0.9009994289253695,0.9154627966314944,1.0,0.0225634223405978,0.0647925764408203,0.0314842844649108,0.1015200268554463,0.0486217867095869,1.0,0.2771457279663208,0.6255330177073513,11.085829118652834,0.2771457279663208,0.6255330177073511,0.0,0.0,1.1102230246251563e-16
trained_support,0.02,0.08,zero,40,30,20290937,1,27,0.7768595041322314,162.3539385658283,15.161506570028727,0.9018595139121278,0.179473568752104,0.0156724707490266,0.1821143190201402,0.1781773028413584,0.1801565658531358,0.4076412242512031,0.9246293229361564,0.4022942089032881,0.4102918619144604,0.4062515096572623,0.9246293229361564,1.0,0.1610948485023577,0.3480771964411823,0.2279010357543902,0.6802532070600833,0.0,1.0,0.0134603308757359,0.0156724707490266,0.0218505461117883,0.019395033589643,0.0206593041185657,0.9349131381543088,0.9246293229361564,0.8965038149545007,0.9075785428908304,0.9018595139121278,0.9246293229361564,1.0,0.022962529185866,0.0740963674101811,0.0307842925733981,0.1105910876562362,0.1047334450866881,1.0,0.2521648518621998,0.5662651769836838,10.086594074487994,0.2521648518621998,0.5662651769836838,0.0,0.0,1.1102230246251563e-16
trained_support,0.02,0.08,zero,40,31,20291934,0,120,0.0,144.52295895051694,-96.93096723016508,0.7139429380699787,0.1931104672719032,0.0185195451515129,0.1931389347906471,0.1948502094253882,0.1939964590465293,0.3807728269693696,0.9115601237078176,0.380718632538469,0.3774749586757993,0.3790897497398098,0.9115601237078176,1.0,0.1802680110199227,0.4521163561870069,0.2461501615838395,0.731738175423255,0.0,1.0,0.0033879747383859,0.0185195451515129,0.0197633902918372,0.0178413075492309,0.0188268936749233,1.0,0.9115601237078176,0.9059085180797862,0.9146566429429313,0.910160366226668,0.9115601237078176,1.0,0.0185125276053033,0.0364745794409656,0.0253181050157922,0.0715289331126683,0.2130660320028412,1.0,0.4008532479592473,0.7084350545906605,16.034129918369896,0.4008532479592473,0.7084350545906605,0.0,0.0,1.1102230246251563e-16
trained_support,0.02,0.08,zero,40,32,20292931,0,120,0.0,170.6112914516644,-118.9127741925542,0.6732685282405644,0.1804123917439672,0.0179447087116375,0.1822946839398047,0.1803051178927961,0.1813026300568312,0.4057321935925088,0.9141838823630294,0.401931573631218,0.4059498742406475,0.4039302153254787,0.9141838823630294,1.0,0.1694291483246833,0.3758810030954825,0.2328533494730196,0.6884871040111322,0.0,1.0,0.0038405219399326,0.0179447087116375,0.0186608359455568,0.0180360073421548,0.0183510811538891,1.0,0.9141838823630294,0.9109163758552168,0.913766658917594,0.912328272488508,0.9141838823630294,1.0,0.0188203764892047,0.0365736837882844,0.0251730887880894,0.0663913888599856,0.2099129551696847,1.0,0.3115378080632888,0.6362258459109111,12.46151232253155,0.3115378080632888,0.6362258459109111,0.0,0.0,1.1102230246251563e-16
trained_support,0.02,0.08,zero,40,33,20293928,0,120,0.0,149.63801926781585,-114.59967427805536,0.6810068259955486,0.1884727387202472,0.0157971395998024,0.1897964810875102,0.1884684097860722,0.1891336111330988,0.3897056012124747,0.9240531401595043,0.3871347693198932,0.3897140363532387,0.3884199980265691,0.9240531401595043,1.0,0.1738947255588471,0.3460336690617394,0.239478359371818,0.6810460794679144,0.0,1.0,0.0039566320470237,0.0157971395998024,0.0150702444975388,0.0174154197241053,0.0162851022929295,1.0,0.9240531401595043,0.9274176991685796,0.9166064238179952,0.9218013709306302,0.9240531401595043,1.0,0.0163839496369843,0.0346185147151766,0.0224367464880632,0.0670471451371075,0.2468932114151114,1.0,0.3297646232773867,0.660377460146425,13.190584931095469,0.3297646232773866,0.660377460146425,0.0,0.0,1.1102230246251563e-16
trained_support,0.02,0.08,zero,40,34,20294925,1,36,0.7024793388429752,146.809812056461,11.200819066816893,0.9002033076050158,0.19598748262873,0.018267443129105,0.1974604319669501,0.1962115273338168,0.1968369701697875,0.3753345891283135,0.9127098789483008,0.3725804989914464,0.3749143659075766,0.3737437597084242,0.9127098789483008,1.0,0.1852160840290727,0.3780051742437817,0.2510892854067767,0.7079043043441334,0.0,1.0,0.0104130809491887,0.018267443129105,0.0186957125344428,0.0231243118705912,0.0210269287659763,0.9492667782600028,0.9127098789483008,0.9107575414248762,0.8908122790909372,0.9002033076050158,0.9127098789483008,1.0,0.0241764860019847,0.0613395012050969,0.0320553558936264,0.1001536113603021,0.0,1.0,0.2766923420498935,0.6265951185393751,11.06769368199574,0.2766923420498934,0.626595118539375,0.0,0.0,1.1102230246251563e-16
trained_support,0.02,0.08,zero,40,35,20295922,0,120,0.0,191.31989742654943,-137.8956745416956,0.7926724968152361,0.2101045927896961,0.0182622691976749,0.206083944303201,0.2156022000712885,0.210896776617312,0.3497547921282805,0.9127334907453604,0.3568571485083048,0.3402716532102404,0.3483721816902108,0.9127334907453604,1.0,0.1920578719404202,0.3759255651322817,0.2671250198615606,0.7094652883336734,0.0,1.0,0.0029148654598287,0.0182622691976749,0.0186004379305656,0.0183857973062273,0.018493429019445,1.0,0.9127334907453604,0.9111915051009,0.9121699235956154,0.9116791636026956,0.9127334907453604,1.0,0.0178594367232365,0.0348325646195378,0.0242208675955953,0.0686766742789481,0.1969192743517851,1.0,0.3595159385410855,0.6844285451812012,14.38063754164342,0.3595159385410855,0.6844285451812012,0.0,0.0,1.1102230246251563e-16
trained_support,0.02,0.08,zero,40,36,20296919,1,18,0.8512396694214877,98.27254210865732,21.76786587377052,0.9001522818129482,0.2028632577745044,0.0167140982688716,0.2023054250335657,0.2047882806061942,0.2035506385050818,0.3626502931301837,0.9198262445973032,0.3636631960847066,0.3591764873662876,0.3614060384295597,0.9198262445973032,1.0,0.192120746083737,0.3670578264437097,0.2574425295776434,0.6913643882910725,0.0,1.0,0.012776835999122,0.0167140982688716,0.0209366482761224,0.0211393944364983,0.0210382655912971,0.9381136455654634,0.9198262445973032,0.9006097533113016,0.8996972400634353,0.9001522818129482,0.9198262445973032,1.0,0.0241751041018998,0.0609894537627087,0.0324271441134611,0.1001999693129047,0.053425163415216,1.0,0.1971084980183121,0.4995129949298824,7.884339920732486,0.1971084980183121,0.4995129949298823,0.0,0.0,1.1102230246251563e-16
trained_support,0.02,0.08,zero,40,37,20297916,0,120,0.0,144.3033474547044,-132.5164449213663,0.6583639529563863,0.1812439203102558,0.018785813390327,0.1871150393362478,0.17717926775593,0.1822148880694619,0.4040488059335681,0.9103473336620632,0.39236011637587,0.4123444073031768,0.4020919680247966,0.9103473336620632,1.0,0.1656982209769484,0.3786297065209682,0.2341097776509447,0.7165658476542822,0.0,1.0,0.0038042774388167,0.018785813390327,0.0185062125903439,0.0198060273325157,0.0191671414553052,1.0,0.9103473336620632,0.9116208928888602,0.9057154123724758,0.9086132823574308,0.9103473336620632,1.0,0.0194167141176528,0.0399475534244819,0.0257495795941698,0.0720016621778404,0.2399395236012291,1.0,0.3288206575886021,0.6663799727647812,13.152826303544083,0.3288206575886021,0.6663799727647812,0.0,0.0,1.1102230246251563e-16
trained_support,0.02,0.08,zero,40,38,20298913,0,120,0.0,160.28819196351984,-122.41514806665228,0.6955280069473617,0.2081232028268938,0.0153504745647214,0.2127467570949909,0.2045498144563765,0.2086885349612828,0.3532370159283581,0.9261191574863592,0.3451646306517419,0.3596049999501229,0.3522399446025941,0.9261191574863592,1.0,0.1967973001529518,0.3683985471441969,0.2635165132729115,0.6964039471782038,0.0,1.0,0.0035928840285187,0.0153504745647214,0.0157250967711413,0.0158054769477966,0.0157653380872262,1.0,0.9261191574863592,0.924386057126856,0.9240146201994224,0.924200083279518,0.9261191574863592,1.0,0.0160106022864077,0.0333821526016571,0.0215685628964875,0.065510795982251,0.2825052794429799,1.0,0.3413740589670483,0.6503191769327743,13.654962358681932,0.3413740589670483,0.6503191769327743,0.0,0.0,1.1102230246251563e-16
trained_support,0.02,0.08,zero,40,39,20299910,1,21,0.8264462809917356,151.8306838536729,19.488303617326466,0.9012248691150424,0.1998820330551497,0.0169485793526006,0.2006806528580165,0.2005179257052671,0.2005993057822767,0.368096493246316,0.9187484672433835,0.3666295782195713,0.3669280025443467,0.3667787297704606,0.9187484672433835,1.0,0.1819077496289906,0.3831330641127191,0.255330906452417,0.7372459343115074,0.0,1.0,0.0120577614841172,0.0169485793526006,0.0223649642517676,0.0191074928280945,0.0208000950497651,0.9414925842708848,0.9187484672433835,0.8942008887667626,0.9088843104463458,0.9012248691150424,0.9187484672433835,1.0,0.0231882855809193,0.0429942536105956,0.0319023094817822,0.0833101736517308,0.116924513713396,1.0,0.26626223394291,0.6117271255832872,10.6504893577164,0.2662622339429099,0.6117271255832871,0.0,0.0,1.1102230246251563e-16
trained_support,0.02,0.08,zero,40,40,20300907,0,120,0.0,166.89126336024464,-110.97786949865728,0.7989169708946097,0.2100595976283158,0.0143412035249894,0.2115056194226076,0.2095871711276463,0.2105485803189257,0.3498334873467855,0.9308044957088196,0.3473132747956469,0.3506608171446244,0.3489792194782857,0.9308044957088196,1.0,0.1933116859197255,0.3596085943113316,0.2647127207364114,0.6758613916773167,0.0,1.0,0.0031382932585547,0.0143412035249894,0.0146583306653708,0.0147027666902651,0.0146805654905341,1.0,0.9308044957088196,0.9293297483839222,0.9291232927207728,0.9292264367044496,0.9308044957088196,1.0,0.0143658331988257,0.0334358485521315,0.0200521765208641,0.0592498272137287,0.2572439092078845,1.0,0.3090237064627286,0.6598128811217434,12.360948258509143,0.3090237064627286,0.6598128811217434,0.0,0.0,1.1102230246251563e-16
trained_support,0.02,0.08,zero,40,41,20301904,1,30,0.7520661157024794,132.89803864925477,14.20980743011452,0.9010181634479788,0.2101001667895415,0.0152727254675053,0.2101644315300705,0.2111435155907946,0.2106545423868162,0.3497625322877453,0.9264792521164504,0.3496501633501925,0.3479426617204785,0.3487943756499616,0.9264792521164504,1.0,0.1851407929386441,0.3829982124490518,0.2642969602568687,0.7130812572004228,0.0,1.0,0.014187967619009,0.0152727254675053,0.0188602027486088,0.0226583734855138,0.02084597247345,0.9315179323351412,0.9264792521164504,0.9100087958551684,0.8928900165689468,0.9010181634479788,0.9264792521164504,1.0,0.0230714329646963,0.0563764419908807,0.0314919360892378,0.0952638285875869,0.0389756593996175,1.0,0.2716965521215894,0.6040631884760803,10.867862084863578,0.2716965521215894,0.6040631884760803,0.0,0.0,1.1102230246251563e-16
trained_support,0.02,0.08,zero,40,42,20302901,0,120,0.0,168.1529760810498,-131.26107315469105,0.7875105103124821,0.1834101149078613,0.0175863889914488,0.1826396415989551,0.1858490354377772,0.1842513265305666,0.399696178376873,0.9158232009896612,0.4012389242657981,0.3948516409406484,0.3980185635687655,0.9158232009896612,1.0,0.1654909029483428,0.3858828554676773,0.234677396272014,0.7224419019753311,0.0,1.0,0.0028786931050447,0.0175863889914488,0.0183312941672877,0.0172944950101335,0.0178204363513238,1.0,0.9158232009896612,0.9124185380901638,0.9171607932416416,0.9147520978225482,0.9158232009896612,1.0,0.0173826053358666,0.0352924507946955,0.023229826087191,0.0577615755230122,0.2893931938084766,1.0,0.3357942856654091,0.7088290998106591,13.431771426616368,0.3357942856654091,0.7088290998106591,0.0,0.0,1.1102230246251563e-16
trained_support,0.02,0.08,zero,40,43,20303898,0,120,0.0,179.8111960858723,-141.08734319040667,0.634068436066368,0.1929109599395662,0.016550955538955,0.1905959619121536,0.1965968577848986,0.1936196596269536,0.3811528513366515,0.9205768655245128,0.3855903241391278,0.3741927316912357,0.3798046269299794,0.9205768655245128,1.0,0.178882872848604,0.3923361727023554,0.2467422563360528,0.7378390380932056,0.0,1.0,0.0041386835188561,0.016550955538955,0.0163688664513624,0.0177252890566246,0.017060563605043,1.0,0.9205768655245128,0.9214153821859372,0.9151873822918288,0.9182341844343256,0.9205768655245128,1.0,0.0175511296417376,0.0357398599041042,0.0236577877813062,0.0660072649131522,0.271334592969541,1.0,0.3444976747926161,0.7076789314443751,13.779906991704646,0.3444976747926161,0.707678931444375,0.0,0.0,1.1102230246251563e-16
trained_support,0.02,0.08,zero,40,44,20304895,0,120,0.0,133.7128170567724,-105.28594281428944,0.7019157936395921,0.2143410394450292,0.0161169601129366,0.2231056701606245,0.2064643676993531,0.2149461271892507,0.3424241186457904,0.9225766652442994,0.3277420703600905,0.3561790096206298,0.3413897010307774,0.9225766652442994,1.0,0.1980131146516909,0.3567889316076161,0.2716091793161526,0.7107863896082103,0.0,1.0,0.0039163077533861,0.0161169601129366,0.0168855152656662,0.0162808818439113,0.0165859539882764,1.0,0.9225766652442994,0.9190382130884216,0.9218208232143278,0.920415785804902,0.9225766652442994,1.0,0.0168099075693742,0.0337761586904722,0.0231449810631385,0.0640024084589727,0.2565392196277637,1.0,0.3277442392412945,0.6707924260295364,13.109769569651778,0.3277442392412944,0.6707924260295363,0.0,0.0,1.1102230246251563e-16
trained_support,0.02,0.08,zero,40,45,20305892,0,120,0.0,208.6604401651969,-149.3849372419236,0.7549458573545619,0.1834783897878871,0.0196998194831943,0.1919244085788745,0.1768327633819643,0.1845329304130465,0.399559755620689,0.9061965105323984,0.3830376304139319,0.4130594222173679,0.397458540059273,0.9061965105323984,1.0,0.1728395431754653,0.40319947763867,0.2388854221332278,0.7442585947323144,0.0,1.0,0.0038647999537523,0.0196998194831943,0.0206179641968852,0.0195176506035408,0.0200753472287023,1.0,0.9061965105323984,0.9020459471876664,0.9070222905692156,0.904496597280363,0.9061965105323984,1.0,0.0200615850056965,0.040598407545572,0.0266067673945418,0.072456618614523,0.1984277762665497,1.0,0.3349124840742613,0.6498242065093263,13.396499362970454,0.3349124840742613,0.6498242065093262,0.0,0.0,1.1102230246251563e-16
trained_support,0.02,0.08,zero,40,46,20306889,1,31,0.743801652892562,127.40071238064132,14.03513648540434,0.9007414784718332,0.1894502832113133,0.0159789040175978,0.191162346763992,0.1890778346199896,0.1901229475430318,0.3878054758200395,0.9232137217531108,0.3844999062652473,0.3885283366983094,0.3865033522216045,0.9232137217531108,1.0,0.1759562946485878,0.4010866475992237,0.2415789030095918,0.7137093933856558,0.0,1.0,0.0134830974378938,0.0159789040175978,0.0200906531988638,0.0216934145373583,0.0209073979759161,0.9348067204209786,0.9232137217531108,0.904427378939386,0.897208436993814,0.9007414784718332,0.9232137217531108,1.0,0.0214643058430634,0.0788203765295788,0.0300251529912238,0.1144742860650741,0.0066027412080553,1.0,0.2413524819742696,0.625645799391011,9.654099278970786,0.2413524819742696,0.625645799391011,0.0,0.0,1.1102230246251563e-16
trained_support,0.02,0.08,zero,40,47,20307886,1,37,0.6942148760330579,175.92838064479955,12.571429927820724,0.9001798486692274,0.2172285939636127,0.016323207773591,0.2135765723008593,0.2220235709537878,0.217841018055434,0.3375157949819681,0.9216257592390128,0.3437354832273988,0.329520123268635,0.3364838617191942,0.9216257592390128,1.0,0.2063079484799954,0.3720680317581011,0.2755325861164375,0.714439438689333,0.0,1.0,0.0132628742227989,0.016323207773591,0.0218260359725009,0.0202070790335047,0.0210321407533709,0.9358366180426506,0.9216257592390128,0.8966136888538058,0.90390103859096,0.9001798486692274,0.9216257592390128,1.0,0.0219213642353586,0.0647233102308939,0.0299936445066598,0.1014321992940729,0.04565473501609,1.0,0.3163239697171734,0.670242912665621,12.652958788686936,0.3163239697171733,0.6702429126656209,0.0,0.0,1.1102230246251563e-16
trained_support,0.02,0.08,zero,40,48,20308883,0,120,0.0,183.62004554291872,-136.56625579391144,0.707096017487432,0.2021730073823414,0.0173643828384912,0.2027988742981615,0.2030357357564486,0.2029173395877788,0.3639040529414673,0.9168403573508508,0.3627670553559127,0.3623376819923508,0.3625522424604911,0.9168403573508508,1.0,0.1900759413076932,0.3486007744709369,0.2588676437737613,0.6872955131874156,0.0,1.0,0.0035467887959938,0.0173643828384912,0.0175258928350159,0.0179177589163849,0.0177229089634031,1.0,0.9168403573508508,0.9161002618084954,0.9143070760052164,0.9151982735130592,0.9168403573508508,1.0,0.0175122959333641,0.0357642152900851,0.0239268778500832,0.0639957794126967,0.2463003956549724,1.0,0.3594039999900082,0.6797732103383336,14.376159999600327,0.3594039999900082,0.6797732103383336,0.0,0.0,1.1102230246251563e-16
trained_support,0.02,0.08,zero,40,49,20309880,0,120,0.0,139.46427915394978,-105.4420168845086,0.6916660256151939,0.1770467661340792,0.0170108258492519,0.1734722742407761,0.1821461535661701,0.1778620971275469,0.4126176793292919,0.9184625673694072,0.4200584665994324,0.4022301797317178,0.4109390034332992,0.9184625673694072,1.0,0.1690793152304783,0.3188787563996865,0.2285416668985541,0.6108913104127767,0.0,1.0,0.0035806338963433,0.0170108258492519,0.0173244275964753,0.017442547944636,0.0173835880983536,1.0,0.9184625673694072,0.9170235385397032,0.9164821027436836,0.916752320791255,0.9184625673694072,1.0,0.0174772182931612,0.0401428420437158,0.0235586326580085,0.066951806319373,0.2171506499438587,1.0,0.4039653393915856,0.6828977324663659,16.158613575663423,0.4039653393915856,0.6828977324663659,0.0,0.0,1.1102230246251563e-16
trained_support,0.02,0.08,zero,100,0,20261807,0,120,0.0,391.7255721649074,-134.69949922519692,0.658956153870515,0.1902081147602264,0.0171513088730779,0.1923091403853647,0.189641195834767,0.1909798269888711,0.3863388001854632,0.9178176519014358,0.3823015048706932,0.3874354676423224,0.3848509606089103,0.9178176519014358,1.0,0.1775946447872114,0.4208311718287676,0.240509475752649,0.7326138608615376,0.0,1.0,0.0031797444266575,0.0171513088730779,0.0178041225974512,0.0170754080446731,0.0174435710414634,1.0,0.9178176519014358,0.9148267160686576,0.9181660336039236,0.9164774145060166,0.9178176519014358,1.0,0.0169855667604707,0.0367897281582981,0.0230856137232511,0.0697849472382741,0.2207957506643401,1.0,0.3687114346721162,0.6958560400019406,36.87114346721162,0.3687114346721162,0.6958560400019406,0.0,0.0,1.1102230246251563e-16
trained_support,0.02,0.08,zero,100,1,20262804,1,32,0.7355371900826446,320.1084166761731,12.20925831054003,0.9002275772265017,0.1771383012124923,0.0166704508033072,0.1803096030231641,0.175499887266332,0.1779209984415362,0.4124288775793848,0.9200270069251048,0.4059407706521806,0.415821400623516,0.4108179970164078,0.9200270069251048,1.0,0.1623789311382583,0.3394771368014263,0.224762832032197,0.6702865555703106,0.0,1.0,0.0128062906324595,0.0166704508033072,0.0215271767592565,0.0205034309390585,0.0210215368074864,0.937975496771223,0.9200270069251048,0.8979544966944291,0.9025626664325948,0.9002275772265017,0.9200270069251048,1.0,0.0225499783024767,0.0688703170685728,0.0309631984501456,0.1044265023236842,0.0,1.0,0.2814084961459548,0.6090531556626733,28.14084961459548,0.2814084961459547,0.6090531556626733,0.0,0.0,1.1102230246251563e-16
trained_support,0.02,0.08,zero,100,2,20263801,0,120,0.0,507.2377767772965,-142.22653713140468,0.7739394147270395,0.2007302476360509,0.016936150752753,0.2009587150220783,0.2019270311111807,0.2014434548908212,0.3665386749280952,0.91880556280271,0.3661202033266901,0.3643518870864644,0.3652339125152584,0.91880556280271,1.0,0.1843458695303378,0.3733360771837875,0.2532459300125775,0.7186296624510381,0.0,1.0,0.0033672432918731,0.016936150752753,0.0178999772933694,0.0166112573970227,0.0172676440114638,1.0,0.91880556280271,0.914388368937693,0.9202993448867138,0.9172839349238454,0.91880556280271,1.0,0.0170117189089863,0.0329594016572285,0.0229847913219891,0.0638109997603464,0.2136268777895936,1.0,0.3561868485928136,0.7019200129509101,35.61868485928136,0.3561868485928136,0.7019200129509101,0.0,0.0,1.1102230246251563e-16
trained_support,0.02,0.08,zero,100,3,20264798,0,120,0.0,415.6835541924252,-148.09299387789054,0.7427665560763432,0.1867479483522538,0.017121656771381,0.1883369228462341,0.1867219809812377,0.1875311903240979,0.3930809369963852,0.9179537381010578,0.3899703321231338,0.3931319767023825,0.3915445599065806,0.9179537381010578,1.0,0.1754139582867675,0.356946100519715,0.2361700813512326,0.6808243908635717,0.0,1.0,0.0032183609982087,0.017121656771381,0.0181071505542114,0.0167077543383502,0.0174215090652839,1.0,0.9179537381010578,0.9134416752460484,0.9198554216289806,0.9165785165966333,0.9179537381010578,1.0,0.0172389521558624,0.0369942133108129,0.0232468377038698,0.0682012567142711,0.2040562110610501,1.0,0.3543781013106477,0.6531868730607533,35.437810131064765,0.3543781013106477,0.6531868730607533,0.0,0.0,1.1102230246251563e-16
trained_support,0.02,0.08,zero,100,4,20265795,1,38,0.6859504132231405,358.152344902566,11.00388358762094,0.9005789976608398,0.2071483964893684,0.0175344978542632,0.2080828961612393,0.2076953102296398,0.2078891935217358,0.354962906944272,0.91606084735448,0.3533082121338103,0.3539935624623922,0.3536505615582603,0.91606084735448,1.0,0.1999567367436814,0.4072693076093658,0.2610043359733479,0.7332903567069495,0.0,1.0,0.0114529764943711,0.0175344978542632,0.0213981856585932,0.0204786772444885,0.0209434783544133,0.94434389608925,0.91606084735448,0.8985338241889457,0.9026743821487698,0.9005789976608398,0.91606084735448,1.0,0.0230498389281609,0.0519838692286397,0.0314880070718843,0.0899035318764039,0.0917036906864809,1.0,0.2990159909259416,0.6760409270313826,29.901599092594168,0.2990159909259416,0.6760409270313826,0.0,0.0,1.1102230246251563e-16
trained_support,0.02,0.08,zero,100,5,20266792,0,120,0.0,420.4143042967576,-117.11190146325052,0.7028814731515689,0.1987518778436668,0.0179787304637231,0.1989238579863893,0.2002008644205937,0.199563382651906,0.3701824120767626,0.9140283849021128,0.3698642287790796,0.3675101571885195,0.368683431172201,0.9140283849021128,1.0,0.1917828007837681,0.3805281696159963,0.2518269229448107,0.7344690980340152,0.0,1.0,0.0036068765415965,0.0179787304637231,0.0185507062550112,0.0181207039705232,0.0183369656015799,1.0,0.9140283849021128,0.9114181086746688,0.91337977606693,0.9123926648480828,0.9140283849021128,1.0,0.0186460235619686,0.0366160054140581,0.0244201287612466,0.067992689541012,0.1913009853458477,1.0,0.3513354508753835,0.7061151212867297,35.13354508753835,0.3513354508753835,0.7061151212867296,0.0,0.0,1.1102230246251563e-16
trained_support,0.02,0.08,zero,100,6,20267789,1,35,0.7107438016528925,377.1889333089306,12.373727967955082,0.9008696616994158,0.2044335161174258,0.017475355719956,0.2055919880427732,0.2047653183328803,0.2051790695214129,0.3598141680798568,0.9163317763791468,0.3577360195218474,0.3592177272770018,0.3584753616204311,0.9163317763791468,1.0,0.1914708685294105,0.3710558575198179,0.2580824214964197,0.7318124068478199,0.0,1.0,0.0114254980848802,0.017475355719956,0.0207703809394178,0.0209869341182715,0.0208789382878201,0.944473650344032,0.9163317763791468,0.90135877453804,0.900383342176216,0.9008696616994158,0.9163317763791468,1.0,0.0224430871397465,0.0626690293615925,0.0302458504042487,0.0980823332468876,0.0060599466195432,1.0,0.3019047849809749,0.6400664071907058,30.19047849809749,0.3019047849809749,0.6400664071907058,0.0,0.0,1.1102230246251563e-16
trained_support,0.02,0.08,zero,100,7,20268786,0,120,0.0,412.558792004936,-137.19800058772353,0.7020124024495294,0.2017695444445701,0.0165985400476547,0.2020922158099818,0.2028094117716867,0.202451131380101,0.3646389028953942,0.9203578655887252,0.3640510845398788,0.362747942618209,0.3633983523915835,0.9203578655887252,1.0,0.1848388561660968,0.4044876764715656,0.2541385342194289,0.7318425259639808,0.0,1.0,0.0040452982134901,0.0165985400476547,0.017347480671804,0.0168171594819313,0.0170843779327684,1.0,0.9203578655887252,0.9169178435677448,0.919352374658954,0.9181248552944709,0.9203578655887252,1.0,0.0171435119502458,0.0319202125312585,0.0232709495732614,0.0636228470098017,0.2388522863606501,1.0,0.3224139337588283,0.700087981940898,32.24139337588283,0.3224139337588283,0.700087981940898,0.0,0.0,1.1102230246251563e-16
trained_support,0.02,0.08,zero,100,8,20269783,0,120,0.0,314.8161792957945,-108.81427454415156,0.662486904400072,0.1859790249021793,0.0168557353427856,0.1883926996205321,0.18507516787703,0.1867413010491023,0.3945950915548519,0.9191750677125196,0.3898615908509433,0.3963824149528178,0.3930940018542556,0.9191750677125196,1.0,0.1724360886954561,0.4052285720659584,0.2358436899434538,0.7429549828389163,0.0,1.0,0.003909101019105,0.0168557353427856,0.0178624861827044,0.0167249919826555,0.0173030888781049,1.0,0.9191750677125196,0.9145597921819638,0.9197761443425622,0.9171213842945072,0.9191750677125196,1.0,0.0174631566446523,0.0401085787205187,0.0236417329340731,0.0710466448573517,0.1843924441332332,1.0,0.3212664184608175,0.7058393716308065,32.12664184608175,0.3212664184608175,0.7058393716308065,0.0,0.0,1.1102230246251563e-16
trained_support,0.02,0.08,zero,100,9,20270780,0,120,0.0,391.9061080103503,-108.40846652228188,0.6421031630775227,0.2118534030264346,0.0181005369745795,0.2130252949321712,0.2122244362564303,0.2126252426515937,0.3467098502887488,0.9134718813417636,0.3446842581856904,0.3460672421673486,0.3453744068122425,0.9134718813417636,1.0,0.1988849410747402,0.4173467258122306,0.2669067524791151,0.7427159815759208,0.0,1.0,0.0038699441913766,0.0181005369745795,0.0182922107716778,0.0187244983566847,0.018509616603606,1.0,0.9134718813417636,0.9125968575863548,0.9106264663343984,0.9116053771728526,0.9134718813417636,1.0,0.0189167935629363,0.0382841539128397,0.0249916128718834,0.0670241739265309,0.2172675340561389,1.0,0.3638331867012542,0.695344216660266,36.38331867012542,0.3638331867012542,0.6953442166602659,0.0,0.0,1.1102230246251563e-16
trained_support,0.02,0.08,zero,100,10,20271777,0,120,0.0,412.9531953803705,-99.2036331764578,0.7233262861475349,0.2040387159693736,0.0162638469933107,0.2057033174502709,0.203663364051707,0.2046858821058564,0.3605251430156576,0.921899341958188,0.3575369422394078,0.3612023973576505,0.3593604301192392,0.921899341958188,1.0,0.1879877891794271,0.3736304141698395,0.2561734559582803,0.7123667128957226,0.0,1.0,0.0036738108757251,0.0162638469933107,0.0167810151574878,0.0165655286975392,0.0166736200440221,1.0,0.921899341958188,0.9195185365255606,0.9205097894050684,0.9200124281053688,0.921899341958188,1.0,0.0168470071771386,0.0342944861287493,0.0226743711103401,0.0663292866807198,0.2164055236460677,1.0,0.3340101709881361,0.6840860281543416,33.40101709881361,0.3340101709881361,0.6840860281543415,0.0,0.0,1.1102230246251563e-16
trained_support,0.02,0.08,zero,100,11,20272774,0,120,0.0,378.4375401977938,-123.44412386803997,0.6555976922303395,0.1987939959493548,0.0176161621753268,0.1977297000783796,0.2013994282452486,0.1995729991639638,0.3701044633749016,0.9156868762741512,0.3720792162791952,0.3653143214853638,0.368665704355073,0.9156868762741512,1.0,0.1889776117693706,0.4029160218597152,0.2507361126583957,0.7571187818723493,0.0,1.0,0.0034185264408414,0.0176161621753268,0.0186417628232467,0.0172196302071244,0.0179447901301226,1.0,0.9156868762741512,0.9110032500948136,0.9175041728158108,0.9141835102057712,0.9156868762741512,1.0,0.017866777379258,0.0396314337432198,0.0239972611897633,0.0691557122448007,0.2092928827776638,1.0,0.3052758193021357,0.6845813157186253,30.52758193021357,0.3052758193021357,0.6845813157186253,0.0,0.0,1.1102230246251563e-16
trained_support,0.02,0.08,zero,100,12,20273771,0,120,0.0,386.89757099548393,-113.06338041284393,0.6822095863278969,0.2025937353951708,0.0166521895355537,0.2042668068514533,0.2022822426564034,0.2032769466459404,0.3631393344244584,0.9201110150578536,0.3601142148931797,0.3637053514146696,0.3619009464358704,0.9201110150578536,1.0,0.184710724409289,0.4059630339765006,0.2548677088167372,0.7334698558243316,0.0,1.0,0.0041057892279203,0.0166521895355537,0.0179961255611249,0.016261774436157,0.0171508869016185,1.0,0.9201110150578536,0.913948890295287,0.9219088954530688,0.9178195883677486,0.9201110150578536,1.0,0.0172373809857041,0.039032493135673,0.0233609161051381,0.0708324000503665,0.1872275876572319,1.0,0.3563021298943258,0.6830614461190817,35.630212989432586,0.3563021298943258,0.6830614461190817,0.0,0.0,1.1102230246251563e-16
trained_support,0.02,0.08,zero,100,13,20274768,0,120,0.0,341.79003679780527,-117.1415900795231,0.6371057866924627,0.1874919134278072,0.0184095708875474,0.1901237047341101,0.1866473592107449,0.1883935505825079,0.391621460732761,0.9120615023103672,0.3865018889399242,0.3932786850904741,0.389859932067524,0.9120615023103672,1.0,0.1745571174048154,0.3840104905657147,0.2393636717199441,0.7162277343769622,0.0,1.0,0.0035752519565632,0.0184095708875474,0.0186159431159535,0.0188901062870664,0.0187535257169563,1.0,0.9120615023103672,0.9111208668730302,0.9098727436114126,0.9104943105124116,0.9120615023103672,1.0,0.0189804990618326,0.0364727603605776,0.0252362608560217,0.0707780300220577,0.1913174705651255,1.0,0.3497670634649097,0.6935080622005825,34.97670634649097,0.3497670634649097,0.6935080622005825,0.0,0.0,1.1102230246251563e-16
trained_support,0.02,0.08,zero,100,14,20275765,0,120,0.0,430.871516755976,-130.4911954056055,0.6775858653528728,0.1976796988748478,0.0171497022430528,0.1971026953007393,0.199733018736852,0.1984222155764719,0.3721722499513151,0.9178250248980354,0.3732475238897874,0.3683708536827517,0.3707930910992806,0.9178250248980354,1.0,0.1832268902224559,0.4062907241193869,0.24865917586115,0.721342866612782,0.0,1.0,0.003672047604559,0.0171497022430528,0.0177052932960976,0.0173699461878901,0.0175384212697585,1.0,0.9178250248980354,0.915278886204647,0.9168148541893052,0.9160428770941268,0.9178250248980354,1.0,0.0174055178629297,0.0426351121143154,0.0236234854246969,0.073787955438712,0.1678362321621762,1.0,0.3184737943291067,0.6982739174859752,31.847379432910675,0.3184737943291067,0.6982739174859751,0.0,0.0,1.1102230246251563e-16
trained_support,0.02,0.08,zero,100,15,20276762,0,120,0.0,402.5060618419978,-94.55259251378808,0.702940271456289,0.2081231628212355,0.0170398466955905,0.2043321183556732,0.2132125699027397,0.208819556742475,0.353237086585762,0.9183293042329866,0.3599966360870182,0.3443616555762115,0.3520092646463467,0.9183293042329866,1.0,0.1982075904609959,0.3804046420073342,0.2618984082690562,0.727237130996677,0.0,1.0,0.0036192058079141,0.0170398466955905,0.0181911419512622,0.0166130191924154,0.0174199605650893,1.0,0.9183293042329866,0.9130581495716866,0.920291238026692,0.9165856132341628,0.9183293042329866,1.0,0.0180527139223743,0.0392943535802635,0.023392940368976,0.0731603068412645,0.1632284836927396,1.0,0.3421522333620869,0.6977490719028815,34.21522333620869,0.3421522333620869,0.6977490719028815,0.0,0.0,1.1102230246251563e-16
trained_support,0.02,0.08,zero,100,16,20277759,0,120,0.0,382.5031608506161,-118.4610046167245,0.745092592603732,0.1952816456667212,0.0161365803388432,0.1970293354320705,0.1948590816407238,0.1959472131961432,0.376661554434555,0.9224861638705744,0.3733844559482142,0.3774582138516254,0.3754101692916558,0.9224861638705744,1.0,0.1767378757967438,0.4075065965549381,0.2450551879853873,0.7360998003038782,0.0,1.0,0.003936930300728,0.0161365803388432,0.0164497976345864,0.016768465887809,0.016609896002827,1.0,0.9224861638705744,0.9210426014293872,0.9195762347661663,0.920305609358967,0.9224861638705744,1.0,0.0167623770414579,0.0307021844348166,0.02263400970173,0.0599793581227696,0.2541396811187469,1.0,0.3289215248941285,0.7122621090273179,32.89215248941285,0.3289215248941285,0.7122621090273178,0.0,0.0,1.1102230246251563e-16
trained_support,0.02,0.08,zero,100,17,20278756,0,120,0.0,349.213328405767,-123.91427263577648,0.6835969291604076,0.2060911079199513,0.0185021795628772,0.2085550319808387,0.2052718915486757,0.2069199734492781,0.3568443667979817,0.91163927603471,0.352475148507096,0.3583090281729894,0.3553685470756755,0.91163927603471,1.0,0.1978340280792812,0.3784954372809681,0.2613696436027032,0.7070525346305259,0.0,1.0,0.00341333896281,0.0185021795628772,0.0191119676998822,0.0185120434729026,0.0188143969196992,1.0,0.91163927603471,0.9088639749700476,0.9115943155044636,0.910217238259996,0.91163927603471,1.0,0.0191082983317452,0.0358271520315507,0.0251087445623722,0.066020533797598,0.2142033802200383,1.0,0.3307754857235455,0.6814227714244312,33.07754857235455,0.3307754857235455,0.6814227714244312,0.0,0.0,1.1102230246251563e-16
trained_support,0.02,0.08,zero,100,18,20279753,0,120,0.0,398.01696493224784,-132.84703028878934,0.6736399014768881,0.2076790270236541,0.018009394411109,0.2105763310343863,0.2063187871067239,0.2084584288354552,0.3540223843861355,0.91388825705305,0.3489308007223941,0.3564383677594704,0.3526454406707581,0.91388825705305,1.0,0.1950029309306738,0.4008107409588389,0.2626557612779359,0.7489323998617942,0.0,1.0,0.0034080366100393,0.018009394411109,0.0182070768261965,0.0184501586612551,0.0183290207209838,1.0,0.91388825705305,0.9129854051325532,0.9118764283610344,0.912428909821878,0.91388825705305,1.0,0.0186385531121509,0.0335226671322905,0.0245696179992158,0.0657589970862752,0.216957142996548,1.0,0.341932377159123,0.6986573545217067,34.1932377159123,0.341932377159123,0.6986573545217067,0.0,0.0,1.1102230246251563e-16
trained_support,0.02,0.08,zero,100,19,20280750,0,120,0.0,403.4384116955626,-121.58473580402236,0.6582121395593264,0.1976530463918363,0.0175211293832064,0.1984724420142338,0.1983837775791648,0.1984281147489852,0.3722218498289873,0.9161220810655804,0.3706999847102124,0.3708643606668957,0.3707821543985193,0.9161220810655804,1.0,0.1866296159066297,0.4126687453341191,0.2497818392349726,0.7410372424866516,0.0,1.0,0.0035872912395439,0.0175211293832064,0.0177630219031045,0.0180053414149959,0.0178845920641307,1.0,0.9161220810655804,0.9150147354535008,0.913906777168473,0.9144587120166155,0.9161220810655804,1.0,0.0180435955460681,0.0364897924235463,0.0240435010899108,0.0662671423951148,0.2155594114261901,1.0,0.3361438094896315,0.7179250643554483,33.61438094896315,0.3361438094896315,0.7179250643554483,0.0,0.0,1.1102230246251563e-16
trained_support,0.02,0.08,zero,100,20,20281747,1,35,0.7107438016528925,356.58343594489673,12.367283269997412,0.9002633872046503,0.203442878072004,0.0157121637567486,0.2052257811254189,0.2028648126653314,0.204048711655181,0.3616008172545644,0.9244458345504972,0.3583916466012791,0.3626474737330722,0.3605071249856416,0.9244458345504972,1.0,0.1904396265057706,0.3825439055176373,0.2549931716416339,0.716747251165271,0.0,1.0,0.013953440619431,0.0157121637567486,0.0200115679480689,0.021969941700823,0.021013581204518,0.9326109035666756,0.9244458345504972,0.9047850839881544,0.8959687816666354,0.9002633872046503,0.9244458345504972,1.0,0.0223048829756494,0.095621973062245,0.0299631784798453,0.1264555402186468,0.0,1.0,0.3223086216456629,0.6641198757091797,32.23086216456629,0.3223086216456629,0.6641198757091796,0.0,0.0,1.1102230246251563e-16
trained_support,0.02,0.08,zero,100,21,20282744,0,120,0.0,424.7974089244881,-128.4442527173447,0.7346125452835696,0.1942378119542761,0.0173533044173347,0.1945203979713507,0.1955012642082863,0.1950114477844452,0.3786325535923591,0.916891144475501,0.3780979500337517,0.3762481721358945,0.3771707640972517,0.916891144475501,1.0,0.1793389599327581,0.4192739154365578,0.2449372237153652,0.728104265317648,0.0,1.0,0.0033762078329643,0.0173533044173347,0.0179615186226098,0.0173912551540639,0.0176786864198689,1.0,0.916891144475501,0.9141070488436122,0.9167171775092926,0.915400657864576,0.916891144475501,1.0,0.0171101967632064,0.0318443994678696,0.0235428203403728,0.0634942511275541,0.2338088409357736,1.0,0.3765346090751105,0.6997528618161079,37.653460907511054,0.3765346090751105,0.6997528618161077,0.0,0.0,1.1102230246251563e-16
trained_support,0.02,0.08,zero,100,22,20283741,0,120,0.0,356.8359547218597,-127.7079588480622,0.6531953085445797,0.1860733567135654,0.0173191753103376,0.1888686544290787,0.1848651595036694,0.1868776281743857,0.3944090210904591,0.9170476212060216,0.3889349114379246,0.3967988516835206,0.3928261462783836,0.9170476212060216,1.0,0.1704038341644875,0.3481815897857683,0.2355007539753035,0.6946462551181887,0.0,1.0,0.0035871260088511,0.0173191753103376,0.0180817405208992,0.0172827449382914,0.0176867551131796,1.0,0.9170476212060216,0.9135577355356156,0.9172146783505672,0.9153637281736936,0.9170476212060216,1.0,0.0173635103531131,0.0387158194055436,0.0236162066964929,0.0707281199525515,0.1962387306717742,1.0,0.3508275067936199,0.6925639529891582,35.08275067936199,0.3508275067936199,0.6925639529891581,0.0,0.0,1.1102230246251563e-16
trained_support,0.02,0.08,zero,100,23,20284738,0,120,0.0,453.59076637064464,-139.60036743456433,0.6823126551253151,0.2043208186597962,0.0178372206523275,0.2023170474078484,0.207841620194293,0.205097936065698,0.3600169759241202,0.9146753336709073,0.3636420635498493,0.3537346932337496,0.3586208128452222,0.9146753336709073,1.0,0.1917747808351914,0.3761629283896993,0.2583198947441681,0.7342233136576416,0.0,1.0,0.003208813218711,0.0178372206523275,0.0178184738675648,0.018423567373766,0.0181235460898907,1.0,0.9146753336709073,0.914761073797264,0.911997676262506,0.9133667964873966,0.9146753336709073,1.0,0.0180256973317131,0.0382635274873346,0.0239926250062807,0.0668662332493267,0.2330372644015275,1.0,0.348577832233539,0.7104024264312189,34.8577832233539,0.3485778322335389,0.7104024264312189,0.0,0.0,1.1102230246251563e-16
trained_support,0.02,0.08,zero,100,24,20285735,1,32,0.7355371900826446,415.70166460634897,14.73259460225374,0.9003204837338531,0.2075437859634954,0.017369552816068,0.2058617620088188,0.2106494335544418,0.2082693555401067,0.3542618571563103,0.9168166574367276,0.3572538054930199,0.3488032854237489,0.3529789774809633,0.9168166574367276,1.0,0.1927266251470807,0.418185691799797,0.2602937703194446,0.737446345366074,0.0,1.0,0.011804080575277,0.017369552816068,0.021866859611039,0.0200976570093811,0.021000897201258,0.9426875354236334,0.9168166574367276,0.896430692365187,0.9043957073040008,0.9003204837338531,0.9168166574367276,1.0,0.0239467943458917,0.0788939949641039,0.0315124184656875,0.115619984463652,0.0139847839140965,1.0,0.3286349661291226,0.6552066791970181,32.86349661291226,0.3286349661291226,0.6552066791970181,0.0,0.0,1.1102230246251563e-16
trained_support,0.02,0.08,zero,100,25,20286732,0,120,0.0,407.3314503377567,-130.65064190402876,0.6869707996257691,0.2036255297403267,0.0176996562253257,0.2052483864010142,0.2035346856553612,0.2043933320647309,0.3612707330408953,0.9153046840274934,0.3583511411807002,0.3614348668603795,0.3598864693004562,0.9153046840274934,1.0,0.1878084462982703,0.3902192404179524,0.2570498309626935,0.7161719789242921,0.0,1.0,0.0039196284918594,0.0176996562253257,0.0182735733603024,0.0179821898739686,0.0181284670617487,1.0,0.9153046840274934,0.9126819037641688,0.914012575043048,0.9133443235023624,0.9153046840274934,1.0,0.0185865860433975,0.0349085522398837,0.0244667472157501,0.0636798142303965,0.2241813653816417,1.0,0.3199170265289054,0.6883460457034087,31.99170265289054,0.3199170265289054,0.6883460457034087,0.0,0.0,1.1102230246251563e-16
trained_support,0.02,0.08,zero,100,26,20287729,0,120,0.0,423.6200631083081,-116.5627552540404,0.677227602404253,0.2032612369276628,0.0169022925810579,0.2040271914751596,0.2038983594894203,0.2039627856542932,0.3619293743619072,0.9189611213521576,0.3605459179638272,0.3607782420155235,0.3606620429396671,0.9189611213521576,1.0,0.1924892642084944,0.3911074394938155,0.2561561678806789,0.7417035087224171,0.0,1.0,0.0034719618439315,0.0169022925810579,0.0173004000174271,0.0172098862959582,0.0172552025065312,1.0,0.9189611213521576,0.9171337144355272,0.917548874300493,0.9173409986617288,0.9189611213521576,1.0,0.017574712446504,0.0376145201222541,0.0233029443721348,0.0688450583851321,0.2049071645722671,1.0,0.3370015014016214,0.7005161964303912,33.700150140162144,0.3370015014016214,0.7005161964303912,0.0,0.0,1.1102230246251563e-16
trained_support,0.02,0.08,zero,100,27,20288726,0,120,0.0,418.2162801348453,-117.98206564395866,0.7158366573511713,0.1955691139469482,0.0171515741198949,0.1946869086940992,0.1979391755886258,0.1963197769578619,0.3761205520838292,0.9178164346611892,0.3777832942211946,0.3716897128749526,0.3747114991173704,0.9178164346611892,1.0,0.1832823991867669,0.3809414222423918,0.2476559855633161,0.7009287426619109,0.0,1.0,0.003479734044755,0.0171515741198949,0.0179307022850649,0.0170604807432065,0.0175010012231437,1.0,0.9178164346611892,0.914247906852,0.9182345648672586,0.9162142849646634,0.9178164346611892,1.0,0.0177074330450125,0.0358746263477576,0.0235593257784176,0.0675921945686267,0.1972461512719491,1.0,0.3657444056405521,0.687395510929956,36.574440564055216,0.3657444056405521,0.6873955109299559,0.0,0.0,1.1102230246251563e-16
trained_support,0.02,0.08,zero,100,28,20289723,0,120,0.0,382.5299899133621,-131.0141827657837,0.6502472433741896,0.1896527788130791,0.0182267541499026,0.1950457528629228,0.1858976504608465,0.1905266151443512,0.3874130300089698,0.9128955840044451,0.3771060752819885,0.3947556739965425,0.3857240445338558,0.9128955840044451,1.0,0.1792750189901651,0.3813852607310414,0.2417814282567901,0.6837534481886849,0.0,1.0,0.0035789368920848,0.0182267541499026,0.0185539471807225,0.0185956380974677,0.0185748043359417,1.0,0.9128955840044451,0.911403339602422,0.9112133731990304,0.9113082981536372,0.9128955840044451,1.0,0.0189724684205017,0.0393534633624531,0.0248143247630675,0.0673010675400885,0.2097619440612149,1.0,0.3190726526418841,0.6826861979400738,31.90726526418841,0.319072652641884,0.6826861979400738,0.0,0.0,1.1102230246251563e-16
trained_support,0.02,0.08,zero,100,29,20290720,0,120,0.0,417.5681899604744,-108.9621412971308,0.74187433502578,0.2099965144178446,0.0173889756333657,0.2124558132299,0.2089601696670097,0.2107152404104217,0.3499438478481682,0.9167276259477388,0.3456671137077071,0.3517618663642013,0.3486885360651746,0.9167276259477388,1.0,0.1960650872131258,0.4193976305970889,0.2642358884217937,0.7486294787423742,0.0,1.0,0.0034794145692572,0.0173889756333657,0.0181285736968885,0.0173297551731573,0.0177336628851048,1.0,0.9167276259477388,0.913343836529494,0.9169991112989456,0.9151490649831584,0.9167276259477388,1.0,0.017481642517416,0.0361164011447725,0.0236299269331535,0.0656522356144969,0.2163491950797316,1.0,0.3547438254724691,0.6960494915844866,35.47438254724691,0.354743825472469,0.6960494915844866,0.0,0.0,1.1102230246251563e-16
trained_support,0.02,0.08,zero,100,30,20291717,1,33,0.7272727272727273,380.8391940087544,13.831478896183086,0.9002602559321932,0.2062950500194911,0.017426400359469,0.2078930578785914,0.2061628741309994,0.2070297734434177,0.3564806743131497,0.9165561005949004,0.353643728464414,0.3567163429281308,0.355173503298157,0.9165561005949004,1.0,0.1922545987618378,0.3863171095464792,0.2603257364726001,0.7085756923977018,0.0,1.0,0.0117439517045801,0.017426400359469,0.0217659716511965,0.0202346766797825,0.0210142768404723,0.9429709917158908,0.9165561005949004,0.8968830017554895,0.903776319490376,0.9002602559321932,0.9165561005949004,1.0,0.0229037280479138,0.0719392100657753,0.0307001464057468,0.1102978030704442,0.0055077112206845,1.0,0.2827860401075868,0.64410676969875,28.27860401075868,0.2827860401075867,0.6441067696987499,0.0,0.0,1.1102230246251563e-16
trained_support,0.02,0.08,zero,100,31,20292714,0,120,0.0,451.41522593154826,-153.53130712642798,0.6881396563175088,0.2088836436300945,0.0180211142590669,0.2070553674946325,0.2122318285797586,0.2096595743945949,0.3518964868253385,0.9138347054649908,0.3551280545620945,0.3460544511990003,0.3505338951761629,0.9138347054649908,1.0,0.1975489691553024,0.3733211491725039,0.2640485810053833,0.7399113088738356,0.0,1.0,0.0033319528020572,0.0180211142590669,0.0190386003440623,0.0175856940200277,0.0183265509197307,1.0,0.9138347054649908,0.9091974408633028,0.915826383349948,0.912440177481774,0.9138347054649908,1.0,0.0178382118858779,0.0378802907124046,0.0242541339632105,0.0681632892302555,0.203622319562877,1.0,0.3610793224356242,0.7000083191598487,36.107932243562416,0.3610793224356242,0.7000083191598487,0.0,0.0,1.1102230246251563e-16
trained_support,0.02,0.08,zero,100,32,20293711,0,120,0.0,432.475992403888,-136.9271798327792,0.7178014793788896,0.195565659790891,0.0171516842267001,0.1942153202251051,0.1983951221990547,0.1963163456293413,0.3761270480353401,0.9178159293721514,0.3786751364909754,0.3708433246875019,0.3747179279637887,0.9178159293721514,1.0,0.1804256070847365,0.3727615493788829,0.2473798592735778,0.7143180777062075,0.0,1.0,0.0034343928872673,0.0171516842267001,0.0179559846976858,0.0170156770705595,0.0174921504200183,1.0,0.9178159293721514,0.9141323421924432,0.9184402893137126,0.9162548320231264,0.9178159293721514,1.0,0.0179241303803889,0.0383167904182288,0.0234132971996078,0.0667929701772996,0.1961289072904884,1.0,0.3343764761072563,0.6782438351833677,33.43764761072563,0.3343764761072563,0.6782438351833676,0.0,0.0,1.1102230246251563e-16
trained_support,0.02,0.08,zero,100,33,20294708,0,120,0.0,320.6668566810713,-110.70202847775852,0.7453466297997203,0.1785770006668596,0.0172472149050456,0.1823473177448732,0.1764196102749211,0.1794079473968542,0.4094727168881705,0.917377636164957,0.4018258116079857,0.4139135880852319,0.4077749960436739,0.917377636164957,1.0,0.161555165475248,0.3953911108068603,0.2265678177221455,0.7134681221248766,0.0,1.0,0.0037668211802161,0.0172472149050456,0.0181942493548443,0.0170961989337645,0.0176537634453549,1.0,0.917377636164957,0.9130439634810684,0.9180705911239836,0.9155147375087686,0.917377636164957,1.0,0.0175104339570385,0.0333430591380564,0.0237706765780303,0.0653950702622346,0.2273980642303413,1.0,0.3508122484957287,0.6869419434723438,35.08122484957287,0.3508122484957287,0.6869419434723438,0.0,0.0,1.1102230246251563e-16
trained_support,0.02,0.08,zero,100,34,20295705,0,120,0.0,362.6936891139281,-130.27863429278912,0.6969571076138056,0.2024162948308535,0.0175115015052394,0.202525944393002,0.2038167315108372,0.2031723630271082,0.363461655627587,0.9161661836851056,0.363262443184483,0.3609255200615645,0.3620902404773821,0.9161661836851056,1.0,0.1899758169147982,0.3849397868744734,0.2555134026407007,0.7117374431903958,0.0,1.0,0.0030569942282086,0.0175115015052394,0.017937421310341,0.0176137649040155,0.0177763297302706,1.0,0.9161661836851056,0.9142171930939456,0.915697852089324,0.914953853189281,0.9161661836851056,1.0,0.0173961923257601,0.0380882901875538,0.0234820390061795,0.0668941075295563,0.2195564476325361,1.0,0.3144916843566653,0.6690580558675362,31.449168435666536,0.3144916843566653,0.6690580558675362,0.0,0.0,1.1102230246251563e-16
trained_support,0.02,0.08,zero,100,35,20296702,0,120,0.0,386.6931809737122,-112.15431730426424,0.654178736614653,0.2032164275087857,0.0166527507060844,0.206553243445531,0.2012069050831912,0.2038975981111905,0.3620104726711867,0.9201084333655424,0.3560207664069283,0.3656661481367307,0.360779615461634,0.9201084333655424,1.0,0.1910313111667659,0.3731874737576224,0.2556845522755464,0.7133760339177331,0.0,1.0,0.003349486370381,0.0166527507060844,0.0169755583723849,0.0169969629050156,0.0169862640102043,1.0,0.9201084333655424,0.9186245409367249,0.9185262325526218,0.9185753699446172,0.9201084333655424,1.0,0.0167426377010608,0.0428097785155046,0.0226934721293995,0.0727572277532605,0.2117074261476383,1.0,0.3044112140356403,0.6604115085152246,30.44112140356403,0.3044112140356403,0.6604115085152246,0.0,0.0,1.1102230246251563e-16
trained_support,0.02,0.08,zero,100,36,20297699,0,120,0.0,498.108025474524,-156.35717981947397,0.7202867030934261,0.1873045160665565,0.0178580903211238,0.1877439669893782,0.1885629579657149,0.188153908088151,0.3919885768391283,0.9145798937941408,0.3911282236836047,0.3895298461302027,0.3903273470756998,0.9145798937941408,1.0,0.1738436052434041,0.3731820579147931,0.2384754431306469,0.6934909829841017,0.0,1.0,0.0030239638907726,0.0178580903211238,0.0183062335377466,0.0179162861308282,0.0181123092820908,1.0,0.9145798937941408,0.9125328741681972,0.9143138089212862,0.913418114564726,0.9145798937941408,1.0,0.0182365824773275,0.0317523692064253,0.0238457036215513,0.0623684676192836,0.2507103561000156,1.0,0.3476071472163263,0.6640015680848541,34.76071472163263,0.3476071472163263,0.6640015680848541,0.0,0.0,1.1102230246251563e-16
trained_support,0.02,0.08,zero,100,37,20298696,0,120,0.0,420.54304838981903,-132.92908094225612,0.6565457009313675,0.2105120165932064,0.0172179657629808,0.2099960209417795,0.2124269430626136,0.2112149792868716,0.34904302521286,0.9175118085198196,0.3499447112937986,0.3457170146462324,0.3478183575867362,0.9175118085198196,1.0,0.2007335678552272,0.3725060059720778,0.2644793446501632,0.726943566783457,0.0,1.0,0.0035650830453867,0.0172179657629808,0.0175612324309406,0.0176050969829151,0.0175831783854821,1.0,0.9175118085198196,0.9159384030435808,0.9157375389329924,0.9158379028448336,0.9175118085198196,1.0,0.0175045621888882,0.0358195324848571,0.0237474590096369,0.0686700850500935,0.1942470162622127,1.0,0.3240471943845836,0.687620361100535,32.404719438458365,0.3240471943845836,0.6876203611005349,0.0,0.0,1.1102230246251563e-16
trained_support,0.02,0.08,zero,100,38,20299693,0,120,0.0,388.0646718694062,-106.35784700222568,0.6954805656904542,0.1984516864232801,0.0167878310296461,0.1993826545359063,0.1989380891133297,0.1991604958693461,0.3707384571927216,0.91948720045556,0.3690167390543646,0.3698379117914394,0.3694268681299493,0.91948720045556,1.0,0.1848115078437412,0.4017020671799661,0.2501811073937822,0.7296757559916698,0.0,1.0,0.0033995347991178,0.0167878310296461,0.0171303165726164,0.0171268347683589,0.0171285757589579,1.0,0.91948720045556,0.9179139924769608,0.9179299726002952,0.9179219820978092,0.91948720045556,1.0,0.017009070164405,0.0429063880963805,0.0228468882767944,0.073741981335533,0.1534602755807044,1.0,0.3246042852530968,0.7062536060191666,32.46042852530968,0.3246042852530968,0.7062536060191666,0.0,0.0,1.1102230246251563e-16
trained_support,0.02,0.08,zero,100,39,20300690,0,120,0.0,394.4494993405573,-115.20458960970008,0.7426518631794277,0.2130969469118201,0.0171509244442317,0.2122081975502958,0.2153522855168161,0.2137860215084953,0.3445607937559239,0.9178194160810358,0.3460953417293261,0.3406971131695284,0.3433756960301478,0.9178194160810358,1.0,0.1999162620165037,0.4422017712837766,0.2645342078844248,0.7338317431035075,0.0,1.0,0.003250933954829,0.0171509244442317,0.0180644495024993,0.0168262065217465,0.0174563106317001,1.0,0.9178194160810358,0.9136367206679724,0.9193107885118512,0.916419038631638,0.9178194160810358,1.0,0.0175194776125254,0.03454213462657,0.0234090645292527,0.0652091139164354,0.2340541306667584,1.0,0.38175406980844,0.6970830092141078,38.17540698084401,0.38175406980844,0.6970830092141078,0.0,0.0,1.1102230246251563e-16
trained_support,0.02,0.08,zero,100,40,20301687,0,120,0.0,411.1521999777785,-119.5566753033588,0.722646645750739,0.1858875804612045,0.0176260036824568,0.1832578219773007,0.1901218236689452,0.1867213661462843,0.3947755504444069,0.915641818688138,0.4000006487955868,0.3865055241332166,0.3931331852606431,0.915641818688138,1.0,0.173443275657138,0.3700496747693098,0.2367520053593265,0.6977443612174784,0.0,1.0,0.0036560140968936,0.0176260036824568,0.0183946395389142,0.0175989240016186,0.0180011789861294,1.0,0.915641818688138,0.912129596393506,0.915765803522684,0.9139257977261542,0.915641818688138,1.0,0.0180635116473993,0.0345718582507189,0.0241725940211915,0.0661327612354817,0.2152864823902288,1.0,0.3489356169900841,0.6953342707263063,34.893561699008416,0.3489356169900841,0.6953342707263063,0.0,0.0,1.1102230246251563e-16
trained_support,0.02,0.08,zero,100,41,20302684,0,120,0.0,384.85013187471617,-124.09146089079456,0.6700858268120432,0.2016897308416573,0.0167853616233021,0.2020805190866887,0.2026930082397142,0.2023869953623631,0.3647844476576034,0.9194985534632778,0.3640723761864811,0.3629591297782584,0.3635149056946209,0.9194985534632778,1.0,0.1928154278387713,0.3608889087173086,0.2539256210381171,0.6978916279843433,0.0,1.0,0.0039054489106541,0.0167853616233021,0.0181244770716422,0.0162943279369545,0.0172337139357351,1.0,0.9194985534632778,0.913362544858192,0.9217588508547756,0.9174395656917648,0.9194985534632778,1.0,0.0171215827936368,0.036314970079448,0.0232409764486962,0.0675849192185567,0.2049759162138485,1.0,0.3399570150117389,0.6900239809344964,33.9957015011739,0.3399570150117389,0.6900239809344962,0.0,0.0,1.1102230246251563e-16
trained_support,0.02,0.08,zero,100,42,20303681,0,120,0.0,496.77257207263705,-131.91583012444627,0.7333515286810912,0.2090949050045349,0.0177686755895544,0.2107713246665459,0.2089216574710101,0.2098485290181046,0.3515249723991661,0.9149888697870374,0.3485907700878243,0.3518296084959505,0.3502028765685739,0.9149888697870374,1.0,0.1973305820615875,0.3852687356659067,0.2641968177286664,0.7321710605730155,0.0,1.0,0.0028779537746303,0.0177686755895544,0.0179800560516349,0.0180203908018537,0.0180002347244622,1.0,0.9149888697870374,0.9140223267972988,0.9138380110725162,0.9139301126618278,0.9149888697870374,1.0,0.0173518222425795,0.0342738265780289,0.0236336995547188,0.0640902666531544,0.2178739046980354,1.0,0.3497417643433207,0.7032046554661746,34.97417643433208,0.3497417643433207,0.7032046554661746,0.0,0.0,1.1102230246251563e-16
trained_support,0.02,0.08,zero,100,43,20304678,0,120,0.0,472.731601441457,-143.7993199476393,0.6816597679083624,0.2000978378700056,0.0188440454258443,0.2008958221823688,0.2010705203807726,0.200983190262923,0.3676995224774694,0.9100823153539902,0.3662353531272972,0.3659155895210277,0.3660754016673018,0.9100823153539902,1.0,0.1928183330263472,0.3965663295591839,0.2544121080450625,0.7087146610228158,0.0,1.0,0.0033344862393562,0.0188440454258443,0.0200321006022301,0.0181974898940928,0.0191367930043604,1.0,0.9100823153539902,0.9046922005599956,0.913029169826921,0.9087511678468309,0.9100823153539902,1.0,0.0190826782213665,0.0407395836520609,0.0249623736345176,0.0711786604540951,0.188215596639916,1.0,0.3097744834712951,0.6923908880214359,30.97744834712952,0.3097744834712951,0.6923908880214359,0.0,0.0,1.1102230246251563e-16
trained_support,0.02,0.08,zero,100,44,20305675,0,120,0.0,410.7027675360414,-114.92815459872809,0.6681665671832752,0.2071914008758058,0.0177924926134456,0.205926392213502,0.2099619483870534,0.2079539597850408,0.3548865903393322,0.9148799147157703,0.3571383772115437,0.3500043339240261,0.353536056972407,0.9148799147157703,1.0,0.1987878091119413,0.3774522566711236,0.2610987735717988,0.7187130116911651,0.0,1.0,0.0037477138770968,0.0177924926134456,0.0179507871857298,0.018412103215571,0.0181829082575945,1.0,0.9148799147157703,0.9141560985700168,0.9120499541889686,0.9130957395509638,0.9148799147157703,1.0,0.0180976493304784,0.0375350101502485,0.0243951372510591,0.0684473226731635,0.2008683932428379,1.0,0.3465763814831885,0.7003779703547369,34.657638148318846,0.3465763814831885,0.7003779703547369,0.0,0.0,1.1102230246251563e-16
trained_support,0.02,0.08,zero,100,45,20306672,0,120,0.0,353.2760749264807,-95.10621334288037,0.734655287106697,0.2079123274510745,0.0165230772140304,0.2093905093502683,0.2077419326171836,0.2085678498396712,0.3536096572884888,0.92070519517322,0.3510057946243213,0.3539110519545723,0.3524525593474877,0.92070519517322,1.0,0.1958931765339381,0.3947045400537901,0.2613569343244835,0.7249795964072223,0.0,1.0,0.0040041670971064,0.0165230772140304,0.01695646350956,0.0170460908942102,0.0170013362640223,1.0,0.92070519517322,0.9187122501716312,0.9183006335276832,0.91850614754736,0.92070519517322,1.0,0.0171186621588951,0.035458322984021,0.023250829445865,0.0655539559826807,0.20155000543109,1.0,0.3591548673393589,0.7080193465418925,35.91548673393589,0.3591548673393589,0.7080193465418924,0.0,0.0,1.1102230246251563e-16
trained_support,0.02,0.08,zero,100,46,20307669,0,120,0.0,353.2627821115901,-119.67973888449576,0.6684427275310078,0.1890706927451844,0.0189580506753176,0.1894320047012099,0.190603737308544,0.1900187741791633,0.3885422110497248,0.9095636923753722,0.3878409199712201,0.385575333842446,0.3867047214320589,0.9095636923753722,1.0,0.1752526314195532,0.376619498586049,0.2409721974781272,0.7182544783746981,0.0,1.0,0.0041766875706905,0.0189580506753176,0.0198595459983976,0.0189552958742319,0.0194126866886341,1.0,0.9095636923753722,0.905473081394304,0.9095762207968916,0.9074984385568072,0.9095636923753722,1.0,0.0202913620504551,0.0404548867583215,0.0261091174447121,0.0739620920562696,0.1730397070139832,1.0,0.3570467339540162,0.7016053120978664,35.70467339540163,0.3570467339540162,0.7016053120978664,0.0,0.0,1.1102230246251563e-16
trained_support,0.02,0.08,zero,100,47,20308666,0,120,0.0,477.98112572544966,-140.45343077312774,0.6739693092397566,0.2191422009521328,0.0159463039493429,0.218263636549674,0.2211699858834633,0.2197216167057528,0.33430183223493,0.9233642181699764,0.335773590902562,0.3309294959660039,0.3333347350493957,0.9233642181699764,1.0,0.2099262571488649,0.3889416091910277,0.2729143568168589,0.7324944276950637,0.0,1.0,0.0030640654075872,0.0159463039493429,0.0161043879721883,0.0163705498067365,0.0162380142402574,1.0,0.9233642181699764,0.9226346608855364,0.9214076268708976,0.9220184256388746,0.9233642181699764,1.0,0.0157817521091846,0.0408183245111245,0.0217042019947316,0.0693202214002489,0.2109547668341002,1.0,0.3457088867364819,0.7004271053985288,34.57088867364819,0.3457088867364819,0.7004271053985288,0.0,0.0,1.1102230246251563e-16
trained_support,0.02,0.08,zero,100,48,20309663,0,120,0.0,394.8200041953333,-116.17413894189052,0.6432982630910186,0.1983701165482875,0.0179276886871972,0.1999103504209079,0.1984441032550029,0.19917857605939,0.3708896934794785,0.9142616828335012,0.368044379320558,0.3707525143197523,0.3693934730995277,0.9142616828335012,1.0,0.1901722627256222,0.3799114736152192,0.251525233892069,0.735983342513391,0.0,1.0,0.003843685232978,0.0179276886871972,0.0186166705226028,0.0180491399884703,0.0183351012496597,1.0,0.9142616828335012,0.911117553102172,0.9137066600157444,0.9124011699928076,0.9142616828335012,1.0,0.0185979942176884,0.0417274562005216,0.0247026398362169,0.0726686179328569,0.176560118575875,1.0,0.3549219045131659,0.7085145043195024,35.49219045131659,0.3549219045131658,0.7085145043195024,0.0,0.0,1.1102230246251563e-16
trained_support,0.02,0.08,zero,100,49,20310660,0,120,0.0,421.25298577038205,-120.41610239659612,0.7594969930894704,0.2093102084428063,0.0165416845551358,0.2096447563161037,0.2102804259120348,0.2099628316781154,0.3511467533393733,0.920619539779709,0.3505598673321572,0.349447434871279,0.3500027881489405,0.920619539779709,1.0,0.1965930782708419,0.3970274411029204,0.2622389596670131,0.7210803060788129,0.0,1.0,0.0030606570501816,0.0165416845551358,0.0167728481036883,0.016871913510076,0.0168224537300729,1.0,0.920619539779709,0.9195560860790156,0.9191007178795968,0.9193280385830536,0.920619539779709,1.0,0.0161052348057676,0.0343237230378231,0.0222205594240811,0.0628612162744565,0.2370482667834137,1.0,0.3699603079318531,0.7072994394605189,36.99603079318531,0.3699603079318531,0.7072994394605189,0.0,0.0,1.1102230246251563e-16
trained_support,0.02,0.08,shuffled,10,0,20260637,1,6,0.950413223140496,35.95461232209129,28.7297204398868,0.909134650462987,0.2026318401090873,0.0155886609649967,0.1926153621893702,0.2133182134793239,0.2032305808107538,0.3630701544126287,0.9250168690501904,0.3817166074733203,0.3441798056239705,0.3619848553599447,0.9250168690501904,1.0,0.1876064140423424,0.3211285763707825,0.2707509643617208,0.590445733684912,0.0,1.0,0.010953907699531,0.0155886609649967,0.0122242468197178,0.0240115946749385,0.0190524130905106,0.9467033014796572,0.9250168690501904,0.940709186832296,0.8868690204367591,0.909134650462987,0.9250168690501904,1.0,0.0223717532508157,0.0508125708402619,0.0312262804388272,0.0826384450283296,0.3094580426616331,1.0,0.1773232296635934,0.2928611668379388,1.7732322966359346,0.1773232296635934,0.2928611668379388,0.0,0.0,5.551115123125783e-17
trained_support,0.02,0.08,shuffled,10,1,20261634,1,32,0.7355371900826446,34.95167875688504,10.51885750724508,0.9003220164920814,0.1701169815186431,0.0134100826885434,0.1629531605645593,0.1780042215776829,0.1706447119565324,0.4271650068082577,0.9351480561154508,0.4427430043822973,0.4106470847680213,0.4260393526857579,0.9351480561154508,1.0,0.1658337328964892,0.3080443904355501,0.2284753983174712,0.5263115379596637,0.0,1.0,0.0161614685103261,0.0134100826885434,0.0248229829633123,0.0163054064975632,0.021000556709855,0.9223713760436852,0.9351480561154508,0.8832783332828568,0.921707793462416,0.9003220164920814,0.9351480561154508,1.0,0.024088821378294,0.0513009910269192,0.0314977675319546,0.0851240429404124,0.1688972240512897,1.0,0.217203082459216,0.5141157958076221,2.1720308245921607,0.217203082459216,0.5141157958076221,0.0,0.0,1.1102230246251563e-16
trained_support,0.02,0.08,shuffled,10,2,20262631,1,9,0.9256198347107438,35.139762531292064,25.81938290577402,0.9023401680643052,0.2066947968325771,0.0170273617813904,0.2072951631407334,0.207494712010321,0.2073949615754796,0.3557688758306359,0.918386632335163,0.3547025189106015,0.3543487929705323,0.3545255692815742,0.918386632335163,1.0,0.1838507311136061,0.3741073278837147,0.2737452164261121,0.7007809853868435,0.0,1.0,0.0115101738263758,0.0170273617813904,0.0239542807530792,0.0164627681481015,0.0205527407113441,0.9440738649469864,0.918386632335163,0.8871232065647132,0.9209828713886824,0.9023401680643052,0.918386632335163,1.0,0.023007244407683,0.0582695520689463,0.0340098586457562,0.0900723776769796,0.1090845956521977,1.0,0.1788711366029149,0.3950122170729614,1.7887113660291496,0.1788711366029149,0.3950122170729614,0.0,0.0,5.551115123125783e-17
trained_support,0.02,0.08,shuffled,10,3,20263628,1,9,0.9256198347107438,41.46004198931857,24.91138005708664,0.9097774115027086,0.1845958879402683,0.0152056478420678,0.1836742371318039,0.1867551384983986,0.1852210937521779,0.3973334447152632,0.9267900343711218,0.3991686835436363,0.393066805703483,0.3960933081820636,0.9267900343711218,1.0,0.168775814398539,0.3032470917068642,0.2496144898882431,0.5620425489428469,0.0,1.0,0.0112435117212465,0.0152056478420678,0.0210186060279723,0.01653707244002,0.0189110624271295,0.9453334480892404,0.9267900343711218,0.900240769165865,0.9206407700409756,0.9097774115027086,0.9267900343711218,1.0,0.0193840232856287,0.0422357221935291,0.0295462470803764,0.0737788933235397,0.2363521878505235,1.0,0.1593474649083882,0.2761233067331106,1.5934746490838825,0.1593474649083882,0.2761233067331105,0.0,0.0,5.551115123125783e-17
trained_support,0.02,0.08,shuffled,10,4,20264625,1,6,0.950413223140496,16.65906291203083,21.588151352446367,0.904520561056504,0.1239637838481206,0.019219275823006,0.1289669665151421,0.1218208606359802,0.1254448096539046,0.5380418578021438,0.908376463329996,0.5247492064241577,0.5438377647430269,0.5340723040903702,0.908376463329996,1.0,0.1200532116084787,0.2480770486369954,0.1719921266175409,0.4114795038881187,0.0,1.0,0.0057815467829072,0.019219275823006,0.0164712159247792,0.0231152057894097,0.0200700484893218,1.0,0.908376463329996,0.9209439709221372,0.8908528390589407,0.904520561056504,0.908376463329996,1.0,0.0210605532363558,0.034382308757737,0.0304845062011734,0.0682730133852441,0.3274854203670831,1.0,0.109691936536424,0.2329808188262868,1.0969193653642406,0.109691936536424,0.2329808188262868,0.0,0.0,5.551115123125783e-17
trained_support,0.02,0.08,shuffled,10,5,20265622,1,11,0.9090909090909092,23.616639881171757,27.588920202770392,0.9040370509502668,0.2256780191477475,0.0150460636784723,0.2253853562166958,0.226969922942245,0.2261790272299086,0.3235537278804929,0.92752983454517,0.3240275353724408,0.3214704621277078,0.3227442270565406,0.92752983454517,1.0,0.2039732210430288,0.3763385744627825,0.2964035056406982,0.70677223005247,0.0,1.0,0.0134434654395484,0.0150460636784723,0.0230074704442388,0.0168783261681787,0.0201769867730783,0.9349919800678824,0.92752983454517,0.891332850023263,0.9190712489587062,0.9040370509502668,0.92752983454517,1.0,0.0229723740530225,0.0474106315615255,0.0342930212476873,0.0854664425544043,0.189807304401973,1.0,0.2028600324918584,0.4129624531049145,2.028600324918584,0.2028600324918583,0.4129624531049145,0.0,0.0,5.551115123125783e-17
trained_support,0.02,0.08,shuffled,10,6,20266619,1,5,0.9586776859504132,20.87013167478268,23.61964946044713,0.9056747034276486,0.1367811738098106,0.0135172699674468,0.1367137943053889,0.1381772435640136,0.1374474666778637,0.5046420721360344,0.9346470105141962,0.5048121134413277,0.5011317603217722,0.5029636723849066,0.9346470105141962,1.0,0.1306380291670373,0.2270516567108785,0.1902196093352033,0.4450203352818119,0.0,1.0,0.0144885577816509,0.0135172699674468,0.0192782535570558,0.0203376185361025,0.0198150168802622,0.9301189582591722,0.9346470105141962,0.9081086328946606,0.903311257126469,0.9056747034276486,0.9346470105141962,1.0,0.0229239742801664,0.0428010977457931,0.0344102007221668,0.0801795428142526,0.0780701472813497,1.0,0.1077140548868709,0.2303809614297273,1.0771405488687091,0.1077140548868709,0.2303809614297273,0.0,0.0,0.0
trained_support,0.02,0.08,shuffled,10,7,20267616,1,11,0.9090909090909092,42.21682588286745,28.82919253961603,0.9091183644096166,0.2455845083789799,0.0163854690585225,0.2397848203346658,0.2523166832397299,0.2461305229995115,0.2929004344452868,0.9213388958725528,0.3015184406481025,0.2832052395214509,0.292101885392082,0.9213388958725528,1.0,0.2488040239325776,0.3364617779074043,0.3236202493921703,0.6419656941064088,0.0,1.0,0.0097286886467471,0.0163854690585225,0.0195095199311044,0.018591411731338,0.0190559958819566,1.0,0.9213388958725528,0.9070591648244272,0.911232629009172,0.9091183644096166,0.9213388958725528,1.0,0.01859743808887,0.0356196412810987,0.0290445647560319,0.0622841107328429,0.2289631220310618,1.0,0.2316761985106799,0.4079690659874065,2.3167619851068,0.2316761985106799,0.4079690659874065,0.0,0.0,5.551115123125783e-17
trained_support,0.02,0.08,shuffled,10,8,20268613,1,26,0.7851239669421488,13.504146375375278,18.1606213901849,0.9004954261133851,0.1813015442714131,0.0161428741532594,0.1906146570624717,0.1729963502366758,0.1820187966698142,0.4039324082391198,0.922457134543755,0.3855542824783097,0.4210592363900026,0.4024863952366455,0.922457134543755,1.0,0.1691598840101207,0.2925835927638485,0.2489079972475496,0.5579671233436514,0.0,1.0,0.0133721607012081,0.0161428741532594,0.0232636194116956,0.018374388353401,0.0209620387306891,0.9353253862904044,0.922457134543755,0.890192010795214,0.9122219595979316,0.9004954261133851,0.922457134543755,1.0,0.0223796694900814,0.0425177134223702,0.0329393601291201,0.0717838069782336,0.207430567647652,1.0,0.168022914869233,0.3438520021843024,1.6802291486923298,0.168022914869233,0.3438520021843024,0.0,0.0,5.551115123125783e-17
trained_support,0.02,0.08,shuffled,10,9,20269610,1,11,0.9090909090909092,24.28684996544673,21.41833483196992,0.9012634315078067,0.1587302328397761,0.0163644990855816,0.1551127609526408,0.1639091171504258,0.1595715627788722,0.4521907548380999,0.921435503195676,0.4604441072223471,0.4406318384047833,0.4502925420942065,0.921435503195676,1.0,0.1536352205424718,0.249025115438783,0.2154638110309929,0.4305130585415153,0.0,1.0,0.012825412258089,0.0163644990855816,0.0171819538257184,0.0238611928150032,0.0207915374590707,0.9378858229765688,0.921435503195676,0.9176770302826924,0.8875362050207863,0.9012634315078067,0.921435503195676,1.0,0.0235154439168038,0.0521314315972197,0.0338920775760553,0.0845785968287228,0.1469064510997586,1.0,0.1387503123018362,0.2106072693195342,1.3875031230183628,0.1387503123018362,0.2106072693195342,0.0,0.0,5.551115123125783e-17
trained_support,0.02,0.08,shuffled,10,10,20270607,1,25,0.7933884297520661,22.91886276451778,17.925057745950454,0.9031573611779256,0.2297396861568943,0.0112020692588561,0.2255650213334022,0.2343758533918518,0.2300126295470501,0.3170491623713741,0.9455293531148504,0.3237365838518105,0.3097842266371873,0.3166167751154727,0.9455293531148504,1.0,0.212174891095362,0.4291508478815431,0.2918388545491859,0.6554404966068555,0.0,1.0,0.0170152757438872,0.0112020692588561,0.019253570853411,0.0214315640594458,0.0203716951754321,0.9184421322884868,0.9455293531148504,0.9082207126919144,0.8983838785908373,0.9031573611779256,0.9455293531148504,1.0,0.0201203640619565,0.0554506471090422,0.0302057459616185,0.0726086289587976,0.1585255153507535,1.0,0.2006417517273015,0.3467709951079381,2.0064175172730154,0.2006417517273015,0.3467709951079381,0.0,0.0,5.551115123125783e-17
trained_support,0.02,0.08,shuffled,10,11,20271604,1,31,0.743801652892562,18.810275525878293,13.053405631159634,0.9003913802773971,0.2035151762400843,0.0185797016099109,0.2046761423772848,0.2040464194379436,0.2043615234625782,0.3614701254946055,0.9112859837948044,0.3593779309106117,0.3605112568125496,0.3599437112799146,0.9112859837948044,1.0,0.1839285143641392,0.387040183181131,0.2797137992395647,0.7267329820632235,0.0,1.0,0.0097555702865089,0.0185797016099109,0.0241465688873487,0.0172538731311323,0.020985148642036,1.0,0.9112859837948044,0.8862707001162806,0.9173470961347732,0.9003913802773971,0.9112859837948044,1.0,0.0237338508168434,0.0417349949974797,0.034326692053844,0.0754535407245278,0.2526627894394969,1.0,0.1808565835845852,0.4331081601042975,1.8085658358458527,0.1808565835845852,0.4331081601042975,0.0,0.0,5.551115123125783e-17
trained_support,0.02,0.08,shuffled,10,12,20272601,1,14,0.8842975206611571,30.52499235564089,23.17663624618852,0.9054962473202336,0.1948902772563119,0.0155995224246352,0.2017943043688683,0.1890243086539988,0.1955135935655596,0.3773993432363079,0.9249666352472932,0.3645937635314105,0.3886323323865457,0.3762249783601242,0.9249666352472932,1.0,0.191457831314423,0.285179459003474,0.2644511248263135,0.5340435694213483,0.0,1.0,0.0122822334639276,0.0155995224246352,0.0222074564879322,0.0171821300721081,0.019854429197011,0.9404364835224724,0.9249666352472932,0.8949053840510897,0.917676221596731,0.9054962473202336,0.9249666352472932,1.0,0.0210449416170851,0.0541132882638702,0.0324838731073445,0.0863316718084357,0.2634752500223878,1.0,0.181587831388224,0.3106671904515328,1.8158783138822403,0.181587831388224,0.3106671904515328,0.0,0.0,5.551115123125783e-17
trained_support,0.02,0.08,shuffled,10,13,20273598,1,11,0.9090909090909092,19.09710668178685,24.93042155186729,0.9080441681539976,0.1939203351055256,0.0088385437610661,0.1949533705074271,0.1932863569275005,0.1941216531540354,0.3792340662316393,1.0,0.3772803052558606,0.3804381041696559,0.3788525249809939,1.0,1.0,0.1641501563049412,0.4261242285994756,0.2448403230041145,0.6582572605034037,0.0,1.0,0.0171487269101521,0.0088385437610661,0.023152881825251,0.0144340376920831,0.0192924516444971,0.9178295008336684,1.0,0.8906850358473679,0.9303725436659144,0.9080441681539976,1.0,1.0,0.0181213156108985,0.0537754370426006,0.0286358340791944,0.0922088954136111,0.11333659091883,1.0,0.1625925781896163,0.3595696182300832,1.625925781896163,0.1625925781896162,0.3595696182300832,0.0,0.0,5.551115123125783e-17
trained_support,0.02,0.08,shuffled,10,14,20274595,1,7,0.9421487603305784,30.76610943543607,25.5391993444571,0.9150147429891984,0.1743453401466446,0.0138213476561553,0.1784381925797644,0.1712730743363647,0.1748923305404828,0.4182287694921154,0.933227063709502,0.4097570061536263,0.4247029176909902,0.4170864966381293,0.933227063709502,1.0,0.1552519282062818,0.3637650194082285,0.2257389515347185,0.5836255981512511,0.0,1.0,0.0111577433911249,0.0138213476561553,0.0207037255256203,0.0142269296261977,0.0177630202559841,0.9457389333837712,0.933227063709502,0.9016592268126704,0.9313364809681084,0.9150147429891984,0.933227063709502,1.0,0.0177982058679317,0.0478494042802229,0.0278343041596152,0.0721768095326617,0.3716739383940147,1.0,0.1398656143566718,0.3460544647335397,1.3986561435667189,0.1398656143566718,0.3460544647335397,0.0,0.0,5.551115123125783e-17
trained_support,0.02,0.08,shuffled,10,15,20275592,1,17,0.859504132231405,33.472618002187545,21.509550442395444,0.9065901309314828,0.2018192167970117,0.0125597339260409,0.1989939280490076,0.2053750300531461,0.202209651562066,0.3645483517800842,0.9391325305567138,0.3697346694276305,0.3581242985224129,0.3638373842216127,0.9391325305567138,1.0,0.1705113147025608,0.3654429148495158,0.2659502621150497,0.6425132542268224,0.0,1.0,0.015063913511705,0.0125597339260409,0.0194216185780739,0.0198024631036131,0.0196129652674213,0.9274470569748144,0.9391325305567138,0.9074579110831814,0.9057315534015524,0.9065901309314828,0.9391325305567138,1.0,0.0228600869577676,0.0311067038693454,0.0316503377807006,0.0571783991426837,0.3262904602828788,1.0,0.1671230174696544,0.4053798159126044,1.6712301746965443,0.1671230174696544,0.4053798159126044,0.0,0.0,5.551115123125783e-17
trained_support,0.02,0.08,shuffled,10,16,20276589,1,7,0.9421487603305784,24.898061877249376,30.46053616258068,0.9221877909939844,0.2044347777614996,0.0152953668025781,0.2078034394782276,0.2021701851140689,0.2050061623562061,0.3598118982999519,0.9263743744170648,0.353802228899369,0.3639091881520139,0.3587854104181377,0.9263743744170648,1.0,0.1973899872170037,0.3577173820605117,0.2706073302651618,0.6037982187049987,0.0,1.0,0.0053416492752037,0.0152953668025781,0.0173490134813019,0.0149657828540637,0.0162012796594804,1.0,0.9263743744170648,0.9169108162927762,0.9279022235783204,0.9221877909939844,0.9263743744170648,1.0,0.0170494512285178,0.0305159689729237,0.0255295426900143,0.0549651556775063,0.2918077583421196,1.0,0.1703916779653831,0.3923511038575119,1.703916779653831,0.170391677965383,0.3923511038575119,0.0,0.0,5.551115123125783e-17
trained_support,0.02,0.08,shuffled,10,17,20277586,1,9,0.9256198347107438,19.490214506717823,26.89029896076436,0.9000059854564253,0.1937348295379769,0.0160758738743883,0.1799032756046435,0.2078895072402359,0.1944006633140283,0.3795859795645668,0.922766210737648,0.4067663333171412,0.3536500068250768,0.3783243749466702,0.922766210737648,1.0,0.1827615072113477,0.3206315244776001,0.2654391747100849,0.6067382549520516,0.0,1.0,0.0136214446902196,0.0160758738743883,0.0158382786910513,0.0252409167950075,0.0210707730345603,0.9341603043153548,0.922766210737648,0.9238630861745356,0.8814345009621701,0.9000059854564253,0.922766210737648,1.0,0.0247868360215696,0.0468098038231645,0.0364266199269085,0.0902290393207394,0.1848570710842671,1.0,0.1669638762520956,0.3174315502920292,1.6696387625209566,0.1669638762520956,0.3174315502920292,0.0,0.0,5.551115123125783e-17
trained_support,0.02,0.08,shuffled,10,18,20278583,1,11,0.9090909090909092,28.06681528759997,23.73237883586452,0.9107089873715164,0.1734207631011778,0.012199984996658,0.1759335743229952,0.1717398580497904,0.173849362117074,0.4201666689844669,0.940823310353476,0.4149206957399053,0.4237128514822533,0.4192672179840274,0.940823310353476,1.0,0.1640209376164142,0.3121789756981882,0.231585578274213,0.55704550658358,0.0,1.0,0.0141805796012309,0.012199984996658,0.0230276433821462,0.0130224645807065,0.0187063751631771,0.9315523433259332,0.940823310353476,0.8912429505459891,0.9369622151501148,0.9107089873715164,0.940823310353476,1.0,0.0203278965735468,0.0414552747488918,0.0319200830863563,0.0779317644252051,0.3040374148227779,1.0,0.1526815626326235,0.4074479211786081,1.5268156263262358,0.1526815626326235,0.407447921178608,0.0,0.0,1.1102230246251563e-16
trained_support,0.02,0.08,shuffled,10,19,20279580,1,7,0.9421487603305784,31.36986252096497,26.965332527661648,0.92614253560009,0.1802985485254184,0.0138001877744481,0.1816247296591422,0.1800235571868551,0.1808259156840708,0.4059632086289467,0.9333258038041016,0.4032802100734664,0.4065217743735451,0.4048941603814439,0.9333258038041016,1.0,0.1465523116265843,0.437117316689567,0.2322593531021493,0.6761364786781893,0.0,1.0,0.0067109549843646,0.0138001877744481,0.014118954542864,0.016480877447543,0.0153454260094725,1.0,0.9333258038041016,0.9318394223894684,0.9208994833909928,0.92614253560009,0.9333258038041016,1.0,0.016959821369226,0.0325863366161601,0.0250079995405368,0.0508275295885348,0.3821415952438811,1.0,0.1448204104024693,0.3767150987521185,1.448204104024693,0.1448204104024692,0.3767150987521185,0.0,0.0,5.551115123125783e-17
trained_support,0.02,0.08,shuffled,10,20,20280577,1,10,0.9173553719008264,33.47590331646934,27.682459513624224,0.9171770449702584,0.2202077652687342,0.0118480451294955,0.2195395167026013,0.221508629001376,0.2205262706754923,0.332525467995717,0.9424803340119507,0.3336383745418153,0.3303696351007194,0.3319963336407224,0.9424803340119507,1.0,0.2009508895474437,0.3738216518038184,0.2872094180661618,0.6500193284513991,0.0,1.0,0.0125936816400005,0.0118480451294955,0.0206270470580294,0.0131331226654723,0.0172909511201741,0.93897313707212,0.9424803340119507,0.9020049823274486,0.9364439463187948,0.9171770449702584,0.9424803340119507,1.0,0.0175724976589716,0.044518053823529,0.0276600552575672,0.0874156421853065,0.0666264740865424,1.0,0.1984780111767738,0.3329562763448355,1.9847801117677388,0.1984780111767738,0.3329562763448355,0.0,0.0,5.551115123125783e-17
trained_support,0.02,0.08,shuffled,10,21,20281574,1,22,0.8181818181818182,32.507191858700594,17.26796904383598,0.9000369256956671,0.1871286897513233,0.0202499172215712,0.1760084774940352,0.1996883251501868,0.1882211616039161,0.3923333378974856,0.903707451910533,0.4147653304558973,0.3684531819546435,0.3901961147095807,0.903707451910533,1.0,0.1690831421616632,0.3377594889444463,0.2606909612200441,0.6750584294537867,0.0,1.0,0.0057990201060906,0.0202499172215712,0.0212405259069352,0.0208857756030145,0.0210638975897466,1.0,0.903707451910533,0.899242416541377,0.900838864576712,0.9000369256956671,0.903707451910533,1.0,0.023218598657549,0.0394398138549596,0.0323672495972882,0.0709305827336496,0.1663600172806412,1.0,0.2131526643361692,0.503978399892526,2.131526643361693,0.2131526643361692,0.503978399892526,0.0,0.0,5.551115123125783e-17
trained_support,0.02,0.08,shuffled,10,22,20282571,1,6,0.950413223140496,44.94123135440677,28.379012774873807,0.904240267055759,0.2114418411207566,0.0182370742592526,0.2130529131546774,0.2113975929485741,0.2122268669468424,0.3474240477113632,0.9128484793085094,0.3446366636392731,0.3475009206101803,0.3460630362812691,0.9128484793085094,1.0,0.1954716149813557,0.3680124109561029,0.291332541499836,0.7229775176175305,0.0,1.0,0.0085268944893405,0.0182370742592526,0.0226271713255397,0.0172802989599241,0.0201320343524901,1.0,0.9128484793085094,0.8930293279213831,0.917225895855469,0.904240267055759,0.9128484793085094,1.0,0.023205415591104,0.0382616699707292,0.0331990116137537,0.0672544604755814,0.1376247677528989,1.0,0.1803522827426513,0.3832649690363198,1.803522827426513,0.1803522827426513,0.3832649690363197,0.0,0.0,5.551115123125783e-17
trained_support,0.02,0.08,shuffled,10,23,20283568,1,8,0.9338842975206612,48.44013182293951,28.69817816699744,0.9014800188815744,0.2413124745327482,0.0201862503651946,0.244937067119052,0.2393412277251167,0.2421553118742692,0.299224134510582,0.9039951787675008,0.293850149959985,0.3021879395951776,0.2979658014278747,0.9039951787675008,1.0,0.2426809657955676,0.3971817613144809,0.3280197807059739,0.7145209504657346,0.0,1.0,0.0047756953483707,0.0201862503651946,0.021548764456129,0.0199056446805375,0.0207434801773176,1.0,0.9039951787675008,0.8978575780777475,0.9052643998662592,0.9014800188815744,0.9039951787675008,1.0,0.0226517175525708,0.03478300220366,0.0306288500982507,0.0648849282625894,0.2658953883901903,1.0,0.222210377059894,0.3968199579499143,2.22210377059894,0.2222103770598939,0.3968199579499143,0.0,0.0,1.1102230246251563e-16
trained_support,0.02,0.08,shuffled,10,24,20284565,1,16,0.8677685950413223,30.590344128704253,19.90362969467528,0.9005543671238332,0.1993962595285898,0.0117596921967768,0.2037239511156982,0.1956805281343036,0.1997427312183241,0.3689916375579639,0.9428967804985476,0.3610929929659019,0.3759110846050781,0.3683529651416541,0.9428967804985476,1.0,0.1865014513509092,0.3372931749251862,0.2666802926703998,0.6483962267232926,0.0,1.0,0.0173368992887656,0.0117596921967768,0.0228984324272409,0.01879836874302,0.0209489483629068,0.9169663561456464,0.9428967804985476,0.8918189283460224,0.9102901867965936,0.9005543671238332,0.9428967804985476,1.0,0.0209952673657961,0.0556558255321909,0.0319739997166845,0.0909259732389499,0.1499204055747755,1.0,0.1769787506566049,0.2958346025749699,1.7697875065660496,0.1769787506566049,0.2958346025749699,0.0,0.0,5.551115123125783e-17
trained_support,0.02,0.08,shuffled,10,25,20285562,1,9,0.9256198347107438,29.94277580375724,27.874512843522528,0.9021729107502934,0.2114714089891794,0.0187481561868535,0.2094140462028988,0.2151489196195999,0.2123008482796888,0.3473726885652597,0.9105187554735984,0.3509644891965656,0.3410437202302971,0.3459350489310507,0.9105187554735984,1.0,0.1995340436714865,0.4187829156973841,0.2796017483653294,0.6559438102876638,0.0,1.0,0.0085115900036507,0.0187481561868535,0.021421802400182,0.0197227642971606,0.0205898160457275,1.0,0.9105187554735984,0.8984277282474966,0.9060925539439186,0.9021729107502934,0.9105187554735984,1.0,0.021132255079085,0.0455537999641171,0.0326508164226217,0.072392739678585,0.2361632823641019,1.0,0.1873349293899636,0.3717001295413749,1.8733492938996368,0.1873349293899636,0.3717001295413749,0.0,0.0,5.551115123125783e-17
trained_support,0.02,0.08,shuffled,10,26,20286559,1,8,0.9338842975206612,21.64908390464386,23.79222195452857,0.9072067173392278,0.1538315689155441,0.0160892095779759,0.1480546873572384,0.1610150243650388,0.1546706638631316,0.46340316151379,0.922704684105588,0.4769834728600504,0.4470543417597825,0.4614630379716717,0.922704684105588,1.0,0.1489210030660303,0.2523679583380089,0.2141117438181649,0.5017343858710135,0.0,1.0,0.0109768123275501,0.0160892095779759,0.0176681438492156,0.0211315602916585,0.019476988312321,0.9465948882528632,0.922704684105588,0.9154489125169428,0.8997324825461207,0.9072067173392278,0.922704684105588,1.0,0.0217371024126268,0.0377041952561412,0.0328281812849075,0.0689426922507799,0.2302000015504342,1.0,0.1345009601791298,0.2571351597464662,1.3450096017912985,0.1345009601791298,0.2571351597464662,0.0,0.0,8.326672684688674e-17
trained_support,0.02,0.08,shuffled,10,27,20287556,1,12,0.9008264462809916,23.632927546554367,27.29371246855128,0.9130500811016772,0.2236176090001517,0.0158726076972882,0.225758292618708,0.222590976398414,0.2241802282317884,0.3269042236574069,0.9237045232749552,0.3234238900346765,0.3285865905633471,0.3259859029096211,0.9237045232749552,1.0,0.2035555295426348,0.3756916476267883,0.292415788691279,0.6280353935020033,0.0,1.0,0.008890572199989,0.0158726076972882,0.0173585071232819,0.0189906853157392,0.0181929093098171,1.0,0.9237045232749552,0.9168672932106784,0.9094152880632989,0.9130500811016772,0.9237045232749552,1.0,0.0196812106953889,0.0407622704226939,0.0302402516171141,0.0664511415893719,0.2254155855529795,1.0,0.1993520276951341,0.3240588084085342,1.9935202769513416,0.1993520276951341,0.3240588084085341,0.0,0.0,5.551115123125783e-17
trained_support,0.02,0.08,shuffled,10,28,20288553,1,15,0.8760330578512396,40.98814197665841,25.73648956365603,0.9037036291452576,0.2592065769700551,0.018674460533677,0.2651670861886915,0.254479835043394,0.259878404298543,0.2736151054306856,0.9108543236666647,0.2655809918041203,0.2801586651045518,0.2726975368859735,0.9108543236666647,1.0,0.2706307586258491,0.3456705061578172,0.3369710964212914,0.6652787403016833,0.0,1.0,0.0078331306414812,0.018674460533677,0.0216080003358104,0.0187957746642261,0.0202507632416749,1.0,0.9108543236666647,0.8975916905375668,0.9103019936955128,0.9037036291452576,0.9108543236666647,1.0,0.0227011826467219,0.038533786773381,0.0331321067618327,0.0743240693662303,0.243137546911784,1.0,0.2520693014604091,0.3402982462718336,2.520693014604092,0.2520693014604091,0.3402982462718335,0.0,0.0,5.551115123125783e-17
trained_support,0.02,0.08,shuffled,10,29,20289550,1,9,0.9256198347107438,24.28508292206068,27.455547588817936,0.9120981742086866,0.208383863036883,0.0160427731738925,0.2028627664729397,0.2149630383798858,0.2090004902991459,0.3527769416274019,0.9229189444161252,0.36265118398456,0.3413608357195865,0.3516909572081303,0.9229189444161252,1.0,0.1759164260916741,0.3779583478474885,0.2732603334450508,0.6886389681346575,0.0,1.0,0.0090136406154608,0.0160427731738925,0.0153478540688055,0.0210160879325804,0.0184015295085395,1.0,0.9229189444161252,0.9261312920232044,0.9002521036978807,0.9120981742086866,0.9229189444161252,1.0,0.0200050672501652,0.04360773971686,0.0291463843507402,0.0723991005943417,0.2478931951807201,1.0,0.1540838205075981,0.4042075892985279,1.540838205075981,0.1540838205075981,0.4042075892985279,0.0,0.0,2.775557561562892e-17
trained_support,0.02,0.08,shuffled,10,30,20290547,1,30,0.7520661157024794,58.97262890439265,15.448282476520587,0.9008097897065866,0.2354959019792698,0.017325824615487,0.2317281524511226,0.2404559657335667,0.2361323866978786,0.3080542084923928,0.9170171330654868,0.3139125728503852,0.3005083228651378,0.3070754078166248,0.9170171330654868,1.0,0.2264599683785098,0.3919462854271247,0.312354927570852,0.6691247079763081,0.0,1.0,0.0116748065534079,0.017325824615487,0.0162587468780365,0.0246703012403206,0.0208922307728522,0.9432970574361677,0.9170171330654868,0.9219228512225122,0.8839528930214885,0.9008097897065866,0.9170171330654868,1.0,0.0219707673768301,0.0497474340517763,0.0327111233300199,0.0776753639220068,0.1816635238593367,1.0,0.2966427618349611,0.5338502400772696,2.966427618349611,0.296642761834961,0.5338502400772694,0.0,0.0,1.1102230246251563e-16
trained_support,0.02,0.08,shuffled,10,31,20291544,1,7,0.9421487603305784,27.317916401786597,24.89890111604849,0.9022194155769064,0.1678000207629982,0.0113634001103743,0.1686914449643149,0.167675710990333,0.168184344783131,0.432142405016878,0.9447669453775476,0.4302205801102912,0.4324110861280811,0.4313127888438935,0.9447669453775476,1.0,0.1559733637728832,0.3569017009380579,0.2217038069134211,0.5884370046399571,0.0,1.0,0.017157774853063,0.0113634001103743,0.0165758953070981,0.0239222050555929,0.0205795067962489,0.9177879794282566,0.9447669453775476,0.9204620778136884,0.8872654934523201,0.9022194155769064,0.9447669453775476,1.0,0.0196732729400923,0.058012543612644,0.0325442423736753,0.084645806671361,0.2753815206833375,1.0,0.143240641527788,0.2849581965136348,1.4324064152778806,0.143240641527788,0.2849581965136348,0.0,0.0,5.551115123125783e-17
trained_support,0.02,0.08,shuffled,10,32,20292541,1,15,0.8760330578512396,21.91800667355466,19.650587903295893,0.9022463970881844,0.1523855806067134,0.0159624106466184,0.1583169282323138,0.1479461986536905,0.1532193321043282,0.4667656800419774,0.9232898594245154,0.4531261836599403,0.4772422796406565,0.4648238973408256,0.9232898594245154,1.0,0.1504334587610691,0.242726001531443,0.2105665813604068,0.4622219008941513,0.0,1.0,0.0129796536118296,0.0159624106466184,0.0227067026512146,0.0181919096792513,0.0205735257438864,0.9371627979183638,0.9232898594245154,0.8926742794881627,0.9130546446769277,0.9022463970881844,0.9232898594245154,1.0,0.0238589442130948,0.0417086035616267,0.0342927920150218,0.0758249656893979,0.2365383243825323,1.0,0.1329776176816808,0.2517424817951635,1.3297761768168086,0.1329776176816808,0.2517424817951635,0.0,0.0,5.551115123125783e-17
trained_support,0.02,0.08,shuffled,10,33,20293538,0,120,0.0,35.892801127916144,-55.46196046517964,0.8987268138775404,0.174489821434137,0.0210656209553558,0.1678918477524411,0.1832845978225519,0.1757568154307301,0.4179267474411741,0.9000291702656569,0.4319440388784592,0.3999471006027993,0.4152875624461914,0.9000291702656569,1.0,0.1726501680198535,0.2892993641448212,0.2446781336637669,0.506457616796785,0.0,1.0,0.0035050848606114,0.0210656209553558,0.0221982835457511,0.0204775052155301,0.0213552336937532,1.0,0.9000291702656569,0.89494642956908,0.902679671966849,0.8987268138775404,0.9000291702656569,1.0,0.0216505006780526,0.031888607416887,0.0293014997853859,0.0594738378671474,0.264255730277638,1.0,0.167840393303898,0.3454391521091958,1.6784039330389806,0.167840393303898,0.3454391521091958,0.0,0.0,5.551115123125783e-17
trained_support,0.02,0.08,shuffled,10,34,20294535,1,35,0.7107438016528925,24.297258466568547,9.735874211851446,0.9008655430714928,0.2411546599966589,0.0186500884738319,0.238035097680747,0.2456543994079673,0.2418747523785522,0.2994603372787745,0.9109653274104352,0.3041678814468431,0.2927980967637718,0.298384080414584,0.9109653274104352,1.0,0.2423019692806817,0.3726349217808651,0.3101452188217634,0.618920856867808,0.0,1.0,0.0093884208947464,0.0186500884738319,0.0197701076601207,0.0219335208542672,0.0208798526570153,1.0,0.9109653274104352,0.9058780919850116,0.8961319562311532,0.9008655430714928,0.9109653274104352,1.0,0.0245563105601433,0.0404077738701489,0.0343346715528781,0.0693106222066262,0.1695256144901531,1.0,0.2083159186830271,0.437364051647444,2.0831591868302715,0.2083159186830271,0.4373640516474439,0.0,0.0,1.1102230246251563e-16
trained_support,0.02,0.08,shuffled,10,35,20295532,1,12,0.9008264462809916,15.619177089500058,19.896666371764475,0.902998370396898,0.1527751930094303,0.0162047414673983,0.1495075305085316,0.1576489924212276,0.1536322011984919,0.4658572766517899,0.9221718289471452,0.4735311165130005,0.4546420094619269,0.4638653299811287,0.9221718289471452,1.0,0.1382135531448311,0.3228704999694569,0.2050098802414061,0.5996439671926017,0.0,1.0,0.0124035546628646,0.0162047414673983,0.0137135766068069,0.025393334661856,0.0204069060442755,0.939866182105564,0.9221718289471452,0.9337300735217504,0.8807630250249769,0.902998370396898,0.9221718289471452,1.0,0.0234539940722231,0.0535194557027036,0.0345567580528985,0.0915038908339695,0.1508114232150202,1.0,0.1131616293350212,0.3699773405695477,1.1316162933502123,0.1131616293350212,0.3699773405695476,0.0,0.0,5.551115123125783e-17
trained_support,0.02,0.08,shuffled,10,36,20296529,0,120,0.0,21.83958587729136,-53.34266272619692,0.8904689246330119,0.1930054817258039,0.0217857022130781,0.190002469744847,0.198369672795797,0.1942311324096282,0.3809727576552551,0.8967945260919143,0.3867362477257393,0.3708905163965173,0.3786451992687605,0.8967945260919143,0.0,0.1703324689457201,0.4074000914048384,0.2652198540957189,0.6449246117408183,0.0,1.0,0.0079805276911386,0.0217857022130781,0.0261084154393748,0.0198736491248314,0.0232014146798411,1.0,0.8967945260919143,0.8776195644006273,0.9054092336387164,0.8904689246330119,0.8967945260919143,0.0,0.0263124408189479,0.0377967008212547,0.035796647032139,0.0706099959583091,0.1925172471613515,1.0,0.2621497353738132,0.4997425461781024,2.6214973537381323,0.2621497353738132,0.4997425461781024,0.0,0.0,1.1102230246251563e-16
trained_support,0.02,0.08,shuffled,10,37,20297526,1,11,0.9090909090909092,38.860767537525874,26.06828499960806,0.9179272681461954,0.2147747553194927,0.0138068050855075,0.2216466637125376,0.2085914745226553,0.21521808332298,0.3416823493490046,0.9332949237791436,0.3301417013808918,0.3524109289063933,0.3409258013872038,0.9332949237791436,1.0,0.2056546815833776,0.3944724857946113,0.2852971934421316,0.6548098840152753,0.0,1.0,0.010135126387321,0.0138068050855075,0.0225797722902062,0.0087664810747968,0.0171274240198626,0.9505869605814932,0.9332949237791436,0.8932409966459657,1.0,0.9179272681461954,0.9332949237791436,1.0,0.0188741356735223,0.0466775669771615,0.0295181553481514,0.0887866758055435,0.280720478892409,1.0,0.2078394671531155,0.3535563562528214,2.078394671531156,0.2078394671531155,0.3535563562528214,0.0,0.0,5.551115123125783e-17
trained_support,0.02,0.08,shuffled,10,38,20298523,1,6,0.950413223140496,17.03454735532727,26.38376692377153,0.9312560296336644,0.1523491948124541,0.0090653834598808,0.1535357271458429,0.151696068387921,0.152618669687813,0.4668506059669928,1.0,0.464089138797481,0.4683776603441509,0.4662220069968922,1.0,1.0,0.1274216786054942,0.2953829901618583,0.1990378917353604,0.5859335987365438,0.0,1.0,0.0109870948450585,0.0090653834598808,0.0145537269112177,0.0139278100867181,0.0142442069069848,0.946546222611328,1.0,0.9298159324171626,0.9327304277965476,0.9312560296336644,1.0,1.0,0.0149543553121,0.0309590406444517,0.0231008114896327,0.047218047017454,0.4544782228526423,1.0,0.1298549039312757,0.3537511010389215,1.2985490393127574,0.1298549039312757,0.3537511010389214,0.0,0.0,5.551115123125783e-17
trained_support,0.02,0.08,shuffled,10,39,20299520,1,25,0.7933884297520661,18.600495942500974,18.20169772753973,0.9035196756340712,0.232589359452457,0.0161768213306242,0.2282576904484261,0.2379441659484108,0.2331512377811175,0.3125637604235531,0.9223005737513348,0.3194072156338385,0.3043062054514687,0.3116868787358084,0.9223005737513348,1.0,0.2303319869151365,0.327482771194488,0.3084892023579674,0.6268559747559358,0.0,1.0,0.0122496754154162,0.0161768213306242,0.0166285811816905,0.0233875710619104,0.0202914784120327,0.9405895898675058,0.9223005737513348,0.9202196330006392,0.8896404778776751,0.9035196756340712,0.9223005737513348,1.0,0.02260122305243,0.0593378247137308,0.0313481448908097,0.0828567428748935,0.1036988380664234,1.0,0.2295214824526668,0.3922299931576899,2.295214824526668,0.2295214824526667,0.3922299931576898,0.0,0.0,5.551115123125783e-17
trained_support,0.02,0.08,shuffled,10,40,20300517,1,14,0.8842975206611571,29.357232797094035,19.976204431320586,0.9064834152377924,0.1706385764828815,0.0128277529693779,0.1719335594342687,0.1703026752607191,0.1711200602803411,0.4260524226523463,0.9378748464411336,0.4233026813108733,0.4267685815279796,0.4250279695991169,0.9378748464411336,1.0,0.1571966534067991,0.3118399767415887,0.2263855099313535,0.5945476661513817,0.0,1.0,0.0148674555401807,0.0128277529693779,0.018824819670197,0.0204159527171728,0.0196365088669711,0.9283585264026594,0.9378748464411336,0.9101698046601124,0.9029575256662586,0.9064834152377924,0.9378748464411336,1.0,0.0209751429457573,0.0476517927297299,0.0288916214007136,0.0720159401948772,0.0875903824998879,1.0,0.1449269547277024,0.2966358176601704,1.4492695472770245,0.1449269547277024,0.2966358176601703,0.0,0.0,5.551115123125783e-17
trained_support,0.02,0.08,shuffled,10,41,20301514,1,8,0.9338842975206612,27.45401831304964,26.752296216579,0.9099662227602608,0.1863296352309636,0.0157315378859263,0.1853353392979206,0.1886352048437545,0.1869925513210628,0.3939039519596203,0.9243562872227388,0.3958671133118139,0.3893891599656423,0.392600487034132,0.9243562872227388,1.0,0.1701542070573692,0.2831093398428553,0.2474339854881555,0.5513085515744056,0.0,1.0,0.0104201245331736,0.0157315378859263,0.0229819872002742,0.0135627734410334,0.0188695596011985,0.9492333476473006,0.9243562872227388,0.8914464275212715,0.9344343862751886,0.9099662227602608,0.9243562872227388,1.0,0.0193204030682753,0.0509717614055197,0.0307019166973393,0.0772679801092382,0.1859633381231281,1.0,0.2000257762574628,0.3806910840646231,2.0002577625746283,0.2000257762574628,0.3806910840646231,0.0,0.0,5.551115123125783e-17
trained_support,0.02,0.08,shuffled,10,42,20302511,1,12,0.9008264462809916,35.99891965315728,23.71788189519621,0.901113856141059,0.2060106392044395,0.0171991328005585,0.2128214760197593,0.2004480147414711,0.2067273412843908,0.3569879697240714,0.9175982099148008,0.3450357030862122,0.3670562864156712,0.3557109890253179,0.9175982099148008,1.0,0.2018689394207015,0.3603961035511652,0.2769086626914074,0.6356193548078353,0.0,1.0,0.0117413507859854,0.0171991328005585,0.0261332680206696,0.013579074979595,0.0208247325882185,0.9429832547495616,0.9175982099148008,0.877510515618276,0.9343582257881574,0.901113856141059,0.9175982099148008,1.0,0.0246592795633119,0.051569709918518,0.0348835164074573,0.0853881968551364,0.2984079397049178,1.0,0.1916869716863284,0.3371697701931543,1.916869716863285,0.1916869716863284,0.3371697701931542,0.0,0.0,5.551115123125783e-17
trained_support,0.02,0.08,shuffled,10,43,20303508,1,29,0.7603305785123967,21.629825544091275,11.645002756496387,0.9011731797085134,0.1711583335479489,0.0125962838621069,0.1700461367561667,0.1731819690221661,0.1716212152096754,0.4249466413350048,0.9389609200683257,0.4273163456278098,0.420668635154966,0.4239642785303932,0.9389609200683257,1.0,0.1563971724832026,0.3207670983633203,0.2287413985033636,0.5409522018312161,0.0,1.0,0.0165666811645274,0.0125962838621069,0.0202768245102435,0.0213329081858184,0.0208115663019842,0.9205044851346278,0.9389609200683257,0.9035858785023244,0.8988271421402072,0.9011731797085134,0.9389609200683257,1.0,0.0200281212312301,0.0537722955358478,0.0305953282381942,0.0852300621688267,0.0101773784041374,1.0,0.1445463721736579,0.2799369086493172,1.4454637217365796,0.1445463721736579,0.2799369086493172,0.0,0.0,5.551115123125783e-17
trained_support,0.02,0.08,shuffled,10,44,20304505,1,6,0.950413223140496,23.16686107164343,27.31688371111424,0.9231430757787362,0.1680367922449885,0.0122415646588387,0.1725804332503253,0.164281566116512,0.1684821042522972,0.4316311127368372,0.9406277351069812,0.4219357759366955,0.439812037613403,0.4306711292776901,0.9406277351069812,1.0,0.1556678898736085,0.336254414831545,0.2251165193085524,0.5657506041315506,0.0,1.0,0.0102936298287748,0.0122415646588387,0.0132667534133242,0.018320008039485,0.0159942089628832,0.949833902503384,0.9406277351069812,0.9358184667759718,0.912470027904104,0.9231430757787362,0.9406277351069812,1.0,0.0186222185553434,0.0371079712331289,0.026728429917566,0.0677482134735515,0.3679660797557622,1.0,0.1438802208183552,0.310584616697639,1.438802208183552,0.1438802208183552,0.310584616697639,0.0,0.0,5.551115123125783e-17
trained_support,0.02,0.08,shuffled,10,45,20305502,1,11,0.9090909090909092,28.409720664152488,27.559289898418648,0.907267854651682,0.2178386537546925,0.014163136060974,0.2235609678288462,0.2129061780430678,0.2182985879311601,0.3364878394879246,0.931633594723173,0.3269968179590756,0.3448896079139621,0.3357149172751791,0.931633594723173,1.0,0.2033707696710035,0.3580051532341123,0.2888878231563698,0.6367177262839254,0.0,1.0,0.0133504240637056,0.014163136060974,0.0202520692682203,0.0186416249796007,0.0194635106227636,0.9354270459589962,0.931633594723173,0.9036977278598816,0.9110038779750772,0.907267854651682,0.931633594723173,1.0,0.0198159361634392,0.0482912253714179,0.0320000420404082,0.0704774924149869,0.2077542327349821,1.0,0.2079096388147762,0.3470455661017307,2.079096388147762,0.2079096388147762,0.3470455661017307,0.0,0.0,5.551115123125783e-17
trained_support,0.02,0.08,shuffled,10,46,20306499,1,6,0.950413223140496,24.58709247095617,23.33343028113798,0.9052949264943376,0.141680822127938,0.0187161348852603,0.1413508651955238,0.1444556369141066,0.142911682741096,0.4924294336131039,0.9106645471227592,0.4932425066531286,0.4856446066745971,0.4894081800311626,0.9106645471227592,1.0,0.1350091437619873,0.2511342926877941,0.1934450101516347,0.4811455266668151,0.0,1.0,0.0067581460471208,0.0187161348852603,0.0198764409473321,0.0199213348283232,0.0198989005484592,1.0,0.9106645471227592,0.9053965950175744,0.9051933839908244,0.9052949264943376,0.9106645471227592,1.0,0.0210800814666672,0.0350181697549741,0.0308510118988644,0.0590389434234757,0.2630094888243795,1.0,0.1006929745432032,0.2700820885026123,1.0069297454320325,0.1006929745432032,0.2700820885026122,0.0,0.0,5.551115123125783e-17
trained_support,0.02,0.08,shuffled,10,47,20307496,1,8,0.9338842975206612,14.749454794918394,21.60906090468511,0.900717747670126,0.1242583840467804,0.0192234990098274,0.1274464910503965,0.124003103828643,0.1257365854479037,0.5372499050279702,0.9083572823149656,0.5287537506325136,0.5379360892226857,0.5332937253016754,0.9083572823149656,1.0,0.1197360879632446,0.2779870256120261,0.1753676147794781,0.4430027733132813,0.0,1.0,0.008233877330588,0.0192234990098274,0.0245504566206487,0.0164910393811202,0.0209126672157333,1.0,0.9083572823149656,0.8844827367442929,0.9208526939827726,0.900717747670126,0.9083572823149656,1.0,0.0244182670319593,0.0371714460838392,0.0328588604960937,0.0705891805122979,0.2722910969443718,1.0,0.1006336764438131,0.2654385102796706,1.0063367644381314,0.1006336764438131,0.2654385102796705,0.0,0.0,5.551115123125783e-17
trained_support,0.02,0.08,shuffled,10,48,20308493,1,33,0.7272727272727273,32.096994193859814,14.499090671296557,0.9000006391758479,0.2616255679837214,0.0166462589051376,0.2511385392089205,0.272726063368892,0.2621546027792411,0.2703256758760411,0.9201382996542492,0.2848784456898475,0.2557307062587894,0.2696115623264108,0.9201382996542492,1.0,0.2498740743373382,0.4152854579630451,0.3398962454970343,0.6964753431220495,0.0,1.0,0.0129201241769797,0.0166462589051376,0.0146534692630813,0.0259486209099217,0.0210719610925383,0.9374417832945208,0.9201382996542492,0.9293523378872948,0.8783210386193289,0.9000006391758479,0.9201382996542492,1.0,0.0236997515822742,0.0592071218614195,0.034239233421876,0.0886373800621401,0.0975440298852584,1.0,0.2309813293185615,0.4188539424763243,2.3098132931856155,0.2309813293185615,0.4188539424763243,0.0,0.0,5.551115123125783e-17
trained_support,0.02,0.08,shuffled,10,49,20309490,1,22,0.8181818181818182,37.85502745634166,16.10186580962553,0.9001185828936735,0.168006843009211,0.0192217082280215,0.1690742820519442,0.1691314100895199,0.1691028484831786,0.4316957526863303,0.90836541569985,0.429397845824863,0.4292752100591924,0.4293365183845578,0.90836541569985,1.0,0.1591776383643645,0.2979972050002362,0.2365086615607818,0.5777702146585171,0.0,1.0,0.0085702775277586,0.0192217082280215,0.0245535218292393,0.0168217720229784,0.0210457531133004,1.0,0.90836541569985,0.8844691812277548,0.9193311721506244,0.9001185828936735,0.90836541569985,1.0,0.0241069946984236,0.0375517935471152,0.0344283228292502,0.0706154933873269,0.2418470191985096,1.0,0.1878851352888159,0.444151477308794,1.87885135288816,0.1878851352888159,0.444151477308794,0.0,0.0,5.551115123125783e-17
trained_support,0.02,0.08,shuffled,40,0,20261027,1,17,0.859504132231405,115.17216197296506,22.21395114746213,0.901374835210492,0.208709355640883,0.0164646260338242,0.2120249913154311,0.2066561422813845,0.2093577776020424,0.3522032771360864,0.9209743160237818,0.346412521102556,0.3558376429069407,0.3510632444917568,0.9209743160237818,1.0,0.1981898473549075,0.3723910982418666,0.2643711999553313,0.6931767499898764,0.0,1.0,0.0126560969844951,0.0164646260338242,0.0200932258589956,0.0214192361490471,0.0207668173130749,0.9386801511324362,0.9209743160237818,0.9044157450929112,0.8984392562773423,0.901374835210492,0.9209743160237818,1.0,0.0241359722134162,0.0486965717280516,0.0318235556458413,0.0865788721760822,0.0339896991483353,1.0,0.1826805191869453,0.4102674605331126,7.307220767477812,0.1826805191869453,0.4102674605331126,0.0,0.0,1.1102230246251563e-16
trained_support,0.02,0.08,shuffled,40,1,20262024,1,13,0.8925619834710744,130.89556672498395,24.814725346625785,0.90033629340377,0.2148422431217879,0.0148611566581887,0.213581622573929,0.2171151245591359,0.2153556207922623,0.3415670718454586,0.9283877649671034,0.343726803546716,0.3377073378937713,0.3406914316233215,0.9283877649671034,1.0,0.1987661444236325,0.3842212803101701,0.270850895982403,0.7169428817573851,0.0,1.0,0.0148336175281625,0.0148611566581887,0.0172416033740973,0.0241765896162463,0.0209973852227137,0.9285156087255366,0.9283877649671034,0.9174033759910376,0.8861376776380193,0.90033629340377,0.9283877649671034,1.0,0.0209017764261167,0.0958281473766828,0.030987677162723,0.1464196572065195,0.0,1.0,0.1893669166700142,0.3834736953156661,7.57467666680057,0.1893669166700142,0.3834736953156661,0.0,0.0,5.551115123125783e-17
trained_support,0.02,0.08,shuffled,40,2,20263021,1,45,0.628099173553719,123.02129184028765,1.8551254851473933,0.9002561437971904,0.1631864015752066,0.0171861039575121,0.1648003509482759,0.1633743308599337,0.1640888900209365,0.4422269762091178,0.9176579880771636,0.4386726768901942,0.4418116343802796,0.4402359481051353,0.9176579880771636,1.0,0.1503750402622943,0.3882839025261709,0.211211307494552,0.6875090698968245,0.0,1.0,0.0120944639289362,0.0171861039575121,0.0195646703382826,0.0223718601928366,0.0210151903861647,0.9413198247250056,0.9176579880771636,0.9068090758959036,0.8941700575151279,0.9002561437971904,0.9176579880771636,1.0,0.0220778926518904,0.0555182838706089,0.0303782784755364,0.0912961554496666,0.0360481265920282,1.0,0.222365146999475,0.4727173902030483,8.894605879979,0.222365146999475,0.4727173902030483,0.0,0.0,5.551115123125783e-17
trained_support,0.02,0.08,shuffled,40,3,20264018,1,27,0.7768595041322314,143.84890203305895,16.941338190270283,0.9001234997132987,0.2100809646380141,0.0152136819159837,0.2104852310423054,0.210776903749974,0.2106311178830878,0.3497961148655819,0.92675280562067,0.3490897748919223,0.3485810461385088,0.3488352297181447,0.92675280562067,1.0,0.2024460174844788,0.3817550302709962,0.2646691717381533,0.7351498520580233,0.0,1.0,0.0145403446913942,0.0152136819159837,0.0244724935928968,0.0169367216342539,0.021044660633645,0.929878149504661,0.92675280562067,0.88482758871494,0.9188029401609594,0.9001234997132987,0.92675280562067,1.0,0.0190414990494215,0.1045290624358292,0.0273331921663889,0.1364014269096307,0.0241902197341087,1.0,0.2095562420553823,0.5175207901252215,8.382249682215292,0.2095562420553823,0.5175207901252215,0.0,0.0,5.551115123125783e-17
trained_support,0.02,0.08,shuffled,40,4,20265015,1,52,0.5702479338842975,183.4492592221793,2.1752878638346047,0.9004128284758154,0.2122181813299015,0.0186327002512622,0.2132123954562694,0.2128566241277167,0.2130345840600168,0.3460780654624639,0.9110445311927492,0.3443619559397191,0.3449750716533624,0.3446682494767574,0.9110445311927492,1.0,0.2064969720193153,0.3887415543950183,0.2696059316096071,0.6942870863920826,0.0,1.0,0.0096435997061772,0.0186327002512622,0.0222945181637371,0.0195782411809522,0.0209803845042546,1.0,0.9110445311927492,0.8945159090160013,0.9067475471669172,0.9004128284758154,0.9110445311927492,1.0,0.0233068371453618,0.0564810440274683,0.0297276946243807,0.0969040873971519,0.179728511551648,1.0,0.248636741919627,0.6049521129298947,9.94546967678508,0.248636741919627,0.6049521129298947,0.0,0.0,0.0
trained_support,0.02,0.08,shuffled,40,5,20266012,1,20,0.8347107438016529,128.75304501998093,20.301858497479486,0.9000700464625813,0.2083683746671727,0.0164816651892011,0.2105803723428606,0.2074462737231945,0.2090191973213183,0.3528042623837591,0.9208958562437056,0.348923750108619,0.3544346236067194,0.3516580632938507,0.9208958562437056,1.0,0.1987751706968809,0.3684780523487047,0.2585218464499909,0.7155244388287153,0.0,1.0,0.0131046747041576,0.0164816651892011,0.0216934762112261,0.0203997221278722,0.0210565378567018,0.936577155398178,0.9208958562437056,0.8972081603222841,0.9030308063034632,0.9000700464625813,0.9208958562437056,1.0,0.0217209650821617,0.0905811681735341,0.0299029522606402,0.1230785318348706,0.0904071777423512,1.0,0.1791012421282978,0.4115935152159613,7.164049685131914,0.1791012421282978,0.4115935152159613,0.0,0.0,5.551115123125783e-17
trained_support,0.02,0.08,shuffled,40,6,20267009,1,33,0.7272727272727273,96.21101189047296,9.99455334986552,0.9009734416911314,0.1654295525654209,0.0151872748822648,0.1677699830273426,0.1644640178145202,0.1661252243951677,0.4372947776792049,0.9268751776621346,0.4322073127875994,0.439410998301639,0.4357763517349087,0.9268751776621346,1.0,0.1503040933903721,0.373864330516068,0.2106311582200518,0.7172511310069228,0.0,1.0,0.0142938879310004,0.0151872748822648,0.0219177533228238,0.019737000540781,0.020855899657734,0.931024729597046,0.9268751776621346,0.8962026079601115,0.9060280594676408,0.9009734416911314,0.9268751776621346,1.0,0.0220445022037452,0.0705123499351441,0.0295637696938593,0.1045597927461455,0.1417760151602284,1.0,0.1833918456688383,0.4969036455584998,7.335673826753531,0.1833918456688382,0.4969036455584998,0.0,0.0,1.1102230246251563e-16
trained_support,0.02,0.08,shuffled,40,7,20268006,1,20,0.8347107438016529,161.41093122942414,20.07102934680787,0.9001379667857552,0.2119301177141263,0.015778894535684,0.2145248311450813,0.2104894140719616,0.2125167012427298,0.3465768871015298,0.9241374410485887,0.3421095896329561,0.34908247370387,0.3455618948066729,0.9241374410485887,1.0,0.198438058288332,0.3557146338029857,0.2682702651739279,0.6878192336106321,0.0,1.0,0.0139200914233097,0.015778894535684,0.0188261126427313,0.0230447911417368,0.0210414461955812,0.9327664256522962,0.9241374410485887,0.9101639205563375,0.8911665397224581,0.9001379667857552,0.9241374410485887,1.0,0.022599132212034,0.0698702616201112,0.0303160319302718,0.1018758192187776,0.0,1.0,0.1906767888140934,0.4409549319604109,7.627071552563739,0.1906767888140934,0.4409549319604109,0.0,0.0,5.551115123125783e-17
trained_support,0.02,0.08,shuffled,40,8,20269003,1,16,0.8677685950413223,94.47743247369011,21.23683593142338,0.9032622586370476,0.176594877455776,0.015000856214137,0.1798630099441565,0.1745590172846531,0.1772308563167762,0.4135510196358039,0.9277395146016116,0.4068482351368161,0.4177821784678359,0.412238059746831,0.9277395146016116,1.0,0.1599857419628609,0.3613689207245821,0.22521586250914,0.6622779121447506,0.0,1.0,0.0137489796421627,0.015000856214137,0.0185830290390457,0.0219725121105809,0.0203484674695128,0.933564803755782,0.9277395146016116,0.9112708227232602,0.8959572667061353,0.9032622586370476,0.9277395146016116,1.0,0.0212061158604651,0.0728290238127047,0.0300859542137537,0.124084917549191,0.0,1.0,0.1551309479793121,0.3791048428725189,6.205237919172486,0.1551309479793121,0.3791048428725188,0.0,0.0,1.1102230246251563e-16
trained_support,0.02,0.08,shuffled,40,9,20270000,1,30,0.7520661157024794,125.78275794929648,16.216343418158697,0.9014286010821576,0.2176148656577219,0.0170972917566831,0.2206246873605173,0.2159209151711732,0.218285471666443,0.3368645600788433,0.9180655746947748,0.3318330039369514,0.3397298364681401,0.3357369346257571,0.9180655746947748,1.0,0.2036914853058428,0.376227510914241,0.2763631734525905,0.7177514100994977,0.0,1.0,0.0117663922766605,0.0170972917566831,0.0223473053234364,0.0190296791886755,0.0207548879211958,0.9428651936088804,0.9180655746947748,0.8942798453994772,0.9092379972260562,0.9014286010821576,0.9180655746947748,1.0,0.0218244093948626,0.0847854292270098,0.02994396046357,0.1227805967660702,0.1022154543716688,1.0,0.2029233872243826,0.4611669733832455,8.116935488975306,0.2029233872243826,0.4611669733832455,0.0,0.0,1.1102230246251563e-16
trained_support,0.02,0.08,shuffled,40,10,20270997,1,23,0.8099173553719008,131.22729706077075,18.348375639025637,0.9005047383174907,0.1826252964570958,0.0155767815294101,0.1851804831146687,0.1813765661024931,0.1832883930554717,0.4012677044443656,0.925071814073526,0.3961737443569901,0.4037809179091078,0.3999395112127964,0.925071814073526,1.0,0.1761379190783289,0.3211137318551249,0.2337693618054148,0.6172047109965411,0.0,1.0,0.0140244158736248,0.0155767815294101,0.0221990508499828,0.0196428833978766,0.0209599705012042,0.9322800008051944,0.925071814073526,0.8949429960947533,0.9064545236654916,0.9005047383174907,0.925071814073526,1.0,0.0206457831561824,0.0992823315746675,0.0281793654177629,0.1312318531008661,0.0384083592122661,1.0,0.2106757230525582,0.5062241815202259,8.42702892210233,0.2106757230525582,0.5062241815202259,0.0,0.0,1.1102230246251563e-16
trained_support,0.02,0.08,shuffled,40,11,20271994,1,96,0.2066115702479339,177.25538280389694,-28.575274716675757,0.9037638381769378,0.2201414655865791,0.019726522944699,0.2251510866558135,0.2168174101263454,0.2210235294671017,0.3326357179327298,0.90607552569119,0.3244073066932973,0.3382104139761537,0.3311719184562315,0.90607552569119,1.0,0.2069673416454306,0.4274822842125332,0.2813618244125797,0.7291606980731423,0.0,1.0,0.0045186523496889,0.019726522944699,0.0199842340574096,0.020487514300882,0.0202374387348075,1.0,0.90607552569119,0.9049087489213512,0.90263449810782,0.9037638381769378,0.90607552569119,1.0,0.0210517150610921,0.0403012404523372,0.0276958075899577,0.0725326592277473,0.1944258292316041,1.0,0.3555083425259646,0.6740883783510254,14.220333701038586,0.3555083425259646,0.6740883783510254,0.0,0.0,1.1102230246251563e-16
trained_support,0.02,0.08,shuffled,40,12,20272991,1,14,0.8842975206611571,113.57461509217656,21.742266174407685,0.90126337851486,0.1815755765841779,0.0176913779384608,0.1812892994899695,0.1835743435802301,0.1824353991560796,0.4033793345656383,0.9153425705852934,0.4039571393164632,0.3993681052292227,0.4016488836482784,0.9153425705852934,1.0,0.1751305338729067,0.3707495274020967,0.2345558048893595,0.6831263050226821,0.0,1.0,0.0109226217345106,0.0176913779384608,0.0224065515664719,0.0190400494939576,0.020791549218773,0.9468514056951876,0.9153425705852934,0.894014971028131,0.9091908530702884,0.90126337851486,0.9153425705852934,1.0,0.023563484259085,0.0464719429781965,0.0319488137158955,0.0813659396825678,0.1252030081208072,1.0,0.1599615203278374,0.3638851445592803,6.398460813113498,0.1599615203278374,0.3638851445592802,0.0,0.0,1.1102230246251563e-16
trained_support,0.02,0.08,shuffled,40,13,20273988,1,17,0.859504132231405,98.5928449854763,22.18285586374392,0.902968668499325,0.2059966040313246,0.0172035500736122,0.2044613002935033,0.2089418643963845,0.2067137223494697,0.3570130225428877,0.9175779437293708,0.3597641858507193,0.3517940633184107,0.3557352118740835,0.9175779437293708,1.0,0.1961335600747678,0.4054275472775828,0.262717873749234,0.7486100713732626,0.0,1.0,0.0109885495282778,0.0172035500736122,0.0204598260373518,0.0203670378372187,0.0204134846577133,0.9465393380118337,0.9175779437293708,0.9027594686674402,0.90317839296926,0.902968668499325,0.9175779437293708,1.0,0.0234211733151447,0.0418159497365449,0.0321290903794897,0.0828182271688364,0.1710139245029271,1.0,0.1902474163227421,0.4499966921686256,7.609896652909685,0.1902474163227421,0.4499966921686255,0.0,0.0,1.1102230246251563e-16
trained_support,0.02,0.08,shuffled,40,14,20274985,1,27,0.7768595041322314,77.63304841924221,13.714029479369945,0.9004206870126757,0.179612188676703,0.0164587003481119,0.184257021218658,0.1763865199169029,0.1803647059110636,0.4073587861625303,0.9210016034497508,0.3980072307722376,0.4139820764949322,0.4058289435139882,0.9210016034497508,1.0,0.158818061592931,0.3979571907459597,0.2267146192102967,0.6951921654764338,0.0,1.0,0.013008246458598,0.0164587003481119,0.0227342995437667,0.019061957150498,0.020978638971024,0.9370288267337462,0.9210016034497508,0.892551112805027,0.9090912673199204,0.9004206870126757,0.9210016034497508,1.0,0.0217660856072051,0.0652804629936778,0.0305487695955517,0.1042753726262335,0.0,1.0,0.1463014671157448,0.4293951899169766,5.852058684629794,0.1463014671157448,0.4293951899169766,0.0,0.0,1.1102230246251563e-16
trained_support,0.02,0.08,shuffled,40,15,20275982,1,12,0.9008264462809916,111.54181123874136,26.029752104254086,0.904470907229753,0.2265875720418737,0.0169384197068612,0.2306077721502197,0.2237805423979184,0.227219800778887,0.3220856225614009,0.9187951392235548,0.3156760148671758,0.3266380140287046,0.3210690712085537,0.9187951392235548,1.0,0.2180746408054702,0.41319577391176,0.2870991473901776,0.7433568447905718,0.0,1.0,0.0107859916780456,0.0169384197068612,0.0211580558328453,0.0189428622616411,0.020081027828392,0.9474984684957104,0.9187951392235548,0.8996132959458366,0.90963276914638,0.904470907229753,0.9187951392235548,1.0,0.0216517798289953,0.0578919955890857,0.0297444231883749,0.0951533936908344,0.1298365953444866,1.0,0.2021752246330477,0.4061886984696413,8.087008985321908,0.2021752246330476,0.4061886984696412,0.0,0.0,1.1102230246251563e-16
trained_support,0.02,0.08,shuffled,40,16,20276979,1,30,0.7520661157024794,116.70633706136778,14.09268085633261,0.9002782152541158,0.2036262331250573,0.0180006076603775,0.2035313085308989,0.2053054695651971,0.2044203137969489,0.3612694624815432,0.9139284084766012,0.3614409699645585,0.3582488766902105,0.3598379207736206,0.9139284084766012,1.0,0.1915593525910416,0.4012383530641523,0.2593882081871572,0.7149075935193181,0.0,1.0,0.010835602741503,0.0180006076603775,0.020618152712379,0.0213952355574328,0.0210102870735863,0.9472634656105414,0.9139284084766012,0.9020450969398808,0.8985470781150838,0.9002782152541158,0.9139284084766012,1.0,0.0242313089739986,0.0504682175689319,0.0317427639999562,0.0834686153468083,0.0831758355417582,1.0,0.2341264873250018,0.5004527549829509,9.365059493000071,0.2341264873250017,0.5004527549829509,0.0,0.0,5.551115123125783e-17
trained_support,0.02,0.08,shuffled,40,17,20277976,1,16,0.8677685950413223,104.85246761360284,23.054291803319703,0.9005813851622334,0.2042419274064355,0.0174596872483755,0.2051896210933464,0.2047838630717332,0.2049868424789911,0.3601590148886673,0.9164035667832072,0.3584564497264883,0.3591844208264558,0.3588200705425631,0.9164035667832072,1.0,0.1981850613000839,0.3662068996359314,0.2608556045588479,0.6960988751786696,0.0,1.0,0.011565742431789,0.0174596872483755,0.0215243777510335,0.0203449088484062,0.0209429481403543,0.9438115970429172,0.9164035667832072,0.8979670636924673,0.9032783306207244,0.9005813851622334,0.9164035667832072,1.0,0.0222296073643749,0.0652826033712107,0.031547054615196,0.0991268459974148,0.0,1.0,0.1920563286907131,0.4508220105448037,7.682253147628526,0.1920563286907131,0.4508220105448037,0.0,0.0,1.1102230246251563e-16
trained_support,0.02,0.08,shuffled,40,18,20278973,1,42,0.6528925619834711,110.69997752787248,5.979533231614562,0.900781672059508,0.1906071896561038,0.0164861869266043,0.1921895262138678,0.190444155146969,0.1913188310333745,0.3855686781995756,0.920875036232875,0.3825302166456351,0.3858831113417364,0.3841991829921952,0.920875036232875,1.0,0.1810243608400342,0.4223147365340692,0.2421943344049831,0.6957262059184515,0.0,1.0,0.0128433578256254,0.0164861869266043,0.0219857489520585,0.0197514364603957,0.0208984736192861,0.9378016722850664,0.920875036232875,0.8958979704468444,0.9059626650865632,0.900781672059508,0.920875036232875,1.0,0.0232712516928021,0.0578850123077672,0.0306631553056614,0.0947430830548853,0.0222080410314192,1.0,0.253951061755012,0.5005944469146009,10.15804247020048,0.253951061755012,0.5005944469146009,0.0,0.0,1.1102230246251563e-16
trained_support,0.02,0.08,shuffled,40,19,20279970,1,14,0.8842975206611571,117.82184160938944,22.298118598158865,0.9006413651688081,0.1984909903837323,0.0163174247008164,0.1971302015064135,0.2011704423587229,0.1991605674132852,0.3706656069029203,0.9216524087684844,0.3731961943037762,0.3657328201341872,0.3694267359787062,0.9216524087684844,1.0,0.1826845458540136,0.3836419822886882,0.2482843924640774,0.6373902704722638,0.0,1.0,0.0131069062648617,0.0163174247008164,0.0229749579773074,0.0186614572674892,0.0209296282982447,0.9365667053125968,0.9216524087684844,0.8914777589503671,0.910913545997998,0.9006413651688081,0.9216524087684844,1.0,0.0229399221362727,0.0591704823669671,0.0309953590684276,0.0976784836514581,0.0414309746030694,1.0,0.1662734741586713,0.3566310173058202,6.650938966346855,0.1662734741586713,0.3566310173058202,0.0,0.0,5.551115123125783e-17
trained_support,0.02,0.08,shuffled,40,20,20280967,1,26,0.7851239669421488,107.27698418295482,15.176493291339565,0.9011121728599358,0.1863848100420035,0.0169051756643356,0.1866265412824119,0.1876717848964936,0.187149892809576,0.3937952990669803,0.91894787424043,0.3933196234584727,0.3912694114289981,0.3922917467690828,0.91894787424043,1.0,0.1762979827050529,0.3307681161492314,0.239989771700939,0.6416780744087078,0.0,1.0,0.0121614178255304,0.0169051756643356,0.018874364346917,0.0226081504338187,0.020825106188665,0.9410047523152284,0.91894787424043,0.9099443622412836,0.8931142630309236,0.9011121728599358,0.91894787424043,1.0,0.0222143057888975,0.0809327843512062,0.0305085307332193,0.1117213810513639,0.0,1.0,0.1856625986370622,0.4536950568018563,7.426503945482489,0.1856625986370622,0.4536950568018563,0.0,0.0,1.1102230246251563e-16
trained_support,0.02,0.08,shuffled,40,21,20281964,1,37,0.6942148760330579,163.79045006655167,11.622232822356082,0.9000690167063048,0.2168934521677877,0.0188427730816156,0.2233811521188593,0.2118879426946762,0.2177104032669677,0.3380818473672919,0.9100881050623144,0.3272909459862865,0.3466499792426874,0.3367036823330426,0.9100881050623144,1.0,0.2148908679957514,0.3749861863230448,0.2749769632117946,0.6997035612831382,0.0,1.0,0.0093987938240808,0.0188427730816156,0.0236697146429939,0.0180698493138407,0.0210567666737521,1.0,0.9100881050623144,0.8883863309578992,0.9136120536713356,0.9000690167063048,0.9100881050623144,1.0,0.0234565779791507,0.0599204108469266,0.0311846432377163,0.0937701923857697,0.1685458216542671,1.0,0.2552692702752105,0.5479050367283389,10.210770811008423,0.2552692702752105,0.5479050367283389,0.0,0.0,1.1102230246251563e-16
trained_support,0.02,0.08,shuffled,40,22,20282961,1,21,0.8264462809917356,122.03442382141723,19.442119105135887,0.900725713064996,0.208220544062877,0.0168165998363486,0.2091841724481874,0.2086124828406962,0.2088985232113822,0.3530651351208493,0.9193549472200306,0.3513681087304865,0.3523739130461521,0.3518703074372936,0.9193549472200306,1.0,0.1945092709113101,0.376484498332812,0.264334879854033,0.7244292954851149,0.0,1.0,0.0124285014365621,0.0168165998363486,0.0209636758489936,0.0208579877008145,0.0209108985463204,0.9397489562719776,0.9193549472200306,0.900488055055827,0.9009640353834302,0.900725713064996,0.9193549472200306,1.0,0.0223991304514864,0.0763265599448143,0.0305207490196451,0.1079297802444426,0.0846040153899816,1.0,0.2007168588195003,0.4558994436245357,8.028674352780012,0.2007168588195003,0.4558994436245357,0.0,0.0,1.1102230246251563e-16
trained_support,0.02,0.08,shuffled,40,23,20283958,1,21,0.8264462809917356,130.69754599249154,19.758779553677044,0.9001142370276777,0.2057431360433984,0.0170358806409968,0.2063582457457847,0.2065361782572137,0.2064472311710346,0.3574657662348086,0.9183475151343274,0.3563680518316213,0.3560511455100908,0.356209529286538,0.9183475151343274,1.0,0.1875007031220033,0.4033211129769484,0.262092244216899,0.7286512586574804,0.0,1.0,0.0123589295796564,0.0170358806409968,0.0191941118062869,0.0227489518682982,0.0210467187364016,0.9400759135358058,0.9183475151343274,0.9084907625229646,0.8924857254574189,0.9001142370276777,0.9183475151343274,1.0,0.0238409537633417,0.0686090789260697,0.0316710724985723,0.1019902061215604,0.0,1.0,0.1913682427313071,0.4164374442413389,7.654729709252284,0.1913682427313071,0.4164374442413389,0.0,0.0,1.1102230246251563e-16
trained_support,0.02,0.08,shuffled,40,24,20284955,1,24,0.8016528925619835,128.64970168240683,18.787807976235488,0.9006318798228508,0.2190588309528004,0.0171276795772012,0.2206086981114297,0.2188425460686148,0.2197273966216021,0.3344412150014157,0.9179260952316968,0.3318595338001959,0.3348030835301487,0.3333251019550013,0.9179260952316968,1.0,0.2052757297867227,0.4012474827926126,0.2779564543639636,0.7396426667892615,0.0,1.0,0.0120324606087348,0.0171276795772012,0.0194784083574372,0.0222905055990432,0.0209317346629473,0.9416116947374644,0.9179260952316968,0.9072002759897532,0.8945338557108047,0.9006318798228508,0.9179260952316968,1.0,0.0239417819164938,0.0682144609581881,0.031826181104335,0.0990979928972181,0.0058099508108282,1.0,0.2276848532685841,0.4872153704216513,9.107394130743366,0.2276848532685841,0.4872153704216513,0.0,0.0,1.1102230246251563e-16
trained_support,0.02,0.08,shuffled,40,25,20285952,1,44,0.6363636363636364,114.56470033506024,4.071691569659457,0.900379861701172,0.1980380184855792,0.0178749038465607,0.1959671604537665,0.2016779857349942,0.1988430762013563,0.3715060638197605,0.914503010464344,0.3753727291419513,0.3648058704478636,0.3700136504165179,0.914503010464344,1.0,0.1823384241060298,0.3973699053922063,0.2546893027595622,0.7170328143358772,0.0,1.0,0.0109987120710533,0.0178749038465607,0.0224730771205534,0.0193888760433684,0.0209877072293694,0.9464912430012068,0.914503010464344,0.8937176462735836,0.9076064856053528,0.900379861701172,0.914503010464344,1.0,0.0229744883236884,0.0540739006397273,0.0308464952305081,0.0852144780232124,0.0455888481839924,1.0,0.208222627965898,0.5446106081346073,8.32890511863592,0.208222627965898,0.5446106081346073,0.0,0.0,5.551115123125783e-17
trained_support,0.02,0.08,shuffled,40,26,20286949,1,17,0.859504132231405,158.05618981902228,21.58058760272075,0.9014366308690088,0.2067194794469594,0.0179220879518186,0.2072896190340894,0.2077000305234723,0.2074949262497149,0.3557249720099874,0.9142872858807506,0.3547123515898432,0.3539852077928357,0.3543484133933824,0.9142872858807506,1.0,0.1900995078780077,0.4071097078112982,0.2642356218012679,0.7259608028759708,0.0,1.0,0.0104637558761997,0.0179220879518186,0.0216586018838528,0.0198062568804815,0.0207531063599989,0.9490262886047672,0.9142872858807506,0.897364621618619,0.9057143728474196,0.9014366308690088,0.9142872858807506,1.0,0.0219925830334218,0.065480987741873,0.030376270899093,0.0989195829987184,0.0812852777551223,1.0,0.1733638860668529,0.4286501842710989,6.934555442674117,0.1733638860668528,0.4286501842710989,0.0,0.0,1.1102230246251563e-16
trained_support,0.02,0.08,shuffled,40,27,20287946,1,22,0.8181818181818182,130.33670833215564,19.88660706989489,0.9002789966500562,0.2173488170278104,0.0172997702069456,0.2204965447497688,0.2155478006814652,0.2180362133055005,0.3373129700332283,0.9171366025422064,0.3320456817997023,0.3403642186499722,0.3361556216648396,0.9171366025422064,1.0,0.2069562554602952,0.3546952348301655,0.2758220394291225,0.6838102151188983,0.0,1.0,0.0119223663501936,0.0172997702069456,0.0227272875564922,0.0191394915691931,0.0210101134837809,0.9421301676334236,0.9171366025422064,0.892582406138819,0.908738906309836,0.9002789966500562,0.9171366025422064,1.0,0.0217303564082352,0.0854320685015872,0.0305636795136124,0.1218505048015824,0.0953817632319637,1.0,0.2091622443429053,0.4694994177234258,8.366489773716214,0.2091622443429053,0.4694994177234258,0.0,0.0,1.1102230246251563e-16
trained_support,0.02,0.08,shuffled,40,28,20288943,1,10,0.9173553719008264,110.4121762016144,24.052546746500457,0.9043637132431828,0.1816647169523901,0.0179678744108595,0.1834064871956789,0.1816917396224003,0.1825511268007854,0.4031995877133036,0.9140779999509864,0.3997034283561029,0.4031451137464312,0.4014165414792747,0.9140779999509864,1.0,0.1731703231298894,0.3336455210184904,0.2345985816493737,0.6517658136175863,0.0,1.0,0.0090197423913397,0.0179678744108595,0.0206653537088589,0.0195280230281729,0.020104732369533,1.0,0.9140779999509864,0.9018322349218908,0.9069752516872512,0.9043637132431828,0.9140779999509864,1.0,0.0220313271778296,0.0534187282317353,0.0300611588962056,0.0882373321545796,0.1691863977642132,1.0,0.1544847523402272,0.3283987660229021,6.179390093609091,0.1544847523402272,0.3283987660229021,0.0,0.0,5.551115123125783e-17
trained_support,0.02,0.08,shuffled,40,29,20289940,1,15,0.8760330578512396,104.53741166086807,22.167291985935584,0.9004013539007252,0.1926569830087034,0.017665110581258,0.1914488824027833,0.1954606453853385,0.1934651628429881,0.3816371789485271,0.9154627966314944,0.3839494360514549,0.3763245936854574,0.3800981332468187,0.9154627966314944,1.0,0.1739474616348122,0.379331650466251,0.2466836995648939,0.7070343350649805,0.0,1.0,0.0113237518613911,0.017665110581258,0.0195351881250565,0.0223370410093082,0.0209829332569694,0.9449542557186584,0.9154627966314944,0.9069427594415328,0.8943257424234795,0.9004013539007252,0.9154627966314944,1.0,0.0230864854827177,0.0649160577825856,0.0320674578880949,0.1044455467083649,0.0,1.0,0.1590700799241008,0.3838587700777934,6.362803196964032,0.1590700799241007,0.3838587700777933,0.0,0.0,5.551115123125783e-17
trained_support,0.02,0.08,shuffled,40,30,20290937,1,14,0.8842975206611571,124.86783488571363,20.699335592817143,0.9023989717180894,0.179473568752104,0.0156724707490266,0.1821143190201402,0.1781773028413584,0.1801565658531358,0.4076412242512031,0.9246293229361564,0.4022942089032881,0.4102918619144604,0.4062515096572623,0.9246293229361564,1.0,0.1610948485023577,0.3480771964411823,0.2279010357543902,0.6802532070600833,0.0,1.0,0.0132760403262299,0.0156724707490266,0.0222170626698244,0.0187125973229439,0.0205397075471579,0.9357750134618652,0.9246293229361564,0.8948624019638544,0.9106806549281388,0.9023989717180894,0.9246293229361564,1.0,0.0209040579302379,0.0913267878714685,0.028537808783319,0.126281294427292,0.0481524322371215,1.0,0.144875104349422,0.3445305421642201,5.79500417397688,0.144875104349422,0.3445305421642201,0.0,0.0,1.1102230246251563e-16
trained_support,0.02,0.08,shuffled,40,31,20291934,1,37,0.6942148760330579,105.36456127555893,8.748043199388011,0.9000275074247758,0.1931104672719032,0.0185195451515129,0.1931389347906471,0.1948502094253882,0.1939964590465293,0.3807728269693696,0.9115601237078176,0.380718632538469,0.3774749586757993,0.3790897497398098,0.9115601237078176,1.0,0.1802680110199227,0.4521163561870069,0.2461501615838395,0.731738175423255,0.0,1.0,0.0100400399205831,0.0185195451515129,0.0198111805661659,0.0222501468090982,0.0210659904639167,0.9510390078089562,0.9115601237078176,0.9056920758574204,0.8947143854450024,0.9000275074247758,0.9115601237078176,1.0,0.022427980842725,0.0672852365391233,0.0308424765461916,0.1043174718825171,0.0,1.0,0.2136969328478901,0.4504984759038482,8.547877313915606,0.2136969328478901,0.4504984759038482,0.0,0.0,1.1102230246251563e-16
trained_support,0.02,0.08,shuffled,40,32,20292931,1,26,0.7851239669421488,132.25520375606334,13.868665598334234,0.9001491918372282,0.1804123917439672,0.0179447087116375,0.1822946839398047,0.1803051178927961,0.1813026300568312,0.4057321935925088,0.9141838823630294,0.401931573631218,0.4059498742406475,0.4039302153254787,0.9141838823630294,1.0,0.1694291483246833,0.3758810030954825,0.2328533494730196,0.6884871040111322,0.0,1.0,0.0109829384183804,0.0179447087116375,0.0218060521763333,0.020242803723248,0.0210389521375818,0.9465658940655934,0.9141838823630294,0.8967032820557579,0.9037395950893752,0.9001491918372282,0.9141838823630294,1.0,0.0232427613013765,0.0690287641257889,0.0309541719979875,0.1090215698491132,0.1016854720924722,1.0,0.1606042811214862,0.3578926321467207,6.424171244859448,0.1606042811214861,0.3578926321467206,0.0,0.0,1.1102230246251563e-16
trained_support,0.02,0.08,shuffled,40,33,20293928,1,38,0.6859504132231405,132.57002358708846,6.548306003463496,0.9005661844911739,0.1884727387202472,0.0157971395998024,0.1897964810875102,0.1884684097860722,0.1891336111330988,0.3897056012124747,0.9240531401595043,0.3871347693198932,0.3897140363532387,0.3884199980265691,0.9240531401595043,1.0,0.1738947255588471,0.3460336690617394,0.239478359371818,0.6810460794679144,0.0,1.0,0.013754957870505,0.0157971395998024,0.0241948013937058,0.0170911835935712,0.0209463239150695,0.9335368988549926,0.9240531401595043,0.8860569906007928,0.9180936135943262,0.9005661844911739,0.9240531401595043,1.0,0.0221371088627726,0.0748325445199143,0.0302082346654421,0.1190588874810691,0.0134815052809858,1.0,0.2039478259524413,0.4878856079279932,8.157913038097652,0.2039478259524412,0.4878856079279932,0.0,0.0,1.1102230246251563e-16
trained_support,0.02,0.08,shuffled,40,34,20294925,1,21,0.8264462809917356,108.9924863611863,17.841194293973352,0.9014715513331026,0.19598748262873,0.018267443129105,0.1974604319669501,0.1962115273338168,0.1968369701697875,0.3753345891283135,0.9127098789483008,0.3725804989914464,0.3749143659075766,0.3737437597084242,0.9127098789483008,1.0,0.1852160840290727,0.3780051742437817,0.2510892854067767,0.7079043043441334,0.0,1.0,0.0098321122959188,0.018267443129105,0.0185794767661213,0.0227055690183366,0.0207453587743053,1.0,0.9127098789483008,0.9112870082803504,0.8926793393270653,0.9014715513331026,0.9127098789483008,1.0,0.023621591424089,0.054594358653461,0.0314857237323752,0.0926816058248382,0.0296524726741672,1.0,0.1834139236699471,0.4257524882442263,7.336556946797884,0.183413923669947,0.4257524882442262,0.0,0.0,5.551115123125783e-17
trained_support,0.02,0.08,shuffled,40,35,20295922,1,29,0.7603305785123967,151.35545481641816,16.296127041029667,0.9001449166726511,0.2101045927896961,0.0182622691976749,0.206083944303201,0.2156022000712885,0.210896776617312,0.3497547921282805,0.9127334907453604,0.3568571485083048,0.3402716532102404,0.3483721816902108,0.9127334907453604,1.0,0.1920578719404202,0.3759255651322817,0.2671250198615606,0.7094652883336734,0.0,1.0,0.0104483013317316,0.0182622691976749,0.0214780389356749,0.0205924451537853,0.0210399020189499,0.949099625283086,0.9127334907453604,0.8981751414465404,0.9021610512778973,0.9001449166726511,0.9127334907453604,1.0,0.0222782941117838,0.0729219221222596,0.0302689634147172,0.1085919300165515,0.0,1.0,0.2575666067479175,0.54602450322509,10.302664269916702,0.2575666067479175,0.54602450322509,0.0,0.0,1.1102230246251563e-16
trained_support,0.02,0.08,shuffled,40,36,20296919,1,14,0.8842975206611571,84.66764915089509,23.80896920525187,0.9020466403976172,0.2028632577745044,0.0167140982688716,0.2023054250335657,0.2047882806061942,0.2035506385050818,0.3626502931301837,0.9198262445973032,0.3636631960847066,0.3591764873662876,0.3614060384295597,0.9198262445973032,1.0,0.192120746083737,0.3670578264437097,0.2574425295776434,0.6913643882910725,0.0,1.0,0.0120719935743607,0.0167140982688716,0.0196171549448818,0.0215720989120277,0.0206178104996846,0.9414255896174832,0.9198262445973032,0.9065711395292158,0.8977528290982225,0.9020466403976172,0.9198262445973032,1.0,0.0214667343277574,0.0632227985382589,0.0304145748536588,0.1203656793578368,0.0870016857279168,1.0,0.1759184964641336,0.3948544476053563,7.036739858565344,0.1759184964641335,0.3948544476053562,0.0,0.0,5.551115123125783e-17
trained_support,0.02,0.08,shuffled,40,37,20297916,1,96,0.2066115702479339,144.15506817003327,-29.617177248015103,0.9026304746587274,0.1812439203102558,0.018785813390327,0.1871150393362478,0.17717926775593,0.1822148880694619,0.4040488059335681,0.9103473336620632,0.39236011637587,0.4123444073031768,0.4020919680247966,0.9103473336620632,1.0,0.1656982209769484,0.3786297065209682,0.2341097776509447,0.7165658476542822,0.0,1.0,0.0056635903038946,0.018785813390327,0.0186698583745217,0.020528089731108,0.0196209846813701,1.0,0.9103473336620632,0.910875283390638,0.9024513927669054,0.9065537800525604,0.9103473336620632,1.0,0.0210437723834927,0.0445047823350431,0.0279732847745802,0.0789244032126474,0.2089138720519611,1.0,0.2996915761856636,0.6347786478749948,11.987663047426544,0.2996915761856636,0.6347786478749948,0.0,0.0,1.1102230246251563e-16
trained_support,0.02,0.08,shuffled,40,38,20298913,1,29,0.7603305785123967,125.2691102146922,15.173771349057144,0.9007222534150384,0.2081232028268938,0.0153504745647214,0.2127467570949909,0.2045498144563765,0.2086885349612828,0.3532370159283581,0.9261191574863592,0.3451646306517419,0.3596049999501229,0.3522399446025941,0.9261191574863592,1.0,0.1967973001529518,0.3683985471441969,0.2635165132729115,0.6964039471782038,0.0,1.0,0.0142007301382852,0.0153504745647214,0.0220329491235889,0.019726752509282,0.0209116667394677,0.9314584916538556,0.9261191574863592,0.8956865627046354,0.9060744856775356,0.9007222534150384,0.9261191574863592,1.0,0.0223016538424102,0.0793125900511769,0.0297150695002757,0.1182367169833001,0.0281122212727485,1.0,0.2018577723948174,0.4259384243437221,8.074310895792696,0.2018577723948173,0.4259384243437221,0.0,0.0,5.551115123125783e-17
trained_support,0.02,0.08,shuffled,40,39,20299910,1,12,0.9008264462809916,111.40450306299871,24.072177378439616,0.9016318257507964,0.1998820330551497,0.0169485793526006,0.2006806528580165,0.2005179257052671,0.2005993057822767,0.368096493246316,0.9187484672433835,0.3666295782195713,0.3669280025443467,0.3667787297704606,0.9187484672433835,1.0,0.1819077496289906,0.3831330641127191,0.255330906452417,0.7372459343115074,0.0,1.0,0.011901328518177,0.0169485793526006,0.0223440829018538,0.0189349910064155,0.0207098035376721,0.9422292747268504,0.9187484672433835,0.8942942542489289,0.9096685696092996,0.9016318257507964,0.9187484672433835,1.0,0.0226688886234526,0.0519030337946213,0.0317583614952734,0.0937362906015694,0.0683429760891751,1.0,0.1791047768585208,0.4378475430760631,7.164191074340835,0.1791047768585208,0.4378475430760631,0.0,0.0,5.551115123125783e-17
trained_support,0.02,0.08,shuffled,40,40,20300907,1,22,0.8181818181818182,133.475592283301,19.656511276407524,0.9022810965260672,0.2100595976283158,0.0143412035249894,0.2115056194226076,0.2095871711276463,0.2105485803189257,0.3498334873467855,0.9308044957088196,0.3473132747956469,0.3506608171446244,0.3489792194782857,0.9308044957088196,1.0,0.1933116859197255,0.3596085943113316,0.2647127207364114,0.6758613916773167,0.0,1.0,0.0147405364169448,0.0143412035249894,0.0212721720797269,0.0198343580642121,0.0205658341042722,0.9289478456236776,0.9308044957088196,0.899100139893475,0.9055871235572738,0.9022810965260672,0.9308044957088196,1.0,0.0193214559155333,0.0887814451117884,0.027168278015757,0.1203804279316781,0.0,1.0,0.1794490557086643,0.3831258713223068,7.177962228346575,0.1794490557086643,0.3831258713223068,0.0,0.0,1.1102230246251563e-16
trained_support,0.02,0.08,shuffled,40,41,20301904,1,18,0.8512396694214877,105.04889117358816,20.78321768719284,0.9044465034559204,0.2101001667895415,0.0152727254675053,0.2101644315300705,0.2111435155907946,0.2106545423868162,0.3497625322877453,0.9264792521164504,0.3496501633501925,0.3479426617204785,0.3487943756499616,0.9264792521164504,1.0,0.1851407929386441,0.3829982124490518,0.2642969602568687,0.7130812572004228,0.0,1.0,0.0130463900040276,0.0152727254675053,0.0185517043904408,0.0215119300597518,0.0200864241552094,0.9368501357659484,0.9264792521164504,0.911413560092492,0.898022953515647,0.9044465034559204,0.9264792521164504,1.0,0.0213656169539314,0.0637587524680862,0.0304400067905174,0.095714530977967,0.0,1.0,0.1817045976337192,0.4003084221160133,7.268183905348771,0.1817045976337192,0.4003084221160133,0.0,0.0,1.1102230246251563e-16
trained_support,0.02,0.08,shuffled,40,42,20302901,1,28,0.768595041322314,117.16149893310018,13.575247104221768,0.9002486190306253,0.1834101149078613,0.0175863889914488,0.1826396415989551,0.1858490354377772,0.1842513265305666,0.399696178376873,0.9158232009896612,0.4012389242657981,0.3948516409406484,0.3980185635687655,0.9158232009896612,1.0,0.1654909029483428,0.3858828554676773,0.234677396272014,0.7224419019753311,0.0,1.0,0.011507711078056,0.0175863889914488,0.0199161075418408,0.0220627660190412,0.0210168620877277,0.9440854901001844,0.9158232009896612,0.9052170428257024,0.8955530396949958,0.9002486190306253,0.9158232009896612,1.0,0.0215834845088961,0.0800502867431951,0.0295801691134346,0.1057868373427924,0.0,1.0,0.1580259756410426,0.3981850023270901,6.321039025641707,0.1580259756410426,0.39818500232709,0.0,0.0,1.1102230246251563e-16
trained_support,0.02,0.08,shuffled,40,43,20303898,1,11,0.9090909090909092,119.19667714360828,24.145821618704808,0.9011801789543016,0.1929109599395662,0.016550955538955,0.1905959619121536,0.1965968577848986,0.1936196596269536,0.3811528513366515,0.9205768655245128,0.3855903241391278,0.3741927316912357,0.3798046269299794,0.9205768655245128,1.0,0.178882872848604,0.3923361727023554,0.2467422563360528,0.7378390380932056,0.0,1.0,0.0126143770958149,0.016550955538955,0.0216970922079493,0.0198833967735777,0.0208100129449236,0.9388759797136502,0.9205768655245128,0.8971919389600869,0.905365106658155,0.9011801789543016,0.9205768655245128,1.0,0.0235663180445941,0.0497310427925518,0.0326081918112683,0.0899091204074034,0.0923220745307163,1.0,0.1659681826823453,0.4013294068715631,6.638727307293815,0.1659681826823453,0.4013294068715631,0.0,0.0,1.1102230246251563e-16
trained_support,0.02,0.08,shuffled,40,44,20304895,1,36,0.7024793388429752,114.25242444201788,11.327255709491808,0.9002092047843688,0.2143410394450292,0.0161169601129366,0.2231056701606245,0.2064643676993531,0.2149461271892507,0.3424241186457904,0.9225766652442994,0.3277420703600905,0.3561790096206298,0.3413897010307774,0.9225766652442994,1.0,0.1980131146516909,0.3567889316076161,0.2716091793161526,0.7107863896082103,0.0,1.0,0.0135026009891068,0.0161169601129366,0.0202636070464705,0.0217609628227307,0.0210256185819352,0.934715564611976,0.9225766652442994,0.9036455960436632,0.896905463702307,0.9002092047843688,0.9225766652442994,1.0,0.0223009800637449,0.0873309178982919,0.0308521911598869,0.1206300796272663,0.0,1.0,0.2117281758374916,0.4820157803611418,8.469127033499667,0.2117281758374916,0.4820157803611418,0.0,0.0,5.551115123125783e-17
trained_support,0.02,0.08,shuffled,40,45,20305892,1,44,0.6363636363636364,195.0804086895181,7.687658219589023,0.902278866900418,0.1834783897878871,0.0196998194831943,0.1919244085788745,0.1768327633819643,0.1845329304130465,0.399559755620689,0.9061965105323984,0.3830376304139319,0.4130594222173679,0.397458540059273,0.9061965105323984,1.0,0.1728395431754653,0.40319947763867,0.2388854221332278,0.7442585947323144,0.0,1.0,0.0059068581399742,0.0196998194831943,0.0203456501341763,0.0207846636280249,0.0205663283246238,1.0,0.9061965105323984,0.903274982690064,0.9012944077028964,0.902278866900418,0.9061965105323984,1.0,0.0222584143182564,0.0402495114611841,0.0294169237392123,0.0742553270341456,0.1805674002738295,1.0,0.3085840323740189,0.6188867550196926,12.343361294960754,0.3085840323740189,0.6188867550196925,0.0,0.0,1.1102230246251563e-16
trained_support,0.02,0.08,shuffled,40,46,20306889,1,15,0.8760330578512396,102.97888915659706,21.85300979024101,0.9009270512535936,0.1894502832113133,0.0159789040175978,0.191162346763992,0.1890778346199896,0.1901229475430318,0.3878054758200395,0.9232137217531108,0.3844999062652473,0.3885283366983094,0.3865033522216045,0.9232137217531108,1.0,0.1759562946485878,0.4010866475992237,0.2415789030095918,0.7137093933856558,0.0,1.0,0.0134191220207117,0.0159789040175978,0.0204590975515765,0.0212655060178634,0.0208661977708052,0.9351057915010388,0.9232137217531108,0.902762756910586,0.8991301076786602,0.9009270512535936,0.9232137217531108,1.0,0.0208428052687136,0.0828234325577125,0.0293723477412171,0.1175265474161383,0.0,1.0,0.1576411625776909,0.4027714094417587,6.305646503107637,0.1576411625776909,0.4027714094417586,0.0,0.0,1.1102230246251563e-16
trained_support,0.02,0.08,shuffled,40,47,20307886,1,17,0.859504132231405,135.60639470974377,22.382498548310117,0.9006644577765481,0.2172285939636127,0.016323207773591,0.2135765723008593,0.2220235709537878,0.217841018055434,0.3375157949819681,0.9216257592390128,0.3437354832273988,0.329520123268635,0.3364838617191942,0.9216257592390128,1.0,0.2063079484799954,0.3720680317581011,0.2755325861164375,0.714439438689333,0.0,1.0,0.013091508772733,0.016323207773591,0.0215938933441901,0.0202329730433389,0.0209245003277585,0.9366388119805809,0.9216257592390128,0.8976550043627438,0.9037840180545388,0.9006644577765481,0.9216257592390128,1.0,0.0219627828079676,0.0690350503191208,0.0307684437341482,0.1048974336126453,0.0526926268097538,1.0,0.1892886137738083,0.3769182662078006,7.571544550952332,0.1892886137738083,0.3769182662078006,0.0,0.0,1.1102230246251563e-16
trained_support,0.02,0.08,shuffled,40,48,20308883,1,20,0.8347107438016529,136.46905852777144,20.43066372955528,0.9003886105253659,0.2021730073823414,0.0173643828384912,0.2027988742981615,0.2030357357564486,0.2029173395877788,0.3639040529414673,0.9168403573508508,0.3627670553559127,0.3623376819923508,0.3625522424604911,0.9168403573508508,1.0,0.1900759413076932,0.3486007744709369,0.2588676437737613,0.6872955131874156,0.0,1.0,0.011784756853363,0.0173643828384912,0.0230991648476657,0.0186341931472633,0.0209857638758892,0.9427786209827744,0.9168403573508508,0.8909242925168235,0.9110377307444428,0.9003886105253659,0.9168403573508508,1.0,0.0228209284967206,0.0576028311244465,0.030821886210256,0.0888463058734779,0.1271400871992868,1.0,0.1967384069141339,0.4443230249341665,7.869536276565359,0.1967384069141339,0.4443230249341665,0.0,0.0,1.1102230246251563e-16
trained_support,0.02,0.08,shuffled,40,49,20309880,1,25,0.7933884297520661,93.24566647388914,15.16544005755137,0.9004193193780419,0.1770467661340792,0.0170108258492519,0.1734722742407761,0.1821461535661701,0.1778620971275469,0.4126176793292919,0.9184625673694072,0.4200584665994324,0.4022301797317178,0.4109390034332992,0.9184625673694072,1.0,0.1690793152304783,0.3188787563996865,0.2285416668985541,0.6108913104127767,0.0,1.0,0.0122779413076105,0.0170108258492519,0.0207521770370956,0.0212032833748562,0.0209789427480678,0.940456666241008,0.9184625673694072,0.901440819507275,0.899409882455754,0.9004193193780419,0.9184625673694072,1.0,0.0215046588730129,0.0856831146891416,0.0292429915528008,0.1171615187206165,0.0,1.0,0.1678811220250794,0.3685200755103641,6.715244881003178,0.1678811220250794,0.3685200755103641,0.0,0.0,5.551115123125783e-17
trained_support,0.02,0.08,shuffled,100,0,20261807,1,26,0.7851239669421488,291.5694553368164,16.62307672767683,0.9006692924302723,0.1902081147602264,0.0171513088730779,0.1923091403853647,0.189641195834767,0.1909798269888711,0.3863388001854632,0.9178176519014358,0.3823015048706932,0.3874354676423224,0.3848509606089103,0.9178176519014358,1.0,0.1775946447872114,0.4208311718287676,0.240509475752649,0.7326138608615376,0.0,1.0,0.011984255969545,0.0171513088730779,0.0223699966078604,0.0193691204284269,0.0209234267557515,0.9418386723498084,0.9178176519014358,0.8941783893633721,0.907696141654546,0.9006692924302723,0.9178176519014358,1.0,0.0210763173447002,0.1168638428164009,0.0288138563463701,0.1595175023267544,0.0,1.0,0.1975964328453934,0.4746118737528296,19.759643284539344,0.1975964328453934,0.4746118737528296,0.0,0.0,1.1102230246251563e-16
trained_support,0.02,0.08,shuffled,100,1,20262804,1,15,0.8760330578512396,232.63936328997735,21.009262060932624,0.900950556417407,0.1771383012124923,0.0166704508033072,0.1803096030231641,0.175499887266332,0.1779209984415362,0.4124288775793848,0.9200270069251048,0.4059407706521806,0.415821400623516,0.4108179970164078,0.9200270069251048,1.0,0.1623789311382583,0.3394771368014263,0.224762832032197,0.6702865555703106,0.0,1.0,0.01254099477972,0.0166704508033072,0.0218460301884549,0.0198270503380108,0.0208609798439682,0.9392205273886376,0.9200270069251048,0.8965240578955213,0.905620213075545,0.900950556417407,0.9200270069251048,1.0,0.0218128295121918,0.1040044384003046,0.0303076092731157,0.1414292424768386,0.0117370416761059,1.0,0.1474007975090028,0.3578783890297606,14.740079750900282,0.1474007975090028,0.3578783890297605,0.0,0.0,1.1102230246251563e-16
trained_support,0.02,0.08,shuffled,100,2,20263801,1,19,0.8429752066115702,371.972154884534,20.26786829451533,0.9019587061041798,0.2007302476360509,0.016936150752753,0.2009587150220783,0.2019270311111807,0.2014434548908212,0.3665386749280952,0.91880556280271,0.3661202033266901,0.3643518870864644,0.3652339125152584,0.91880556280271,1.0,0.1843458695303378,0.3733360771837875,0.2532459300125775,0.7186296624510381,0.0,1.0,0.0117925943698443,0.016936150752753,0.020520902485574,0.0207530607323567,0.0206373080679545,0.9427416764917608,0.91880556280271,0.9024838240483424,0.9014368365211723,0.9019587061041798,0.91880556280271,1.0,0.0226467842792705,0.0739893627372384,0.0308734078922585,0.1071196704422615,0.0,1.0,0.1877048049927811,0.4684842913265745,18.770480499278115,0.1877048049927811,0.4684842913265745,0.0,0.0,1.1102230246251563e-16
trained_support,0.02,0.08,shuffled,100,3,20264798,1,22,0.8181818181818182,303.3221913691531,17.339902337365753,0.900752893879306,0.1867479483522538,0.017121656771381,0.1883369228462341,0.1867219809812377,0.1875311903240979,0.3930809369963852,0.9179537381010578,0.3899703321231338,0.3931319767023825,0.3915445599065806,0.9179537381010578,1.0,0.1754139582867675,0.356946100519715,0.2361700813512326,0.6808243908635717,0.0,1.0,0.0119942561234847,0.017121656771381,0.0199197147600057,0.0218456307985252,0.0209048633229861,0.9417915808685742,0.9179537381010578,0.905200716396135,0.8965258482107112,0.900752893879306,0.9179537381010578,1.0,0.0220418188094865,0.0997809747567813,0.0297340828166494,0.1342386105384009,0.0,1.0,0.1909253631528037,0.429404395897849,19.09253631528037,0.1909253631528037,0.429404395897849,0.0,0.0,1.1102230246251563e-16
trained_support,0.02,0.08,shuffled,100,4,20265795,1,23,0.8099173553719008,292.8249177356438,17.927986266298195,0.901646835995444,0.2071483964893684,0.0175344978542632,0.2080828961612393,0.2076953102296398,0.2078891935217358,0.354962906944272,0.91606084735448,0.3533082121338103,0.3539935624623922,0.3536505615582603,0.91606084735448,1.0,0.1999567367436814,0.4072693076093658,0.2610043359733479,0.7332903567069495,0.0,1.0,0.0110136029617328,0.0175344978542632,0.0214082024572468,0.0199801150634634,0.0207064739924462,0.9464207751364192,0.91606084735448,0.8984888231538694,0.9049273856815556,0.901646835995444,0.91606084735448,1.0,0.0224837858624617,0.0627827643867263,0.0308178843626771,0.0994115735071243,0.0050451240849727,1.0,0.1982847259649278,0.4846587824191732,19.828472596492784,0.1982847259649278,0.4846587824191732,0.0,0.0,1.1102230246251563e-16
trained_support,0.02,0.08,shuffled,100,5,20266792,1,36,0.7024793388429752,351.0574838031954,11.801459484166276,0.9002175849843111,0.1987518778436668,0.0179787304637231,0.1989238579863893,0.2002008644205937,0.199563382651906,0.3701824120767626,0.9140283849021128,0.3698642287790796,0.3675101571885195,0.368683431172201,0.9140283849021128,1.0,0.1917828007837681,0.3805281696159963,0.2518269229448107,0.7344690980340152,0.0,1.0,0.0108978713095243,0.0179787304637231,0.0217298184652317,0.0202931438126376,0.0210237567567302,0.9469685878192556,0.9140283849021128,0.8970451422995469,0.903512152054324,0.9002175849843111,0.9140283849021128,1.0,0.0231294406353353,0.0750692726271753,0.030444081196898,0.1095631371900991,0.0,1.0,0.2346896590675483,0.5690721370562718,23.468965906754832,0.2346896590675483,0.5690721370562717,0.0,0.0,1.1102230246251563e-16
trained_support,0.02,0.08,shuffled,100,6,20267789,1,18,0.8512396694214877,290.59704649785425,20.74721364947901,0.9004628922028578,0.2044335161174258,0.017475355719956,0.2055919880427732,0.2047653183328803,0.2051790695214129,0.3598141680798568,0.9163317763791468,0.3577360195218474,0.3592177272770018,0.3584753616204311,0.9163317763791468,1.0,0.1914708685294105,0.3710558575198179,0.2580824214964197,0.7318124068478199,0.0,1.0,0.0115897369282897,0.017475355719956,0.0216165456800371,0.0203013564097277,0.0209692646415166,0.94369837241466,0.9163317763791468,0.8975533402070114,0.9034750519096968,0.9004628922028578,0.9163317763791468,1.0,0.0217833247284427,0.1024386432666013,0.0295429513387051,0.1364745632192255,0.0,1.0,0.1768135969184475,0.3945586580054827,17.68135969184475,0.1768135969184474,0.3945586580054827,0.0,0.0,1.1102230246251563e-16
trained_support,0.02,0.08,shuffled,100,7,20268786,1,21,0.8264462809917356,309.0829584542918,19.757131451098385,0.9006487572002904,0.2017695444445701,0.0165985400476547,0.2020922158099818,0.2028094117716867,0.202451131380101,0.3646389028953942,0.9203578655887252,0.3640510845398788,0.362747942618209,0.3633983523915835,0.9203578655887252,1.0,0.1848388561660968,0.4044876764715656,0.2541385342194289,0.7318425259639808,0.0,1.0,0.0127463367221101,0.0165985400476547,0.0215925458511367,0.020241621149517,0.0209279868010998,0.9382567154137276,0.9203578655887252,0.8976610523025312,0.9037449387986976,0.9006487572002904,0.9203578655887252,1.0,0.0218001707991578,0.0899596368613969,0.0293210075824929,0.1272753463748223,0.0,1.0,0.1861948230507076,0.4850989636692254,18.61948230507076,0.1861948230507076,0.4850989636692254,0.0,0.0,1.1102230246251563e-16
trained_support,0.02,0.08,shuffled,100,8,20269783,1,31,0.743801652892562,261.0808833163754,12.962839291860542,0.9001056658900436,0.1859790249021793,0.0168557353427856,0.1883926996205321,0.18507516787703,0.1867413010491023,0.3945950915548519,0.9191750677125196,0.3898615908509433,0.3963824149528178,0.3930940018542556,0.9191750677125196,1.0,0.1724360886954561,0.4052285720659584,0.2358436899434538,0.7429549828389163,0.0,1.0,0.0126066936470732,0.0168557353427856,0.0198893019591779,0.0221473417116144,0.0210486232009884,0.9389120494338202,0.9191750677125196,0.905338375307837,0.8951744096650396,0.9001056658900436,0.9191750677125196,1.0,0.022041020997182,0.1242798687745582,0.0297242367027369,0.1589025863436435,0.0,1.0,0.1657449561884149,0.4633106948074502,16.574495618841492,0.1657449561884149,0.4633106948074502,0.0,0.0,1.1102230246251563e-16
trained_support,0.02,0.08,shuffled,100,9,20270780,1,45,0.628099173553719,348.52470017275976,8.043506956440437,0.9002323132589845,0.2118534030264346,0.0181005369745795,0.2130252949321712,0.2122244362564303,0.2126252426515937,0.3467098502887488,0.9134718813417636,0.3446842581856904,0.3460672421673486,0.3453744068122425,0.9134718813417636,1.0,0.1988849410747402,0.4173467258122306,0.2669067524791151,0.7427159815759208,0.0,1.0,0.0106879060197524,0.0181005369745795,0.0227707300912774,0.0191106095878847,0.0210204846246507,0.947963262515534,0.9134718813417636,0.8923885469827773,0.9088701466863448,0.9002323132589845,0.9134718813417636,1.0,0.0232356784286313,0.0840168711166485,0.0306800478578143,0.1173229592449912,0.0747432355010436,1.0,0.2729144850429424,0.5862218728007074,27.29144850429424,0.2729144850429423,0.5862218728007074,0.0,0.0,1.1102230246251563e-16
trained_support,0.02,0.08,shuffled,100,10,20271777,1,26,0.7851239669421488,323.37121476611696,15.363779757656452,0.9005491673998907,0.2040387159693736,0.0162638469933107,0.2057033174502709,0.203663364051707,0.2046858821058564,0.3605251430156576,0.921899341958188,0.3575369422394078,0.3612023973576505,0.3593604301192392,0.921899341958188,1.0,0.1879877891794271,0.3736304141698395,0.2561734559582803,0.7123667128957226,0.0,1.0,0.0132058359424171,0.0162638469933107,0.0207837612833539,0.021115134639312,0.020950103149146,0.9361035486610572,0.921899341958188,0.9012984741030986,0.8998063790453904,0.9005491673998907,0.921899341958188,1.0,0.0213253367150041,0.121232915122612,0.0289340263872143,0.1575703219930398,0.0,1.0,0.174096865481268,0.3937674234288462,17.409686548126807,0.174096865481268,0.3937674234288461,0.0,0.0,1.1102230246251563e-16
trained_support,0.02,0.08,shuffled,100,11,20272774,1,35,0.7107438016528925,311.15644738473395,11.777303417967062,0.9005271108372839,0.1987939959493548,0.0176161621753268,0.1977297000783796,0.2013994282452486,0.1995729991639638,0.3701044633749016,0.9156868762741512,0.3720792162791952,0.3653143214853638,0.368665704355073,0.9156868762741512,1.0,0.1889776117693706,0.4029160218597152,0.2507361126583957,0.7571187818723493,0.0,1.0,0.0113482564986483,0.0176161621753268,0.0195930973059737,0.0222336395727668,0.0209550016785141,0.944838484004858,0.9156868762741512,0.9066801958937772,0.8947882348016306,0.9005271108372839,0.9156868762741512,1.0,0.0220086147489327,0.1138185404270809,0.0295842324676958,0.1458772005152678,0.0,1.0,0.1929359339436641,0.5286084817771561,19.293593394366415,0.1929359339436641,0.5286084817771561,0.0,0.0,1.1102230246251563e-16
trained_support,0.02,0.08,shuffled,100,12,20273771,1,30,0.7520661157024794,313.9965943735075,14.283960701161838,0.9003608968371949,0.2025937353951708,0.0166521895355537,0.2042668068514533,0.2022822426564034,0.2032769466459404,0.3631393344244584,0.9201110150578536,0.3601142148931797,0.3637053514146696,0.3619009464358704,0.9201110150578536,1.0,0.184710724409289,0.4059630339765006,0.2548677088167372,0.7334698558243316,0.0,1.0,0.0127814430005762,0.0166521895355537,0.0202048986089872,0.0217504821834026,0.0209919199099316,0.9380920363597018,0.9201110150578536,0.9039108930846068,0.8969524656472049,0.9003608968371949,0.9201110150578536,1.0,0.0225958421485349,0.0953275513466311,0.0302615609731501,0.1346567276659921,0.0,1.0,0.2031762568265002,0.4616644604202766,20.31762568265002,0.2031762568265002,0.4616644604202766,0.0,0.0,1.1102230246251563e-16
trained_support,0.02,0.08,shuffled,100,13,20274768,1,32,0.7355371900826446,258.52909739002234,11.932034887251838,0.900525710035751,0.1874919134278072,0.0184095708875474,0.1901237047341101,0.1866473592107449,0.1883935505825079,0.391621460732761,0.9120615023103672,0.3865018889399242,0.3932786850904741,0.389859932067524,0.9120615023103672,1.0,0.1745571174048154,0.3840104905657147,0.2393636717199441,0.7162277343769622,0.0,1.0,0.0100106360280508,0.0184095708875474,0.0223151890314446,0.0195008360433694,0.0209553127857768,0.95117883933158,0.9120615023103672,0.8944234616934116,0.9070985496792368,0.900525710035751,0.9120615023103672,1.0,0.0227487524863493,0.0758352590058906,0.0303134370479163,0.1102259380728846,0.0251999724108565,1.0,0.2018215611758699,0.5040740558492518,20.18215611758699,0.2018215611758698,0.5040740558492518,0.0,0.0,5.551115123125783e-17
trained_support,0.02,0.08,shuffled,100,14,20275765,1,31,0.743801652892562,348.1830937499024,12.470742300456932,0.9002573772120906,0.1976796988748478,0.0171497022430528,0.1971026953007393,0.199733018736852,0.1984222155764719,0.3721722499513151,0.9178250248980354,0.3732475238897874,0.3683708536827517,0.3707930910992806,0.9178250248980354,1.0,0.1832268902224559,0.4062907241193869,0.24865917586115,0.721342866612782,0.0,1.0,0.0121455515767125,0.0171497022430528,0.0218154769748554,0.0201826258107181,0.021014916372138,0.9410794063540832,0.9178250248980354,0.8966610268125462,0.9040115618148136,0.9002573772120906,0.9178250248980354,1.0,0.0225539439183469,0.0863893312241176,0.0304203760508011,0.1240876632698931,0.0169531479499145,1.0,0.1915629021162399,0.5325206912688096,19.156290211623997,0.1915629021162399,0.5325206912688095,0.0,0.0,1.1102230246251563e-16
trained_support,0.02,0.08,shuffled,100,15,20276762,1,44,0.6363636363636364,364.3536528848394,9.05208594331108,0.9004195267746821,0.2081231628212355,0.0170398466955905,0.2043321183556732,0.2132125699027397,0.208819556742475,0.353237086585762,0.9183293042329866,0.3599966360870182,0.3443616555762115,0.3520092646463467,0.9183293042329866,1.0,0.1982075904609959,0.3804046420073342,0.2618984082690562,0.727237130996677,0.0,1.0,0.0122375541085368,0.0170398466955905,0.0197629307819981,0.0221281444961646,0.0209788966813938,0.9406465974703369,0.9183293042329866,0.9059105994515642,0.8952603380689763,0.9004195267746821,0.9183293042329866,1.0,0.0222673909685176,0.1105677854946185,0.0290637163441665,0.146283808839333,0.0,1.0,0.2210052716076354,0.5468201524981301,22.100527160763544,0.2210052716076354,0.5468201524981301,0.0,0.0,1.1102230246251563e-16
trained_support,0.02,0.08,shuffled,100,16,20277759,1,25,0.7933884297520661,324.8504671164422,17.20118084964294,0.9002573990127256,0.1952816456667212,0.0161365803388432,0.1970293354320705,0.1948590816407238,0.1959472131961432,0.376661554434555,0.9224861638705744,0.3733844559482142,0.3774582138516254,0.3754101692916558,0.9224861638705744,1.0,0.1767378757967438,0.4075065965549381,0.2450551879853873,0.7360998003038782,0.0,1.0,0.013462439657697,0.0161365803388432,0.0227976145003893,0.0190662473032787,0.0210149115289376,0.9349032805664732,0.9224861638705744,0.8922685983509089,0.9090717668269293,0.9002573990127256,0.9224861638705744,1.0,0.0226031392170957,0.0805306027880149,0.030220779698778,0.1174759444040826,0.0,1.0,0.1811545979659795,0.4736938654061972,18.115459796597957,0.1811545979659795,0.4736938654061972,0.0,0.0,1.1102230246251563e-16
trained_support,0.02,0.08,shuffled,100,17,20278756,1,37,0.6942148760330579,284.5022652396342,10.262759261822335,0.900410928065683,0.2060911079199513,0.0185021795628772,0.2085550319808387,0.2052718915486757,0.2069199734492781,0.3568443667979817,0.91163927603471,0.352475148507096,0.3583090281729894,0.3553685470756755,0.91163927603471,1.0,0.1978340280792812,0.3784954372809681,0.2613696436027032,0.7070525346305259,0.0,1.0,0.009892603198101,0.0185021795628772,0.0214729580815384,0.0204768299414863,0.0209808066244372,1.0,0.91163927603471,0.8981979592207873,0.9026827197527556,0.900410928065683,0.91163927603471,1.0,0.0232221399706217,0.0615416741847683,0.030624232069413,0.0966103754010742,0.0283271514791803,1.0,0.2265934231203351,0.5418343932967775,22.65934231203352,0.2265934231203351,0.5418343932967775,0.0,0.0,1.1102230246251563e-16
trained_support,0.02,0.08,shuffled,100,18,20279753,1,28,0.768595041322314,304.92298823903496,15.6738045628121,0.9000711703039309,0.2076790270236541,0.018009394411109,0.2105763310343863,0.2063187871067239,0.2084584288354552,0.3540223843861355,0.91388825705305,0.3489308007223941,0.3564383677594704,0.3526454406707581,0.91388825705305,1.0,0.1950029309306738,0.4008107409588389,0.2626557612779359,0.7489323998617942,0.0,1.0,0.0109100404636057,0.018009394411109,0.0226942322916162,0.0192796877733785,0.0210562881337713,0.9469109705388804,0.91388825705305,0.8927299410697915,0.9081021207968896,0.9000711703039309,0.91388825705305,1.0,0.0234132323663787,0.0824723917831524,0.0308716788214071,0.1187184813971523,0.0388322464711262,1.0,0.2063434838203222,0.5046519407320015,20.634348382032226,0.2063434838203222,0.5046519407320015,0.0,0.0,1.1102230246251563e-16
trained_support,0.02,0.08,shuffled,100,19,20280750,1,30,0.7520661157024794,312.75029104342104,13.31322595740764,0.9001563664081291,0.1976530463918363,0.0175211293832064,0.1984724420142338,0.1983837775791648,0.1984281147489852,0.3722218498289873,0.9161220810655804,0.3706999847102124,0.3708643606668957,0.3707821543985193,0.9161220810655804,1.0,0.1866296159066297,0.4126687453341191,0.2497818392349726,0.7410372424866516,0.0,1.0,0.0116439022343671,0.0175211293832064,0.0226604426904824,0.0192781017033442,0.0210373580590948,0.9434428284643296,0.9161220810655804,0.8928807787544405,0.9081093223932548,0.9001563664081291,0.9161220810655804,1.0,0.0223675491051529,0.1012573220517659,0.0299653340147728,0.1394864167365532,0.0,1.0,0.1836132264227475,0.5013486525622296,18.361322642274757,0.1836132264227475,0.5013486525622296,0.0,0.0,1.1102230246251563e-16
trained_support,0.02,0.08,shuffled,100,20,20281747,1,18,0.8512396694214877,278.52752396894874,21.800605572502075,0.90149715091,0.203442878072004,0.0157121637567486,0.2052257811254189,0.2028648126653314,0.204048711655181,0.3616008172545644,0.9244458345504972,0.3583916466012791,0.3626474737330722,0.3605071249856416,0.9244458345504972,1.0,0.1904396265057706,0.3825439055176373,0.2549931716416339,0.716747251165271,0.0,1.0,0.01353743733033,0.0157121637567486,0.0211268303047005,0.020345162571466,0.0207396793464001,0.9345527684386676,0.9244458345504972,0.899753761412282,0.903277184708742,0.90149715091,0.9244458345504972,1.0,0.0225241405206408,0.0783758548511351,0.0306668442569326,0.1388809567482856,0.0,1.0,0.1838104428630098,0.4225927826501877,18.381044286300984,0.1838104428630098,0.4225927826501877,0.0,0.0,1.1102230246251563e-16
trained_support,0.02,0.08,shuffled,100,21,20282744,1,28,0.768595041322314,311.3431000632642,14.079210797838044,0.9003528272467386,0.1942378119542761,0.0173533044173347,0.1945203979713507,0.1955012642082863,0.1950114477844452,0.3786325535923591,0.916891144475501,0.3780979500337517,0.3762481721358945,0.3771707640972517,0.916891144475501,1.0,0.1793389599327581,0.4192739154365578,0.2449372237153652,0.728104265317648,0.0,1.0,0.0118151930951377,0.0173533044173347,0.0209330479629961,0.0210542021252541,0.0209937124414925,0.9426351587089412,0.916891144475501,0.9006259658428089,0.9000805581335252,0.9003528272467386,0.916891144475501,1.0,0.0216810282392212,0.0961390799499684,0.0298737710055763,0.1309096200353445,0.0,1.0,0.2060715010765536,0.4739357856368263,20.60715010765536,0.2060715010765536,0.4739357856368263,0.0,0.0,1.1102230246251563e-16
trained_support,0.02,0.08,shuffled,100,22,20283741,1,32,0.7355371900826446,287.5427597359636,12.43035153577128,0.9000926554624255,0.1860733567135654,0.0173191753103376,0.1888686544290787,0.1848651595036694,0.1868776281743857,0.3944090210904591,0.9170476212060216,0.3889349114379246,0.3967988516835206,0.3928261462783836,0.9170476212060216,1.0,0.1704038341644875,0.3481815897857683,0.2355007539753035,0.6946462551181887,0.0,1.0,0.0119671388390386,0.0173191753103376,0.0212470380950937,0.0208541569724528,0.0210515140886121,0.9419192836766987,0.9170476212060216,0.8992131368389839,0.900981292291112,0.9000926554624255,0.9170476212060216,1.0,0.0217888302422501,0.0800033727358546,0.0297446087599396,0.1144915095585712,0.0,1.0,0.2013420700255669,0.4941003345845953,20.134207002556696,0.2013420700255669,0.4941003345845953,0.0,0.0,1.1102230246251563e-16
trained_support,0.02,0.08,shuffled,100,23,20284738,1,20,0.8347107438016529,324.2244200089664,19.723961868610346,0.9009778276966712,0.2043208186597962,0.0178372206523275,0.2023170474078484,0.207841620194293,0.205097936065698,0.3600169759241202,0.9146753336709073,0.3636420635498493,0.3537346932337496,0.3586208128452222,0.9146753336709073,1.0,0.1917747808351914,0.3761629283896993,0.2583198947441681,0.7342233136576416,0.0,1.0,0.0108056235245289,0.0178372206523275,0.0223821120130109,0.0192066900465534,0.0208549260452698,0.9474054673378628,0.9146753336709073,0.8941242243366472,0.9084336282441507,0.9009778276966712,0.9146753336709073,1.0,0.0230059193483555,0.0774708579759703,0.0309082428915127,0.1121845832800134,0.0,1.0,0.1841017386222358,0.4360823903891078,18.41017386222358,0.1841017386222357,0.4360823903891078,0.0,0.0,1.1102230246251563e-16
trained_support,0.02,0.08,shuffled,100,24,20285735,1,18,0.8512396694214877,310.01765248492893,21.899705230661432,0.9011331167921974,0.2075437859634954,0.017369552816068,0.2058617620088188,0.2106494335544418,0.2082693555401067,0.3542618571563103,0.9168166574367276,0.3572538054930199,0.3488032854237489,0.3529789774809633,0.9168166574367276,1.0,0.1927266251470807,0.418185691799797,0.2602937703194446,0.737446345366074,0.0,1.0,0.0114799868088785,0.017369552816068,0.0215016294197474,0.0201162336589196,0.0208204577798424,0.9442163695725898,0.9168166574367276,0.8980692057625056,0.9043117079946316,0.9011331167921974,0.9168166574367276,1.0,0.0225579872891004,0.0744258280138815,0.0301716925325507,0.1098784803835215,0.0,1.0,0.1963538748714408,0.4324895104442012,19.635387487144083,0.1963538748714408,0.4324895104442012,0.0,0.0,1.1102230246251563e-16
trained_support,0.02,0.08,shuffled,100,25,20286732,1,27,0.7768595041322314,328.79239904913567,16.409727562935863,0.9001367655874265,0.2036255297403267,0.0176996562253257,0.2052483864010142,0.2035346856553612,0.2043933320647309,0.3612707330408953,0.9153046840274934,0.3583511411807002,0.3614348668603795,0.3598864693004562,0.9153046840274934,1.0,0.1878084462982703,0.3902192404179524,0.2570498309626935,0.7161719789242921,0.0,1.0,0.0113787459403444,0.0176996562253257,0.0222893759907873,0.0197152503732654,0.0210417130878076,0.9446944569940436,0.9153046840274934,0.8945389080892154,0.9061265961358524,0.9001367655874265,0.9153046840274934,1.0,0.023481885321046,0.0636876679834911,0.030762409381093,0.0981064238071144,0.081013384520806,1.0,0.1954701120621057,0.5090530433766224,19.547011206210577,0.1954701120621057,0.5090530433766224,0.0,0.0,1.1102230246251563e-16
trained_support,0.02,0.08,shuffled,100,26,20287729,1,21,0.8264462809917356,320.3617119380387,18.599617492837567,0.901148599896466,0.2032612369276628,0.0169022925810579,0.2040271914751596,0.2038983594894203,0.2039627856542932,0.3619293743619072,0.9189611213521576,0.3605459179638272,0.3607782420155235,0.3606620429396671,0.9189611213521576,1.0,0.1924892642084944,0.3911074394938155,0.2561561678806789,0.7417035087224171,0.0,1.0,0.01215157962515,0.0169022925810579,0.0211927667455399,0.0204343681437236,0.0208170214459717,0.941051042420308,0.9189611213521576,0.8994571775008903,0.9028743877539056,0.901148599896466,0.9189611213521576,1.0,0.02240842321708,0.0949645320725569,0.0301382827015007,0.1288706039584743,0.0,1.0,0.1743707527639037,0.3565981244904678,17.437075276390377,0.1743707527639037,0.3565981244904678,0.0,0.0,1.1102230246251563e-16
trained_support,0.02,0.08,shuffled,100,27,20288726,1,28,0.768595041322314,327.79382219215853,14.919975524044908,0.9002873253126187,0.1955691139469482,0.0171515741198949,0.1946869086940992,0.1979391755886258,0.1963197769578619,0.3761205520838292,0.9178164346611892,0.3777832942211946,0.3716897128749526,0.3747114991173704,0.9178164346611892,1.0,0.1832823991867669,0.3809414222423918,0.2476559855633161,0.7009287426619109,0.0,1.0,0.0121313902779219,0.0171515741198949,0.0204923407445478,0.0215118158354974,0.0210082632520041,0.9411460432465132,0.9178164346611892,0.902612715797869,0.8980234663958049,0.9002873253126187,0.9178164346611892,1.0,0.0221621690422842,0.1112086059964237,0.0298297553605127,0.1451207032368268,0.0,1.0,0.1882173468512632,0.4391558902840541,18.821734685126327,0.1882173468512632,0.439155890284054,0.0,0.0,1.1102230246251563e-16
trained_support,0.02,0.08,shuffled,100,28,20289723,1,27,0.7768595041322314,302.6915593212453,15.728169949972006,0.9001024900332631,0.1896527788130791,0.0182267541499026,0.1950457528629228,0.1858976504608465,0.1905266151443512,0.3874130300089698,0.9128955840044451,0.3771060752819885,0.3947556739965425,0.3857240445338558,0.9128955840044451,1.0,0.1792750189901651,0.3813852607310414,0.2417814282567901,0.6837534481886849,0.0,1.0,0.0105289922993626,0.0182267541499026,0.0226841743149712,0.0192763255577939,0.0210493288653351,0.948716783682216,0.9128955840044451,0.8927748374831879,0.9081173871007256,0.9001024900332631,0.9128955840044451,1.0,0.0232253339679658,0.0812265298177943,0.0306129418015653,0.1145616047322146,0.0715436772452433,1.0,0.1846321779629115,0.4953803274550641,18.46321779629116,0.1846321779629115,0.4953803274550641,0.0,0.0,1.1102230246251563e-16
trained_support,0.02,0.08,shuffled,100,29,20290720,1,47,0.6115702479338843,369.3780150790879,4.787115065743006,0.9002618006412314,0.2099965144178446,0.0173889756333657,0.2124558132299,0.2089601696670097,0.2107152404104217,0.3499438478481682,0.9167276259477388,0.3456671137077071,0.3517618663642013,0.3486885360651746,0.9167276259477388,1.0,0.1960650872131258,0.4193976305970889,0.2642358884217937,0.7486294787423742,0.0,1.0,0.0117986836030612,0.0173889756333657,0.0209250509058815,0.0211024420689201,0.021013933671327,0.9427129740590454,0.9167276259477388,0.900661978349228,0.8998634851364545,0.9002618006412314,0.9167276259477388,1.0,0.0218020550845871,0.0805154253976702,0.0293517826196037,0.1134186936315629,0.0,1.0,0.2711759380774278,0.5985478257539747,27.117593807742782,0.2711759380774278,0.5985478257539747,0.0,0.0,1.1102230246251563e-16
trained_support,0.02,0.08,shuffled,100,30,20291717,1,20,0.8347107438016529,312.1199764936915,20.31847719525117,0.9013185421807952,0.2062950500194911,0.017426400359469,0.2078930578785914,0.2061628741309994,0.2070297734434177,0.3564806743131497,0.9165561005949004,0.353643728464414,0.3567163429281308,0.355173503298157,0.9165561005949004,1.0,0.1922545987618378,0.3863171095464792,0.2603257364726001,0.7085756923977018,0.0,1.0,0.0113181367350744,0.017426400359469,0.0214301324278122,0.0201074295077993,0.0207793081848829,0.9449807862786352,0.9165561005949004,0.8983903093877524,0.90435151735553,0.9013185421807952,0.9165561005949004,1.0,0.0220745005645979,0.0834497624542459,0.029790962197023,0.1207825760060006,0.0123489936858828,1.0,0.1839866066505209,0.4347600720411018,18.39866066505209,0.1839866066505209,0.4347600720411017,0.0,0.0,1.1102230246251563e-16
trained_support,0.02,0.08,shuffled,100,31,20292714,1,17,0.859504132231405,312.7019690172482,22.65908753231936,0.901045779969868,0.2088836436300945,0.0180211142590669,0.2070553674946325,0.2122318285797586,0.2096595743945949,0.3518964868253385,0.9138347054649908,0.3551280545620945,0.3460544511990003,0.3505338951761629,0.9138347054649908,1.0,0.1975489691553024,0.3733211491725039,0.2640485810053833,0.7399113088738356,0.0,1.0,0.0104660630697226,0.0180211142590669,0.0198030072568361,0.0218274820861503,0.0208398424974316,0.949015340731384,0.9138347054649908,0.9057290891211852,0.8966072058507755,0.901045779969868,0.9138347054649908,1.0,0.0222503862475564,0.0618518864969125,0.0304056398785522,0.0996839028175088,0.0112325613020213,1.0,0.202888591670119,0.4686312976698306,20.2888591670119,0.202888591670119,0.4686312976698306,0.0,0.0,1.1102230246251563e-16
trained_support,0.02,0.08,shuffled,100,32,20293711,1,23,0.8099173553719008,322.2485841851416,16.828595415038883,0.9002622557904844,0.195565659790891,0.0171516842267001,0.1942153202251051,0.1983951221990547,0.1963163456293413,0.3761270480353401,0.9178159293721514,0.3786751364909754,0.3708433246875019,0.3747179279637887,0.9178159293721514,1.0,0.1804256070847365,0.3727615493788829,0.2473798592735778,0.7143180777062075,0.0,1.0,0.0121408766940306,0.0171516842267001,0.0199932414519397,0.0219871010746896,0.0210138325564874,0.941101403790266,0.9178159293721514,0.9048679954884872,0.895891913647713,0.9002622557904844,0.9178159293721514,1.0,0.0227812830902334,0.1050104773731488,0.0300991254119014,0.14333406929237,0.0,1.0,0.1805206192680302,0.4417742933321135,18.05206192680302,0.1805206192680302,0.4417742933321134,0.0,0.0,1.1102230246251563e-16
trained_support,0.02,0.08,shuffled,100,33,20294708,1,40,0.6694214876033058,263.44264079743493,6.810803927925323,0.9004709875834458,0.1785770006668596,0.0172472149050456,0.1823473177448732,0.1764196102749211,0.1794079473968542,0.4094727168881705,0.917377636164957,0.4018258116079857,0.4139135880852319,0.4077749960436739,0.917377636164957,1.0,0.161555165475248,0.3953911108068603,0.2265678177221455,0.7134681221248766,0.0,1.0,0.0119234321266863,0.0172472149050456,0.0207387334752146,0.0211937312704737,0.0209674666009158,0.942125147145872,0.917377636164957,0.9015014144209764,0.8994528397669771,0.9004709875834458,0.917377636164957,1.0,0.0218774570547482,0.0880687255944766,0.0296711209685624,0.1243289502839543,0.0,1.0,0.2180344194143429,0.5363210388338544,21.80344194143429,0.2180344194143429,0.5363210388338544,0.0,0.0,5.551115123125783e-17
trained_support,0.02,0.08,shuffled,100,34,20295705,1,30,0.7520661157024794,292.02484409566745,13.841592607042216,0.9001871257543177,0.2024162948308535,0.0175115015052394,0.202525944393002,0.2038167315108372,0.2031723630271082,0.363461655627587,0.9161661836851056,0.363262443184483,0.3609255200615645,0.3620902404773821,0.9161661836851056,1.0,0.1899758169147982,0.3849397868744734,0.2555134026407007,0.7117374431903958,0.0,1.0,0.0116460402184036,0.0175115015052394,0.0218115265907657,0.0202193764308811,0.0210305239529755,0.9434327431897024,0.9161661836851056,0.896678737764729,0.9038454621482888,0.9001871257543177,0.9161661836851056,1.0,0.0218397759832002,0.0918472429145789,0.0296822363150679,0.1249924705723486,0.0,1.0,0.1920108967391209,0.4937370879318409,19.201089673912094,0.1920108967391208,0.4937370879318409,0.0,0.0,1.1102230246251563e-16
trained_support,0.02,0.08,shuffled,100,35,20296702,1,38,0.6859504132231405,349.57573012243404,11.67541399738936,0.9003848906172774,0.2032164275087857,0.0166527507060844,0.206553243445531,0.2012069050831912,0.2038975981111905,0.3620104726711867,0.9201084333655424,0.3560207664069283,0.3656661481367307,0.360779615461634,0.9201084333655424,1.0,0.1910313111667659,0.3731874737576224,0.2556845522755464,0.7133760339177331,0.0,1.0,0.0127719560272078,0.0166527507060844,0.0227961071213897,0.0190055632326425,0.0209865901670548,0.9381365356859336,0.9201084333655424,0.8922753233109876,0.9093476395540704,0.9003848906172774,0.9201084333655424,1.0,0.0211833725223082,0.1336252074641616,0.0287168498099176,0.167757208601097,0.0,1.0,0.2102466974158371,0.5324201358285832,21.02466974158371,0.2102466974158371,0.5324201358285832,0.0,0.0,1.1102230246251563e-16
trained_support,0.02,0.08,shuffled,100,36,20297699,1,13,0.8925619834710744,308.2905322241774,23.157412513010083,0.9008875386992418,0.1873045160665565,0.0178580903211238,0.1877439669893782,0.1885629579657149,0.188153908088151,0.3919885768391283,0.9145798937941408,0.3911282236836047,0.3895298461302027,0.3903273470756998,0.9145798937941408,1.0,0.1738436052434041,0.3731820579147931,0.2384754431306469,0.6934909829841017,0.0,1.0,0.0108098548336914,0.0178580903211238,0.0219732270314068,0.0197156282352871,0.020874969495616,0.9473854237227176,0.9145798937941408,0.8959540640193139,0.906124884183332,0.9008875386992418,0.9145798937941408,1.0,0.0229448389519512,0.0761276888323688,0.0308767095212195,0.1290299394700171,0.0,1.0,0.1694989295296397,0.4052613499669611,16.949892952963978,0.1694989295296397,0.405261349966961,0.0,0.0,1.1102230246251563e-16
trained_support,0.02,0.08,shuffled,100,37,20298696,1,23,0.8099173553719008,331.64999749962504,18.53783388520447,0.9009109088797946,0.2105120165932064,0.0172179657629808,0.2099960209417795,0.2124269430626136,0.2112149792868716,0.34904302521286,0.9175118085198196,0.3499447112937986,0.3457170146462324,0.3478183575867362,0.9175118085198196,1.0,0.2007335678552272,0.3725060059720778,0.2644793446501632,0.726943566783457,0.0,1.0,0.011793618051296,0.0172179657629808,0.021179384076005,0.0205555158940644,0.0208697813058747,0.94273685116827,0.9175118085198196,0.8995173652053847,0.902327647356962,0.9009109088797946,0.9175118085198196,1.0,0.0221208891623741,0.1067059164726439,0.0301356373499445,0.1429975373436574,0.0,1.0,0.1890911512830811,0.4390610083785506,18.909115128308112,0.1890911512830811,0.4390610083785506,0.0,0.0,1.1102230246251563e-16
trained_support,0.02,0.08,shuffled,100,38,20299693,1,41,0.6611570247933884,316.9866466508282,6.398426888394669,0.900180452073123,0.1984516864232801,0.0167878310296461,0.1993826545359063,0.1989380891133297,0.1991604958693461,0.3707384571927216,0.91948720045556,0.3690167390543646,0.3698379117914394,0.3694268681299493,0.91948720045556,1.0,0.1848115078437412,0.4017020671799661,0.2501811073937822,0.7296757559916698,0.0,1.0,0.0126694133545022,0.0167878310296461,0.0209858737566855,0.0210780386545531,0.0210320066904513,0.9386176541519874,0.91948720045556,0.900388115848414,0.8999732905428929,0.900180452073123,0.91948720045556,1.0,0.0212625666560984,0.1306565794222451,0.0286450172938832,0.1637839865005805,0.0,1.0,0.199883343692203,0.5420438084416576,19.988334369220304,0.199883343692203,0.5420438084416574,0.0,0.0,1.1102230246251563e-16
trained_support,0.02,0.08,shuffled,100,39,20300690,1,29,0.7603305785123967,298.60824125939746,14.19179528621954,0.9001536070761151,0.2130969469118201,0.0171509244442317,0.2122081975502958,0.2153522855168161,0.2137860215084953,0.3445607937559239,0.9178194160810358,0.3460953417293261,0.3406971131695284,0.3433756960301478,0.9178194160810358,1.0,0.1999162620165037,0.4422017712837766,0.2645342078844248,0.7338317431035075,0.0,1.0,0.0121836784399796,0.0171509244442317,0.0197625944316391,0.0222403309456421,0.0210379711384099,0.9409000214238408,0.9178194160810358,0.9059121229696222,0.8947582984938036,0.9001536070761151,0.9178194160810358,1.0,0.0213236252238981,0.1243543268394157,0.0289797131148587,0.1579481571853149,0.0,1.0,0.2190917180285915,0.4544859464204889,21.909171802859152,0.2190917180285915,0.4544859464204889,0.0,0.0,1.1102230246251563e-16
trained_support,0.02,0.08,shuffled,100,40,20301687,1,35,0.7107438016528925,335.3312723673496,10.762653974069632,0.9002371418071494,0.1858875804612045,0.0176260036824568,0.1832578219773007,0.1901218236689452,0.1867213661462843,0.3947755504444069,0.915641818688138,0.4000006487955868,0.3865055241332166,0.3931331852606431,0.915641818688138,1.0,0.173443275657138,0.3700496747693098,0.2367520053593265,0.6977443612174784,0.0,1.0,0.0114516230528283,0.0176260036824568,0.0208380076363036,0.0211992639132932,0.0210194118937246,0.9443502866821714,0.915641818688138,0.9010540464771688,0.8994279583546515,0.9002371418071494,0.915641818688138,1.0,0.0230659134358284,0.0710219473463046,0.0308147273045393,0.1090294166387726,0.0,1.0,0.2164299051924323,0.5429670369581658,21.642990519243234,0.2164299051924323,0.5429670369581658,0.0,0.0,1.1102230246251563e-16
trained_support,0.02,0.08,shuffled,100,41,20302684,1,30,0.7520661157024794,323.4177081727518,15.008302569816523,0.9000045987919923,0.2016897308416573,0.0167853616233021,0.2020805190866887,0.2026930082397142,0.2023869953623631,0.3647844476576034,0.9194985534632778,0.3640723761864811,0.3629591297782584,0.3635149056946209,0.9194985534632778,1.0,0.1928154278387713,0.3608889087173086,0.2539256210381171,0.6978916279843433,0.0,1.0,0.0127374289904199,0.0167853616233021,0.0199485194579291,0.0221367905455747,0.0210710811804001,0.9382985050397346,0.9194985534632778,0.9050703556178884,0.8952216365799305,0.9000045987919923,0.9194985534632778,1.0,0.0220999679584815,0.0958831771206434,0.0298820293328075,0.1285067126481097,0.0,1.0,0.2023740904334727,0.4776973897111868,20.237409043347277,0.2023740904334727,0.4776973897111867,0.0,0.0,1.1102230246251563e-16
trained_support,0.02,0.08,shuffled,100,42,20303681,1,17,0.859504132231405,339.3075784269853,21.599691664496987,0.9002020691246634,0.2090949050045349,0.0177686755895544,0.2107713246665459,0.2089216574710101,0.2098485290181046,0.3515249723991661,0.9149888697870374,0.3485907700878243,0.3518296084959505,0.3502028765685739,0.9149888697870374,1.0,0.1973305820615875,0.3852687356659067,0.2641968177286664,0.7321710605730155,0.0,1.0,0.0112435524886425,0.0177686755895544,0.0218157830647876,0.0202078751681985,0.0210272039218647,0.945333255395345,0.9149888697870374,0.8966596545190316,0.9038974404632384,0.9002020691246634,0.9149888697870374,1.0,0.021623137873467,0.080786011050517,0.0298171268651404,0.1179836327670167,0.0,1.0,0.1795894499211944,0.3805071310664628,17.958944992119445,0.1795894499211943,0.3805071310664628,0.0,0.0,1.1102230246251563e-16
trained_support,0.02,0.08,shuffled,100,43,20304678,1,41,0.6611570247933884,435.53133718660376,9.33097106325469,0.9001470323652153,0.2000978378700056,0.0188440454258443,0.2008958221823688,0.2010705203807726,0.200983190262923,0.3676995224774694,0.9100823153539902,0.3662353531272972,0.3659155895210277,0.3660754016673018,0.9100823153539902,1.0,0.1928183330263472,0.3965663295591839,0.2544121080450625,0.7087146610228158,0.0,1.0,0.0093573312648912,0.0188440454258443,0.0201051074715979,0.0219339929420041,0.0210394319412905,1.0,0.9100823153539902,0.9043620171012922,0.8961298409691136,0.9001470323652153,0.9100823153539902,1.0,0.0227671465659647,0.0666041728434638,0.0297463096571557,0.1056788413154262,0.0844812352096145,1.0,0.249669379451293,0.6107598206390615,24.96693794512931,0.249669379451293,0.6107598206390614,0.0,0.0,1.1102230246251563e-16
trained_support,0.02,0.08,shuffled,100,44,20305675,1,35,0.7107438016528925,349.8464887669749,13.03354415904658,0.9001177490895181,0.2071914008758058,0.0177924926134456,0.205926392213502,0.2099619483870534,0.2079539597850408,0.3548865903393322,0.9148799147157703,0.3571383772115437,0.3500043339240261,0.353536056972407,0.9148799147157703,1.0,0.1987878091119413,0.3774522566711236,0.2610987735717988,0.7187130116911651,0.0,1.0,0.0112409398559121,0.0177924926134456,0.0229125607525218,0.018996778786139,0.0210459383787882,0.9453456045190248,0.9148799147157703,0.8917559310316087,0.9093875810096868,0.9001177490895181,0.9148799147157703,1.0,0.0226648104631578,0.0893942866192902,0.030438941063253,0.1248385450696251,0.0896759795210726,1.0,0.2068826305635112,0.521190032929892,20.68826305635112,0.2068826305635112,0.521190032929892,0.0,0.0,1.1102230246251563e-16
trained_support,0.02,0.08,shuffled,100,45,20306672,1,42,0.6528925619834711,295.76490653499485,7.164631149153512,0.9005753042477362,0.2079123274510745,0.0165230772140304,0.2093905093502683,0.2077419326171836,0.2085678498396712,0.3536096572884888,0.92070519517322,0.3510057946243213,0.3539110519545723,0.3524525593474877,0.92070519517322,1.0,0.1958931765339381,0.3947045400537901,0.2613569343244835,0.7249795964072223,0.0,1.0,0.0128705696329145,0.0165230772140304,0.0216375471741252,0.0202273042909956,0.020944298586883,0.937674084573086,0.92070519517322,0.8974590953494646,0.9038096350564288,0.9005753042477362,0.92070519517322,1.0,0.02257937633521,0.0787639682147576,0.0305232705743799,0.1108283676450516,0.0,1.0,0.2284010671640769,0.5164391089432081,22.84010671640769,0.2284010671640768,0.5164391089432081,0.0,0.0,1.1102230246251563e-16
trained_support,0.02,0.08,shuffled,100,46,20307669,1,52,0.5702479338842975,316.67477199005225,2.2709092547542014,0.9000689897523619,0.1890706927451844,0.0189580506753176,0.1894320047012099,0.190603737308544,0.1900187741791633,0.3885422110497248,0.9095636923753722,0.3878409199712201,0.385575333842446,0.3867047214320589,0.9095636923753722,1.0,0.1752526314195532,0.376619498586049,0.2409721974781272,0.7182544783746981,0.0,1.0,0.0091640596667521,0.0189580506753176,0.0211885477473596,0.0209241677092608,0.021056772663058,1.0,0.9095636923753722,0.899476151741996,0.9006659556660884,0.9000689897523619,0.9095636923753722,1.0,0.0235877447817399,0.0546989324509666,0.0303099945327954,0.0906320156625271,0.0564724413891688,1.0,0.3078332427061414,0.6536241582528497,30.783324270614145,0.3078332427061414,0.6536241582528497,0.0,0.0,1.1102230246251563e-16
trained_support,0.02,0.08,shuffled,100,47,20308666,1,17,0.859504132231405,354.5545293203808,22.71102234012584,0.9009311332610864,0.2191422009521328,0.0159463039493429,0.218263636549674,0.2211699858834633,0.2197216167057528,0.33430183223493,0.9233642181699764,0.335773590902562,0.3309294959660039,0.3333347350493957,0.9233642181699764,1.0,0.2099262571488649,0.3889416091910277,0.2729143568168589,0.7324944276950637,0.0,1.0,0.0134564402290085,0.0159463039493429,0.0216751248588871,0.0200227308056385,0.0208652915934982,0.934931325414916,0.9233642181699764,0.8972904890146907,0.904734585462319,0.9009311332610864,0.9233642181699764,1.0,0.0215836767939774,0.0974370521917786,0.0298731139654526,0.1324436956871775,0.0,1.0,0.2058464445857641,0.4631837574623973,20.58464445857641,0.2058464445857641,0.4631837574623973,0.0,0.0,1.1102230246251563e-16
trained_support,0.02,0.08,shuffled,100,48,20309663,1,41,0.6611570247933884,340.88868397660235,9.491993936941109,0.9003476057913263,0.1983701165482875,0.0179276886871972,0.1999103504209079,0.1984441032550029,0.19917857605939,0.3708896934794785,0.9142616828335012,0.368044379320558,0.3707525143197523,0.3693934730995277,0.9142616828335012,1.0,0.1901722627256222,0.3799114736152192,0.251525233892069,0.735983342513391,0.0,1.0,0.0109262363967811,0.0179276886871972,0.0212242365155431,0.0207629745282099,0.020994872313577,0.9468342931095688,0.9142616828335012,0.8993156600824656,0.9013921543247478,0.9003476057913263,0.9142616828335012,1.0,0.023133966177233,0.0738533588447462,0.0306467984996822,0.1073289068501106,0.0,1.0,0.2401287937738868,0.5842466769263029,24.01287937738868,0.2401287937738868,0.5842466769263029,0.0,0.0,1.1102230246251563e-16
trained_support,0.02,0.08,shuffled,100,49,20310660,1,27,0.7768595041322314,335.5618644638409,15.9725888748698,0.9001704951995512,0.2093102084428063,0.0165416845551358,0.2096447563161037,0.2102804259120348,0.2099628316781154,0.3511467533393733,0.920619539779709,0.3505598673321572,0.349447434871279,0.3500027881489405,0.920619539779709,1.0,0.1965930782708419,0.3970274411029204,0.2622389596670131,0.7210803060788129,0.0,1.0,0.0129927301486272,0.0165416845551358,0.0221708415019106,0.0198325620223531,0.0210342188977072,0.9371015257023948,0.920619539779709,0.8950692337896599,0.9055952559556936,0.9001704951995512,0.920619539779709,1.0,0.0208936331574445,0.0829711902827915,0.0289488608182763,0.1161386996717562,0.0,1.0,0.2113935371189033,0.4822721738805835,21.139353711890337,0.2113935371189033,0.4822721738805835,0.0,0.0,1.1102230246251563e-16
