scenario,agents,step,member,centre,half_width,lower,upper,group_mean_centre,consensus
normal_n10,10,0,0,0.5300041630897001,0.03334330121417516,0.49666086187552494,0.5633474643038753,0.41910751856532064,0.5526468993057203
normal_n10,10,0,1,0.5367951381201785,0.07380164417831801,0.4629934939418605,0.6105967822984966,0.41910751856532064,0.5526468993057203
normal_n10,10,0,2,0.2578900241963945,0.06170691272166906,0.19618311147472545,0.31959693691806357,0.41910751856532064,0.5526468993057203
normal_n10,10,0,3,0.5033918030701372,0.03507357325636188,0.4683182298137753,0.538465376326499,0.41910751856532064,0.5526468993057203
normal_n10,10,0,4,0.44457717599929925,0.06350439294057869,0.38107278305872055,0.5080815689398779,0.41910751856532064,0.5526468993057203
normal_n10,10,0,5,0.4722773595120723,0.030315058012694112,0.44196230149937815,0.5025924175247664,0.41910751856532064,0.5526468993057203
normal_n10,10,0,6,0.5241177295488816,0.039246515631291716,0.48487121391758986,0.5633642451801733,0.41910751856532064,0.5526468993057203
normal_n10,10,0,7,0.29196821062181005,0.045360663790756706,0.24660754683105335,0.33732887441256676,0.41910751856532064,0.5526468993057203
normal_n10,10,0,8,0.19954871190338458,0.06857015617198071,0.13097855573140388,0.2681188680753653,0.41910751856532064,0.5526468993057203
normal_n10,10,0,9,0.4305048695913477,0.06402554972978047,0.36647931986156723,0.4945304193211282,0.41910751856532064,0.5526468993057203
normal_n10,10,1,0,0.4881534194690085,0.03334330121417516,0.4548101182548333,0.5214967206831836,0.4054477196948939,0.6588981932918849
normal_n10,10,1,1,0.48491173321242176,0.07380164417831801,0.41111008903410373,0.5587133773907398,0.4054477196948939,0.6588981932918849
normal_n10,10,1,2,0.2732307427269292,0.06170691272166906,0.21152383000526015,0.33493765544859827,0.4054477196948939,0.6588981932918849
normal_n10,10,1,3,0.46243385487232347,0.03507357325636188,0.42736028161596157,0.49750742812868537,0.4054477196948939,0.6588981932918849
normal_n10,10,1,4,0.4209775841938715,0.06350439294057869,0.3574731912532928,0.4844819771344502,0.4054477196948939,0.6588981932918849
normal_n10,10,1,5,0.4422972141845164,0.030315058012694112,0.41198215617182227,0.4726122721972105,0.4054477196948939,0.6588981932918849
normal_n10,10,1,6,0.47074719823399236,0.039246515631291716,0.43150068260270064,0.509993713865284,0.4054477196948939,0.6588981932918849
normal_n10,10,1,7,0.3198614033584961,0.045360663790756706,0.2745007395677394,0.3652220671492528,0.4054477196948939,0.6588981932918849
normal_n10,10,1,8,0.26521079740341647,0.06857015617198071,0.19664064123143576,0.33378095357539717,0.4054477196948939,0.6588981932918849
normal_n10,10,1,9,0.42665324929396353,0.06402554972978047,0.36262769956418306,0.490678799023744,0.4054477196948939,0.6588981932918849
normal_n10,10,2,0,0.4469496653004921,0.03334330121417516,0.41360636408631696,0.4802929665146673,0.38910525627974096,0.7695490596192306
normal_n10,10,2,1,0.43533329070526633,0.07380164417831801,0.3615316465269483,0.5091349348835843,0.38910525627974096,0.7695490596192306
normal_n10,10,2,2,0.287759193157904,0.06170691272166906,0.22605228043623493,0.34946610587957305,0.38910525627974096,0.7695490596192306
normal_n10,10,2,3,0.42454171288500986,0.03507357325636188,0.38946813962864796,0.45961528614137176,0.38910525627974096,0.7695490596192306
normal_n10,10,2,4,0.3901749900376772,0.06350439294057869,0.3266705970970985,0.4536793829782559,0.38910525627974096,0.7695490596192306
normal_n10,10,2,5,0.41410104487572297,0.030315058012694112,0.38378598686302884,0.4444161028884171,0.38910525627974096,0.7695490596192306
normal_n10,10,2,6,0.4215413802353355,0.039246515631291716,0.38229486460404377,0.4607878958666272,0.38910525627974096,0.7695490596192306
normal_n10,10,2,7,0.34279991833100015,0.045360663790756706,0.29743925454024345,0.38816058212175686,0.38910525627974096,0.7695490596192306
normal_n10,10,2,8,0.32573431227845423,0.06857015617198071,0.25716415610647353,0.39430446845043493,0.38910525627974096,0.7695490596192306
normal_n10,10,2,9,0.40211705499054706,0.06402554972978047,0.3380915052607666,0.46614260472032754,0.38910525627974096,0.7695490596192306
normal_n10,10,3,0,0.40924987114517464,0.03334330121417516,0.37590656993099947,0.4425931723593498,0.37442894833328244,0.8503147702344939
normal_n10,10,3,1,0.3941439131702113,0.07380164417831801,0.3203422689918933,0.46794555734852933,0.37442894833328244,0.8503147702344939
normal_n10,10,3,2,0.3012400164252655,0.06170691272166906,0.23953310370359643,0.36294692914693455,0.37442894833328244,0.8503147702344939
normal_n10,10,3,3,0.3925036602665667,0.03507357325636188,0.3574300870102048,0.4275772335229286,0.37442894833328244,0.8503147702344939
normal_n10,10,3,4,0.37122105958736934,0.06350439294057869,0.30771666664679065,0.43472545252794803,0.37442894833328244,0.8503147702344939
normal_n10,10,3,5,0.3895288334371857,0.030315058012694112,0.35921377542449157,0.4198438914498798,0.37442894833328244,0.8503147702344939
normal_n10,10,3,6,0.3841746598268688,0.039246515631291716,0.3449281441955771,0.42342117545816055,0.37442894833328244,0.8503147702344939
normal_n10,10,3,7,0.35574794575942265,0.045360663790756706,0.31038728196866594,0.40110860955017935,0.37442894833328244,0.8503147702344939
normal_n10,10,3,8,0.36558343599291043,0.06857015617198071,0.29701327982092973,0.43415359216489113,0.37442894833328244,0.8503147702344939
normal_n10,10,3,9,0.38089608772184913,0.06402554972978047,0.31687053799206866,0.4449216374516296,0.37442894833328244,0.8503147702344939
normal_n10,10,4,0,0.3787296669928887,0.03334330121417516,0.3453863657787135,0.41207296820706385,0.36207409934227874,0.8910492238945736
normal_n10,10,4,1,0.36935696994867123,0.07380164417831801,0.2955553257703532,0.44315861412698926,0.36207409934227874,0.8910492238945736
normal_n10,10,4,2,0.31332920336876513,0.06170691272166906,0.25162229064709607,0.3750361160904342,0.36207409934227874,0.8910492238945736
normal_n10,10,4,3,0.3693772466543248,0.03507357325636188,0.3343036733979629,0.4044508199106867,0.36207409934227874,0.8910492238945736
normal_n10,10,4,4,0.361608690266062,0.06350439294057869,0.2981042973254833,0.4251130832066407,0.36207409934227874,0.8910492238945736
normal_n10,10,4,5,0.3711786666963352,0.030315058012694112,0.3408636086836411,0.40149372470902933,0.36207409934227874,0.8910492238945736
normal_n10,10,4,6,0.3641583783925648,0.039246515631291716,0.3249118627612731,0.40340489402385654,0.36207409934227874,0.8910492238945736
normal_n10,10,4,7,0.3598562784807845,0.045360663790756706,0.3144956146900278,0.4052169422715412,0.36207409934227874,0.8910492238945736
normal_n10,10,4,8,0.3665411482142223,0.06857015617198071,0.2979709920422416,0.435111304386203,0.36207409934227874,0.8910492238945736
normal_n10,10,4,9,0.3666047444081685,0.06402554972978047,0.302579194678388,0.43063029413794895,0.36207409934227874,0.8910492238945736
normal_n10,10,5,0,0.35942244028464343,0.03334330121417516,0.32607913907046826,0.3927657414988186,0.3555156749346149,0.9104834494893904
normal_n10,10,5,1,0.35915964338793516,0.07380164417831801,0.28535799920961713,0.4329612875662532,0.3555156749346149,0.9104834494893904
normal_n10,10,5,2,0.32446004737802314,0.06170691272166906,0.2627531346563541,0.3861669600996922,0.3555156749346149,0.9104834494893904
normal_n10,10,5,3,0.35673623960678813,0.03507357325636188,0.32166266635042623,0.39180981286315003,0.3555156749346149,0.9104834494893904
normal_n10,10,5,4,0.35816831259860055,0.06350439294057869,0.29466391965802186,0.42167270553917924,0.3555156749346149,0.9104834494893904
normal_n10,10,5,5,0.3605188175506592,0.030315058012694112,0.33020375953796505,0.3908338755633533,0.3555156749346149,0.9104834494893904
normal_n10,10,5,6,0.35696467200179516,0.039246515631291716,0.31771815637050344,0.3962111876330869,0.3555156749346149,0.9104834494893904
normal_n10,10,5,7,0.3598164483056953,0.045360663790756706,0.3144557845149386,0.405177112096452,0.3555156749346149,0.9104834494893904
normal_n10,10,5,8,0.36073449441024774,0.06857015617198071,0.29216433823826704,0.42930465058222844,0.3555156749346149,0.9104834494893904
normal_n10,10,5,9,0.3591756338217607,0.06402554972978047,0.29515008409198024,0.4232011835515412,0.3555156749346149,0.9104834494893904
normal_n40,40,0,0,0.8585653100943151,0.03193350779327067,0.8266318023010445,0.8904988178875858,0.4926768962252619,0.3418488716596559
normal_n40,40,0,1,0.8409399769303334,0.03122360069475941,0.809716376235574,0.8721635776250928,0.4926768962252619,0.3418488716596559
normal_n40,40,0,2,0.14973837188434205,0.024289447802728046,0.125448924081614,0.1740278196870701,0.4926768962252619,0.3418488716596559
normal_n40,40,0,3,0.4569393657378987,0.021386931489525605,0.4355524342483731,0.47832629722742426,0.4926768962252619,0.3418488716596559
normal_n40,40,0,4,0.4136758103075925,0.030188553279659032,0.38348725702793346,0.4438643635872515,0.4926768962252619,0.3418488716596559
normal_n40,40,0,5,0.24858277475137208,0.04897075039450903,0.19961202435686304,0.2975535251458811,0.4926768962252619,0.3418488716596559
normal_n40,40,0,6,0.3087900916066927,0.049004377647997505,0.2597857139586952,0.35779446925469016,0.4926768962252619,0.3418488716596559
normal_n40,40,0,7,0.40351328736460557,0.06826994355021869,0.33524334381438686,0.47178323091482427,0.4926768962252619,0.3418488716596559
normal_n40,40,0,8,0.3340441860392909,0.022541069949489054,0.31150311608980186,0.35658525598878,0.4926768962252619,0.3418488716596559
normal_n40,40,0,9,0.30549191202272163,0.0720948470248579,0.23339706499786372,0.37758675904757955,0.4926768962252619,0.3418488716596559
normal_n40,40,0,10,0.49526945544761347,0.047766882546592976,0.44750257290102047,0.5430363379942065,0.4926768962252619,0.3418488716596559
normal_n40,40,0,11,0.3193553585397162,0.04112602081682946,0.2782293377228867,0.3604813793565457,0.4926768962252619,0.3418488716596559
normal_n40,40,0,12,0.24201352837501866,0.024660439404663656,0.217353088970355,0.26667396777968233,0.4926768962252619,0.3418488716596559
normal_n40,40,0,13,0.7385969791408137,0.04560201437840383,0.6929949647624098,0.7841989935192175,0.4926768962252619,0.3418488716596559
normal_n40,40,0,14,0.7603785862747796,0.04849399063333336,0.7118845956414462,0.808872576908113,0.4926768962252619,0.3418488716596559
normal_n40,40,0,15,0.7060024163536333,0.07473028902555445,0.6312721273280788,0.7807327053791877,0.4926768962252619,0.3418488716596559
normal_n40,40,0,16,0.22996771873845184,0.03457344239328123,0.19539427634517062,0.2645411611317331,0.4926768962252619,0.3418488716596559
normal_n40,40,0,17,0.16448703431177097,0.047587575475238,0.11689945883653297,0.21207460978700898,0.4926768962252619,0.3418488716596559
normal_n40,40,0,18,0.6637702681531062,0.047357844199548416,0.6164124239535578,0.7111281123526547,0.4926768962252619,0.3418488716596559
normal_n40,40,0,19,0.556866088854181,0.03155986874830975,0.5253062201058712,0.5884259576024907,0.4926768962252619,0.3418488716596559
normal_n40,40,0,20,0.3859932826497673,0.07427492065828252,0.3117183619914848,0.4602682033080498,0.4926768962252619,0.3418488716596559
normal_n40,40,0,21,0.39841069671236634,0.02348150514295154,0.3749291915694148,0.4218922018553179,0.4926768962252619,0.3418488716596559
normal_n40,40,0,22,0.2511854254625511,0.05470963790938106,0.19647578755317008,0.3058950633719322,0.4926768962252619,0.3418488716596559
normal_n40,40,0,23,0.8376527872322503,0.0241729846670712,0.8134798025651792,0.8618257718993215,0.4926768962252619,0.3418488716596559
normal_n40,40,0,24,0.3995909546825555,0.043400000338571096,0.3561909543439844,0.4429909550211266,0.4926768962252619,0.3418488716596559
normal_n40,40,0,25,0.18076951969420105,0.04744275388989283,0.13332676580430822,0.22821227358409388,0.4926768962252619,0.3418488716596559
normal_n40,40,0,26,0.7824023845261581,0.05145891484231717,0.7309434696838409,0.8338612993684752,0.4926768962252619,0.3418488716596559
normal_n40,40,0,27,0.41738655264426916,0.02497855242542657,0.3924080002188426,0.44236510506969573,0.4926768962252619,0.3418488716596559
normal_n40,40,0,28,0.5945162132185215,0.06262990660749045,0.5318863066110311,0.657146119826012,0.4926768962252619,0.3418488716596559
normal_n40,40,0,29,0.5034606829372735,0.029390556654202663,0.4740701262830709,0.5328512395914762,0.4926768962252619,0.3418488716596559
normal_n40,40,0,30,0.35194106375903744,0.050152863269020354,0.3017882004900171,0.4020939270280578,0.4926768962252619,0.3418488716596559
normal_n40,40,0,31,0.6569919439437109,0.062175769515668666,0.5948161744280422,0.7191677134593795,0.4926768962252619,0.3418488716596559
normal_n40,40,0,32,0.4995772019720483,0.0666427553558837,0.4329344466161646,0.566219957327932,0.4926768962252619,0.3418488716596559
normal_n40,40,0,33,0.6250515701908811,0.039468313760195085,0.585583256430686,0.6645198839510762,0.4926768962252619,0.3418488716596559
normal_n40,40,0,34,0.7659143507263688,0.04902796050218577,0.7168863902241831,0.8149423112285545,0.4926768962252619,0.3418488716596559
normal_n40,40,0,35,0.7593098090846117,0.027230285435898283,0.7320795236487134,0.7865400945205099,0.4926768962252619,0.3418488716596559
normal_n40,40,0,36,0.8693795200254342,0.022683533388502458,0.8466959866369317,0.8920630534139367,0.4926768962252619,0.3418488716596559
normal_n40,40,0,37,0.28430395025989874,0.025012416446619817,0.2592915338132789,0.3093163667065186,0.4926768962252619,0.3418488716596559
normal_n40,40,0,38,0.5447822114212906,0.06944377353828764,0.47533843788300295,0.6142259849595783,0.4926768962252619,0.3418488716596559
normal_n40,40,0,39,0.4014672069390303,0.06446078877924838,0.33700641815978194,0.4659279957182787,0.4926768962252619,0.3418488716596559
normal_n40,40,1,0,0.8243902214636479,0.03193350779327067,0.7924567136703773,0.8563237292569186,0.49737274806975174,0.40359837020855777
normal_n40,40,1,1,0.7937536582354119,0.03122360069475941,0.7625300575406525,0.8249772589301713,0.49737274806975174,0.40359837020855777
normal_n40,40,1,2,0.16875801119790695,0.024289447802728046,0.1444685633951789,0.193047459000635,0.49737274806975174,0.40359837020855777
normal_n40,40,1,3,0.46236568275635875,0.021386931489525605,0.44097875126683317,0.48375261424588434,0.49737274806975174,0.40359837020855777
normal_n40,40,1,4,0.4281736146253542,0.030188553279659032,0.39798506134569517,0.4583621679050132,0.49737274806975174,0.40359837020855777
normal_n40,40,1,5,0.31671806818920456,0.04897075039450903,0.2677473177946955,0.3656888185837136,0.49737274806975174,0.40359837020855777
normal_n40,40,1,6,0.38537345068957063,0.049004377647997505,0.33636907304157315,0.4343778283375681,0.49737274806975174,0.40359837020855777
normal_n40,40,1,7,0.4344276148319693,0.06826994355021869,0.3661576712817506,0.502697558382188,0.49737274806975174,0.40359837020855777
normal_n40,40,1,8,0.34998952810172734,0.022541069949489054,0.3274484581522383,0.3725305980512164,0.49737274806975174,0.40359837020855777
normal_n40,40,1,9,0.3169869001828398,0.0720948470248579,0.2448920531579819,0.3890817472076977,0.49737274806975174,0.40359837020855777
normal_n40,40,1,10,0.5039203443113861,0.047766882546592976,0.4561534617647931,0.5516872268579791,0.49737274806975174,0.40359837020855777
normal_n40,40,1,11,0.3407540996114189,0.04112602081682946,0.2996280787945894,0.38188012042824837,0.49737274806975174,0.40359837020855777
normal_n40,40,1,12,0.2967237452208526,0.024660439404663656,0.2720633058161889,0.32138418462551627,0.49737274806975174,0.40359837020855777
normal_n40,40,1,13,0.7291802062072444,0.04560201437840383,0.6835781918288406,0.7747822205856483,0.49737274806975174,0.40359837020855777
normal_n40,40,1,14,0.6793532784863774,0.04849399063333336,0.630859287853044,0.7278472691197108,0.49737274806975174,0.40359837020855777
normal_n40,40,1,15,0.6861771903190886,0.07473028902555445,0.6114469012935342,0.7609074793446431,0.49737274806975174,0.40359837020855777
normal_n40,40,1,16,0.2574778106589122,0.03457344239328123,0.22290436826563095,0.2920512530521934,0.49737274806975174,0.40359837020855777
normal_n40,40,1,17,0.22626183137655714,0.047587575475238,0.17867425590131913,0.27384940685179515,0.49737274806975174,0.40359837020855777
normal_n40,40,1,18,0.6367855947852243,0.047357844199548416,0.589427750585676,0.6841434389847727,0.49737274806975174,0.40359837020855777
normal_n40,40,1,19,0.5208569774126579,0.03155986874830975,0.48929710866434817,0.5524168461609676,0.49737274806975174,0.40359837020855777
normal_n40,40,1,20,0.39449700090588147,0.07427492065828252,0.32022208024759896,0.468771921564164,0.49737274806975174,0.40359837020855777
normal_n40,40,1,21,0.43635113358771305,0.02348150514295154,0.4128696284447615,0.4598326387306646,0.49737274806975174,0.40359837020855777
normal_n40,40,1,22,0.2715812413060815,0.05470963790938106,0.21687160339670047,0.32629087921546257,0.49737274806975174,0.40359837020855777
normal_n40,40,1,23,0.7747935451753508,0.0241729846670712,0.7506205605082796,0.798966529842422,0.49737274806975174,0.40359837020855777
normal_n40,40,1,24,0.4316211694797652,0.043400000338571096,0.3882211691411941,0.4750211698183363,0.49737274806975174,0.40359837020855777
normal_n40,40,1,25,0.26213128315925455,0.04744275388989283,0.21468852926936172,0.3095740370491474,0.49737274806975174,0.40359837020855777
normal_n40,40,1,26,0.7401714373935855,0.05145891484231717,0.6887125225512684,0.7916303522359026,0.49737274806975174,0.40359837020855777
normal_n40,40,1,27,0.46064839812227826,0.02497855242542657,0.4356698456968517,0.4856269505477048,0.49737274806975174,0.40359837020855777
normal_n40,40,1,28,0.5628305692499123,0.06262990660749045,0.5002006626424218,0.6254604758574027,0.49737274806975174,0.40359837020855777
normal_n40,40,1,29,0.5044494445016707,0.029390556654202663,0.4750588878474681,0.5338400011558734,0.49737274806975174,0.40359837020855777
normal_n40,40,1,30,0.41497921317644826,0.050152863269020354,0.3648263499074279,0.4651320764454686,0.49737274806975174,0.40359837020855777
normal_n40,40,1,31,0.5850294756220612,0.062175769515668666,0.5228537061063925,0.6472052451377299,0.49737274806975174,0.40359837020855777
normal_n40,40,1,32,0.5032903870545513,0.0666427553558837,0.4366476316986676,0.569933142410435,0.49737274806975174,0.40359837020855777
normal_n40,40,1,33,0.6121821789118503,0.039468313760195085,0.5727138651516552,0.6516504926720454,0.49737274806975174,0.40359837020855777
normal_n40,40,1,34,0.7488815477933901,0.04902796050218577,0.6998535872912044,0.7979095082955758,0.49737274806975174,0.40359837020855777
normal_n40,40,1,35,0.6805605374967783,0.027230285435898283,0.6533302520608799,0.7077908229326766,0.49737274806975174,0.40359837020855777
normal_n40,40,1,36,0.859331367895059,0.022683533388502458,0.8366478345065566,0.8820149012835615,0.49737274806975174,0.40359837020855777
normal_n40,40,1,37,0.3322271255160216,0.025012416446619817,0.3072147090694018,0.35723954196264146,0.49737274806975174,0.40359837020855777
normal_n40,40,1,38,0.5347857331047906,0.06944377353828764,0.465341959566503,0.6042295066430783,0.49737274806975174,0.40359837020855777
normal_n40,40,1,39,0.42613930467391703,0.06446078877924838,0.36167851589466865,0.4906000934531654,0.49737274806975174,0.40359837020855777
normal_n40,40,2,0,0.7908579435837816,0.03193350779327067,0.7589244357905109,0.8227914513770522,0.5019744605823654,0.46493890611380284
normal_n40,40,2,1,0.7477963626100419,0.03122360069475941,0.7165727619152825,0.7790199633048013,0.5019744605823654,0.46493890611380284
normal_n40,40,2,2,0.18779051140104,0.024289447802728046,0.16350106359831196,0.21207995920376804,0.5019744605823654,0.46493890611380284
normal_n40,40,2,3,0.4707468574151038,0.021386931489525605,0.4493599259255782,0.4921337889046294,0.5019744605823654,0.46493890611380284
normal_n40,40,2,4,0.4451085921174594,0.030188553279659032,0.4149200388378004,0.4752971453971184,0.5019744605823654,0.46493890611380284
normal_n40,40,2,5,0.3809627577683736,0.04897075039450903,0.3319920073738646,0.42993350816288267,0.5019744605823654,0.46493890611380284
normal_n40,40,2,6,0.4530870085887293,0.049004377647997505,0.4040826309407318,0.5020913862367268,0.5019744605823654,0.46493890611380284
normal_n40,40,2,7,0.46641645242886914,0.06826994355021869,0.39814650887865044,0.5346863959790878,0.5019744605823654,0.46493890611380284
normal_n40,40,2,8,0.3661751464196182,0.022541069949489054,0.3436340764701291,0.38871621636910725,0.5019744605823654,0.46493890611380284
normal_n40,40,2,9,0.32863401245070534,0.0720948470248579,0.2565391654258474,0.40072885947556325,0.5019744605823654,0.46493890611380284
normal_n40,40,2,10,0.5022870327674115,0.047766882546592976,0.4545201502208185,0.5500539153140045,0.5019744605823654,0.46493890611380284
normal_n40,40,2,11,0.36216702109225585,0.04112602081682946,0.32104100027542637,0.4032930419090853,0.5019744605823654,0.46493890611380284
normal_n40,40,2,12,0.3495691238090667,0.024660439404663656,0.324908684404403,0.37422956321373035,0.5019744605823654,0.46493890611380284
normal_n40,40,2,13,0.7199616507941964,0.04560201437840383,0.6743596364157926,0.7655636651726002,0.5019744605823654,0.46493890611380284
normal_n40,40,2,14,0.6042461952794191,0.04849399063333336,0.5557522046460858,0.6527401859127525,0.5019744605823654,0.46493890611380284
normal_n40,40,2,15,0.6669430641629799,0.07473028902555445,0.5922127751374254,0.7416733531885343,0.5019744605823654,0.46493890611380284
normal_n40,40,2,16,0.28483635155638826,0.03457344239328123,0.250262909163107,0.3194097939496695,0.5019744605823654,0.46493890611380284
normal_n40,40,2,17,0.2868672265853014,0.047587575475238,0.23927965111006338,0.3344548020605394,0.5019744605823654,0.46493890611380284
normal_n40,40,2,18,0.6107661018098389,0.047357844199548416,0.5634082576102906,0.6581239460093873,0.5019744605823654,0.46493890611380284
normal_n40,40,2,19,0.49837704522263876,0.03155986874830975,0.466817176474329,0.5299369139709486,0.5019744605823654,0.46493890611380284
normal_n40,40,2,20,0.4037657929443912,0.07427492065828252,0.3294908722861087,0.4780407136026737,0.5019744605823654,0.46493890611380284
normal_n40,40,2,21,0.47369341521867014,0.02348150514295154,0.4502119100757186,0.4971749203616217,0.5019744605823654,0.46493890611380284
normal_n40,40,2,22,0.2919646086019339,0.05470963790938106,0.23725497069255286,0.34667424651131495,0.5019744605823654,0.46493890611380284
normal_n40,40,2,23,0.7140564813862925,0.0241729846670712,0.6898834967192213,0.7382294660533637,0.5019744605823654,0.46493890611380284
normal_n40,40,2,24,0.4643865515796438,0.043400000338571096,0.4209865512410727,0.5077865519182149,0.5019744605823654,0.46493890611380284
normal_n40,40,2,25,0.34013292288724567,0.04744275388989283,0.29269016899735284,0.3875756767771385,0.5019744605823654,0.46493890611380284
normal_n40,40,2,26,0.6994434956477583,0.05145891484231717,0.6479845808054412,0.7509024104900754,0.5019744605823654,0.46493890611380284
normal_n40,40,2,27,0.4987377707239849,0.02497855242542657,0.4737592182985583,0.5237163231494115,0.5019744605823654,0.46493890611380284
normal_n40,40,2,28,0.5306399211159625,0.06262990660749045,0.468010014508472,0.5932698277234529,0.5019744605823654,0.46493890611380284
normal_n40,40,2,29,0.5039880555189068,0.029390556654202663,0.47459749886470415,0.5333786121731094,0.5019744605823654,0.46493890611380284
normal_n40,40,2,30,0.4702538120802134,0.050152863269020354,0.42010094881119303,0.5204066753492338,0.5019744605823654,0.46493890611380284
normal_n40,40,2,31,0.5223649553147504,0.062175769515668666,0.4601891857990817,0.5845407248304191,0.5019744605823654,0.46493890611380284
normal_n40,40,2,32,0.5022166302069455,0.0666427553558837,0.4355738748510618,0.5688593855628292,0.5019744605823654,0.46493890611380284
normal_n40,40,2,33,0.5989741152788789,0.039468313760195085,0.5595058015186838,0.638442429039074,0.5019744605823654,0.46493890611380284
normal_n40,40,2,34,0.732243025295809,0.04902796050218577,0.6832150647936233,0.7812709857979947,0.5019744605823654,0.46493890611380284
normal_n40,40,2,35,0.6075421883190455,0.027230285435898283,0.5803119028831472,0.6347724737549438,0.5019744605823654,0.46493890611380284
normal_n40,40,2,36,0.8493879941994934,0.022683533388502458,0.8267044608109909,0.8720715275879959,0.5019744605823654,0.46493890611380284
normal_n40,40,2,37,0.37826503172778797,0.025012416446619817,0.35325261528116814,0.4032774481744078,0.5019744605823654,0.46493890611380284
normal_n40,40,2,38,0.5208768799181035,0.06944377353828764,0.4514331063798159,0.5903206534563912,0.5019744605823654,0.46493890611380284
normal_n40,40,2,39,0.4524483174655785,0.06446078877924838,0.38798752868633013,0.5169091062448269,0.5019744605823654,0.46493890611380284
normal_n40,40,3,0,0.7575438267611997,0.03193350779327067,0.725610318967929,0.7894773345544703,0.5047475720746988,0.5205301170549802
normal_n40,40,3,1,0.7025161852817053,0.03122360069475941,0.671292584586946,0.7337397859764647,0.5047475720746988,0.5205301170549802
normal_n40,40,3,2,0.20691031474653437,0.024289447802728046,0.18262086694380633,0.23119976254926242,0.5047475720746988,0.5205301170549802
normal_n40,40,3,3,0.47734517574529567,0.021386931489525605,0.4559582442557701,0.49873210723482125,0.5047475720746988,0.5205301170549802
normal_n40,40,3,4,0.46121819853191426,0.030188553279659032,0.43102964525225523,0.4914067518115733,0.5047475720746988,0.5205301170549802
normal_n40,40,3,5,0.4407347943077525,0.04897075039450903,0.39176404391324343,0.4897055447022615,0.5047475720746988,0.5205301170549802
normal_n40,40,3,6,0.5041241835807253,0.049004377647997505,0.45511980593272783,0.5531285612287228,0.5047475720746988,0.5205301170549802
normal_n40,40,3,7,0.48805648947595826,0.06826994355021869,0.41978654592573955,0.5563264330261769,0.5047475720746988,0.5205301170549802
normal_n40,40,3,8,0.3825992673550077,0.022541069949489054,0.36005819740551864,0.4051403373044968,0.5047475720746988,0.5205301170549802
normal_n40,40,3,9,0.3405446364164819,0.0720948470248579,0.268449789391624,0.4126394834413398,0.5047475720746988,0.5205301170549802
normal_n40,40,3,10,0.49308182190711086,0.047766882546592976,0.4453149393605179,0.5408487044537038,0.5047475720746988,0.5205301170549802
normal_n40,40,3,11,0.38372318058740684,0.04112602081682946,0.34259715977057736,0.4248492014042363,0.5047475720746988,0.5205301170549802
normal_n40,40,3,12,0.4007939963651537,0.024660439404663656,0.37613355696049006,0.4254544357698174,0.5047475720746988,0.5205301170549802
normal_n40,40,3,13,0.710688295086761,0.04560201437840383,0.6650862807083572,0.7562903094651648,0.5047475720746988,0.5205301170549802
normal_n40,40,3,14,0.5346157374595588,0.04849399063333336,0.48612174682622544,0.5831097280928922,0.5047475720746988,0.5205301170549802
normal_n40,40,3,15,0.6477587363469888,0.07473028902555445,0.5730284473214343,0.7224890253725432,0.5047475720746988,0.5205301170549802
normal_n40,40,3,16,0.3123239277652773,0.03457344239328123,0.27775048537199604,0.34689737015855854,0.5047475720746988,0.5205301170549802
normal_n40,40,3,17,0.34646499426658767,0.047587575475238,0.29887741879134966,0.3940525697418257,0.5047475720746988,0.5205301170549802
normal_n40,40,3,18,0.5851256071087004,0.047357844199548416,0.537767762909152,0.6324834513082489,0.5047475720746988,0.5205301170549802
normal_n40,40,3,19,0.49543852302203323,0.03155986874830975,0.4638786542737235,0.526998391770343,0.5047475720746988,0.5205301170549802
normal_n40,40,3,20,0.4132654274868414,0.07427492065828252,0.3389905068285589,0.4875403481451239,0.5047475720746988,0.5205301170549802
normal_n40,40,3,21,0.4946293339115171,0.02348150514295154,0.47114782876856554,0.5181108390544686,0.5047475720746988,0.5205301170549802
normal_n40,40,3,22,0.3125584452905931,0.05470963790938106,0.2578488073812121,0.36726808319997417,0.5047475720746988,0.5205301170549802
normal_n40,40,3,23,0.6549556297506967,0.0241729846670712,0.6307826450836255,0.6791286144177678,0.5047475720746988,0.5205301170549802
normal_n40,40,3,24,0.48799909014231213,0.043400000338571096,0.444599089803741,0.5313990904808832,0.5047475720746988,0.5205301170549802
normal_n40,40,3,25,0.4136590711394439,0.04744275388989283,0.36621631724955106,0.4611018250293367,0.5047475720746988,0.5205301170549802
normal_n40,40,3,26,0.6593944848136962,0.05145891484231717,0.6079355699713791,0.7108533996560134,0.5047475720746988,0.5205301170549802
normal_n40,40,3,27,0.49425618213533123,0.02497855242542657,0.46927762970990466,0.5192347345607577,0.5047475720746988,0.5205301170549802
normal_n40,40,3,28,0.5045027902263493,0.06262990660749045,0.4418728836188588,0.5671326968338397,0.5047475720746988,0.5205301170549802
normal_n40,40,3,29,0.5008967321059128,0.029390556654202663,0.47150617545171014,0.5302872887601154,0.5047475720746988,0.5205301170549802
normal_n40,40,3,30,0.5026006868234271,0.050152863269020354,0.4524478235544067,0.5527535500924474,0.5047475720746988,0.5205301170549802
normal_n40,40,3,31,0.49757258097114265,0.062175769515668666,0.435396811455474,0.5597483504868113,0.5047475720746988,0.5205301170549802
normal_n40,40,3,32,0.49527236401226443,0.0666427553558837,0.4286296086563807,0.5619151193681481,0.5047475720746988,0.5205301170549802
normal_n40,40,3,33,0.5856762614126294,0.039468313760195085,0.5462079476524343,0.6251445751728245,0.5047475720746988,0.5205301170549802
normal_n40,40,3,34,0.7155944177424063,0.04902796050218577,0.6665664572402206,0.764622378244592,0.5047475720746988,0.5205301170549802
normal_n40,40,3,35,0.5396892297591014,0.027230285435898283,0.512458944323203,0.5669195151949997,0.5047475720746988,0.5205301170549802
normal_n40,40,3,36,0.8394305599529279,0.022683533388502458,0.8167470265644254,0.8621140933414304,0.5047475720746988,0.5205301170549802
normal_n40,40,3,37,0.42258154664947667,0.025012416446619817,0.39756913020285684,0.4475939630960965,0.5047475720746988,0.5205301170549802
normal_n40,40,3,38,0.5085847450428284,0.06944377353828764,0.43914097150454073,0.578028518581116,0.5047475720746988,0.5205301170549802
normal_n40,40,3,39,0.4751754115009007,0.06446078877924838,0.4107146227216523,0.5396362002801491,0.5047475720746988,0.5205301170549802
normal_n40,40,4,0,0.7244212556913937,0.03193350779327067,0.6924877478981231,0.7563547634846643,0.5034987217255591,0.5666291328689491
normal_n40,40,4,1,0.6579414841762596,0.03122360069475941,0.6267178834815003,0.689165084871019,0.5034987217255591,0.5666291328689491
normal_n40,40,4,2,0.22603749899247097,0.024289447802728046,0.20174805118974293,0.250326946795199,0.5034987217255591,0.5666291328689491
normal_n40,40,4,3,0.48156062270871963,0.021386931489525605,0.46017369121919405,0.5029475541982452,0.5034987217255591,0.5666291328689491
normal_n40,40,4,4,0.4739163540142756,0.030188553279659032,0.4437278007346166,0.5041049072939346,0.5034987217255591,0.5666291328689491
normal_n40,40,4,5,0.49053474892570126,0.04897075039450903,0.4415639985311922,0.5395054993202103,0.5034987217255591,0.5666291328689491
normal_n40,40,4,6,0.48725980003328245,0.049004377647997505,0.4382554223852849,0.53626417768128,0.5034987217255591,0.5666291328689491
normal_n40,40,4,7,0.491470443164572,0.06826994355021869,0.4232004996143533,0.5597403867147906,0.5034987217255591,0.5666291328689491
normal_n40,40,4,8,0.3988920391911252,0.022541069949489054,0.37635096924163614,0.42143310914061427,0.5034987217255591,0.5666291328689491
normal_n40,40,4,9,0.35250645506567896,0.0720948470248579,0.28041160804082105,0.42460130209053687,0.5034987217255591,0.5666291328689491
normal_n40,40,4,10,0.48926007179969866,0.047766882546592976,0.44149318925310566,0.5370269543462917,0.5034987217255591,0.5666291328689491
normal_n40,40,4,11,0.4049087042710786,0.04112602081682946,0.36378268345424913,0.4460347250879081,0.5034987217255591,0.5666291328689491
normal_n40,40,4,12,0.44817285444008476,0.024660439404663656,0.4235124150354211,0.4728332938447484,0.5034987217255591,0.5666291328689491
normal_n40,40,4,13,0.7013564402954836,0.04560201437840383,0.6557544259170798,0.7469584546738874,0.5034987217255591,0.5666291328689491
normal_n40,40,4,14,0.4806367009662479,0.04849399063333336,0.4321427103329145,0.5291306915995813,0.5034987217255591,0.5666291328689491
normal_n40,40,4,15,0.6285949472578395,0.07473028902555445,0.553864658232285,0.7033252362833939,0.5034987217255591,0.5666291328689491
normal_n40,40,4,16,0.33958629255729705,0.03457344239328123,0.3050128501640158,0.3741597349505783,0.5034987217255591,0.5666291328689491
normal_n40,40,4,17,0.4035093830131058,0.047587575475238,0.3559218075378678,0.4510969584883438,0.5034987217255591,0.5666291328689491
normal_n40,40,4,18,0.5598551128202144,0.047357844199548416,0.5124972686206659,0.6072129570197629,0.5034987217255591,0.5666291328689491
normal_n40,40,4,19,0.4883422815702531,0.03155986874830975,0.4567824128219434,0.5199021503185629,0.5034987217255591,0.5666291328689491
normal_n40,40,4,20,0.4228051002972902,0.07427492065828252,0.3485301796390077,0.4970800209555727,0.5034987217255591,0.5666291328689491
normal_n40,40,4,21,0.4932696351802666,0.02348150514295154,0.46978813003731507,0.5167511403232181,0.5034987217255591,0.5666291328689491
normal_n40,40,4,22,0.3330861122875137,0.05470963790938106,0.2783764743781327,0.3877957501968948,0.5034987217255591,0.5666291328689491
normal_n40,40,4,23,0.597782344656172,0.0241729846670712,0.5736093599891008,0.6219553293232432,0.5034987217255591,0.5666291328689491
normal_n40,40,4,24,0.49236128797871914,0.043400000338571096,0.44896128764014803,0.5357612883172902,0.5034987217255591,0.5666291328689491
normal_n40,40,4,25,0.47785320609030846,0.04744275388989283,0.4304104522004156,0.5252959599802013,0.5034987217255591,0.5666291328689491
normal_n40,40,4,26,0.6200827716076701,0.05145891484231717,0.568623856765353,0.6715416864499872,0.5034987217255591,0.5666291328689491
normal_n40,40,4,27,0.4911653415896555,0.02497855242542657,0.46618678916422895,0.5161438940150821,0.5034987217255591,0.5666291328689491
normal_n40,40,4,28,0.48840901057641617,0.06262990660749045,0.4257791039689257,0.5510389171839066,0.5034987217255591,0.5666291328689491
normal_n40,40,4,29,0.49663702757580824,0.029390556654202663,0.4672464709216056,0.526027584230011,0.5034987217255591,0.5666291328689491
normal_n40,40,4,30,0.4888986167138133,0.050152863269020354,0.43874575344479294,0.5390514799828336,0.5034987217255591,0.5666291328689491
normal_n40,40,4,31,0.48949781288844074,0.062175769515668666,0.4273220433727721,0.5516735824041095,0.5034987217255591,0.5666291328689491
normal_n40,40,4,32,0.4897496571950219,0.0666427553558837,0.4231069018391382,0.5563924125509055,0.5034987217255591,0.5666291328689491
normal_n40,40,4,33,0.5723119947461243,0.039468313760195085,0.5328436809859292,0.6117803085063194,0.5034987217255591,0.5666291328689491
normal_n40,40,4,34,0.6989210214047243,0.04902796050218577,0.6498930609025386,0.7479489819069101,0.5034987217255591,0.5666291328689491
normal_n40,40,4,35,0.4820075543968365,0.027230285435898283,0.45477726896093823,0.5092378398327349,0.5034987217255591,0.5666291328689491
normal_n40,40,4,36,0.829449053244415,0.022683533388502458,0.8067655198559125,0.8521325866329175,0.5034987217255591,0.5666291328689491
normal_n40,40,4,37,0.4628123141313386,0.025012416446619817,0.4377998976847188,0.48782473057795844,0.5034987217255591,0.5666291328689491
normal_n40,40,4,38,0.49757217485473465,0.06944377353828764,0.428128401316447,0.5670159483930223,0.5034987217255591,0.5666291328689491
normal_n40,40,4,39,0.4865133406523094,0.06446078877924838,0.422052551873061,0.5509741294315578,0.5034987217255591,0.5666291328689491
normal_n40,40,5,0,0.6915708135597604,0.03193350779327067,0.6596373057664897,0.723504321353031,0.5027706864245364,0.6051035869805083
normal_n40,40,5,1,0.6142853922915158,0.03122360069475941,0.5830617915967564,0.6455089929862752,0.5027706864245364,0.6051035869805083
normal_n40,40,5,2,0.245132003890613,0.024289447802728046,0.22084255608788494,0.26942145169334103,0.5027706864245364,0.6051035869805083
normal_n40,40,5,3,0.4838919199331208,0.021386931489525605,0.4625049884435952,0.5052788514226464,0.5027706864245364,0.6051035869805083
normal_n40,40,5,4,0.4810622601234943,0.030188553279659032,0.45087370684383526,0.5112508134031534,0.5027706864245364,0.6051035869805083
normal_n40,40,5,5,0.49542147773113976,0.04897075039450903,0.4464507273366307,0.5443922281256488,0.5027706864245364,0.6051035869805083
normal_n40,40,5,6,0.4904314586566476,0.049004377647997505,0.44142708100865014,0.5394358363046451,0.5027706864245364,0.6051035869805083
normal_n40,40,5,7,0.4886082847314223,0.06826994355021869,0.4203383411812036,0.556878228281641,0.5027706864245364,0.6051035869805083
normal_n40,40,5,8,0.4148676422814995,0.022541069949489054,0.39232657233201046,0.4374087122309886,0.5027706864245364,0.6051035869805083
normal_n40,40,5,9,0.36443905108703184,0.0720948470248579,0.29234420406217393,0.43653389811188975,0.5027706864245364,0.6051035869805083
normal_n40,40,5,10,0.48524161508850955,0.047766882546592976,0.4374747325419166,0.5330084976351025,0.5027706864245364,0.6051035869805083
normal_n40,40,5,11,0.4253772256293448,0.04112602081682946,0.38425120481251535,0.4665032464461743,0.5027706864245364,0.6051035869805083
normal_n40,40,5,12,0.48578902875404073,0.024660439404663656,0.46112858934937706,0.5104494681587044,0.5027706864245364,0.6051035869805083
normal_n40,40,5,13,0.6919905178342511,0.04560201437840383,0.6463885034558473,0.737592532212655,0.5027706864245364,0.6051035869805083
normal_n40,40,5,14,0.48287498559999853,0.04849399063333336,0.43438099496666516,0.5313689762333319,0.5027706864245364,0.6051035869805083
normal_n40,40,5,15,0.6095153759689963,0.07473028902555445,0.5347850869434418,0.6842456649945508,0.5027706864245364,0.6051035869805083
normal_n40,40,5,16,0.36638174798396883,0.03457344239328123,0.3318083055906876,0.4009551903772501,0.5027706864245364,0.6051035869805083
normal_n40,40,5,17,0.45533949795055473,0.047587575475238,0.4077519224753167,0.5029270734257927,0.5027706864245364,0.6051035869805083
normal_n40,40,5,18,0.5351183882941144,0.047357844199548416,0.487760544094566,0.5824762324936628,0.5027706864245364,0.6051035869805083
normal_n40,40,5,19,0.48564257925447163,0.03155986874830975,0.4540827105061619,0.5172024480027814,0.5027706864245364,0.6051035869805083
normal_n40,40,5,20,0.43220311290466007,0.07427492065828252,0.35792819224637756,0.5064780335629426,0.5027706864245364,0.6051035869805083
normal_n40,40,5,21,0.4892307500265056,0.02348150514295154,0.46574924488355407,0.5127122551694572,0.5027706864245364,0.6051035869805083
normal_n40,40,5,22,0.35341488886193434,0.05470963790938106,0.2987052509525533,0.4081245267713154,0.5027706864245364,0.6051035869805083
normal_n40,40,5,23,0.5431666011661179,0.0241729846670712,0.5189936164990467,0.5673395858331891,0.5027706864245364,0.6051035869805083
normal_n40,40,5,24,0.48940514046384437,0.043400000338571096,0.44600514012527326,0.5328051408024155,0.5027706864245364,0.6051035869805083
normal_n40,40,5,25,0.5033219336319349,0.04744275388989283,0.45587917974204206,0.5507646875218277,0.5027706864245364,0.6051035869805083
normal_n40,40,5,26,0.5817603697253009,0.05145891484231717,0.5303014548829837,0.633219284567618,0.5027706864245364,0.6051035869805083
normal_n40,40,5,27,0.48795237120442586,0.02497855242542657,0.4629738187789993,0.5129309236298525,0.5027706864245364,0.6051035869805083
normal_n40,40,5,28,0.48135091355513165,0.06262990660749045,0.4187210069476412,0.5439808201626221,0.5027706864245364,0.6051035869805083
normal_n40,40,5,29,0.4921636347768245,0.029390556654202663,0.46277307812262186,0.5215541914310272,0.5027706864245364,0.6051035869805083
normal_n40,40,5,30,0.4898599184846536,0.050152863269020354,0.43970705521563325,0.540012781753674,0.5027706864245364,0.6051035869805083
normal_n40,40,5,31,0.4837602817490697,0.062175769515668666,0.42158451223340104,0.5459360512647384,0.5027706864245364,0.6051035869805083
normal_n40,40,5,32,0.4857759289435401,0.0666427553558837,0.4191331735876564,0.5524186842994238,0.5027706864245364,0.6051035869805083
normal_n40,40,5,33,0.5589220676164356,0.039468313760195085,0.5194537538562405,0.5983903813766307,0.5027706864245364,0.6051035869805083
normal_n40,40,5,34,0.6822634929126621,0.04902796050218577,0.6332355324104764,0.7312914534148478,0.5027706864245364,0.6051035869805083
normal_n40,40,5,35,0.4777093998850342,0.027230285435898283,0.4504791144491359,0.5049396853209325,0.5027706864245364,0.6051035869805083
normal_n40,40,5,36,0.8194518597503364,0.022683533388502458,0.7967683263618339,0.8421353931388389,0.5027706864245364,0.6051035869805083
normal_n40,40,5,37,0.4891416402940646,0.025012416446619817,0.46412922384744476,0.5141540567406844,0.5027706864245364,0.6051035869805083
normal_n40,40,5,38,0.48889637922007917,0.06944377353828764,0.41945260568179155,0.5583401527583668,0.5027706864245364,0.6051035869805083
normal_n40,40,5,39,0.48809550516440153,0.06446078877924838,0.42363471638515315,0.5525562939436499,0.5027706864245364,0.6051035869805083
normal_n40,40,6,0,0.6590901437287316,0.03193350779327067,0.627156635935461,0.6910236515220023,0.5007085837524548,0.6378601337095335
normal_n40,40,6,1,0.5719961547632479,0.03122360069475941,0.5407725540684886,0.6032197554580073,0.5007085837524548,0.6378601337095335
normal_n40,40,6,2,0.2641929909408154,0.024289447802728046,0.23990354313808734,0.28848243874354346,0.5007085837524548,0.6378601337095335
normal_n40,40,6,3,0.4855970203192296,0.021386931489525605,0.464210088829704,0.5069839518087552,0.5007085837524548,0.6378601337095335
normal_n40,40,6,4,0.4853573469053004,0.030188553279659032,0.4551687936256414,0.5155459001849595,0.5007085837524548,0.6378601337095335
normal_n40,40,6,5,0.4917443155499982,0.04897075039450903,0.44277356515548916,0.5407150659445072,0.5007085837524548,0.6378601337095335
normal_n40,40,6,6,0.4887668415912969,0.049004377647997505,0.43976246394329943,0.5377712192392944,0.5007085837524548,0.6378601337095335
normal_n40,40,6,7,0.4881215088946282,0.06826994355021869,0.4198515653444095,0.5563914524448469,0.5007085837524548,0.6378601337095335
normal_n40,40,6,8,0.4304789364189046,0.022541069949489054,0.40793786646941554,0.4530200063683937,0.5007085837524548,0.6378601337095335
normal_n40,40,6,9,0.3763341744579414,0.0720948470248579,0.30423932743308346,0.4484290214827993,0.5007085837524548,0.6378601337095335
normal_n40,40,6,10,0.48717210782627246,0.047766882546592976,0.4394052252796795,0.5349389903728654,0.5007085837524548,0.6378601337095335
normal_n40,40,6,11,0.44494759541860707,0.04112602081682946,0.4038215746017776,0.48607361623543655,0.5007085837524548,0.6378601337095335
normal_n40,40,6,12,0.49512058783210133,0.024660439404663656,0.47046014842743766,0.519781027236765,0.5007085837524548,0.6378601337095335
normal_n40,40,6,13,0.6826105048042729,0.04560201437840383,0.637008490425869,0.7282125191826767,0.5007085837524548,0.6378601337095335
normal_n40,40,6,14,0.4844119298656618,0.04849399063333336,0.4359179392323284,0.5329059204989951,0.5007085837524548,0.6378601337095335
normal_n40,40,6,15,0.590596354748316,0.07473028902555445,0.5158660657227615,0.6653266437738704,0.5007085837524548,0.6378601337095335
normal_n40,40,6,16,0.39259740544535193,0.03457344239328123,0.3580239630520707,0.4271708478386332,0.5007085837524548,0.6378601337095335
normal_n40,40,6,17,0.4935246326857011,0.047587575475238,0.4459370572104631,0.5411122081609391,0.5007085837524548,0.6378601337095335
normal_n40,40,6,18,0.5118282692201281,0.047357844199548416,0.4644704250205797,0.5591861134196765,0.5007085837524548,0.6378601337095335
normal_n40,40,6,19,0.48758521098596075,0.03155986874830975,0.456025342237651,0.5191450797342705,0.5007085837524548,0.6378601337095335
normal_n40,40,6,20,0.4414459269711745,0.07427492065828252,0.367171006312892,0.515720847629457,0.5007085837524548,0.6378601337095335
normal_n40,40,6,21,0.4892741625101288,0.02348150514295154,0.46579265736717723,0.5127556676530803,0.5007085837524548,0.6378601337095335
normal_n40,40,6,22,0.3735136734377716,0.05470963790938106,0.31880403552839054,0.42822331134715264,0.5007085837524548,0.6378601337095335
normal_n40,40,6,23,0.4945595491182672,0.0241729846670712,0.47038656445119603,0.5187325337853385,0.5007085837524548,0.6378601337095335
normal_n40,40,6,24,0.48893869536886847,0.043400000338571096,0.44553869503029736,0.5323386957074395,0.5007085837524548,0.6378601337095335
normal_n40,40,6,25,0.4909902551070884,0.04744275388989283,0.44354750121719555,0.5384330089969812,0.5007085837524548,0.6378601337095335
normal_n40,40,6,26,0.5447768417508434,0.05145891484231717,0.4933179269085262,0.5962357565931605,0.5007085837524548,0.6378601337095335
normal_n40,40,6,27,0.48854303657653353,0.02497855242542657,0.46356448415110696,0.5135215890019601,0.5007085837524548,0.6378601337095335
normal_n40,40,6,28,0.4817395909569053,0.06262990660749045,0.4191096843494148,0.5443694975643957,0.5007085837524548,0.6378601337095335
normal_n40,40,6,29,0.4890775891601711,0.029390556654202663,0.45968703250596843,0.5184681458143737,0.5007085837524548,0.6378601337095335
normal_n40,40,6,30,0.4894189705739778,0.050152863269020354,0.43926610730495746,0.5395718338429982,0.5007085837524548,0.6378601337095335
normal_n40,40,6,31,0.4864674654505076,0.062175769515668666,0.42429169593483895,0.5486432349661763,0.5007085837524548,0.6378601337095335
normal_n40,40,6,32,0.4860883356616235,0.0666427553558837,0.4194455803057398,0.5527310910175072,0.5007085837524548,0.6378601337095335
normal_n40,40,6,33,0.5456361760324029,0.039468313760195085,0.5061678622722078,0.585104489792598,0.5007085837524548,0.6378601337095335
normal_n40,40,6,34,0.6656549826081843,0.04902796050218577,0.6166270221059986,0.7146829431103701,0.5007085837524548,0.6378601337095335
normal_n40,40,6,35,0.4849931916718909,0.027230285435898283,0.45776290623599264,0.5122234771077891,0.5007085837524548,0.6378601337095335
normal_n40,40,6,36,0.8094457543182922,0.022683533388502458,0.7867622209297898,0.8321292877067947,0.5007085837524548,0.6378601337095335
normal_n40,40,6,37,0.49266747609052275,0.025012416446619817,0.4676550596439029,0.5176798925371425,0.5007085837524548,0.6378601337095335
normal_n40,40,6,38,0.4846255839824086,0.06944377353828764,0.415181810444121,0.5540693575206963,0.5007085837524548,0.6378601337095335
normal_n40,40,6,39,0.4884120603481574,0.06446078877924838,0.423951271568909,0.5528728491274058,0.5007085837524548,0.6378601337095335
normal_n40,40,7,0,0.6270965816513219,0.03193350779327067,0.5951630738580512,0.6590300894445925,0.49845502985150886,0.6658646072210149
normal_n40,40,7,1,0.5317496869485369,0.03122360069475941,0.5005260862537775,0.5629732876432962,0.49845502985150886,0.6658646072210149
normal_n40,40,7,2,0.28321052175888345,0.024289447802728046,0.2589210739561554,0.3074999695616115,0.49845502985150886,0.6658646072210149
normal_n40,40,7,3,0.48668044341244654,0.021386931489525605,0.46529351192292095,0.5080673749019722,0.49845502985150886,0.6658646072210149
normal_n40,40,7,4,0.48769866056780764,0.030188553279659032,0.4575101072881486,0.5178872138474667,0.49845502985150886,0.6658646072210149
normal_n40,40,7,5,0.4927336579785999,0.04897075039450903,0.44376290758409087,0.541704408373109,0.49845502985150886,0.6658646072210149
normal_n40,40,7,6,0.48763435632510266,0.049004377647997505,0.4386299786771052,0.5366387339731001,0.49845502985150886,0.6658646072210149
normal_n40,40,7,7,0.4872991799037581,0.06826994355021869,0.4190292363535394,0.5555691234539768,0.49845502985150886,0.6658646072210149
normal_n40,40,7,8,0.4455774261756448,0.022541069949489054,0.4230363562261557,0.46811849612513384,0.49845502985150886,0.6658646072210149
normal_n40,40,7,9,0.3881627293642454,0.0720948470248579,0.3160678823393875,0.4602575763891033,0.49845502985150886,0.6658646072210149
normal_n40,40,7,10,0.48651371609863237,0.047766882546592976,0.43874683355203936,0.5342805986452254,0.49845502985150886,0.6658646072210149
normal_n40,40,7,11,0.4626667388873469,0.04112602081682946,0.4215407180705174,0.5037927597041764,0.49845502985150886,0.6658646072210149
normal_n40,40,7,12,0.49214552209592194,0.024660439404663656,0.46748508269125827,0.5168059615005856,0.49845502985150886,0.6658646072210149
normal_n40,40,7,13,0.6732217693011295,0.04560201437840383,0.6276197549227257,0.7188237836795334,0.49845502985150886,0.6658646072210149
normal_n40,40,7,14,0.48540296039862635,0.04849399063333336,0.436908969765293,0.5338969510319597,0.49845502985150886,0.6658646072210149
normal_n40,40,7,15,0.5719411014505836,0.07473028902555445,0.4972108124250292,0.6466713904761381,0.49845502985150886,0.6658646072210149
normal_n40,40,7,16,0.4180137884273066,0.03457344239328123,0.3834403460340253,0.4525872308205878,0.49845502985150886,0.6658646072210149
normal_n40,40,7,17,0.4968326429503196,0.047587575475238,0.4492450674750816,0.5444202184255575,0.49845502985150886,0.6658646072210149
normal_n40,40,7,18,0.49330421482561765,0.047357844199548416,0.44594637062606923,0.5406620590251661,0.49845502985150886,0.6658646072210149
normal_n40,40,7,19,0.48743002557304943,0.03155986874830975,0.4558701568247397,0.5189898943213592,0.49845502985150886,0.6658646072210149
normal_n40,40,7,20,0.4503297159584113,0.07427492065828252,0.3760547953001288,0.5246046366166939,0.49845502985150886,0.6658646072210149
normal_n40,40,7,21,0.48827941554731374,0.02348150514295154,0.4647979104043622,0.5117609206902652,0.49845502985150886,0.6658646072210149
normal_n40,40,7,22,0.39329403567040067,0.05470963790938106,0.3385843977610196,0.4480036735797817,0.49845502985150886,0.6658646072210149
normal_n40,40,7,23,0.4753358653605045,0.0241729846670712,0.4511628806934333,0.49950885002757567,0.49845502985150886,0.6658646072210149
normal_n40,40,7,24,0.48803154976333696,0.043400000338571096,0.44463154942476585,0.531431550101908,0.49845502985150886,0.6658646072210149
normal_n40,40,7,25,0.49647459051436915,0.04744275388989283,0.4490318366244763,0.543917344404262,0.49845502985150886,0.6658646072210149
normal_n40,40,7,26,0.5102415140072175,0.05145891484231717,0.45878259916490033,0.5617004288495346,0.49845502985150886,0.6658646072210149
normal_n40,40,7,27,0.4878029713387879,0.02497855242542657,0.46282441891336135,0.5127815237642145,0.49845502985150886,0.6658646072210149
normal_n40,40,7,28,0.4842355502211067,0.06262990660749045,0.42160564361361624,0.5468654568285971,0.49845502985150886,0.6658646072210149
normal_n40,40,7,29,0.48743983367112276,0.029390556654202663,0.4580492770169201,0.5168303903253254,0.49845502985150886,0.6658646072210149
normal_n40,40,7,30,0.4882186980029393,0.050152863269020354,0.43806583473391897,0.5383715612719597,0.49845502985150886,0.6658646072210149
normal_n40,40,7,31,0.4872231221055027,0.062175769515668666,0.42504735258983406,0.5493988916211714,0.49845502985150886,0.6658646072210149
normal_n40,40,7,32,0.48648191657363987,0.0666427553558837,0.41983916121775616,0.5531246719295235,0.49845502985150886,0.6658646072210149
normal_n40,40,7,33,0.5326409604453549,0.039468313760195085,0.4931726466851598,0.57210927420555,0.49845502985150886,0.6658646072210149
normal_n40,40,7,34,0.6491145245628096,0.04902796050218577,0.6000865640606239,0.6981424850649953,0.49845502985150886,0.6658646072210149
normal_n40,40,7,35,0.48482102223835716,0.027230285435898283,0.4575907368024589,0.5120513076742554,0.49845502985150886,0.6658646072210149
normal_n40,40,7,36,0.7994351183532705,0.022683533388502458,0.776751584964768,0.822118651741773,0.49845502985150886,0.6658646072210149
normal_n40,40,7,37,0.4918074430635264,0.025012416446619817,0.4667950266169066,0.5168198595101462,0.49845502985150886,0.6658646072210149
normal_n40,40,7,38,0.4837389632904805,0.06944377353828764,0.41429518975219287,0.5531827368287682,0.49845502985150886,0.6658646072210149
normal_n40,40,7,39,0.48793865927702135,0.06446078877924838,0.42347787049777297,0.5523994480562697,0.49845502985150886,0.6658646072210149
normal_n40,40,8,0,0.5958337925302924,0.03193350779327067,0.5639002847370218,0.6277673003235631,0.49789790800027534,0.6908717260189997
normal_n40,40,8,1,0.49748378511188407,0.03122360069475941,0.46626018441712463,0.5287073858066434,0.49789790800027534,0.6908717260189997
normal_n40,40,8,2,0.30216185421501407,0.024289447802728046,0.277872406412286,0.32645130201774214,0.49789790800027534,0.6908717260189997
normal_n40,40,8,3,0.4877573671638459,0.021386931489525605,0.4663704356743203,0.5091442986533715,0.49789790800027534,0.6908717260189997
normal_n40,40,8,4,0.4890978447360777,0.030188553279659032,0.4589092914564187,0.5192863980157367,0.49789790800027534,0.6908717260189997
normal_n40,40,8,5,0.4924614397923258,0.04897075039450903,0.4434906893978168,0.5414321901868349,0.49789790800027534,0.6908717260189997
normal_n40,40,8,6,0.48962922422195915,0.049004377647997505,0.4406248465739616,0.5386336018699567,0.49789790800027534,0.6908717260189997
normal_n40,40,8,7,0.4881793197341415,0.06826994355021869,0.4199093761839228,0.5564492632843602,0.49789790800027534,0.6908717260189997
normal_n40,40,8,8,0.4595655546885945,0.022541069949489054,0.43702448473910543,0.48210662463808357,0.49789790800027534,0.6908717260189997
normal_n40,40,8,9,0.39991356016485613,0.0720948470248579,0.3278187131399982,0.47200840718971404,0.49789790800027534,0.6908717260189997
normal_n40,40,8,10,0.4895535216594938,0.047766882546592976,0.44178663911290084,0.5373204042060867,0.49789790800027534,0.6908717260189997
normal_n40,40,8,11,0.47678312517599625,0.04112602081682946,0.43565710435916677,0.5179091459928257,0.49789790800027534,0.6908717260189997
normal_n40,40,8,12,0.49264807425757307,0.024660439404663656,0.4679876348529094,0.5173085136622367,0.49789790800027534,0.6908717260189997
normal_n40,40,8,13,0.6638498153876501,0.04560201437840383,0.6182478010092463,0.7094518297660539,0.49789790800027534,0.6908717260189997
normal_n40,40,8,14,0.4885008245429706,0.04849399063333336,0.44000683390963724,0.536994815176304,0.49789790800027534,0.6908717260189997
normal_n40,40,8,15,0.5537234363760398,0.07473028902555445,0.47899314735048537,0.6284537254015943,0.49789790800027534,0.6908717260189997
normal_n40,40,8,16,0.4423212034241908,0.03457344239328123,0.40774776103090954,0.47689464581747204,0.49789790800027534,0.6908717260189997
normal_n40,40,8,17,0.4939114439492572,0.047587575475238,0.44632386847401917,0.5414990194244952,0.49789790800027534,0.6908717260189997
normal_n40,40,8,18,0.48318162241092444,0.047357844199548416,0.435823778211376,0.5305394666104728,0.49789790800027534,0.6908717260189997
normal_n40,40,8,19,0.49039671554224235,0.03155986874830975,0.4588368467939326,0.5219565842905521,0.49789790800027534,0.6908717260189997
normal_n40,40,8,20,0.45863378704374785,0.07427492065828252,0.38435886638546535,0.5329087077020304,0.49789790800027534,0.6908717260189997
normal_n40,40,8,21,0.4895349443443529,0.02348150514295154,0.46605343920140135,0.5130164494873044,0.49789790800027534,0.6908717260189997
normal_n40,40,8,22,0.41268488662007113,0.05470963790938106,0.3579752487106901,0.4673945245294522,0.49789790800027534,0.6908717260189997
normal_n40,40,8,23,0.48223104780655024,0.0241729846670712,0.45805806313947905,0.5064040324736214,0.49789790800027534,0.6908717260189997
normal_n40,40,8,24,0.4888575215939889,0.043400000338571096,0.44545752125541777,0.5322575219325599,0.49789790800027534,0.6908717260189997
normal_n40,40,8,25,0.4929807993299172,0.04744275388989283,0.44553804544002434,0.5404235532198101,0.49789790800027534,0.6908717260189997
normal_n40,40,8,26,0.48478661352312785,0.05145891484231717,0.43332769868081067,0.536245528365445,0.49789790800027534,0.6908717260189997
normal_n40,40,8,27,0.49002948948218933,0.02497855242542657,0.46505093705676276,0.515008041907616,0.49789790800027534,0.6908717260189997
normal_n40,40,8,28,0.4873244250801888,0.06262990660749045,0.42469451847269835,0.5499543316876793,0.49789790800027534,0.6908717260189997
normal_n40,40,8,29,0.4873874150643896,0.029390556654202663,0.45799685841018695,0.5167779717185923,0.49789790800027534,0.6908717260189997
normal_n40,40,8,30,0.4900285308195599,0.050152863269020354,0.43987566755053953,0.5401813940885802,0.49789790800027534,0.6908717260189997
normal_n40,40,8,31,0.48976917477088905,0.062175769515668666,0.4275934052552204,0.5519449442865577,0.49789790800027534,0.6908717260189997
normal_n40,40,8,32,0.488328546703484,0.0666427553558837,0.4216857913476003,0.5549713020593677,0.49789790800027534,0.6908717260189997
normal_n40,40,8,33,0.5204092906174093,0.039468313760195085,0.48094097685721415,0.5598776043776044,0.49789790800027534,0.6908717260189997
normal_n40,40,8,34,0.6327042694583773,0.04902796050218577,0.5836763089561916,0.681732229960563,0.49789790800027534,0.6908717260189997
normal_n40,40,8,35,0.4883637938019755,0.027230285435898283,0.4611335083660772,0.5155940792378737,0.49789790800027534,0.6908717260189997
normal_n40,40,8,36,0.7894292150451133,0.022683533388502458,0.7667456816566108,0.8121127484336158,0.49789790800027534,0.6908717260189997
normal_n40,40,8,37,0.4919245796451779,0.025012416446619817,0.46691216319855805,0.5169369960917977,0.49789790800027534,0.6908717260189997
normal_n40,40,8,38,0.4852160956695359,0.06944377353828764,0.41577232213124826,0.5546598692078235,0.49789790800027534,0.6908717260189997
normal_n40,40,8,39,0.4883383685056369,0.06446078877924838,0.4238775797263885,0.5527991572848853,0.49789790800027534,0.6908717260189997
normal_n40,40,9,0,0.565636812868706,0.03193350779327067,0.5337033050754354,0.5975703206619767,0.4995230064009151,0.7133757739611234
normal_n40,40,9,1,0.4815100124723226,0.03122360069475941,0.4502864117775632,0.512733613167082,0.4995230064009151,0.7133757739611234
normal_n40,40,9,2,0.32103638752155994,0.024289447802728046,0.29674693971883187,0.345325835324288,0.4995230064009151,0.7133757739611234
normal_n40,40,9,3,0.4893572208241461,0.021386931489525605,0.46797028933462054,0.5107441523136718,0.4995230064009151,0.7133757739611234
normal_n40,40,9,4,0.4908696447450446,0.030188553279659032,0.46068109146538555,0.5210581980247037,0.4995230064009151,0.7133757739611234
normal_n40,40,9,5,0.4948674058360571,0.04897075039450903,0.44589665544154805,0.5438381562305661,0.4995230064009151,0.7133757739611234
normal_n40,40,9,6,0.49240382013155,0.049004377647997505,0.44339944248355245,0.5414081977795475,0.4995230064009151,0.7133757739611234
normal_n40,40,9,7,0.49086369421236686,0.06826994355021869,0.42259375066214816,0.5591336377625855,0.4995230064009151,0.7133757739611234
normal_n40,40,9,8,0.4718981274866932,0.022541069949489054,0.4493570575372041,0.49443919743618225,0.4995230064009151,0.7133757739611234
normal_n40,40,9,9,0.4115772041813404,0.0720948470248579,0.3394823571564825,0.48367205120619833,0.4995230064009151,0.7133757739611234
normal_n40,40,9,10,0.49314272200391657,0.047766882546592976,0.4453758394573236,0.5409096045505095,0.4995230064009151,0.7133757739611234
normal_n40,40,9,11,0.4869534174623084,0.04112602081682946,0.44582739664547893,0.5280794382791378,0.4995230064009151,0.7133757739611234
normal_n40,40,9,12,0.49436401531525137,0.024660439404663656,0.4697035759105877,0.519024454719915,0.4995230064009151,0.7133757739611234
normal_n40,40,9,13,0.6545252375098557,0.04560201437840383,0.6089232231314519,0.7001272518882595,0.4995230064009151,0.7133757739611234
normal_n40,40,9,14,0.49450750457406717,0.04849399063333336,0.4460135139407338,0.5430014952074005,0.4995230064009151,0.7133757739611234
normal_n40,40,9,15,0.5361953226800569,0.07473028902555445,0.4614650336545024,0.6109256117056113,0.4995230064009151,0.7133757739611234
normal_n40,40,9,16,0.4648065834207883,0.03457344239328123,0.43023314102750704,0.49938002581406954,0.4995230064009151,0.7133757739611234
normal_n40,40,9,17,0.496259155077039,0.047587575475238,0.448671579601801,0.543846730552277,0.4995230064009151,0.7133757739611234
normal_n40,40,9,18,0.482097056270054,0.047357844199548416,0.4347392120705056,0.5294549004696024,0.4995230064009151,0.7133757739611234
normal_n40,40,9,19,0.4941214597980633,0.03155986874830975,0.4625615910497536,0.5256813285463731,0.4995230064009151,0.7133757739611234
normal_n40,40,9,20,0.46638435733748757,0.07427492065828252,0.39210943667920506,0.5406592779957701,0.4995230064009151,0.7133757739611234
normal_n40,40,9,21,0.49244021321965104,0.02348150514295154,0.4689587080766995,0.5159217183626026,0.4995230064009151,0.7133757739611234
normal_n40,40,9,22,0.4315834789247418,0.05470963790938106,0.37687384101536076,0.48629311683412285,0.4995230064009151,0.7133757739611234
normal_n40,40,9,23,0.49020774227609343,0.0241729846670712,0.46603475760902224,0.5143807269431646,0.4995230064009151,0.7133757739611234
normal_n40,40,9,24,0.49144303325866623,0.043400000338571096,0.4480430329200951,0.5348430335972373,0.4995230064009151,0.7133757739611234
normal_n40,40,9,25,0.4976724167566798,0.04744275388989283,0.45022966286678695,0.5451151706465727,0.4995230064009151,0.7133757739611234
normal_n40,40,9,26,0.47776202138585566,0.05145891484231717,0.4263031065435385,0.5292209362281728,0.4995230064009151,0.7133757739611234
normal_n40,40,9,27,0.4933608896781395,0.02497855242542657,0.46838233725271294,0.5183394421035661,0.4995230064009151,0.7133757739611234
normal_n40,40,9,28,0.49162597042696493,0.06262990660749045,0.42899606381947447,0.5542558770344553,0.4995230064009151,0.7133757739611234
normal_n40,40,9,29,0.4892645566553227,0.029390556654202663,0.45987400000112005,0.5186551133095254,0.4995230064009151,0.7133757739611234
normal_n40,40,9,30,0.4929617280584009,0.050152863269020354,0.44280886478938053,0.5431145913274212,0.4995230064009151,0.7133757739611234
normal_n40,40,9,31,0.4941895328478767,0.062175769515668666,0.43201376333220803,0.5563653023635453,0.4995230064009151,0.7133757739611234
normal_n40,40,9,32,0.49201123798154656,0.0666427553558837,0.42536848262566285,0.5586539933374303,0.4995230064009151,0.7133757739611234
normal_n40,40,9,33,0.5097403424999475,0.039468313760195085,0.4702720287397524,0.5492086562601426,0.4995230064009151,0.7133757739611234
normal_n40,40,9,34,0.61650977234709,0.04902796050218577,0.5674818118449043,0.6655377328492758,0.4995230064009151,0.7133757739611234
normal_n40,40,9,35,0.49454076551040094,0.027230285435898283,0.46731048007450265,0.5217710509462992,0.4995230064009151,0.7133757739611234
normal_n40,40,9,36,0.7794379453831232,0.022683533388502458,0.7567544119946207,0.8021214787716257,0.4995230064009151,0.7133757739611234
normal_n40,40,9,37,0.4936131483443435,0.025012416446619817,0.46860073189772367,0.5186255647909633,0.4995230064009151,0.7133757739611234
normal_n40,40,9,38,0.4888274133506763,0.06944377353828764,0.4193836398123887,0.5582711868889639,0.4995230064009151,0.7133757739611234
normal_n40,40,9,39,0.49035088540240734,0.06446078877924838,0.42589009662315896,0.5548116741816558,0.4995230064009151,0.7133757739611234
normal_n40,40,10,0,0.5368807649143368,0.03193350779327067,0.5049472571210661,0.5688142727076074,0.5027071881601006,0.7343918578727903
normal_n40,40,10,1,0.48530555781064866,0.03122360069475941,0.4540819571158892,0.516529158505408,0.5027071881601006,0.7343918578727903
normal_n40,40,10,2,0.33982161997955745,0.024289447802728046,0.3155321721768294,0.3641110677822855,0.5027071881601006,0.7343918578727903
normal_n40,40,10,3,0.49191266530319244,0.021386931489525605,0.47052573381366686,0.5132995967927181,0.5027071881601006,0.7343918578727903
normal_n40,40,10,4,0.49380594745906037,0.030188553279659032,0.46361739417940134,0.5239945007387194,0.5027071881601006,0.7343918578727903
normal_n40,40,10,5,0.4989081271574926,0.04897075039450903,0.44993737676298357,0.5478788775520016,0.5027071881601006,0.7343918578727903
normal_n40,40,10,6,0.4978381524493064,0.049004377647997505,0.4488337748013089,0.5468425300973039,0.5027071881601006,0.7343918578727903
normal_n40,40,10,7,0.49530952998857586,0.06826994355021869,0.42703958643835715,0.5635794735387946,0.5027071881601006,0.7343918578727903
normal_n40,40,10,8,0.48257749548233275,0.022541069949489054,0.4600364255328437,0.5051185654318218,0.5027071881601006,0.7343918578727903
normal_n40,40,10,9,0.42314490651412767,0.0720948470248579,0.35105005948926976,0.4952397535389856,0.5027071881601006,0.7343918578727903
normal_n40,40,10,10,0.49864789992544095,0.047766882546592976,0.450881017378848,0.5464147824720339,0.5027071881601006,0.7343918578727903
normal_n40,40,10,11,0.4940547084623624,0.04112602081682946,0.4529286876455329,0.5351807292791918,0.5027071881601006,0.7343918578727903
normal_n40,40,10,12,0.4979697505584267,0.024660439404663656,0.473309311153763,0.5226301899630903,0.5027071881601006,0.7343918578727903
normal_n40,40,10,13,0.6452677162594402,0.04560201437840383,0.5996657018810364,0.6908697306378441,0.5027071881601006,0.7343918578727903
normal_n40,40,10,14,0.4994857567907931,0.04849399063333336,0.45099176615745973,0.5479797474241265,0.5027071881601006,0.7343918578727903
normal_n40,40,10,15,0.5202707199806251,0.07473028902555445,0.4455404309550707,0.5950010090061796,0.5027071881601006,0.7343918578727903
normal_n40,40,10,16,0.48356050534037054,0.03457344239328123,0.4489870629470893,0.5181339477336517,0.5027071881601006,0.7343918578727903
normal_n40,40,10,17,0.4997557461133557,0.047587575475238,0.4521681706381177,0.5473433215885937,0.5027071881601006,0.7343918578727903
normal_n40,40,10,18,0.4867593039870261,0.047357844199548416,0.4394014597874777,0.5341171481865745,0.5027071881601006,0.7343918578727903
normal_n40,40,10,19,0.4994152729530901,0.03155986874830975,0.46785540420478033,0.5309751417013998,0.5027071881601006,0.7343918578727903
normal_n40,40,10,20,0.4737278912794932,0.07427492065828252,0.3994529706212107,0.5480028119377758,0.5027071881601006,0.7343918578727903
normal_n40,40,10,21,0.4971973487594104,0.02348150514295154,0.47371584361645885,0.5206788539023619,0.5027071881601006,0.7343918578727903
normal_n40,40,10,22,0.4498655817790022,0.05470963790938106,0.39515594386962116,0.5045752196883833,0.5027071881601006,0.7343918578727903
normal_n40,40,10,23,0.49648604266138374,0.0241729846670712,0.47231305799431256,0.5206590273284549,0.5027071881601006,0.7343918578727903
normal_n40,40,10,24,0.495826146697371,0.043400000338571096,0.4524261463587999,0.5392261470359421,0.5027071881601006,0.7343918578727903
normal_n40,40,10,25,0.5005145563218161,0.04744275388989283,0.45307180243192324,0.5479573102117089,0.5027071881601006,0.7343918578727903
normal_n40,40,10,26,0.4850442278035715,0.05145891484231717,0.4335853129612543,0.5365031426458886,0.5027071881601006,0.7343918578727903
normal_n40,40,10,27,0.4987232855768483,0.02497855242542657,0.47374473315142174,0.5237018380022749,0.5027071881601006,0.7343918578727903
normal_n40,40,10,28,0.49666798832865405,0.06262990660749045,0.4340380817211636,0.5592978949361445,0.5027071881601006,0.7343918578727903
normal_n40,40,10,29,0.49285625199342914,0.029390556654202663,0.4634656953392265,0.5222468086476318,0.5027071881601006,0.7343918578727903
normal_n40,40,10,30,0.4979701328010998,0.050152863269020354,0.44781726953207945,0.5481229960701202,0.5027071881601006,0.7343918578727903
normal_n40,40,10,31,0.49919699126788825,0.062175769515668666,0.4370212217522196,0.5613727607835569,0.5027071881601006,0.7343918578727903
normal_n40,40,10,32,0.49707471061181685,0.0666427553558837,0.43043195525593314,0.5637174659677006,0.5027071881601006,0.7343918578727903
normal_n40,40,10,33,0.5015917030018249,0.039468313760195085,0.46212338924162977,0.54106001676202,0.5027071881601006,0.7343918578727903
normal_n40,40,10,34,0.6005853439380635,0.04902796050218577,0.5515573834358778,0.6496133044402492,0.5027071881601006,0.7343918578727903
normal_n40,40,10,35,0.4998567182242027,0.027230285435898283,0.4726264327883044,0.527087003660101,0.5027071881601006,0.7343918578727903
normal_n40,40,10,36,0.7694683091393474,0.022683533388502458,0.7467847757508449,0.7921518425278499,0.5027071881601006,0.7343918578727903
normal_n40,40,10,37,0.49725395550150375,0.025012416446619817,0.4722415390548839,0.5222663719481235,0.5027071881601006,0.7343918578727903
normal_n40,40,10,38,0.4935194423351406,0.06944377353828764,0.424075668796853,0.5629632158734282,0.5027071881601006,0.7343918578727903
normal_n40,40,10,39,0.4941687509525946,0.06446078877924838,0.4297079621733462,0.558629539731843,0.5027071881601006,0.7343918578727903
normal_n40,40,11,0,0.512134673553305,0.03193350779327067,0.48020116576003435,0.5440681813465756,0.5070741824853382,0.7532873394637278
normal_n40,40,11,1,0.495638301555509,0.03122360069475941,0.46441470086074954,0.5268619022502684,0.5070741824853382,0.7532873394637278
normal_n40,40,11,2,0.35851295208334316,0.024289447802728046,0.3342235042806151,0.38280239988607123,0.5070741824853382,0.7532873394637278
normal_n40,40,11,3,0.4955567690597014,0.021386931489525605,0.47416983757017583,0.516943700549227,0.5070741824853382,0.7532873394637278
normal_n40,40,11,4,0.49809680402002043,0.030188553279659032,0.4679082507403614,0.5282853572996795,0.5070741824853382,0.7532873394637278
normal_n40,40,11,5,0.5047660503199931,0.04897075039450903,0.45579529992548407,0.5537368007145022,0.5070741824853382,0.7532873394637278
normal_n40,40,11,6,0.5045957547095307,0.049004377647997505,0.4555913770615332,0.5536001323575281,0.5070741824853382,0.7532873394637278
normal_n40,40,11,7,0.5014192763876484,0.06826994355021869,0.4331493328374297,0.569689219937867,0.5070741824853382,0.7532873394637278
normal_n40,40,11,8,0.49176725732150534,0.022541069949489054,0.46922618737201627,0.5143083272709944,0.5070741824853382,0.7532873394637278
normal_n40,40,11,9,0.434627749093853,0.0720948470248579,0.3625329020689951,0.5067225961187108,0.5070741824853382,0.7532873394637278
normal_n40,40,11,10,0.5048662425878858,0.047766882546592976,0.4570993600412928,0.5526331251344788,0.5070741824853382,0.7532873394637278
normal_n40,40,11,11,0.49976459994538514,0.04112602081682946,0.45863857912855566,0.5408906207622146,0.5070741824853382,0.7532873394637278
normal_n40,40,11,12,0.50314896636945,0.024660439404663656,0.4784885269647863,0.5278094057741136,0.5070741824853382,0.7532873394637278
normal_n40,40,11,13,0.6360847856460718,0.04560201437840383,0.590482771267668,0.6816868000244757,0.5070741824853382,0.7532873394637278
normal_n40,40,11,14,0.5055778001396257,0.04849399063333336,0.45708380950629235,0.5540717907729591,0.5070741824853382,0.7532873394637278
normal_n40,40,11,15,0.5077597174777384,0.07473028902555445,0.43302942845218395,0.5824900065032929,0.5070741824853382,0.7532873394637278
normal_n40,40,11,16,0.4976496864572004,0.03457344239328123,0.4630762440639192,0.5322231288504816,0.5070741824853382,0.7532873394637278
normal_n40,40,11,17,0.5042112881988164,0.047587575475238,0.45662371272357843,0.5517988636740544,0.5070741824853382,0.7532873394637278
normal_n40,40,11,18,0.49454129758637705,0.047357844199548416,0.44718345338682863,0.5418991417859255,0.5070741824853382,0.7532873394637278
normal_n40,40,11,19,0.5055218928976726,0.03155986874830975,0.47396202414936284,0.5370817616459823,0.5070741824853382,0.7532873394637278
normal_n40,40,11,20,0.4807919643447533,0.07427492065828252,0.4065170436864708,0.5550668850030358,0.5070741824853382,0.7532873394637278
normal_n40,40,11,21,0.5036485716973909,0.02348150514295154,0.4801670665544393,0.5271300768403424,0.5070741824853382,0.7532873394637278
normal_n40,40,11,22,0.4672693653044327,0.05470963790938106,0.41255972739505165,0.5219790032138137,0.5070741824853382,0.7532873394637278
normal_n40,40,11,23,0.5042238397197957,0.0241729846670712,0.4800508550527245,0.5283968243868669,0.5070741824853382,0.7532873394637278
normal_n40,40,11,24,0.501918961389295,0.043400000338571096,0.4585189610507239,0.5453189617278661,0.5070741824853382,0.7532873394637278
normal_n40,40,11,25,0.5062970667264387,0.04744275388989283,0.4588543128365459,0.5537398206163315,0.5070741824853382,0.7532873394637278
normal_n40,40,11,26,0.49559540278184205,0.05145891484231717,0.44413648793952487,0.5470543176241592,0.5070741824853382,0.7532873394637278
normal_n40,40,11,27,0.5053069368337948,0.02497855242542657,0.4803283844083682,0.5302854892592214,0.5070741824853382,0.7532873394637278
normal_n40,40,11,28,0.5024180896896361,0.06262990660749045,0.4397881830821456,0.5650479962971265,0.5070741824853382,0.7532873394637278
normal_n40,40,11,29,0.4976606215249824,0.029390556654202663,0.46827006487077977,0.5270511781791851,0.5070741824853382,0.7532873394637278
normal_n40,40,11,30,0.5047304725756869,0.050152863269020354,0.4545776093066666,0.5548833358447073,0.5070741824853382,0.7532873394637278
normal_n40,40,11,31,0.505063487009358,0.062175769515668666,0.4428877174936893,0.5672392565250266,0.5070741824853382,0.7532873394637278
normal_n40,40,11,32,0.5031739708003411,0.0666427553558837,0.4365312154444574,0.5698167261562248,0.5070741824853382,0.7532873394637278
normal_n40,40,11,33,0.49704366817261586,0.039468313760195085,0.45757535441242075,0.5365119819328109,0.5070741824853382,0.7532873394637278
normal_n40,40,11,34,0.5849821589513244,0.04902796050218577,0.5359541984491387,0.6340101194535102,0.5070741824853382,0.7532873394637278
normal_n40,40,11,35,0.5058920556298436,0.027230285435898283,0.47866177019394535,0.533122341065742,0.5070741824853382,0.7532873394637278
normal_n40,40,11,36,0.7595239217431903,0.022683533388502458,0.7368403883546878,0.7822074551316928,0.5070741824853382,0.7532873394637278
normal_n40,40,11,37,0.5025366056384231,0.025012416446619817,0.47752418919180323,0.5275490220850428,0.5070741824853382,0.7532873394637278
normal_n40,40,11,38,0.49897503535977883,0.06944377353828764,0.4295312618214912,0.5684188088980665,0.5070741824853382,0.7532873394637278
normal_n40,40,11,39,0.49967323810996794,0.06446078877924838,0.43521244933071956,0.5641340268892163,0.5070741824853382,0.7532873394637278
normal_n40,40,12,0,0.4980716032975237,0.03193350779327067,0.466138095504253,0.5300051110907944,0.512190327104745,0.7701305956954367
normal_n40,40,12,1,0.505952708475982,0.03122360069475941,0.4747291077812225,0.5371763091707413,0.512190327104745,0.7701305956954367
normal_n40,40,12,2,0.37710725024475333,0.024289447802728046,0.35281780244202526,0.4013966980474814,0.512190327104745,0.7701305956954367
normal_n40,40,12,3,0.5002147643644649,0.021386931489525605,0.4788278328749393,0.5216016958539905,0.512190327104745,0.7701305956954367
normal_n40,40,12,4,0.5035931855677889,0.030188553279659032,0.47340463228812985,0.533781738847448,0.512190327104745,0.7701305956954367
normal_n40,40,12,5,0.5112232990525615,0.04897075039450903,0.46225254865805243,0.5601940494470705,0.512190327104745,0.7701305956954367
normal_n40,40,12,6,0.5116584020300815,0.049004377647997505,0.46265402438208403,0.560662779678079,0.512190327104745,0.7701305956954367
normal_n40,40,12,7,0.5084075781404738,0.06826994355021869,0.44013763459025507,0.5766775216906924,0.512190327104745,0.7701305956954367
normal_n40,40,12,8,0.4998284058233467,0.022541069949489054,0.47728733587385763,0.5223694757728358,0.512190327104745,0.7701305956954367
normal_n40,40,12,9,0.446044736535934,0.0720948470248579,0.3739498895110761,0.5181395835607919,0.512190327104745,0.7701305956954367
normal_n40,40,12,10,0.5116860437186943,0.047766882546592976,0.4639191611721013,0.5594529262652873,0.512190327104745,0.7701305956954367
normal_n40,40,12,11,0.5053332553097193,0.04112602081682946,0.4642072344928898,0.5464592761265488,0.512190327104745,0.7701305956954367
normal_n40,40,12,12,0.5097080328517541,0.024660439404663656,0.4850475934470905,0.5343684722564178,0.512190327104745,0.7701305956954367
normal_n40,40,12,13,0.6269874444143274,0.04560201437840383,0.5813854300359236,0.6725894587927312,0.512190327104745,0.7701305956954367
normal_n40,40,12,14,0.5120234482840583,0.04849399063333336,0.46352945765072495,0.5605174389173917,0.512190327104745,0.7701305956954367
normal_n40,40,12,15,0.5007267029882546,0.07473028902555445,0.42599641396270016,0.5754569920138091,0.512190327104745,0.7701305956954367
normal_n40,40,12,16,0.5074011668687739,0.03457344239328123,0.47282772447549265,0.5419746092620551,0.512190327104745,0.7701305956954367
normal_n40,40,12,17,0.5101712880626147,0.047587575475238,0.4625837125873767,0.5577588635378526,0.512190327104745,0.7701305956954367
normal_n40,40,12,18,0.5030273372100806,0.047357844199548416,0.4556694930105322,0.550385181409629,0.512190327104745,0.7701305956954367
normal_n40,40,12,19,0.5122764563073591,0.03155986874830975,0.48071658755904934,0.5438363250556688,0.512190327104745,0.7701305956954367
normal_n40,40,12,20,0.487726556232223,0.07427492065828252,0.4134516355739405,0.5620014768905055,0.512190327104745,0.7701305956954367
normal_n40,40,12,21,0.5105972638738061,0.02348150514295154,0.48711575873085455,0.5340787690167577,0.512190327104745,0.7701305956954367
normal_n40,40,12,22,0.4833182338050411,0.05470963790938106,0.42860859589566,0.5380278717144221,0.512190327104745,0.7701305956954367
normal_n40,40,12,23,0.5115264836714942,0.0241729846670712,0.48735349900442304,0.5356994683385654,0.512190327104745,0.7701305956954367
normal_n40,40,12,24,0.5088921928554244,0.043400000338571096,0.4654921925168533,0.5522921931939955,0.512190327104745,0.7701305956954367
normal_n40,40,12,25,0.5121205033088672,0.04744275388989283,0.46467774941897433,0.55956325719876,0.512190327104745,0.7701305956954367
normal_n40,40,12,26,0.5055968542201381,0.05145891484231717,0.45413793937782093,0.5570557690624552,0.512190327104745,0.7701305956954367
normal_n40,40,12,27,0.5120062812007218,0.02497855242542657,0.4870277287752952,0.5369848336261484,0.512190327104745,0.7701305956954367
normal_n40,40,12,28,0.5087929149609253,0.06262990660749045,0.4461630083534348,0.5714228215684157,0.512190327104745,0.7701305956954367
normal_n40,40,12,29,0.5034287837552285,0.029390556654202663,0.47403822710102583,0.5328193404094311,0.512190327104745,0.7701305956954367
normal_n40,40,12,30,0.511354956450297,0.050152863269020354,0.4612020931812767,0.5615078197193174,0.512190327104745,0.7701305956954367
normal_n40,40,12,31,0.51152144039969,0.062175769515668666,0.4493456708840214,0.5736972099153588,0.512190327104745,0.7701305956954367
normal_n40,40,12,32,0.5098865939729659,0.0666427553558837,0.44324383861708216,0.5765293493288496,0.512190327104745,0.7701305956954367
normal_n40,40,12,33,0.49691383837304853,0.039468313760195085,0.4574455246128534,0.5363821521332436,0.512190327104745,0.7701305956954367
normal_n40,40,12,34,0.5697565550421047,0.04902796050218577,0.5207285945399189,0.6187845155442904,0.512190327104745,0.7701305956954367
normal_n40,40,12,35,0.5124181214164143,0.027230285435898283,0.485187835980516,0.5396484068523126,0.512190327104745,0.7701305956954367
normal_n40,40,12,36,0.7496110225371979,0.022683533388502458,0.7269274891486954,0.7722945559257004,0.512190327104745,0.7701305956954367
normal_n40,40,12,37,0.5091728018597373,0.025012416446619817,0.4841603854131175,0.5341852183063571,0.512190327104745,0.7701305956954367
normal_n40,40,12,38,0.5051689536663354,0.06944377353828764,0.4357251801280478,0.5746127272046231,0.512190327104745,0.7701305956954367
normal_n40,40,12,39,0.5063596230395934,0.06446078877924838,0.441898834260345,0.5708204118188418,0.512190327104745,0.7701305956954367
normal_n40,40,13,0,0.4984259191449498,0.03193350779327067,0.4664924113516792,0.5303594269382205,0.5181030728373808,0.7861711730288983
normal_n40,40,13,1,0.5152151393106504,0.03122360069475941,0.483991538615891,0.5464387400054098,0.5181030728373808,0.7861711730288983
normal_n40,40,13,2,0.39558854331012133,0.024289447802728046,0.37129909550739326,0.4198779911128494,0.5181030728373808,0.7861711730288983
normal_n40,40,13,3,0.5057043811329126,0.021386931489525605,0.484317449643387,0.5270913126224382,0.5181030728373808,0.7861711730288983
normal_n40,40,13,4,0.5100043395627868,0.030188553279659032,0.47981578628312777,0.5401928928424459,0.5181030728373808,0.7861711730288983
normal_n40,40,13,5,0.5183538408680899,0.04897075039450903,0.46938309047358084,0.5673245912625989,0.5181030728373808,0.7861711730288983
normal_n40,40,13,6,0.5189134703081107,0.049004377647997505,0.46990909266011327,0.5679178479561082,0.5181030728373808,0.7861711730288983
normal_n40,40,13,7,0.5156423717476535,0.06826994355021869,0.4473724281974348,0.5839123152978721,0.5181030728373808,0.7861711730288983
normal_n40,40,13,8,0.50729847408632,0.022541069949489054,0.48475740413683094,0.529839544035809,0.5181030728373808,0.7861711730288983
normal_n40,40,13,9,0.45738985787184433,0.0720948470248579,0.3852950108469864,0.5294847048967022,0.5181030728373808,0.7861711730288983
normal_n40,40,13,10,0.5187993560200491,0.047766882546592976,0.4710324734734561,0.5665662385666421,0.5181030728373808,0.7861711730288983
normal_n40,40,13,11,0.5111739344078362,0.04112602081682946,0.4700479135910067,0.5522999552246657,0.5181030728373808,0.7861711730288983
normal_n40,40,13,12,0.5171870681808696,0.024660439404663656,0.4925266287762059,0.5418475075855332,0.5181030728373808,0.7861711730288983
normal_n40,40,13,13,0.6179926954748793,0.04560201437840383,0.5723906810964755,0.6635947098532832,0.5181030728373808,0.7861711730288983
normal_n40,40,13,14,0.5188579252557638,0.04849399063333336,0.4703639346224304,0.5673519158890972,0.5181030728373808,0.7861711730288983
normal_n40,40,13,15,0.500543493228339,0.07473028902555445,0.42581320420278457,0.5752737822538935,0.5181030728373808,0.7861711730288983
normal_n40,40,13,16,0.5148057241691738,0.03457344239328123,0.48023228177589256,0.549379166562455,0.5181030728373808,0.7861711730288983
normal_n40,40,13,17,0.5171900671524773,0.047587575475238,0.4696024916772393,0.5647776426277152,0.5181030728373808,0.7861711730288983
normal_n40,40,13,18,0.5111131138763972,0.047357844199548416,0.4637552696768488,0.5584709580759457,0.5181030728373808,0.7861711730288983
normal_n40,40,13,19,0.5195124124183356,0.03155986874830975,0.48795254367002583,0.5510722811666453,0.5181030728373808,0.7861711730288983
normal_n40,40,13,20,0.4946543463746881,0.07427492065828252,0.4203794257164056,0.5689292670329706,0.5181030728373808,0.7861711730288983
normal_n40,40,13,21,0.5178235658164141,0.02348150514295154,0.49434206067346254,0.5413050709593656,0.5181030728373808,0.7861711730288983
normal_n40,40,13,22,0.4975455501590695,0.05470963790938106,0.44283591224968843,0.5522551880684505,0.5181030728373808,0.7861711730288983
normal_n40,40,13,23,0.5187930870299021,0.0241729846670712,0.49462010236283094,0.5429660716969733,0.5181030728373808,0.7861711730288983
normal_n40,40,13,24,0.5161665255597822,0.043400000338571096,0.47276652522121104,0.5595665258983532,0.5181030728373808,0.7861711730288983
normal_n40,40,13,25,0.5192554719904902,0.04744275388989283,0.47181271810059733,0.566698225880383,0.5181030728373808,0.7861711730288983
normal_n40,40,13,26,0.5143160739835528,0.05145891484231717,0.46285715914123565,0.56577498882587,0.5181030728373808,0.7861711730288983
normal_n40,40,13,27,0.5192007561628527,0.02497855242542657,0.4942222037374261,0.5441793085882792,0.5181030728373808,0.7861711730288983
normal_n40,40,13,28,0.5156758469437525,0.06262990660749045,0.453045940336262,0.5783057535512429,0.5181030728373808,0.7861711730288983
normal_n40,40,13,29,0.5098767396007472,0.029390556654202663,0.48048618294654455,0.5392672962549498,0.5181030728373808,0.7861711730288983
normal_n40,40,13,30,0.5185544385949203,0.050152863269020354,0.4684015753259,0.5687073018639407,0.5181030728373808,0.7861711730288983
normal_n40,40,13,31,0.5185757346100864,0.062175769515668666,0.45639996509441777,0.5807515041257552,0.5181030728373808,0.7861711730288983
normal_n40,40,13,32,0.5169263610633781,0.0666427553558837,0.45028360570749437,0.5835691164192618,0.5181030728373808,0.7861711730288983
normal_n40,40,13,33,0.5006353526177305,0.039468313760195085,0.4611670388575354,0.5401036663779256,0.5181030728373808,0.7861711730288983
normal_n40,40,13,34,0.5551551706250368,0.04902796050218577,0.5061272101228511,0.6041831311272226,0.5181030728373808,0.7861711730288983
normal_n40,40,13,35,0.5193636794035418,0.027230285435898283,0.4921333939676435,0.54659396483944,0.5181030728373808,0.7861711730288983
normal_n40,40,13,36,0.7397351896476643,0.022683533388502458,0.7170516562591618,0.7624187230361668,0.5181030728373808,0.7861711730288983
normal_n40,40,13,37,0.5166523740674646,0.025012416446619817,0.4916399576208447,0.5416647905140843,0.5181030728373808,0.7861711730288983
normal_n40,40,13,38,0.5119018204919152,0.06944377353828764,0.4424580469536276,0.5813455940302029,0.5181030728373808,0.7861711730288983
normal_n40,40,13,39,0.5136027012246819,0.06446078877924838,0.4491419124454335,0.5780634900039303,0.5181030728373808,0.7861711730288983
normal_n40,40,14,0,0.5081847058944721,0.03193350779327067,0.4762511981012014,0.5401182136877427,0.5245996792479088,0.8018262543490695
normal_n40,40,14,1,0.5237320626730954,0.03122360069475941,0.4925084619783359,0.5549556633678547,0.5245996792479088,0.8018262543490695
normal_n40,40,14,2,0.4139444380373869,0.024289447802728046,0.3896549902346588,0.43823388584011497,0.5245996792479088,0.8018262543490695
normal_n40,40,14,3,0.5118678568725985,0.021386931489525605,0.4904809253830729,0.5332547883621241,0.5245996792479088,0.8018262543490695
normal_n40,40,14,4,0.5170429781012033,0.030188553279659032,0.48685442482154423,0.5472315313808623,0.5245996792479088,0.8018262543490695
normal_n40,40,14,5,0.5256846483583456,0.04897075039450903,0.47671389796383656,0.5746553987528547,0.5245996792479088,0.8018262543490695
normal_n40,40,14,6,0.5263783910694713,0.049004377647997505,0.4773740134214738,0.5753827687174687,0.5245996792479088,0.8018262543490695
normal_n40,40,14,7,0.5231247527519332,0.06826994355021869,0.45485480920171445,0.5913946963021518,0.5245996792479088,0.8018262543490695
normal_n40,40,14,8,0.5145028433690474,0.022541069949489054,0.4919617734195583,0.5370439133185364,0.5245996792479088,0.8018262543490695
normal_n40,40,14,9,0.46863673823348595,0.0720948470248579,0.39654189120862804,0.5407315852583439,0.5245996792479088,0.8018262543490695
normal_n40,40,14,10,0.5262486454895896,0.047766882546592976,0.4784817629429966,0.5740155280361826,0.5245996792479088,0.8018262543490695
normal_n40,40,14,11,0.5174996190439031,0.04112602081682946,0.4763735982270736,0.5586256398607325,0.5245996792479088,0.8018262543490695
normal_n40,40,14,12,0.5249413894169912,0.024660439404663656,0.5002809500123275,0.5496018288216549,0.5245996792479088,0.8018262543490695
normal_n40,40,14,13,0.6091204267941744,0.04560201437840383,0.5635184124157706,0.6547224411725783,0.5245996792479088,0.8018262543490695
normal_n40,40,14,14,0.5262639160371159,0.04849399063333336,0.4777699254037825,0.5747579066704492,0.5245996792479088,0.8018262543490695
normal_n40,40,14,15,0.5060558830536068,0.07473028902555445,0.4313255940280524,0.5807861720791613,0.5245996792479088,0.8018262543490695
normal_n40,40,14,16,0.5212830099693838,0.03457344239328123,0.48670956757610256,0.555856452362665,0.5245996792479088,0.8018262543490695
normal_n40,40,14,17,0.5247879845248148,0.047587575475238,0.4772004090495768,0.5723755600000527,0.5245996792479088,0.8018262543490695
normal_n40,40,14,18,0.519165082787892,0.047357844199548416,0.47180723858834356,0.5665229269874403,0.5245996792479088,0.8018262543490695
normal_n40,40,14,19,0.5269243077734878,0.03155986874830975,0.495364439025178,0.5584841765217975,0.5245996792479088,0.8018262543490695
normal_n40,40,14,20,0.5016535685364774,0.07427492065828252,0.42737864787819485,0.5759284891947599,0.5245996792479088,0.8018262543490695
normal_n40,40,14,21,0.5253269161371016,0.02348150514295154,0.50184541099415,0.5488084212800531,0.5245996792479088,0.8018262543490695
normal_n40,40,14,22,0.5098252850270302,0.05470963790938106,0.4551156471176491,0.5645349229364113,0.5245996792479088,0.8018262543490695
normal_n40,40,14,23,0.526228972566078,0.0241729846670712,0.5020559878990069,0.5504019572331492,0.5245996792479088,0.8018262543490695
normal_n40,40,14,24,0.5236378434166019,0.043400000338571096,0.4802378430780308,0.567037843755173,0.5245996792479088,0.8018262543490695
normal_n40,40,14,25,0.5262966740258569,0.04744275388989283,0.47885392013596406,0.5737394279157497,0.5245996792479088,0.8018262543490695
normal_n40,40,14,26,0.5225940665084943,0.05145891484231717,0.4711351516661771,0.5740529813508114,0.5245996792479088,0.8018262543490695
normal_n40,40,14,27,0.5266907435138798,0.02497855242542657,0.5017121910884532,0.5516692959393064,0.5245996792479088,0.8018262543490695
normal_n40,40,14,28,0.5229031918654917,0.06262990660749045,0.46027328525800126,0.5855330984729822,0.5245996792479088,0.8018262543490695
normal_n40,40,14,29,0.5168517377088815,0.029390556654202663,0.48746118105467884,0.5462422943630841,0.5245996792479088,0.8018262543490695
normal_n40,40,14,30,0.5259761566648741,0.050152863269020354,0.4758232933958537,0.5761290199338944,0.5245996792479088,0.8018262543490695
normal_n40,40,14,31,0.5260332266692166,0.062175769515668666,0.4638574571535479,0.5882089961848853,0.5245996792479088,0.8018262543490695
normal_n40,40,14,32,0.5243119199164584,0.0666427553558837,0.4576691645605747,0.5909546752723421,0.5245996792479088,0.8018262543490695
normal_n40,40,14,33,0.5069735397476309,0.039468313760195085,0.4675052259874358,0.546441853507826,0.5245996792479088,0.8018262543490695
normal_n40,40,14,34,0.5420943484073342,0.04902796050218577,0.4930663879051484,0.5911223089095199,0.5245996792479088,0.8018262543490695
normal_n40,40,14,35,0.5267607243500386,0.027230285435898283,0.49953043891414034,0.5539910097859368,0.5245996792479088,0.8018262543490695
normal_n40,40,14,36,0.7299041136419943,0.022683533388502458,0.7072205802534918,0.7525876470304967,0.5245996792479088,0.8018262543490695
normal_n40,40,14,37,0.5243801699434764,0.025012416446619817,0.4993677534968565,0.5493925863900961,0.5245996792479088,0.8018262543490695
normal_n40,40,14,38,0.5190071269985417,0.06944377353828764,0.44956335346025406,0.5884509005368294,0.5245996792479088,0.8018262543490695
normal_n40,40,14,39,0.5211471640188997,0.06446078877924838,0.45668637523965133,0.5856079527981481,0.5245996792479088,0.8018262543490695
normal_n40,40,15,0,0.5209328643705585,0.03193350779327067,0.4889993565772879,0.5528663721638292,0.5316399920025351,0.8166791160578672
normal_n40,40,15,1,0.5321164609371358,0.03122360069475941,0.5008928602423764,0.5633400616318952,0.5316399920025351,0.8166791160578672
normal_n40,40,15,2,0.4321527042599787,0.024289447802728046,0.40786325645725063,0.4564421520627068,0.5316399920025351,0.8166791160578672
normal_n40,40,15,3,0.5185606730992216,0.021386931489525605,0.497173741609696,0.5399476045887472,0.5316399920025351,0.8166791160578672
normal_n40,40,15,4,0.5245584874241231,0.030188553279659032,0.4943699341444641,0.5547470407037822,0.5316399920025351,0.8166791160578672
normal_n40,40,15,5,0.5335983776746006,0.04897075039450903,0.48462762728009157,0.5825691280691097,0.5316399920025351,0.8166791160578672
normal_n40,40,15,6,0.5344841030636618,0.049004377647997505,0.4854797254156643,0.5834884807116593,0.5316399920025351,0.8166791160578672
normal_n40,40,15,7,0.530996246177365,0.06826994355021869,0.46272630262714626,0.5992661897275836,0.5316399920025351,0.8166791160578672
normal_n40,40,15,8,0.5216821192173308,0.022541069949489054,0.4991410492678417,0.5442231891668198,0.5316399920025351,0.8166791160578672
normal_n40,40,15,9,0.47977693499998025,0.0720948470248579,0.40768208797512234,0.5518717820248381,0.5316399920025351,0.8166791160578672
normal_n40,40,15,10,0.5343052958645952,0.047766882546592976,0.4865384133180022,0.5820721784111882,0.5316399920025351,0.8166791160578672
normal_n40,40,15,11,0.5244729324187368,0.04112602081682946,0.48334691160190735,0.5655989532355663,0.5316399920025351,0.8166791160578672
normal_n40,40,15,12,0.533028111871779,0.024660439404663656,0.5083676724671153,0.5576885512764427,0.5316399920025351,0.8166791160578672
normal_n40,40,15,13,0.6003931955306564,0.04560201437840383,0.5547911811522526,0.6459952099090602,0.5316399920025351,0.8166791160578672
normal_n40,40,15,14,0.5343508732117803,0.04849399063333336,0.48585688257844695,0.5828448638451137,0.5316399920025351,0.8166791160578672
normal_n40,40,15,15,0.5148073533786505,0.07473028902555445,0.440077064353096,0.5895376424042049,0.5316399920025351,0.8166791160578672
normal_n40,40,15,16,0.5278680126223418,0.03457344239328123,0.4932945702290606,0.562441455015623,0.5316399920025351,0.8166791160578672
normal_n40,40,15,17,0.5328469526448647,0.047587575475238,0.4852593771696267,0.5804345281201027,0.5316399920025351,0.8166791160578672
normal_n40,40,15,18,0.5271825645947389,0.047357844199548416,0.4798247203951905,0.5745404087942874,0.5316399920025351,0.8166791160578672
normal_n40,40,15,19,0.5350641062819915,0.03155986874830975,0.5035042375336818,0.5666239750303013,0.5316399920025351,0.8166791160578672
normal_n40,40,15,20,0.5087855887169866,0.07427492065828252,0.43451066805870414,0.5830605093752692,0.5316399920025351,0.8166791160578672
normal_n40,40,15,21,0.5332413327594031,0.02348150514295154,0.5097598276164516,0.5567228379023547,0.5316399920025351,0.8166791160578672
normal_n40,40,15,22,0.5205151540373503,0.05470963790938106,0.4658055161279692,0.5752247919467314,0.5316399920025351,0.8166791160578672
normal_n40,40,15,23,0.5338601039174081,0.0241729846670712,0.5096871192503369,0.5580330885844793,0.5316399920025351,0.8166791160578672
normal_n40,40,15,24,0.53150892802559,0.043400000338571096,0.4881089276870189,0.5749089283641611,0.5316399920025351,0.8166791160578672
normal_n40,40,15,25,0.5342923059981778,0.04744275388989283,0.48684955210828496,0.5817350598880706,0.5316399920025351,0.8166791160578672
normal_n40,40,15,26,0.5307421873768838,0.05145891484231717,0.47928327253456665,0.582201102219201,0.5316399920025351,0.8166791160578672
normal_n40,40,15,27,0.5347144794793433,0.02497855242542657,0.5097359270539167,0.5596930319047698,0.5316399920025351,0.8166791160578672
normal_n40,40,15,28,0.5306733178264278,0.06262990660749045,0.46804341121893733,0.5933032244339183,0.5316399920025351,0.8166791160578672
normal_n40,40,15,29,0.5242294853180974,0.029390556654202663,0.4948389286638948,0.5536200419723001,0.5316399920025351,0.8166791160578672
normal_n40,40,15,30,0.5340573780312748,0.050152863269020354,0.4839045147622545,0.5842102413002952,0.5316399920025351,0.8166791160578672
normal_n40,40,15,31,0.53409894961439,0.062175769515668666,0.4719231800987213,0.5962747191300586,0.5316399920025351,0.8166791160578672
normal_n40,40,15,32,0.5322200835279641,0.0666427553558837,0.4655773281720804,0.5988628388838478,0.5316399920025351,0.8166791160578672
normal_n40,40,15,33,0.5142787433475621,0.039468313760195085,0.47481042958736697,0.5537470571077572,0.5316399920025351,0.8166791160578672
normal_n40,40,15,34,0.5323171184238886,0.04902796050218577,0.48328915792170285,0.5813450789260743,0.5316399920025351,0.8166791160578672
normal_n40,40,15,35,0.53482436887319,0.027230285435898283,0.5075940834372916,0.5620546543090883,0.5316399920025351,0.8166791160578672
normal_n40,40,15,36,0.7201264408624362,0.022683533388502458,0.6974429074739337,0.7428099742509386,0.5316399920025351,0.8166791160578672
normal_n40,40,15,37,0.5324277586636998,0.025012416446619817,0.5074153422170801,0.5574401751103196,0.5316399920025351,0.8166791160578672
normal_n40,40,15,38,0.5265092110080614,0.06944377353828764,0.45706543746977374,0.595952984546349,0.5316399920025351,0.8166791160578672
normal_n40,40,15,39,0.5289983746491752,0.06446078877924838,0.46453758586992683,0.5934591634284236,0.5316399920025351,0.8166791160578672
normal_n40,40,16,0,0.5326468467615131,0.03193350779327067,0.5007133389682424,0.5645803545547837,0.5390782731837119,0.8305602843977885
normal_n40,40,16,1,0.5404265529012554,0.03122360069475941,0.509202952206496,0.5716501535960148,0.5390782731837119,0.8305602843977885
normal_n40,40,16,2,0.45019832361229484,0.024289447802728046,0.42590887580956677,0.4744877714150229,0.5390782731837119,0.8305602843977885
normal_n40,40,16,3,0.5257518591627622,0.021386931489525605,0.5043649276732366,0.5471387906522879,0.5390782731837119,0.8305602843977885
normal_n40,40,16,4,0.5325019159757638,0.030188553279659032,0.5023133626961047,0.5626904692554229,0.5390782731837119,0.8305602843977885
normal_n40,40,16,5,0.5420836244976011,0.04897075039450903,0.493112874103092,0.5910543748921101,0.5390782731837119,0.8305602843977885
normal_n40,40,16,6,0.5428735708609529,0.049004377647997505,0.4938691932129554,0.5918779485089504,0.5390782731837119,0.8305602843977885
normal_n40,40,16,7,0.5392950997746991,0.06826994355021869,0.47102515622448043,0.6075650433249178,0.5390782731837119,0.8305602843977885
normal_n40,40,16,8,0.5290834633652111,0.022541069949489054,0.506542393415722,0.5516245333147001,0.5390782731837119,0.8305602843977885
normal_n40,40,16,9,0.4908040908429318,0.0720948470248579,0.4187092438180739,0.5628989378677897,0.5390782731837119,0.8305602843977885
normal_n40,40,16,10,0.5427344422625684,0.047766882546592976,0.4949675597159754,0.5905013248091614,0.5390782731837119,0.8305602843977885
normal_n40,40,16,11,0.5321084550180815,0.04112602081682946,0.490982434201252,0.5732344758349109,0.5390782731837119,0.8305602843977885
normal_n40,40,16,12,0.5414107999608357,0.024660439404663656,0.5167503605561721,0.5660712393654994,0.5390782731837119,0.8305602843977885
normal_n40,40,16,13,0.5918658365411714,0.04560201437840383,0.5462638221627676,0.6374678509195753,0.5390782731837119,0.8305602843977885
normal_n40,40,16,14,0.5427602839813528,0.04849399063333336,0.4942662933480194,0.5912542746146862,0.5390782731837119,0.8305602843977885
normal_n40,40,16,15,0.5242091356687939,0.07473028902555445,0.44947884664323945,0.5989394246943484,0.5390782731837119,0.8305602843977885
normal_n40,40,16,16,0.5351278656624465,0.03457344239328123,0.5005544232691653,0.5697013080557277,0.5390782731837119,0.8305602843977885
normal_n40,40,16,17,0.5412573939598057,0.047587575475238,0.49366981848456765,0.5888449694350436,0.5390782731837119,0.8305602843977885
normal_n40,40,16,18,0.5352971849700541,0.047357844199548416,0.48793934077050566,0.5826550291696024,0.5390782731837119,0.8305602843977885
normal_n40,40,16,19,0.5434824383528994,0.03155986874830975,0.5119225696045897,0.5750423071012092,0.5390782731837119,0.8305602843977885
normal_n40,40,16,20,0.5160934518116732,0.07427492065828252,0.4418185311533907,0.5903683724699558,0.5390782731837119,0.8305602843977885
normal_n40,40,16,21,0.5416087713070998,0.02348150514295154,0.5181272661641483,0.5650902764500514,0.5390782731837119,0.8305602843977885
normal_n40,40,16,22,0.5300415324836393,0.05470963790938106,0.47533189457425823,0.5847511703930204,0.5390782731837119,0.8305602843977885
normal_n40,40,16,23,0.5420767678249985,0.0241729846670712,0.5179037831579273,0.5662497524920697,0.5390782731837119,0.8305602843977885
normal_n40,40,16,24,0.539808832163349,0.043400000338571096,0.49640883182477785,0.58320883250192,0.5390782731837119,0.8305602843977885
normal_n40,40,16,25,0.5427409615514924,0.04744275388989283,0.4952982076615996,0.5901837154413853,0.5390782731837119,0.8305602843977885
normal_n40,40,16,26,0.5389522700706728,0.05145891484231717,0.48749335522835563,0.5904111849129899,0.5390782731837119,0.8305602843977885
normal_n40,40,16,27,0.5431550989197342,0.02497855242542657,0.5181765464943077,0.5681336513451608,0.5390782731837119,0.8305602843977885
normal_n40,40,16,28,0.5389387917377421,0.06262990660749045,0.4763088851302516,0.6015686983452325,0.5390782731837119,0.8305602843977885
normal_n40,40,16,29,0.5320395233258572,0.029390556654202663,0.5026489666716546,0.5614300799800599,0.5390782731837119,0.8305602843977885
normal_n40,40,16,30,0.5424623052533472,0.050152863269020354,0.4923094419843268,0.5926151685223675,0.5390782731837119,0.8305602843977885
normal_n40,40,16,31,0.5425607007833594,0.062175769515668666,0.4803849312676907,0.6047364702990281,0.5390782731837119,0.8305602843977885
normal_n40,40,16,32,0.5405808522583455,0.0666427553558837,0.4739380969024618,0.6072236076142292,0.5390782731837119,0.8305602843977885
normal_n40,40,16,33,0.5221415081755288,0.039468313760195085,0.48267319441533374,0.561609821935724,0.5390782731837119,0.8305602843977885
normal_n40,40,16,34,0.5278947083280704,0.04902796050218577,0.4788667478258846,0.5769226688302561,0.5390782731837119,0.8305602843977885
normal_n40,40,16,35,0.5432521223139866,0.027230285435898283,0.5160218368780882,0.5704824077498849,0.5390782731837119,0.8305602843977885
normal_n40,40,16,36,0.7104154048775011,0.022683533388502458,0.6877318714889986,0.7330989382660036,0.5390782731837119,0.8305602843977885
normal_n40,40,16,37,0.5407830415738732,0.025012416446619817,0.5157706251272535,0.565795458020493,0.5390782731837119,0.8305602843977885
normal_n40,40,16,38,0.5344512886752897,0.06944377353828764,0.46500751513700206,0.6038950622135774,0.5390782731837119,0.8305602843977885
normal_n40,40,16,39,0.5372138097799218,0.06446078877924838,0.47275302100067346,0.6016745985591703,0.5390782731837119,0.8305602843977885
normal_n40,40,17,0,0.5433532673215993,0.03193350779327067,0.5114197595283286,0.5752867751148699,0.546780120114817,0.8436820410121995
normal_n40,40,17,1,0.5487075456605395,0.03122360069475941,0.5174839449657801,0.5799311463552989,0.546780120114817,0.8436820410121995
normal_n40,40,17,2,0.4680539218051774,0.024289447802728046,0.44376447400244934,0.4923433696079055,0.546780120114817,0.8436820410121995
normal_n40,40,17,3,0.5333454537571222,0.021386931489525605,0.5119585222675965,0.5547323852466478,0.546780120114817,0.8436820410121995
normal_n40,40,17,4,0.5407377888493937,0.030188553279659032,0.5105492355697346,0.5709263421290528,0.546780120114817,0.8436820410121995
normal_n40,40,17,5,0.5506058083380343,0.04897075039450903,0.5016350579435253,0.5995765587325433,0.546780120114817,0.8436820410121995
normal_n40,40,17,6,0.5513879685787829,0.049004377647997505,0.5023835909307854,0.6003923462267804,0.546780120114817,0.8436820410121995
normal_n40,40,17,7,0.5477820611443206,0.06826994355021869,0.4795121175941019,0.6160520046945392,0.546780120114817,0.8436820410121995
normal_n40,40,17,8,0.5367923397249119,0.022541069949489054,0.5142512697754229,0.5593334096744009,0.546780120114817,0.8436820410121995
normal_n40,40,17,9,0.5017082635696725,0.0720948470248579,0.42961341654481455,0.5738031105945304,0.546780120114817,0.8436820410121995
normal_n40,40,17,10,0.5512348758204308,0.047766882546592976,0.5034679932738378,0.5990017583670239,0.546780120114817,0.8436820410121995
normal_n40,40,17,11,0.5402183081433798,0.04112602081682946,0.4990922873265503,0.5813443289602093,0.546780120114817,0.8436820410121995
normal_n40,40,17,12,0.5499175760801777,0.024660439404663656,0.525257136675514,0.5745780154848413,0.546780120114817,0.8436820410121995
normal_n40,40,17,13,0.583796909154862,0.04560201437840383,0.5381948947764582,0.6293989235332659,0.546780120114817,0.8436820410121995
normal_n40,40,17,14,0.5512952660863888,0.04849399063333336,0.5028012754530554,0.5997892567197222,0.546780120114817,0.8436820410121995
normal_n40,40,17,15,0.5337262863577127,0.07473028902555445,0.45899599733215823,0.6084565753832671,0.546780120114817,0.8436820410121995
normal_n40,40,17,16,0.5429484302494324,0.03457344239328123,0.5083749878561512,0.5775218726427136,0.546780120114817,0.8436820410121995
normal_n40,40,17,17,0.5497329972862712,0.047587575475238,0.5021454218110333,0.5973205727615092,0.546780120114817,0.8436820410121995
normal_n40,40,17,18,0.5435134174747243,0.047357844199548416,0.49615557327517584,0.5908712616742726,0.546780120114817,0.8436820410121995
normal_n40,40,17,19,0.5520069830110291,0.03155986874830975,0.5204471142627194,0.5835668517593389,0.546780120114817,0.8436820410121995
normal_n40,40,17,20,0.5235501951613908,0.07427492065828252,0.4492752745031083,0.5978251158196733,0.546780120114817,0.8436820410121995
normal_n40,40,17,21,0.550117970386112,0.02348150514295154,0.5266364652431604,0.5735994755290635,0.546780120114817,0.8436820410121995
normal_n40,40,17,22,0.5387053495570419,0.05470963790938106,0.4839957116476608,0.593414987466423,0.546780120114817,0.8436820410121995
normal_n40,40,17,23,0.5505625930267553,0.0241729846670712,0.5263896083596841,0.5747355776938264,0.546780120114817,0.8436820410121995
normal_n40,40,17,24,0.54829627435197,0.043400000338571096,0.504896274013399,0.5916962746905411,0.546780120114817,0.8436820410121995
normal_n40,40,17,25,0.5513144936730023,0.04744275388989283,0.5038717397831095,0.5987572475628952,0.546780120114817,0.8436820410121995
normal_n40,40,17,26,0.5472049021962804,0.05145891484231717,0.4957459873539632,0.5986638170385975,0.546780120114817,0.8436820410121995
normal_n40,40,17,27,0.5516687821385433,0.02497855242542657,0.5266902297131167,0.5766473345639699,0.546780120114817,0.8436820410121995
normal_n40,40,17,28,0.5474277435166939,0.06262990660749045,0.4847978369092034,0.6100576501241843,0.546780120114817,0.8436820410121995
normal_n40,40,17,29,0.5401705115685694,0.029390556654202663,0.5107799549143668,0.5695610682227721,0.546780120114817,0.8436820410121995
normal_n40,40,17,30,0.5509877431156966,0.050152863269020354,0.5008348798466763,0.601140606384717,0.546780120114817,0.8436820410121995
normal_n40,40,17,31,0.5510817813426881,0.062175769515668666,0.4889060118270195,0.6132575508583569,0.546780120114817,0.8436820410121995
normal_n40,40,17,32,0.5490844929551977,0.0666427553558837,0.48244173759931397,0.6157272483110814,0.546780120114817,0.8436820410121995
normal_n40,40,17,33,0.5303512498174735,0.039468313760195085,0.4908829360572784,0.5698195635776686,0.546780120114817,0.8436820410121995
normal_n40,40,17,34,0.5296797991146979,0.04902796050218577,0.4806518386125121,0.5787077596168836,0.546780120114817,0.8436820410121995
normal_n40,40,17,35,0.5517379324237874,0.027230285435898283,0.5245076469878891,0.5789682178596858,0.546780120114817,0.8436820410121995
normal_n40,40,17,36,0.7007863621727445,0.022683533388502458,0.678102828784242,0.723469895561247,0.546780120114817,0.8436820410121995
normal_n40,40,17,37,0.5492906338391812,0.025012416446619817,0.5242782173925614,0.574303050285801,0.546780120114817,0.8436820410121995
normal_n40,40,17,38,0.5426956165757063,0.06944377353828764,0.4732518430374187,0.612139390113994,0.546780120114817,0.8436820410121995
normal_n40,40,17,39,0.5456249092451811,0.06446078877924838,0.48116412046593277,0.6100856980244296,0.546780120114817,0.8436820410121995
normal_n40,40,18,0,0.5532011872996876,0.03193350779327067,0.521267679506417,0.5851346950929582,0.5546072349292768,0.8560689992164837
normal_n40,40,18,1,0.5569821057493988,0.03122360069475941,0.5257585050546394,0.5882057064441581,0.5546072349292768,0.8560689992164837
normal_n40,40,18,2,0.4856874597364224,0.024289447802728046,0.46139801193369434,0.5099769075391505,0.5546072349292768,0.8560689992164837
normal_n40,40,18,3,0.5412226655818803,0.021386931489525605,0.5198357340923546,0.5626095970714059,0.5546072349292768,0.8560689992164837
normal_n40,40,18,4,0.5491315007389146,0.030188553279659032,0.5189429474592555,0.5793200540185737,0.5546072349292768,0.8560689992164837
normal_n40,40,18,5,0.5590407062462577,0.04897075039450903,0.5100699558517486,0.6080114566407667,0.5546072349292768,0.8560689992164837
normal_n40,40,18,6,0.5597739625580505,0.049004377647997505,0.510769584910053,0.6087783402060479,0.5546072349292768,0.8560689992164837
normal_n40,40,18,7,0.5562691698896306,0.06826994355021869,0.4879992263394119,0.6245391134398492,0.5546072349292768,0.8560689992164837
normal_n40,40,18,8,0.5447548300510338,0.022541069949489054,0.5222137601015447,0.5672959000005228,0.5546072349292768,0.8560689992164837
normal_n40,40,18,9,0.5124681476890418,0.0720948470248579,0.4403733006641839,0.5845629947138997,0.5546072349292768,0.8560689992164837
normal_n40,40,18,10,0.5596506366763992,0.047766882546592976,0.5118837541298062,0.6074175192229923,0.5546072349292768,0.8560689992164837
normal_n40,40,18,11,0.5485851677601156,0.04112602081682946,0.5074591469432861,0.589711188576945,0.5546072349292768,0.8560689992164837
normal_n40,40,18,12,0.558397571899987,0.024660439404663656,0.5337371324953233,0.5830580113046506,0.5546072349292768,0.8560689992164837
normal_n40,40,18,13,0.5766306009973493,0.04560201437840383,0.5310285866189455,0.6222326153757531,0.5546072349292768,0.8560689992164837
normal_n40,40,18,14,0.5597132011463215,0.04849399063333336,0.5112192105129881,0.6082071917796549,0.5546072349292768,0.8560689992164837
normal_n40,40,18,15,0.5431878735874652,0.07473028902555445,0.4684575845619108,0.6179181626130197,0.5546072349292768,0.8560689992164837
normal_n40,40,18,16,0.5511308472298353,0.03457344239328123,0.5165574048365541,0.5857042896231165,0.5546072349292768,0.8560689992164837
normal_n40,40,18,17,0.558210756411404,0.047587575475238,0.5106231809361661,0.605798331886642,0.5546072349292768,0.8560689992164837
normal_n40,40,18,18,0.5518206029878295,0.047357844199548416,0.5044627587882811,0.599178447187378,0.5546072349292768,0.8560689992164837
normal_n40,40,18,19,0.5604725839991055,0.03155986874830975,0.5289127152507958,0.5920324527474152,0.5546072349292768,0.8560689992164837
normal_n40,40,18,20,0.5311338446949806,0.07427492065828252,0.4568589240366981,0.6054087653532632,0.5546072349292768,0.8560689992164837
normal_n40,40,18,21,0.5585979835258416,0.02348150514295154,0.53511647838289,0.5820794886687931,0.5546072349292768,0.8560689992164837
normal_n40,40,18,22,0.546910465886682,0.05470963790938106,0.49220082797730097,0.6016201037960631,0.5546072349292768,0.8560689992164837
normal_n40,40,18,23,0.5590598609505915,0.0241729846670712,0.5348868762835203,0.5832328456176626,0.5546072349292768,0.8560689992164837
normal_n40,40,18,24,0.5567873034810541,0.043400000338571096,0.513387303142483,0.6001873038196252,0.5546072349292768,0.8560689992164837
normal_n40,40,18,25,0.5597132509238244,0.04744275388989283,0.5122704970339316,0.6071560048137172,0.5546072349292768,0.8560689992164837
normal_n40,40,18,26,0.5554891954621832,0.05145891484231717,0.5040302806198661,0.6069481103045004,0.5546072349292768,0.8560689992164837
normal_n40,40,18,27,0.5601086021463182,0.02497855242542657,0.5351300497208916,0.5850871545717448,0.5546072349292768,0.8560689992164837
normal_n40,40,18,28,0.5559253375358679,0.06262990660749045,0.49329543092837747,0.6185552441433584,0.5546072349292768,0.8560689992164837
normal_n40,40,18,29,0.5485017257532032,0.029390556654202663,0.5191111690990006,0.5778922824074059,0.5546072349292768,0.8560689992164837
normal_n40,40,18,30,0.5594048494388073,0.050152863269020354,0.509251986169787,0.6095577127078277,0.5546072349292768,0.8560689992164837
normal_n40,40,18,31,0.5595552883410838,0.062175769515668666,0.49737951882541515,0.6217310578567525,0.5546072349292768,0.8560689992164837
normal_n40,40,18,32,0.5575662255349935,0.0666427553558837,0.49092347017910976,0.6242089808908772,0.5546072349292768,0.8560689992164837
normal_n40,40,18,33,0.5387472399656997,0.039468313760195085,0.4992789262055046,0.5782155537258948,0.5546072349292768,0.8560689992164837
normal_n40,40,18,34,0.5360639056416573,0.04902796050218577,0.4870359451394715,0.585091866143843,0.5546072349292768,0.8560689992164837
normal_n40,40,18,35,0.560194685678789,0.027230285435898283,0.5329644002428908,0.5874249711146873,0.5546072349292768,0.8560689992164837
normal_n40,40,18,36,0.6912512953670115,0.022683533388502458,0.668567761978509,0.713934828755514,0.5546072349292768,0.8560689992164837
normal_n40,40,18,37,0.5577789328523848,0.025012416446619817,0.532766516405765,0.5827913492990046,0.5546072349292768,0.8560689992164837
normal_n40,40,18,38,0.5510886574980223,0.06944377353828764,0.48164488395973465,0.62053243103631,0.5546072349292768,0.8560689992164837
normal_n40,40,18,39,0.5540791682559462,0.06446078877924838,0.4896183794766978,0.6185399570351946,0.5546072349292768,0.8560689992164837
normal_n40,40,19,0,0.5623549553084093,0.03193350779327067,0.5304214475151386,0.5942884631016799,0.5626432735372965,0.8673749159164527
normal_n40,40,19,1,0.5653984387195916,0.03122360069475941,0.5341748380248322,0.596622039414351,0.5626432735372965,0.8673749159164527
normal_n40,40,19,2,0.5030489201143461,0.024289447802728046,0.47875947231161803,0.5273383679170741,0.5626432735372965,0.8673749159164527
normal_n40,40,19,3,0.5492745926513583,0.021386931489525605,0.5278876611618326,0.5706615241408839,0.5626432735372965,0.8673749159164527
normal_n40,40,19,4,0.5576313880359094,0.030188553279659032,0.5274428347562503,0.5878199413155685,0.5626432735372965,0.8673749159164527
normal_n40,40,19,5,0.5677883623862453,0.04897075039450903,0.5188176119917363,0.6167591127807543,0.5626432735372965,0.8673749159164527
normal_n40,40,19,6,0.5685071297777522,0.049004377647997505,0.5195027521297547,0.6175115074257497,0.5626432735372965,0.8673749159164527
normal_n40,40,19,7,0.5648024222637774,0.06826994355021869,0.4965324787135587,0.6330723658139961,0.5626432735372965,0.8673749159164527
normal_n40,40,19,8,0.5528986327531046,0.022541069949489054,0.5303575628036156,0.5754397027025936,0.5626432735372965,0.8673749159164527
normal_n40,40,19,9,0.523078690468398,0.0720948470248579,0.45098384344354014,0.595173537493256,0.5626432735372965,0.8673749159164527
normal_n40,40,19,10,0.5683856483612669,0.047766882546592976,0.5206187658146739,0.6161525309078599,0.5626432735372965,0.8673749159164527
normal_n40,40,19,11,0.5570874400741888,0.04112602081682946,0.5159614192573593,0.5982134608910182,0.5626432735372965,0.8673749159164527
normal_n40,40,19,12,0.5669794768041077,0.024660439404663656,0.542319037399444,0.5916399162087713,0.5626432735372965,0.8673749159164527
normal_n40,40,19,13,0.5709995384643598,0.04560201437840383,0.525397524085956,0.6166015528427636,0.5626432735372965,0.8673749159164527
normal_n40,40,19,14,0.5684676164378836,0.04849399063333336,0.5199736258045502,0.6169616070712169,0.5626432735372965,0.8673749159164527
normal_n40,40,19,15,0.5524805493655096,0.07473028902555445,0.47775026033995516,0.6272108383910641,0.5626432735372965,0.8673749159164527
normal_n40,40,19,16,0.5595590067190109,0.03457344239328123,0.5249855643257297,0.5941324491122921,0.5626432735372965,0.8673749159164527
normal_n40,40,19,17,0.566845026900325,0.047587575475238,0.5192574514250871,0.614432602375563,0.5626432735372965,0.8673749159164527
normal_n40,40,19,18,0.5602569918174102,0.047357844199548416,0.5128991476178617,0.6076148360169586,0.5626432735372965,0.8673749159164527
normal_n40,40,19,19,0.5691721834504346,0.03155986874830975,0.5376123147021249,0.6007320521987444,0.5626432735372965,0.8673749159164527
normal_n40,40,19,20,0.5388341789155957,0.07427492065828252,0.4645592582573132,0.6131090995738783,0.5626432735372965,0.8673749159164527
normal_n40,40,19,21,0.5672045199017303,0.02348150514295154,0.5437230147587787,0.5906860250446818,0.5626432735372965,0.8673749159164527
normal_n40,40,19,22,0.555078452318205,0.05470963790938106,0.5003688144088239,0.6097880902275861,0.5626432735372965,0.8673749159164527
normal_n40,40,19,23,0.567711162828773,0.0241729846670712,0.5435381781617018,0.5918841474958442,0.5626432735372965,0.8673749159164527
normal_n40,40,19,24,0.5653279353926536,0.043400000338571096,0.5219279350540825,0.6087279357312246,0.5626432735372965,0.8673749159164527
normal_n40,40,19,25,0.5685221311052009,0.04744275388989283,0.5210793772153081,0.6159648849950937,0.5626432735372965,0.8673749159164527
normal_n40,40,19,26,0.5639371977218115,0.05145891484231717,0.5124782828794944,0.6153961125641286,0.5626432735372965,0.8673749159164527
normal_n40,40,19,27,0.568878573085704,0.02497855242542657,0.5439000206602774,0.5938571255111306,0.5626432735372965,0.8673749159164527
normal_n40,40,19,28,0.5644728126170409,0.06262990660749045,0.5018429060095504,0.6271027192245313,0.5626432735372965,0.8673749159164527
normal_n40,40,19,29,0.5569682991172585,0.029390556654202663,0.5275777424630559,0.5863588557714612,0.5626432735372965,0.8673749159164527
normal_n40,40,19,30,0.5681907533035628,0.050152863269020354,0.5180378900345425,0.6183436165725832,0.5626432735372965,0.8673749159164527
normal_n40,40,19,31,0.5683362723950415,0.062175769515668666,0.5061605028793728,0.6305120419107102,0.5626432735372965,0.8673749159164527
normal_n40,40,19,32,0.5661712793917768,0.0666427553558837,0.4995285240358931,0.6328140347476605,0.5626432735372965,0.8673749159164527
normal_n40,40,19,33,0.5472551075448804,0.039468313760195085,0.5077867937846853,0.5867234213050755,0.5626432735372965,0.8673749159164527
normal_n40,40,19,34,0.5445830467790557,0.04902796050218577,0.4955550862768699,0.5936110072812414,0.5626432735372965,0.8673749159164527
normal_n40,40,19,35,0.5689227948306389,0.027230285435898283,0.5416925093947407,0.5961530802665371,0.5626432735372965,0.8673749159164527
normal_n40,40,19,36,0.6818271551363924,0.022683533388502458,0.6591436217478899,0.7045106885248948,0.5626432735372965,0.8673749159164527
normal_n40,40,19,37,0.5663247854346627,0.025012416446619817,0.5413123689880429,0.5913372018812825,0.5626432735372965,0.8673749159164527
normal_n40,40,19,38,0.5595838785411168,0.06944377353828764,0.4901401050028292,0.6290276520794045,0.5626432735372965,0.8673749159164527
normal_n40,40,19,39,0.5625835942573699,0.06446078877924838,0.49812280547812154,0.6270443830366184,0.5626432735372965,0.8673749159164527
normal_n40,40,20,0,0.5710810825263356,0.03193350779327067,0.539147574733065,0.6030145903196062,0.5708020034955302,0.8774254063446245
normal_n40,40,20,1,0.5741228896126832,0.03122360069475941,0.5428992889179238,0.6053464903074426,0.5708020034955302,0.8774254063446245
normal_n40,40,20,2,0.520075364115127,0.024289447802728046,0.49578591631239893,0.544364811917855,0.5708020034955302,0.8774254063446245
normal_n40,40,20,3,0.5574584596114766,0.021386931489525605,0.5360715281219509,0.5788453911010022,0.5708020034955302,0.8774254063446245
normal_n40,40,20,4,0.5662405536161643,0.030188553279659032,0.5360520003365052,0.5964291068958234,0.5708020034955302,0.8774254063446245
normal_n40,40,20,5,0.5765588227657746,0.04897075039450903,0.5275880723712656,0.6255295731602837,0.5708020034955302,0.8774254063446245
normal_n40,40,20,6,0.5771852877938413,0.049004377647997505,0.5281809101458438,0.6261896654418387,0.5708020034955302,0.8774254063446245
normal_n40,40,20,7,0.5735472978555289,0.06826994355021869,0.5052773543053103,0.6418172414057476,0.5708020034955302,0.8774254063446245
normal_n40,40,20,8,0.5611687575046291,0.022541069949489054,0.5386276875551401,0.5837098274541181,0.5708020034955302,0.8774254063446245
normal_n40,40,20,9,0.5335412147329615,0.0720948470248579,0.46144636770810354,0.6056360617578194,0.5708020034955302,0.8774254063446245
normal_n40,40,20,10,0.5770662608049072,0.047766882546592976,0.5292993782583142,0.6248331433515002,0.5708020034955302,0.8774254063446245
normal_n40,40,20,11,0.5657075527226003,0.04112602081682946,0.5245815319057708,0.6068335735394298,0.5708020034955302,0.8774254063446245
normal_n40,40,20,12,0.5757435077815022,0.024660439404663656,0.5510830683768385,0.6004039471861659,0.5708020034955302,0.8774254063446245
normal_n40,40,20,13,0.5676933551972057,0.04560201437840383,0.5220913408188018,0.6132953695756095,0.5708020034955302,0.8774254063446245
normal_n40,40,20,14,0.5771277590536928,0.04849399063333336,0.5286337684203595,0.6256217496870262,0.5708020034955302,0.8774254063446245
normal_n40,40,20,15,0.5615913323693621,0.07473028902555445,0.48686104334380764,0.6363216213949165,0.5708020034955302,0.8774254063446245
normal_n40,40,20,16,0.5681764136191333,0.03457344239328123,0.5336029712258521,0.6027498560124145,0.5708020034955302,0.8774254063446245
normal_n40,40,20,17,0.575624035580701,0.047587575475238,0.528036460105463,0.6232116110559389,0.5708020034955302,0.8774254063446245
normal_n40,40,20,18,0.5688544795787366,0.047357844199548416,0.5214966353791881,0.616212323778285,0.5708020034955302,0.8774254063446245
normal_n40,40,20,19,0.5778796358954308,0.03155986874830975,0.546319767147121,0.6094395046437405,0.5708020034955302,0.8774254063446245
normal_n40,40,20,20,0.546655078082904,0.07427492065828252,0.4723801574246215,0.6209299987411866,0.5708020034955302,0.8774254063446245
normal_n40,40,20,21,0.5759798276479662,0.02348150514295154,0.5524983225050146,0.5994613327909177,0.5708020034955302,0.8774254063446245
normal_n40,40,20,22,0.5633248993040219,0.05470963790938106,0.5086152613946407,0.618034537213403,0.5708020034955302,0.8774254063446245
normal_n40,40,20,23,0.5764889561147063,0.0241729846670712,0.5523159714476351,0.6006619407817775,0.5708020034955302,0.8774254063446245
normal_n40,40,20,24,0.5740785189923917,0.043400000338571096,0.5306785186538207,0.6174785193309628,0.5708020034955302,0.8774254063446245
normal_n40,40,20,25,0.5771725138371522,0.04744275388989283,0.5297297599472593,0.624615267727045,0.5708020034955302,0.8774254063446245
normal_n40,40,20,26,0.5726103240942059,0.05145891484231717,0.5211514092518887,0.624069238936523,0.5708020034955302,0.8774254063446245
normal_n40,40,20,27,0.5775915873989594,0.02497855242542657,0.5526130349735329,0.602570139824386,0.5708020034955302,0.8774254063446245
normal_n40,40,20,28,0.5731879623140185,0.06262990660749045,0.510558055706528,0.6358178689215089,0.5708020034955302,0.8774254063446245
normal_n40,40,20,29,0.5655570510549756,0.029390556654202663,0.5361664944007729,0.5949476077091782,0.5708020034955302,0.8774254063446245
normal_n40,40,20,30,0.5768871679296032,0.050152863269020354,0.5267343046605828,0.6270400311986235,0.5708020034955302,0.8774254063446245
normal_n40,40,20,31,0.5769988712069163,0.062175769515668666,0.5148231016912477,0.6391746407225849,0.5708020034955302,0.8774254063446245
normal_n40,40,20,32,0.5749485595201473,0.0666427553558837,0.5083058041642636,0.641591314876031,0.5708020034955302,0.8774254063446245
normal_n40,40,20,33,0.5557717670284462,0.039468313760195085,0.5163034532682511,0.5952400807886413,0.5708020034955302,0.8774254063446245
normal_n40,40,20,34,0.5537755541026305,0.04902796050218577,0.5047475936004447,0.6028035146048162,0.5708020034955302,0.8774254063446245
normal_n40,40,20,35,0.5775923013535109,0.027230285435898283,0.5503620159176126,0.6048225867894093,0.5708020034955302,0.8774254063446245
normal_n40,40,20,36,0.6725347201862018,0.022683533388502458,0.6498511867976993,0.6952182535747042,0.5708020034955302,0.8774254063446245
normal_n40,40,20,37,0.575073176189778,0.025012416446619817,0.5500607597431583,0.6000855926363978,0.5708020034955302,0.8774254063446245
normal_n40,40,20,38,0.5682112325897851,0.06944377353828764,0.4987674590514975,0.6376550061280728,0.5708020034955302,0.8774254063446245
normal_n40,40,20,39,0.5711960081350914,0.06446078877924838,0.506735219355843,0.6356567969143398,0.5708020034955302,0.8774254063446245
normal_n40,40,21,0,0.5795941534019788,0.03193350779327067,0.5476606456087082,0.6115276611952495,0.5790316272947388,0.8861632085949276
normal_n40,40,21,1,0.5828731993457257,0.03122360069475941,0.5516495986509663,0.6140968000404851,0.5790316272947388,0.8861632085949276
normal_n40,40,21,2,0.5366578706865449,0.024289447802728046,0.5123684228838169,0.5609473184892729,0.5790316272947388,0.8861632085949276
normal_n40,40,21,3,0.5657256736278601,0.021386931489525605,0.5443387421383344,0.5871126051173857,0.5790316272947388,0.8861632085949276
normal_n40,40,21,4,0.5748315432429917,0.030188553279659032,0.5446429899633326,0.6050200965226508,0.5790316272947388,0.8861632085949276
normal_n40,40,21,5,0.5852753342267586,0.04897075039450903,0.5363045838322495,0.6342460846212676,0.5790316272947388,0.8861632085949276
normal_n40,40,21,6,0.5858806720949096,0.049004377647997505,0.5368762944469121,0.634885049742907,0.5790316272947388,0.8861632085949276
normal_n40,40,21,7,0.5822825459048541,0.06826994355021869,0.5140126023546354,0.6505524894550727,0.5790316272947388,0.8861632085949276
normal_n40,40,21,8,0.5695121734599449,0.022541069949489054,0.5469711035104559,0.5920532434094339,0.5790316272947388,0.8861632085949276
normal_n40,40,21,9,0.5438433133491201,0.0720948470248579,0.47174846632426215,0.615938160373978,0.5790316272947388,0.8861632085949276
normal_n40,40,21,10,0.585759685279568,0.047766882546592976,0.537992802732975,0.633526567826161,0.5790316272947388,0.8861632085949276
normal_n40,40,21,11,0.5743132179920416,0.04112602081682946,0.5331871971752121,0.6154392388088711,0.5790316272947388,0.8861632085949276
normal_n40,40,21,12,0.5844716717527563,0.024660439404663656,0.5598112323480926,0.6091321111574199,0.5790316272947388,0.8861632085949276
normal_n40,40,21,13,0.5674536445353092,0.04560201437840383,0.5218516301569054,0.613055658913713,0.5790316272947388,0.8861632085949276
normal_n40,40,21,14,0.5858374453241569,0.04849399063333336,0.5373434546908236,0.6343314359574903,0.5790316272947388,0.8861632085949276
normal_n40,40,21,15,0.5704580998462451,0.07473028902555445,0.4957278108206906,0.6451883888717995,0.5790316272947388,0.8861632085949276
normal_n40,40,21,16,0.5768468201991229,0.03457344239328123,0.5422733778058417,0.6114202625924041,0.5790316272947388,0.8861632085949276
normal_n40,40,21,17,0.5843543323443251,0.047587575475238,0.5367667568690871,0.631941907819563,0.5790316272947388,0.8861632085949276
normal_n40,40,21,18,0.5775065060702778,0.047357844199548416,0.5301486618707294,0.6248643502698261,0.5790316272947388,0.8861632085949276
normal_n40,40,21,19,0.5865451640341571,0.03155986874830975,0.5549852952858474,0.6181050327824669,0.5790316272947388,0.8861632085949276
normal_n40,40,21,20,0.5545740594941131,0.07427492065828252,0.4802991388358306,0.6288489801523957,0.5790316272947388,0.8861632085949276
normal_n40,40,21,21,0.5847162752082933,0.02348150514295154,0.5612347700653417,0.6081977803512448,0.5790316272947388,0.8861632085949276
normal_n40,40,21,22,0.571660594089974,0.05470963790938106,0.516950956180593,0.6263702319993552,0.5790316272947388,0.8861632085949276
normal_n40,40,21,23,0.5852259589707017,0.0241729846670712,0.5610529743036305,0.6093989436377729,0.5790316272947388,0.8861632085949276
normal_n40,40,21,24,0.5828268604699035,0.043400000338571096,0.5394268601313325,0.6262268608084746,0.5790316272947388,0.8861632085949276
normal_n40,40,21,25,0.5858977374034416,0.04744275388989283,0.5384549835135488,0.6333404912933345,0.5790316272947388,0.8861632085949276
normal_n40,40,21,26,0.5813466518473643,0.05145891484231717,0.5298877370050472,0.6328055666896815,0.5790316272947388,0.8861632085949276
normal_n40,40,21,27,0.586259447329108,0.02497855242542657,0.5612808949036814,0.6112379997545345,0.5790316272947388,0.8861632085949276
normal_n40,40,21,28,0.5819194604592427,0.06262990660749045,0.5192895538517522,0.6445493670667332,0.5790316272947388,0.8861632085949276
normal_n40,40,21,29,0.574123376377614,0.029390556654202663,0.5447328197234114,0.6035139330318167,0.5790316272947388,0.8861632085949276
normal_n40,40,21,30,0.5855748123800705,0.050152863269020354,0.5354219491110501,0.6357276756490908,0.5790316272947388,0.8861632085949276
normal_n40,40,21,31,0.5856889758482793,0.062175769515668666,0.5235132063326107,0.6478647453639479,0.5790316272947388,0.8861632085949276
normal_n40,40,21,32,0.5836748207207983,0.0666427553558837,0.5170320653649146,0.6503175760766821,0.5790316272947388,0.8861632085949276
normal_n40,40,21,33,0.5642725616906571,0.039468313760195085,0.524804247930462,0.6037408754508522,0.5790316272947388,0.8861632085949276
normal_n40,40,21,34,0.5631891659351841,0.04902796050218577,0.5141612054329984,0.6122171264373698,0.5790316272947388,0.8861632085949276
normal_n40,40,21,35,0.586287135780686,0.027230285435898283,0.5590568503447877,0.6135174212165844,0.5790316272947388,0.8861632085949276
normal_n40,40,21,36,0.6634068436590724,0.022683533388502458,0.64072331027057,0.6860903770475749,0.5790316272947388,0.8861632085949276
normal_n40,40,21,37,0.5838068354936322,0.025012416446619817,0.5587944190470124,0.608819251940252,0.5790316272947388,0.8861632085949276
normal_n40,40,21,38,0.576876548569284,0.06944377353828764,0.5074327750309964,0.6463203221075717,0.5790316272947388,0.8861632085949276
normal_n40,40,21,39,0.5799139033434861,0.06446078877924838,0.5154531145642378,0.6443746921227345,0.5790316272947388,0.8861632085949276
normal_n40,40,22,0,0.5880710822022512,0.03193350779327067,0.5561375744089806,0.6200045899955219,0.5872364719048198,0.8936321283424543
normal_n40,40,22,1,0.5915310414438841,0.03122360069475941,0.5603074407491248,0.6227546421386435,0.5872364719048198,0.8936321283424543
normal_n40,40,22,2,0.5526005270102889,0.024289447802728046,0.5283110792075609,0.576889974813017,0.5872364719048198,0.8936321283424543
normal_n40,40,22,3,0.5740263803407106,0.021386931489525605,0.552639448851185,0.5954133118302363,0.5872364719048198,0.8936321283424543
normal_n40,40,22,4,0.5833441143191425,0.030188553279659032,0.5531555610394834,0.6135326675988015,0.5872364719048198,0.8936321283424543
normal_n40,40,22,5,0.5938258556560417,0.04897075039450903,0.5448551052615327,0.6427966060505508,0.5872364719048198,0.8936321283424543
normal_n40,40,22,6,0.5944073218294247,0.049004377647997505,0.5454029441814272,0.6434116994774222,0.5872364719048198,0.8936321283424543
normal_n40,40,22,7,0.5909308340268782,0.06826994355021869,0.5226608904766595,0.6592007775770968,0.5872364719048198,0.8936321283424543
normal_n40,40,22,8,0.5778850042773499,0.022541069949489054,0.5553439343278609,0.6004260742268389,0.5872364719048198,0.8936321283424543
normal_n40,40,22,9,0.5539549330594127,0.0720948470248579,0.48186008603455477,0.6260497800842706,0.5872364719048198,0.8936321283424543
normal_n40,40,22,10,0.5942982681749996,0.047766882546592976,0.5465313856284066,0.6420651507215926,0.5872364719048198,0.8936321283424543
normal_n40,40,22,11,0.5828375225023228,0.04112602081682946,0.5417115016854933,0.6239635433191523,0.5872364719048198,0.8936321283424543
normal_n40,40,22,12,0.5931074773483463,0.024660439404663656,0.5684470379436827,0.61776791675301,0.5872364719048198,0.8936321283424543
normal_n40,40,22,13,0.5701336330558756,0.04560201437840383,0.5245316186774718,0.6157356474342794,0.5872364719048198,0.8936321283424543
normal_n40,40,22,14,0.5943590833538692,0.04849399063333336,0.5458650927205358,0.6428530739872026,0.5872364719048198,0.8936321283424543
normal_n40,40,22,15,0.5791176936521739,0.07473028902555445,0.5043874046266195,0.6538479826777284,0.5872364719048198,0.8936321283424543
normal_n40,40,22,16,0.5854107886310049,0.03457344239328123,0.5508373462377237,0.6199842310242861,0.5872364719048198,0.8936321283424543
normal_n40,40,22,17,0.5929848230503225,0.047587575475238,0.5453972475750846,0.6405723985255605,0.5872364719048198,0.8936321283424543
normal_n40,40,22,18,0.5860900563544704,0.047357844199548416,0.5387322121549221,0.6334479005540188,0.5872364719048198,0.8936321283424543
normal_n40,40,22,19,0.5950823842712761,0.03155986874830975,0.5635225155229664,0.6266422530195859,0.5872364719048198,0.8936321283424543
normal_n40,40,22,20,0.5625600277655076,0.07427492065828252,0.4882851071072251,0.6368349484237902,0.5872364719048198,0.8936321283424543
normal_n40,40,22,21,0.5933525602492777,0.02348150514295154,0.5698710551063262,0.6168340653922293,0.5872364719048198,0.8936321283424543
normal_n40,40,22,22,0.5800303858095706,0.05470963790938106,0.5253207479001895,0.6347400237189517,0.5872364719048198,0.8936321283424543
normal_n40,40,22,23,0.5938536578069974,0.0241729846670712,0.5696806731399262,0.6180266424740686,0.5872364719048198,0.8936321283424543
normal_n40,40,22,24,0.5914826279367229,0.043400000338571096,0.5480826275981519,0.634882628275294,0.5872364719048198,0.8936321283424543
normal_n40,40,22,25,0.5944174739715588,0.04744275388989283,0.5469747200816659,0.6418602278614516,0.5872364719048198,0.8936321283424543
normal_n40,40,22,26,0.5900154636902338,0.05145891484231717,0.5385565488479167,0.641474378532551,0.5872364719048198,0.8936321283424543
normal_n40,40,22,27,0.5948143007380895,0.02497855242542657,0.5698357483126629,0.6197928531635161,0.5872364719048198,0.8936321283424543
normal_n40,40,22,28,0.5905678870098736,0.06262990660749045,0.5279379804023832,0.6531977936173641,0.5872364719048198,0.8936321283424543
normal_n40,40,22,29,0.582630418936899,0.029390556654202663,0.5532398622826964,0.6120209755911017,0.5872364719048198,0.8936321283424543
normal_n40,40,22,30,0.594118479931404,0.050152863269020354,0.5439656166623836,0.6442713432004243,0.5872364719048198,0.8936321283424543
normal_n40,40,22,31,0.5942226714776102,0.062175769515668666,0.5320469019619416,0.6563984409932788,0.5872364719048198,0.8936321283424543
normal_n40,40,22,32,0.5923037078511592,0.0666427553558837,0.5256609524952754,0.6589464632070429,0.5872364719048198,0.8936321283424543
normal_n40,40,22,33,0.5727364518417929,0.039468313760195085,0.5332681380815978,0.612204765601988,0.5872364719048198,0.8936321283424543
normal_n40,40,22,34,0.5725623446742512,0.04902796050218577,0.5235343841720654,0.6215903051764369,0.5872364719048198,0.8936321283424543
normal_n40,40,22,35,0.5948123728506836,0.027230285435898283,0.5675820874147852,0.6220426582865819,0.5872364719048198,0.8936321283424543
normal_n40,40,22,36,0.6544844889186,0.022683533388502458,0.6318009555300975,0.6771680223071025,0.5872364719048198,0.8936321283424543
normal_n40,40,22,37,0.5924519912013103,0.025012416446619817,0.5674395747546905,0.6174644076479301,0.5872364719048198,0.8936321283424543
normal_n40,40,22,38,0.585443159999182,0.06944377353828764,0.5159993864608943,0.6548869335374696,0.5872364719048198,0.8936321283424543
normal_n40,40,22,39,0.588599578972023,0.06446078877924838,0.5241387901927745,0.6530603677512714,0.5872364719048198,0.8936321283424543
normal_n40,40,23,0,0.596429782841403,0.03193350779327067,0.5644962750481324,0.6283632906346737,0.5953212749313073,0.8997465053360799
normal_n40,40,23,1,0.5999791831464936,0.03122360069475941,0.5687555824517342,0.631202783841253,0.5953212749313073,0.8997465053360799
normal_n40,40,23,2,0.5676678614872139,0.024289447802728046,0.5433784136844859,0.591957309289942,0.5953212749313073,0.8997465053360799
normal_n40,40,23,3,0.5823060323348636,0.021386931489525605,0.5609191008453379,0.6036929638243892,0.5953212749313073,0.8997465053360799
normal_n40,40,23,4,0.5917362644456968,0.030188553279659032,0.5615477111660377,0.6219248177253559,0.5953212749313073,0.8997465053360799
normal_n40,40,23,5,0.6021721809345115,0.04897075039450903,0.5532014305400025,0.6511429313290206,0.5953212749313073,0.8997465053360799
normal_n40,40,23,6,0.6027207090267398,0.049004377647997505,0.5537163313787423,0.6517250866747373,0.5953212749313073,0.8997465053360799
normal_n40,40,23,7,0.5993621685932579,0.06826994355021869,0.5310922250430392,0.6676321121434765,0.5953212749313073,0.8997465053360799
normal_n40,40,23,8,0.5862216799438266,0.022541069949489054,0.5636806099943376,0.6087627498933156,0.5953212749313073,0.8997465053360799
normal_n40,40,23,9,0.5638547279508179,0.0720948470248579,0.49175988092596,0.6359495749756758,0.5953212749313073,0.8997465053360799
normal_n40,40,23,10,0.6026162115594982,0.047766882546592976,0.5548493290129052,0.6503830941060912,0.5953212749313073,0.8997465053360799
normal_n40,40,23,11,0.5912313173335287,0.04112602081682946,0.5501052965166993,0.6323573381503582,0.5953212749313073,0.8997465053360799
normal_n40,40,23,12,0.6015532328055287,0.024660439404663656,0.5768927934008651,0.6262136722101924,0.5953212749313073,0.8997465053360799
normal_n40,40,23,13,0.5747723549455362,0.04560201437840383,0.5291703405671324,0.6203743693239401,0.5953212749313073,0.8997465053360799
normal_n40,40,23,14,0.6026852808741081,0.04849399063333336,0.5541912902407747,0.6511792715074415,0.5953212749313073,0.8997465053360799
normal_n40,40,23,15,0.5876018853451528,0.07473028902555445,0.5128715963195983,0.6623321743707072,0.5953212749313073,0.8997465053360799
normal_n40,40,23,16,0.5938645791416188,0.03457344239328123,0.5592911367483376,0.6284380215349,0.5953212749313073,0.8997465053360799
normal_n40,40,23,17,0.6014157825073007,0.047587575475238,0.5538282070320627,0.6490033579825386,0.5953212749313073,0.8997465053360799
normal_n40,40,23,18,0.5945458484674605,0.047357844199548416,0.547188004267912,0.641903692667009,0.5953212749313073,0.8997465053360799
normal_n40,40,23,19,0.6033797207886471,0.03155986874830975,0.5718198520403374,0.6349395895369568,0.5953212749313073,0.8997465053360799
normal_n40,40,23,20,0.5705752427260189,0.07427492065828252,0.4963003220677364,0.6448501633843015,0.5953212749313073,0.8997465053360799
normal_n40,40,23,21,0.6017950357425295,0.02348150514295154,0.5783135305995779,0.625276540885481,0.5953212749313073,0.8997465053360799
normal_n40,40,23,22,0.5883568609641229,0.05470963790938106,0.5336472230547418,0.643066498873504,0.5953212749313073,0.8997465053360799
normal_n40,40,23,23,0.6022456408410292,0.0241729846670712,0.578072656173958,0.6264186255081003,0.5953212749313073,0.8997465053360799
normal_n40,40,23,24,0.5999444677594343,0.043400000338571096,0.5565444674208633,0.6433444680980054,0.5953212749313073,0.8997465053360799
normal_n40,40,23,25,0.6027520614922143,0.04744275388989283,0.5553093076023214,0.6501948153821071,0.5953212749313073,0.8997465053360799
normal_n40,40,23,26,0.5984741556202416,0.05145891484231717,0.5470152407779245,0.6499330704625588,0.5953212749313073,0.8997465053360799
normal_n40,40,23,27,0.603137820986797,0.02497855242542657,0.5781592685613705,0.6281163734122236,0.5953212749313073,0.8997465053360799
normal_n40,40,23,28,0.5990087850464293,0.06262990660749045,0.5363788784389388,0.6616386916539198,0.5953212749313073,0.8997465053360799
normal_n40,40,23,29,0.591022338741363,0.029390556654202663,0.5616317820871604,0.6204128953955657,0.5953212749313073,0.8997465053360799
normal_n40,40,23,30,0.6024474744926271,0.050152863269020354,0.5522946112236068,0.6526003377616475,0.5953212749313073,0.8997465053360799
normal_n40,40,23,31,0.602534886292772,0.062175769515668666,0.5403591167771034,0.6647106558084406,0.5953212749313073,0.8997465053360799
normal_n40,40,23,32,0.6007392193471282,0.0666427553558837,0.5340964639912444,0.6673819747030119,0.5953212749313073,0.8997465053360799
normal_n40,40,23,33,0.5811336954183428,0.039468313760195085,0.5416653816581477,0.6206020091785379,0.5953212749313073,0.8997465053360799
normal_n40,40,23,34,0.5817185678265437,0.04902796050218577,0.532690607324358,0.6307465283287295,0.5953212749313073,0.8997465053360799
normal_n40,40,23,35,0.6031395931843563,0.027230285435898283,0.575909307748458,0.6303698786202545,0.5953212749313073,0.8997465053360799
normal_n40,40,23,36,0.6458810024804592,0.022683533388502458,0.6231974690919567,0.6685645358689617,0.5953212749313073,0.8997465053360799
normal_n40,40,23,37,0.6009146772855104,0.025012416446619817,0.5759022608388906,0.6259270937321302,0.5953212749313073,0.8997465053360799
normal_n40,40,23,38,0.5938883298451587,0.06944377353828764,0.524444556306871,0.6633321033834464,0.5953212749313073,0.8997465053360799
normal_n40,40,23,39,0.5970243366860094,0.06446078877924838,0.532563547906761,0.6614851254652578,0.5953212749313073,0.8997465053360799
normal_n40,40,24,0,0.6046720549139523,0.03193350779327067,0.5727385471206816,0.6366055627072229,0.6032632016998603,0.9042894606248981
normal_n40,40,24,1,0.6081555019255992,0.03122360069475941,0.5769319012308398,0.6393791026203586,0.6032632016998603,0.9042894606248981
normal_n40,40,24,2,0.5816209937060413,0.024289447802728046,0.5573315459033132,0.6059104415087693,0.6032632016998603,0.9042894606248981
normal_n40,40,24,3,0.5905370452922772,0.021386931489525605,0.5691501138027516,0.6119239767818029,0.6032632016998603,0.9042894606248981
normal_n40,40,24,4,0.6000364892958212,0.030188553279659032,0.5698479360161621,0.6302250425754803,0.6032632016998603,0.9042894606248981
normal_n40,40,24,5,0.6103585240690417,0.04897075039450903,0.5613877736745326,0.6593292744635507,0.6032632016998603,0.9042894606248981
normal_n40,40,24,6,0.6109326780072251,0.049004377647997505,0.5619283003592276,0.6599370556552225,0.6032632016998603,0.9042894606248981
normal_n40,40,24,7,0.6075191776019092,0.06826994355021869,0.5392492340516906,0.6757891211521279,0.6032632016998603,0.9042894606248981
normal_n40,40,24,8,0.5944892847820931,0.022541069949489054,0.571948214832604,0.6170303547315821,0.6032632016998603,0.9042894606248981
normal_n40,40,24,9,0.5735361623632,0.0720948470248579,0.5014413153383421,0.645631009388058,0.6032632016998603,0.9042894606248981
normal_n40,40,24,10,0.610832775062426,0.047766882546592976,0.5630658925158329,0.658599657609019,0.6032632016998603,0.9042894606248981
normal_n40,40,24,11,0.5995301586325948,0.04112602081682946,0.5584041378157654,0.6406561794494243,0.6032632016998603,0.9042894606248981
normal_n40,40,24,12,0.60973836851108,0.024660439404663656,0.5850779291064163,0.6343988079157437,0.6032632016998603,0.9042894606248981
normal_n40,40,24,13,0.5803520394739224,0.04560201437840383,0.5347500250955186,0.6259540538523263,0.6032632016998603,0.9042894606248981
normal_n40,40,24,14,0.61089194965903,0.04849399063333336,0.5623979590256967,0.6593859402923634,0.6032632016998603,0.9042894606248981
normal_n40,40,24,15,0.5959364989981264,0.07473028902555445,0.5212062099725719,0.6706667880236808,0.6032632016998603,0.9042894606248981
normal_n40,40,24,16,0.6021779354771937,0.03457344239328123,0.5676044930839125,0.6367513778704749,0.6032632016998603,0.9042894606248981
normal_n40,40,24,17,0.6095608398689207,0.047587575475238,0.5619732643936828,0.6571484153441587,0.6032632016998603,0.9042894606248981
normal_n40,40,24,18,0.6028484730344317,0.047357844199548416,0.5554906288348833,0.65020631723398,0.6032632016998603,0.9042894606248981
normal_n40,40,24,19,0.6115770997156996,0.03155986874830975,0.5800172309673899,0.6431369684640094,0.6032632016998603,0.9042894606248981
normal_n40,40,24,20,0.5785889362338269,0.07427492065828252,0.5043140155755443,0.6528638568921095,0.6032632016998603,0.9042894606248981
normal_n40,40,24,21,0.6099501268954598,0.02348150514295154,0.5864686217525082,0.6334316320384114,0.6032632016998603,0.9042894606248981
normal_n40,40,24,22,0.5966068126502401,0.05470963790938106,0.541897174740859,0.6513164505596212,0.6032632016998603,0.9042894606248981
normal_n40,40,24,23,0.61036992253784,0.0241729846670712,0.5861969378707688,0.6345429072049111,0.6032632016998603,0.9042894606248981
normal_n40,40,24,24,0.6081123855343343,0.043400000338571096,0.5647123851957633,0.6515123858729054,0.6032632016998603,0.9042894606248981
normal_n40,40,24,25,0.6109488532659784,0.04744275388989283,0.5635060993760855,0.6583916071558712,0.6032632016998603,0.9042894606248981
normal_n40,40,24,26,0.606687596937784,0.05145891484231717,0.5552286820954668,0.6581465117801011,0.6032632016998603,0.9042894606248981
normal_n40,40,24,27,0.6113319092039285,0.02497855242542657,0.586353356778502,0.6363104616293551,0.6032632016998603,0.9042894606248981
normal_n40,40,24,28,0.6071927996190715,0.06262990660749045,0.544562893011581,0.6698227062265619,0.6032632016998603,0.9042894606248981
normal_n40,40,24,29,0.5993155077754171,0.029390556654202663,0.5699249511212144,0.6287060644296197,0.6032632016998603,0.9042894606248981
normal_n40,40,24,30,0.6106655635870665,0.050152863269020354,0.5605127003180461,0.6608184268560868,0.6032632016998603,0.9042894606248981
normal_n40,40,24,31,0.6107197701393543,0.062175769515668666,0.5485440006236857,0.6728955396550229,0.6032632016998603,0.9042894606248981
normal_n40,40,24,32,0.6089197155453892,0.0666427553558837,0.5422769601895054,0.6755624709012729,0.6032632016998603,0.9042894606248981
normal_n40,40,24,33,0.5894512502996413,0.039468313760195085,0.5499829365394462,0.6289195640598364,0.6032632016998603,0.9042894606248981
normal_n40,40,24,34,0.5905977337940025,0.04902796050218577,0.5415697732918168,0.6396256942961882,0.6032632016998603,0.9042894606248981
normal_n40,40,24,35,0.6113478870131307,0.027230285435898283,0.5841176015772325,0.6385781724490289,0.6032632016998603,0.9042894606248981
normal_n40,40,24,36,0.637900407017226,0.022683533388502458,0.6152168736287235,0.6605839404057284,0.6032632016998603,0.9042894606248981
normal_n40,40,24,37,0.609076022600167,0.025012416446619817,0.5840636061535472,0.6340884390467868,0.6032632016998603,0.9042894606248981
normal_n40,40,24,38,0.6021893043544867,0.06944377353828764,0.532745530816199,0.6716330778927744,0.6032632016998603,0.9042894606248981
normal_n40,40,24,39,0.6052515125994816,0.06446078877924838,0.5407907238202332,0.6697123013787301,0.6032632016998603,0.9042894606248981
