scenario,agents,step,member,centre,half_width,lower,upper,group_mean_centre,consensus
polarized_n10,10,0,0,0.2369953324017002,0.052620851298216045,0.18437448110348414,0.28961618369991626,0.5093518527223395,0.2537036987496418
polarized_n10,10,0,1,0.2556941906888407,0.02242567914767958,0.23326851154116113,0.27811986983652026,0.5093518527223395,0.2537036987496418
polarized_n10,10,0,2,0.23797493995078137,0.020582315425824324,0.21739262452495706,0.2585572553766057,0.5093518527223395,0.2537036987496418
polarized_n10,10,0,3,0.23116960157611618,0.05929143891472505,0.17187816266139114,0.2904610404908412,0.5093518527223395,0.2537036987496418
polarized_n10,10,0,4,0.21722558359155655,0.0286616262848751,0.18856395730668146,0.24588720987643164,0.5093518527223395,0.2537036987496418
polarized_n10,10,0,5,0.7968608786345527,0.05727140427978428,0.7395894743547684,0.854132282914337,0.5093518527223395,0.2537036987496418
polarized_n10,10,0,6,0.7735487947867029,0.05702993885399994,0.7165188559327029,0.8305787336407029,0.5093518527223395,0.2537036987496418
polarized_n10,10,0,7,0.772398421514691,0.06356079045732353,0.7088376310573674,0.8359592119720145,0.5093518527223395,0.2537036987496418
polarized_n10,10,0,8,0.7669369410074369,0.04187531389806472,0.7250616271093722,0.8088122549055017,0.5093518527223395,0.2537036987496418
polarized_n10,10,0,9,0.8047138430710165,0.03510726486548965,0.7696065782055268,0.8398211079365061,0.5093518527223395,0.2537036987496418
polarized_n10,10,1,0,0.24706277923994885,0.052620851298216045,0.19444192794173282,0.2996836305381649,0.5007084536806214,0.32306718604912915
polarized_n10,10,1,1,0.307249296723958,0.02242567914767958,0.28482361757627844,0.3296749758716376,0.5007084536806214,0.32306718604912915
polarized_n10,10,1,2,0.2900216804818071,0.020582315425824324,0.26943936505598276,0.31060399590763144,0.5007084536806214,0.32306718604912915
polarized_n10,10,1,3,0.25727636324161257,0.05929143891472505,0.19798492432688752,0.3165678021563376,0.5007084536806214,0.32306718604912915
polarized_n10,10,1,4,0.2790991718496467,0.0286616262848751,0.2504375455647716,0.30776079813452184,0.5007084536806214,0.32306718604912915
polarized_n10,10,1,5,0.7466942376089086,0.05727140427978428,0.6894228333291244,0.8039656418886929,0.5007084536806214,0.32306718604912915
polarized_n10,10,1,6,0.6974571473195039,0.05702993885399994,0.6404272084655039,0.7544870861735039,0.5007084536806214,0.32306718604912915
polarized_n10,10,1,7,0.7428786098963021,0.06356079045732353,0.6793178194389785,0.8064394003536256,0.5007084536806214,0.32306718604912915
polarized_n10,10,1,8,0.7166294005851468,0.04187531389806472,0.674754086687082,0.7585047144832116,0.5007084536806214,0.32306718604912915
polarized_n10,10,1,9,0.7227158498593802,0.03510726486548965,0.6876085849938905,0.7578231147248699,0.5007084536806214,0.32306718604912915
polarized_n10,10,2,0,0.2571951115174895,0.052620851298216045,0.2045742602192735,0.30981596281570556,0.49267438269216396,0.40306964040821436
polarized_n10,10,2,1,0.35648798426252887,0.02242567914767958,0.3340623051148493,0.37891366341020843,0.49267438269216396,0.40306964040821436
polarized_n10,10,2,2,0.3400971704751156,0.020582315425824324,0.3195148550492913,0.36067948590093996,0.49267438269216396,0.40306964040821436
polarized_n10,10,2,3,0.2831810493898083,0.05929143891472505,0.22388961047508327,0.34247248830453336,0.49267438269216396,0.40306964040821436
polarized_n10,10,2,4,0.33846350818197385,0.0286616262848751,0.30980188189709873,0.36712513446684897,0.49267438269216396,0.40306964040821436
polarized_n10,10,2,5,0.6981041670030288,0.05727140427978428,0.6408327627232445,0.7553755712828131,0.49267438269216396,0.40306964040821436
polarized_n10,10,2,6,0.6260126612333808,0.05702993885399994,0.5689827223793809,0.6830426000873808,0.49267438269216396,0.40306964040821436
polarized_n10,10,2,7,0.7137835473332478,0.06356079045732353,0.6502227568759242,0.7773443377905713,0.49267438269216396,0.40306964040821436
polarized_n10,10,2,8,0.668016024549304,0.04187531389806472,0.6261407106512392,0.7098913384473687,0.49267438269216396,0.40306964040821436
polarized_n10,10,2,9,0.6454026029757627,0.03510726486548965,0.610295338110273,0.6805098678412523,0.49267438269216396,0.40306964040821436
polarized_n10,10,3,0,0.2676303513166065,0.052620851298216045,0.21500950001839048,0.32025120261482254,0.48509243545458675,0.49201661317777207
polarized_n10,10,3,1,0.40511960142261827,0.02242567914767958,0.3826939222749387,0.42754528057029784,0.48509243545458675,0.49201661317777207
polarized_n10,10,3,2,0.3898110172768822,0.020582315425824324,0.3692287018510579,0.41039333270270656,0.48509243545458675,0.49201661317777207
polarized_n10,10,3,3,0.30961439588074735,0.05929143891472505,0.2503229569660223,0.3689058347954724,0.48509243545458675,0.49201661317777207
polarized_n10,10,3,4,0.39682901422195543,0.0286616262848751,0.3681673879370803,0.42549064050683055,0.48509243545458675,0.49201661317777207
polarized_n10,10,3,5,0.6497505991688162,0.05727140427978428,0.5924791948890319,0.7070220034486004,0.48509243545458675,0.49201661317777207
polarized_n10,10,3,6,0.5572194679945262,0.05702993885399994,0.5001895291405262,0.6142494068485261,0.48509243545458675,0.49201661317777207
polarized_n10,10,3,7,0.6843454974502432,0.06356079045732353,0.6207847069929197,0.7479062879075667,0.48509243545458675,0.49201661317777207
polarized_n10,10,3,8,0.6196464067663187,0.04187531389806472,0.5777710928682539,0.6615217206643834,0.48509243545458675,0.49201661317777207
polarized_n10,10,3,9,0.5709580030471526,0.03510726486548965,0.535850738181663,0.6060652679126423,0.48509243545458675,0.49201661317777207
polarized_n10,10,4,0,0.27818316422140316,0.052620851298216045,0.22556231292318712,0.3308040155196192,0.47686298534472105,0.5767854118090504
polarized_n10,10,4,1,0.4503473769527796,0.02242567914767958,0.42792169780510003,0.47277305610045917,0.47686298534472105,0.5767854118090504
polarized_n10,10,4,2,0.43683936551113467,0.020582315425824324,0.41625705008531033,0.457421680936959,0.47686298534472105,0.5767854118090504
polarized_n10,10,4,3,0.33606252763981576,0.05929143891472505,0.2767710887250907,0.3953539665545408,0.47686298534472105,0.5767854118090504
polarized_n10,10,4,4,0.4505894654302746,0.0286616262848751,0.4219278391453995,0.47925109171514974,0.47686298534472105,0.5767854118090504
polarized_n10,10,4,5,0.6010184561116798,0.05727140427978428,0.5437470518318955,0.6582898603914641,0.47686298534472105,0.5767854118090504
polarized_n10,10,4,6,0.4908528420816641,0.05702993885399994,0.43382290322766415,0.547882780935664,0.47686298534472105,0.5767854118090504
polarized_n10,10,4,7,0.6543498951854851,0.06356079045732353,0.5907891047281616,0.7179106856428087,0.47686298534472105,0.5767854118090504
polarized_n10,10,4,8,0.5708712193912923,0.04187531389806472,0.5289959054932275,0.612746533289357,0.47686298534472105,0.5767854118090504
polarized_n10,10,4,9,0.4995155409216818,0.03510726486548965,0.46440827605619217,0.5346228057871715,0.47686298534472105,0.5767854118090504
polarized_n10,10,5,0,0.28874138205249406,0.052620851298216045,0.23612053075427802,0.3413622333507101,0.46649169688482817,0.6380106820877396
polarized_n10,10,5,1,0.47110398890713656,0.02242567914767958,0.448678309759457,0.49352966805481613,0.46649169688482817,0.6380106820877396
polarized_n10,10,5,2,0.46702230899262476,0.020582315425824324,0.4464399935668004,0.4876046244184491,0.46649169688482817,0.6380106820877396
polarized_n10,10,5,3,0.36200945256066724,0.05929143891472505,0.3027180136459422,0.4213008914753923,0.46649169688482817,0.6380106820877396
polarized_n10,10,5,4,0.4735151914793818,0.0286616262848751,0.4448535651945067,0.5021768177642569,0.46649169688482817,0.6380106820877396
polarized_n10,10,5,5,0.5525375179027097,0.05727140427978428,0.4952661136229254,0.6098089221824939,0.46649169688482817,0.6380106820877396
polarized_n10,10,5,6,0.448859222445899,0.05702993885399994,0.39182928359189906,0.5058891612998989,0.46649169688482817,0.6380106820877396
polarized_n10,10,5,7,0.6240292180450948,0.06356079045732353,0.5604684275877713,0.6875900085024184,0.46649169688482817,0.6380106820877396
polarized_n10,10,5,8,0.5226562749012431,0.04187531389806472,0.4807809610031784,0.5645315887993079,0.46649169688482817,0.6380106820877396
polarized_n10,10,5,9,0.4544424115610311,0.03510726486548965,0.41933514669554145,0.48954967642652075,0.46649169688482817,0.6380106820877396
polarized_n10,10,6,0,0.2992292522638178,0.052620851298216045,0.24660840096560177,0.35185010356203383,0.4528637201774429,0.6931042101327384
polarized_n10,10,6,1,0.458356246990335,0.02242567914767958,0.43593056784265544,0.48078192613801457,0.4528637201774429,0.6931042101327384
polarized_n10,10,6,2,0.4591337964707584,0.020582315425824324,0.4385514810449341,0.47971611189658275,0.4528637201774429,0.6931042101327384
polarized_n10,10,6,3,0.3868619331930714,0.05929143891472505,0.32757049427834634,0.44615337210779643,0.4528637201774429,0.6931042101327384
polarized_n10,10,6,4,0.4542964905443059,0.0286616262848751,0.42563486425943076,0.482958116829181,0.4528637201774429,0.6931042101327384
polarized_n10,10,6,5,0.5055887516607548,0.05727140427978428,0.4483173473809705,0.5628601559405391,0.4528637201774429,0.6931042101327384
polarized_n10,10,6,6,0.4444747988974709,0.05702993885399994,0.38744486004347095,0.5015047377514709,0.4528637201774429,0.6931042101327384
polarized_n10,10,6,7,0.5938266229834626,0.06356079045732353,0.530265832526139,0.6573874134407861,0.4528637201774429,0.6931042101327384
polarized_n10,10,6,8,0.4776838917087033,0.04187531389806472,0.4358085778106386,0.519559205606768,0.4528637201774429,0.6931042101327384
polarized_n10,10,6,9,0.4491854170617485,0.03510726486548965,0.4140781521962589,0.4842926819272382,0.4528637201774429,0.6931042101327384
polarized_n10,10,7,0,0.3096030385840256,0.052620851298216045,0.25698218728580957,0.36222388988224163,0.43699271923657523,0.7398644664032964
polarized_n10,10,7,1,0.4419317916450462,0.02242567914767958,0.41950611249736663,0.46435747079272577,0.43699271923657523,0.7398644664032964
polarized_n10,10,7,2,0.4422291260903638,0.020582315425824324,0.42164681066453946,0.46281144151618814,0.43699271923657523,0.7398644664032964
polarized_n10,10,7,3,0.40859941978570524,0.05929143891472505,0.3493079808709802,0.4678908587004303,0.43699271923657523,0.7398644664032964
polarized_n10,10,7,4,0.43840537044066497,0.0286616262848751,0.40974374415578985,0.4670669967255401,0.43699271923657523,0.7398644664032964
polarized_n10,10,7,5,0.46220051144697094,0.05727140427978428,0.40492910716718666,0.5194719157267552,0.43699271923657523,0.7398644664032964
polarized_n10,10,7,6,0.4295006898291046,0.05702993885399994,0.3724707509751047,0.48653062868310454,0.43699271923657523,0.7398644664032964
polarized_n10,10,7,7,0.5638260681219363,0.06356079045732353,0.5002652776646127,0.6273868585792598,0.43699271923657523,0.7398644664032964
polarized_n10,10,7,8,0.4429093860948547,0.04187531389806472,0.40103407219679,0.4847846999929194,0.43699271923657523,0.7398644664032964
polarized_n10,10,7,9,0.4307217903270804,0.03510726486548965,0.39561452546159076,0.46582905519257006,0.43699271923657523,0.7398644664032964
polarized_n10,10,8,0,0.31982165225406395,0.052620851298216045,0.2672008009558479,0.37244250355228,0.4246442747041326,0.7770226268397464
polarized_n10,10,8,1,0.42797496070542146,0.02242567914767958,0.4055492815577419,0.450400639853101,0.4246442747041326,0.7770226268397464
polarized_n10,10,8,2,0.4279295395166228,0.020582315425824324,0.4073472240907985,0.44851185494244716,0.4246442747041326,0.7770226268397464
polarized_n10,10,8,3,0.42132603838337485,0.05929143891472505,0.3620345994686498,0.4806174772980999,0.4246442747041326,0.7770226268397464
polarized_n10,10,8,4,0.4243147581156067,0.0286616262848751,0.3956531318307316,0.4529763844004818,0.4246442747041326,0.7770226268397464
polarized_n10,10,8,5,0.4288000204036291,0.05727140427978428,0.3715286161238448,0.48607142468341336,0.4246442747041326,0.7770226268397464
polarized_n10,10,8,6,0.41858384267318377,0.05702993885399994,0.36155390381918384,0.4756137815271837,0.4246442747041326,0.7770226268397464
polarized_n10,10,8,7,0.5341762113385427,0.06356079045732353,0.4706154208812191,0.5977370017958662,0.4246442747041326,0.7770226268397464
polarized_n10,10,8,8,0.42260140680917474,0.04187531389806472,0.38072609291111004,0.46447672070723944,0.4246442747041326,0.7770226268397464
polarized_n10,10,8,9,0.42091431684170577,0.03510726486548965,0.3858070519762161,0.4560215817071954,0.4246442747041326,0.7770226268397464
polarized_n10,10,9,0,0.3298491040855422,0.052620851298216045,0.27722825278732616,0.3824699553837582,0.41624279008796233,0.8097165008867079
polarized_n10,10,9,1,0.418032473724159,0.02242567914767958,0.39560679457647946,0.4404581528718386,0.41624279008796233,0.8097165008867079
polarized_n10,10,9,2,0.4177505491123416,0.020582315425824324,0.39716823368651727,0.43833286453816594,0.41624279008796233,0.8097165008867079
polarized_n10,10,9,3,0.4227450564656678,0.05929143891472505,0.36345361755094274,0.48203649538039284,0.41624279008796233,0.8097165008867079
polarized_n10,10,9,4,0.4146214695601087,0.0286616262848751,0.3859598432752336,0.4432830958449838,0.41624279008796233,0.8097165008867079
polarized_n10,10,9,5,0.4116673851237221,0.05727140427978428,0.3543959808439378,0.46893878940350636,0.41624279008796233,0.8097165008867079
polarized_n10,10,9,6,0.4137990225270689,0.05702993885399994,0.356769083673069,0.47082896138106883,0.41624279008796233,0.8097165008867079
polarized_n10,10,9,7,0.5051329608571584,0.06356079045732353,0.4415721703998349,0.568693751314482,0.41624279008796233,0.8097165008867079
polarized_n10,10,9,8,0.4134238982101297,0.04187531389806472,0.371548584312065,0.4552992121081944,0.41624279008796233,0.8097165008867079
polarized_n10,10,9,9,0.4154059812137248,0.03510726486548965,0.38029871634823514,0.45051324607921445,0.41624279008796233,0.8097165008867079
polarized_n10,10,10,0,0.33967179785573554,0.052620851298216045,0.2870509465575195,0.39229264915395157,0.4113024135308003,0.8416065706247448
polarized_n10,10,10,1,0.4122087483797642,0.02242567914767958,0.3897830692320846,0.43463442752744375,0.4113024135308003,0.8416065706247448
polarized_n10,10,10,2,0.41170006428867784,0.020582315425824324,0.3911177488628535,0.4322823797145022,0.4113024135308003,0.8416065706247448
polarized_n10,10,10,3,0.4188457008957744,0.05929143891472505,0.35955426198104934,0.47813713981049943,0.4113024135308003,0.8416065706247448
polarized_n10,10,10,4,0.4091955156799181,0.0286616262848751,0.38053388939504296,0.4378571419647932,0.4113024135308003,0.8416065706247448
polarized_n10,10,10,5,0.40748101592105007,0.05727140427978428,0.3502096116412658,0.46475242020083435,0.4113024135308003,0.8416065706247448
polarized_n10,10,10,6,0.4126306002596539,0.05702993885399994,0.355600661405654,0.46966053911365385,0.4113024135308003,0.8416065706247448
polarized_n10,10,10,7,0.4769342188281002,0.06356079045732353,0.4133734283707767,0.5404950092854237,0.4113024135308003,0.8416065706247448
polarized_n10,10,10,8,0.4103410448383167,0.04187531389806472,0.368465730940252,0.4522163587363814,0.4113024135308003,0.8416065706247448
polarized_n10,10,10,9,0.4140154283610125,0.03510726486548965,0.37890816349552287,0.44912269322650217,0.4113024135308003,0.8416065706247448
polarized_n10,10,11,0,0.3492446508329034,0.052620851298216045,0.29662379953468737,0.40186550213111943,0.40866279904348957,0.8702165639710727
polarized_n10,10,11,1,0.41009767274160897,0.02242567914767958,0.3876719935939294,0.43252335188928853,0.40866279904348957,0.8702165639710727
polarized_n10,10,11,2,0.4093761075209219,0.020582315425824324,0.38879379209509757,0.42995842294674624,0.40866279904348957,0.8702165639710727
polarized_n10,10,11,3,0.41536836741032984,0.05929143891472505,0.3560769284956048,0.4746598063250549,0.40866279904348957,0.8702165639710727
polarized_n10,10,11,4,0.4083714643111037,0.0286616262848751,0.3797098380262286,0.43703309059597883,0.40866279904348957,0.8702165639710727
polarized_n10,10,11,5,0.40798340040298037,0.05727140427978428,0.3507119961231961,0.46525480468276464,0.40866279904348957,0.8702165639710727
polarized_n10,10,11,6,0.41230324964713955,0.05702993885399994,0.3552733107931396,0.4693331885011395,0.40866279904348957,0.8702165639710727
polarized_n10,10,11,7,0.4504418190146419,0.06356079045732353,0.3868810285573184,0.5140026094719654,0.40866279904348957,0.8702165639710727
polarized_n10,10,11,8,0.4101882706884785,0.04187531389806472,0.3683129567904138,0.4520635845865432,0.40866279904348957,0.8702165639710727
polarized_n10,10,11,9,0.41325298786478704,0.03510726486548965,0.3781457229992974,0.4483602527302767,0.40866279904348957,0.8702165639710727
polarized_n10,10,12,0,0.3585195556851287,0.052620851298216045,0.3058987043869127,0.41114040698334475,0.407730544853547,0.8911565037955989
polarized_n10,10,12,1,0.4107846290339637,0.02242567914767958,0.3883589498862841,0.43321030818164324,0.407730544853547,0.8911565037955989
polarized_n10,10,12,2,0.41007568590628757,0.020582315425824324,0.38949337048046323,0.4306580013321119,0.407730544853547,0.8911565037955989
polarized_n10,10,12,3,0.4130283750568988,0.05929143891472505,0.3537369361421738,0.47231981397162387,0.407730544853547,0.8911565037955989
polarized_n10,10,12,4,0.4098770037682549,0.0286616262848751,0.3812153774833798,0.43853863005313004,0.407730544853547,0.8911565037955989
polarized_n10,10,12,5,0.40976390003672686,0.05727140427978428,0.3524924957569426,0.46703530431651114,0.407730544853547,0.8911565037955989
polarized_n10,10,12,6,0.4127244826150605,0.05702993885399994,0.3556945437610606,0.46975442146906043,0.407730544853547,0.8911565037955989
polarized_n10,10,12,7,0.4276749481883082,0.06356079045732353,0.36411415773098466,0.49123573864563175,0.407730544853547,0.8911565037955989
polarized_n10,10,12,8,0.41135323082646674,0.04187531389806472,0.36947791692840204,0.45322854472453145,0.407730544853547,0.8911565037955989
polarized_n10,10,12,9,0.4135036374183737,0.03510726486548965,0.37839637255288405,0.44861090228386336,0.407730544853547,0.8911565037955989
polarized_n10,10,13,0,0.3675108976898821,0.052620851298216045,0.31489004639166607,0.42013174898809813,0.40958986110094686,0.9009209267484685
polarized_n10,10,13,1,0.4144645000109998,0.02242567914767958,0.39203882086332026,0.4368901791586794,0.40958986110094686,0.9009209267484685
polarized_n10,10,13,2,0.41403917934109985,0.020582315425824324,0.3934568639152755,0.4346214947669242,0.40958986110094686,0.9009209267484685
polarized_n10,10,13,3,0.4125822211238168,0.05929143891472505,0.35329078220909177,0.47187366003854186,0.40958986110094686,0.9009209267484685
polarized_n10,10,13,4,0.41447526113706584,0.0286616262848751,0.3858136348521907,0.44313688742194096,0.40958986110094686,0.9009209267484685
polarized_n10,10,13,5,0.4133456719129128,0.05727140427978428,0.35607426763312855,0.4706170761926971,0.40958986110094686,0.9009209267484685
polarized_n10,10,13,6,0.41602849239451967,0.05702993885399994,0.35899855354051974,0.4730584312485196,0.40958986110094686,0.9009209267484685
polarized_n10,10,13,7,0.4120312876696082,0.06356079045732353,0.3484704972122847,0.47559207812693177,0.40958986110094686,0.9009209267484685
polarized_n10,10,13,8,0.4147235077415497,0.04187531389806472,0.372848193843485,0.4565988216396144,0.40958986110094686,0.9009209267484685
polarized_n10,10,13,9,0.4166975919880145,0.03510726486548965,0.38159032712252483,0.45180485685350413,0.40958986110094686,0.9009209267484685
polarized_n40,40,0,0,0.19268385048476788,0.07732033685166435,0.11536351363310353,0.2700041873364322,0.4950051452216024,0.24914939165902292
polarized_n40,40,0,1,0.21396489996147902,0.04759995283505708,0.16636494712642194,0.2615648527965361,0.4950051452216024,0.24914939165902292
polarized_n40,40,0,2,0.22672241343143906,0.04552719606412867,0.1811952173673104,0.27224960949556776,0.4950051452216024,0.24914939165902292
polarized_n40,40,0,3,0.21091313224167488,0.07583588807066269,0.1350772441710122,0.28674902031233757,0.4950051452216024,0.24914939165902292
polarized_n40,40,0,4,0.2105848030166077,0.07382824355053291,0.1367565594660748,0.2844130465671406,0.4950051452216024,0.24914939165902292
polarized_n40,40,0,5,0.1974954358264956,0.033169779577085605,0.16432565624940998,0.2306652154035812,0.4950051452216024,0.24914939165902292
polarized_n40,40,0,6,0.2360315758874533,0.05132999505704593,0.18470158083040739,0.2873615709444992,0.4950051452216024,0.24914939165902292
polarized_n40,40,0,7,0.2887637746268598,0.04744038273597771,0.2413233918908821,0.33620415736283754,0.4950051452216024,0.24914939165902292
polarized_n40,40,0,8,0.18048533343381673,0.07578775972102228,0.10469757371279445,0.25627309315483904,0.4950051452216024,0.24914939165902292
polarized_n40,40,0,9,0.21035575101181736,0.04729125806652063,0.16306449294529674,0.257647009078338,0.4950051452216024,0.24914939165902292
polarized_n40,40,0,10,0.19635547339705,0.04468945409778731,0.1516660192992627,0.2410449274948373,0.4950051452216024,0.24914939165902292
polarized_n40,40,0,11,0.22664369945651233,0.0419569678197865,0.18468673163672583,0.26860066727629883,0.4950051452216024,0.24914939165902292
polarized_n40,40,0,12,0.21342531097926273,0.05357259971588289,0.15985271126337985,0.2669979106951456,0.4950051452216024,0.24914939165902292
polarized_n40,40,0,13,0.20637286068081992,0.0206401647649477,0.18573269591587221,0.22701302544576762,0.4950051452216024,0.24914939165902292
polarized_n40,40,0,14,0.24630340661305075,0.05358494868471231,0.19271845792833844,0.29988835529776303,0.4950051452216024,0.24914939165902292
polarized_n40,40,0,15,0.20953043465417476,0.029018907827549588,0.18051152682662516,0.23854934248172435,0.4950051452216024,0.24914939165902292
polarized_n40,40,0,16,0.22558522289760632,0.03096871467917382,0.19461650821843252,0.25655393757678013,0.4950051452216024,0.24914939165902292
polarized_n40,40,0,17,0.25416689100593437,0.03228984692977883,0.22187704407615555,0.2864567379357132,0.4950051452216024,0.24914939165902292
polarized_n40,40,0,18,0.20871592727825092,0.06193112980445267,0.14678479747379825,0.2706470570827036,0.4950051452216024,0.24914939165902292
polarized_n40,40,0,19,0.21987831431861862,0.04632703135010044,0.17355128296851818,0.26620534566871906,0.4950051452216024,0.24914939165902292
polarized_n40,40,0,20,0.8210168251329656,0.024877195579758458,0.7961396295532072,0.845894020712724,0.4950051452216024,0.24914939165902292
polarized_n40,40,0,21,0.7470937269969745,0.06119293211784886,0.6859007948791257,0.8082866591148233,0.4950051452216024,0.24914939165902292
polarized_n40,40,0,22,0.7780418069485432,0.04129599480014787,0.7367458121483953,0.8193378017486911,0.4950051452216024,0.24914939165902292
polarized_n40,40,0,23,0.764117799409603,0.05862727607463515,0.7054905233349679,0.8227450754842381,0.4950051452216024,0.24914939165902292
polarized_n40,40,0,24,0.711497018580218,0.04613322819602417,0.6653637903841938,0.7576302467762421,0.4950051452216024,0.24914939165902292
polarized_n40,40,0,25,0.807798822236278,0.07956260560938386,0.7282362166268941,0.8873614278456619,0.4950051452216024,0.24914939165902292
polarized_n40,40,0,26,0.7976626125603701,0.032732504686459815,0.7649301078739102,0.8303951172468299,0.4950051452216024,0.24914939165902292
polarized_n40,40,0,27,0.7906824867963693,0.07094502997382042,0.7197374568225489,0.8616275167701898,0.4950051452216024,0.24914939165902292
polarized_n40,40,0,28,0.8004663674410694,0.04062627726392941,0.7598400901771399,0.8410926447049988,0.4950051452216024,0.24914939165902292
polarized_n40,40,0,29,0.765258844091981,0.07051622631661567,0.6947426177753653,0.8357750704085967,0.4950051452216024,0.24914939165902292
polarized_n40,40,0,30,0.7679507777668895,0.054062915034218714,0.7138878627326708,0.8220136928011081,0.4950051452216024,0.24914939165902292
polarized_n40,40,0,31,0.771621344113684,0.024879617605552108,0.7467417265081319,0.7965009617192361,0.4950051452216024,0.24914939165902292
polarized_n40,40,0,32,0.7778036754267642,0.026629412106314417,0.7511742633204498,0.8044330875330786,0.4950051452216024,0.24914939165902292
polarized_n40,40,0,33,0.7883016577658415,0.0620132707551605,0.726288387010681,0.850314928521002,0.4950051452216024,0.24914939165902292
polarized_n40,40,0,34,0.7372696900149253,0.04049378545776181,0.6967759045571634,0.7777634754726871,0.4950051452216024,0.24914939165902292
polarized_n40,40,0,35,0.7401632365511107,0.03920013122299926,0.7009631053281115,0.77936336777411,0.4950051452216024,0.24914939165902292
polarized_n40,40,0,36,0.7709537334836791,0.06031703118765819,0.7106367022960209,0.8312707646713373,0.4950051452216024,0.24914939165902292
polarized_n40,40,0,37,0.7227686915504887,0.06917210573130424,0.6535965858191845,0.791940797281793,0.4950051452216024,0.24914939165902292
polarized_n40,40,0,38,0.788331441983263,0.03858078779940443,0.7497506541838586,0.8269122297826674,0.4950051452216024,0.24914939165902292
polarized_n40,40,0,39,0.776426738809388,0.02284665043507025,0.7535800883743177,0.7992733892444582,0.4950051452216024,0.24914939165902292
polarized_n40,40,1,0,0.2624086855855542,0.07732033685166435,0.18508834873388985,0.33972902243721853,0.49745162044386493,0.30416402372313145
polarized_n40,40,1,1,0.2661014957875055,0.04759995283505708,0.21850154295244845,0.3137014486225626,0.49745162044386493,0.30416402372313145
polarized_n40,40,1,2,0.2514334982853297,0.04552719606412867,0.20590630222120102,0.2969606943494584,0.49745162044386493,0.30416402372313145
polarized_n40,40,1,3,0.29208780095185455,0.07583588807066269,0.21625191288119186,0.36792368902251726,0.49745162044386493,0.30416402372313145
polarized_n40,40,1,4,0.2639572948311129,0.07382824355053291,0.19012905128058,0.3377855383816458,0.49745162044386493,0.30416402372313145
polarized_n40,40,1,5,0.23238711505493218,0.033169779577085605,0.19921733547784656,0.26555689463201776,0.49745162044386493,0.30416402372313145
polarized_n40,40,1,6,0.283453637646094,0.05132999505704593,0.23212364258904805,0.33478363270313993,0.49745162044386493,0.30416402372313145
polarized_n40,40,1,7,0.36256476385534303,0.04744038273597771,0.3151243811193653,0.41000514659132076,0.49745162044386493,0.30416402372313145
polarized_n40,40,1,8,0.21388285939967827,0.07578775972102228,0.138095099678656,0.2896706191207006,0.49745162044386493,0.30416402372313145
polarized_n40,40,1,9,0.2324905844371445,0.04729125806652063,0.18519932637062386,0.2797818425036651,0.49745162044386493,0.30416402372313145
polarized_n40,40,1,10,0.2342218546927797,0.04468945409778731,0.18953240059499238,0.278911308790567,0.49745162044386493,0.30416402372313145
polarized_n40,40,1,11,0.2458839305397474,0.0419569678197865,0.20392696271996089,0.28784089835953386,0.49745162044386493,0.30416402372313145
polarized_n40,40,1,12,0.23316665327947994,0.05357259971588289,0.17959405356359703,0.28673925299536285,0.49745162044386493,0.30416402372313145
polarized_n40,40,1,13,0.24723867094146182,0.0206401647649477,0.22659850617651411,0.2678788357064095,0.49745162044386493,0.30416402372313145
polarized_n40,40,1,14,0.263808246547961,0.05358494868471231,0.21022329786324867,0.3173931952326733,0.49745162044386493,0.30416402372313145
polarized_n40,40,1,15,0.2564574514947734,0.029018907827549588,0.2274385436672238,0.28547635932232296,0.49745162044386493,0.30416402372313145
polarized_n40,40,1,16,0.27280976592757905,0.03096871467917382,0.24184105124840524,0.3037784806067529,0.49745162044386493,0.30416402372313145
polarized_n40,40,1,17,0.27939926271315013,0.03228984692977883,0.2471094157833713,0.31168910964292895,0.49745162044386493,0.30416402372313145
polarized_n40,40,1,18,0.2745806251121757,0.06193112980445267,0.212649495307723,0.3365117549166283,0.49745162044386493,0.30416402372313145
polarized_n40,40,1,19,0.28376470409647775,0.04632703135010044,0.2374376727463773,0.3300917354465782,0.49745162044386493,0.30416402372313145
polarized_n40,40,1,20,0.7400985678697235,0.024877195579758458,0.7152213722899651,0.7649757634494819,0.49745162044386493,0.30416402372313145
polarized_n40,40,1,21,0.7343352302840217,0.06119293211784886,0.6731422981661729,0.7955281624018705,0.49745162044386493,0.30416402372313145
polarized_n40,40,1,22,0.7333964451822281,0.04129599480014787,0.6921004503820802,0.774692439982376,0.49745162044386493,0.30416402372313145
polarized_n40,40,1,23,0.7468227159768966,0.05862727607463515,0.6881954399022615,0.8054499920515318,0.49745162044386493,0.30416402372313145
polarized_n40,40,1,24,0.6464954200577044,0.04613322819602417,0.6003621918616803,0.6926286482537286,0.49745162044386493,0.30416402372313145
polarized_n40,40,1,25,0.789256060284923,0.07956260560938386,0.7096934546755391,0.8688186658943069,0.49745162044386493,0.30416402372313145
polarized_n40,40,1,26,0.7734261890286193,0.032732504686459815,0.7406936843421594,0.8061586937150791,0.49745162044386493,0.30416402372313145
polarized_n40,40,1,27,0.7759467294308899,0.07094502997382042,0.7050016994570695,0.8468917594047104,0.49745162044386493,0.30416402372313145
polarized_n40,40,1,28,0.7845628609006963,0.04062627726392941,0.7439365836367668,0.8251891381646257,0.49745162044386493,0.30416402372313145
polarized_n40,40,1,29,0.7527445042114095,0.07051622631661567,0.6822282778947938,0.8232607305280252,0.49745162044386493,0.30416402372313145
polarized_n40,40,1,30,0.71057164717296,0.054062915034218714,0.6565087321387413,0.7646345622071786,0.49745162044386493,0.30416402372313145
polarized_n40,40,1,31,0.7508522994577028,0.024879617605552108,0.7259726818521507,0.775731917063255,0.49745162044386493,0.30416402372313145
polarized_n40,40,1,32,0.7584664819897096,0.026629412106314417,0.7318370698833951,0.785095894096024,0.49745162044386493,0.30416402372313145
polarized_n40,40,1,33,0.7650767551717854,0.0620132707551605,0.7030634844166249,0.8270900259269459,0.49745162044386493,0.30416402372313145
polarized_n40,40,1,34,0.6707604998238953,0.04049378545776181,0.6302667143661335,0.7112542852816571,0.49745162044386493,0.30416402372313145
polarized_n40,40,1,35,0.6663382010948125,0.03920013122299926,0.6271380698718132,0.7055383323178117,0.49745162044386493,0.30416402372313145
polarized_n40,40,1,36,0.7250208296917269,0.06031703118765819,0.6647037985040687,0.7853378608793851,0.49745162044386493,0.30416402372313145
polarized_n40,40,1,37,0.6986447781810328,0.06917210573130424,0.6294726724497285,0.767816883912337,0.49745162044386493,0.30416402372313145
polarized_n40,40,1,38,0.7072715642376575,0.03858078779940443,0.668690776438253,0.7458523520370619,0.49745162044386493,0.30416402372313145
polarized_n40,40,1,39,0.7158781365260696,0.02284665043507025,0.6930314860909993,0.7387247869611399,0.49745162044386493,0.30416402372313145
polarized_n40,40,2,0,0.32621836374473434,0.07732033685166435,0.24889802689307,0.4035387005963987,0.4997967947741867,0.3611306572941232
polarized_n40,40,2,1,0.3145889200577991,0.04759995283505708,0.266988967222742,0.3621888728928562,0.4997967947741867,0.3611306572941232
polarized_n40,40,2,2,0.27516976689955297,0.04552719606412867,0.2296425708354243,0.32069696296368166,0.4997967947741867,0.3611306572941232
polarized_n40,40,2,3,0.3623918334944611,0.07583588807066269,0.28655594542379836,0.4382277215651238,0.4997967947741867,0.3611306572941232
polarized_n40,40,2,4,0.3134025566070372,0.07382824355053291,0.23957431305650428,0.3872308001575701,0.4997967947741867,0.3611306572941232
polarized_n40,40,2,5,0.26578255051338473,0.033169779577085605,0.23261277093629912,0.29895233009047034,0.4997967947741867,0.3611306572941232
polarized_n40,40,2,6,0.3272815150213222,0.05132999505704593,0.27595151996427625,0.37861151007836813,0.4997967947741867,0.3611306572941232
polarized_n40,40,2,7,0.4229934118239886,0.04744038273597771,0.37555302908801086,0.4704337945599663,0.4997967947741867,0.3611306572941232
polarized_n40,40,2,8,0.24604890401212373,0.07578775972102228,0.17026114429110145,0.321836663733146,0.4997967947741867,0.3611306572941232
polarized_n40,40,2,9,0.253903858906837,0.04729125806652063,0.20661260084031635,0.3011951169733576,0.4997967947741867,0.3611306572941232
polarized_n40,40,2,10,0.27030915413356044,0.04468945409778731,0.22561970003577314,0.31499860823134773,0.4997967947741867,0.3611306572941232
polarized_n40,40,2,11,0.26450298536846756,0.0419569678197865,0.22254601754868106,0.30645995318825403,0.4997967947741867,0.3611306572941232
polarized_n40,40,2,12,0.25230064844632977,0.05357259971588289,0.19872804873044686,0.3058732481622127,0.4997967947741867,0.3611306572941232
polarized_n40,40,2,13,0.2859750387574346,0.0206401647649477,0.2653348739924869,0.30661520352238225,0.4997967947741867,0.3611306572941232
polarized_n40,40,2,14,0.2807081677106145,0.05358494868471231,0.2271232190259022,0.33429311639532683,0.4997967947741867,0.3611306572941232
polarized_n40,40,2,15,0.30052689879460004,0.029018907827549588,0.27150799096705047,0.3295458066221496,0.4997967947741867,0.3611306572941232
polarized_n40,40,2,16,0.31663538864328633,0.03096871467917382,0.2856666739641125,0.34760410332246017,0.4997967947741867,0.3611306572941232
polarized_n40,40,2,17,0.3034083934139252,0.03228984692977883,0.2711185464841464,0.33569824034370405,0.4997967947741867,0.3611306572941232
polarized_n40,40,2,18,0.33434088595549877,0.06193112980445267,0.2724097561510461,0.3962720157599514,0.4997967947741867,0.3611306572941232
polarized_n40,40,2,19,0.3416773284412286,0.04632703135010044,0.29535029709112814,0.3880043597913291,0.4997967947741867,0.3611306572941232
polarized_n40,40,2,20,0.6668372511823919,0.024877195579758458,0.6419600556026335,0.6917144467621503,0.4997967947741867,0.3611306572941232
polarized_n40,40,2,21,0.7219550310227726,0.06119293211784886,0.6607620989049238,0.7831479631406214,0.4997967947741867,0.3611306572941232
polarized_n40,40,2,22,0.6916995280327641,0.04129599480014787,0.6504035332326162,0.732995522832912,0.4997967947741867,0.3611306572941232
polarized_n40,40,2,23,0.7301968128150182,0.05862727607463515,0.6715695367403831,0.7888240888896534,0.4997967947741867,0.3611306572941232
polarized_n40,40,2,24,0.589933838227302,0.04613322819602417,0.5438006100312779,0.6360670664233262,0.4997967947741867,0.3611306572941232
polarized_n40,40,2,25,0.7713909074024746,0.07956260560938386,0.6918283017930907,0.8509535130118585,0.4997967947741867,0.3611306572941232
polarized_n40,40,2,26,0.7502504405010235,0.032732504686459815,0.7175179358145637,0.7829829451874833,0.4997967947741867,0.3611306572941232
polarized_n40,40,2,27,0.7617418205825509,0.07094502997382042,0.6907967906087304,0.8326868505563714,0.4997967947741867,0.3611306572941232
polarized_n40,40,2,28,0.7692369302266074,0.04062627726392941,0.728610652962678,0.8098632074905369,0.4997967947741867,0.3611306572941232
polarized_n40,40,2,29,0.7406560707135241,0.07051622631661567,0.6701398443969084,0.8111722970301398,0.4997967947741867,0.3611306572941232
polarized_n40,40,2,30,0.6580861085722887,0.054062915034218714,0.60402319353807,0.7121490236065073,0.4997967947741867,0.3611306572941232
polarized_n40,40,2,31,0.7309646326313035,0.024879617605552108,0.7060850150257514,0.7558442502368556,0.4997967947741867,0.3611306572941232
polarized_n40,40,2,32,0.7399166616156855,0.026629412106314417,0.7132872495093711,0.7665460737219999,0.4997967947741867,0.3611306572941232
polarized_n40,40,2,33,0.7428558025147233,0.0620132707551605,0.6808425317595628,0.8048690732698838,0.4997967947741867,0.3611306572941232
polarized_n40,40,2,34,0.6120396909702616,0.04049378545776181,0.5715459055124997,0.6525334764280234,0.4997967947741867,0.3611306572941232
polarized_n40,40,2,35,0.6024475941747224,0.03920013122299926,0.5632474629517231,0.6416477253977216,0.4997967947741867,0.3611306572941232
polarized_n40,40,2,36,0.6823095116023203,0.06031703118765819,0.6219924804146622,0.7426265427899785,0.4997967947741867,0.3611306572941232
polarized_n40,40,2,37,0.6753739185119207,0.06917210573130424,0.6062018127806165,0.744546024243225,0.4997967947741867,0.3611306572941232
polarized_n40,40,2,38,0.6352145781402188,0.03858078779940443,0.5966337903408143,0.6737953659396232,0.4997967947741867,0.3611306572941232
polarized_n40,40,2,39,0.6605980907814061,0.02284665043507025,0.6377514403463358,0.6834447412164764,0.4997967947741867,0.3611306572941232
polarized_n40,40,3,0,0.38800726685168296,0.07732033685166435,0.3106869300000186,0.4653276037033473,0.5030156391327611,0.4202039316602139
polarized_n40,40,3,1,0.3627898891200857,0.04759995283505708,0.3151899362850286,0.4103898419551428,0.5030156391327611,0.4202039316602139
polarized_n40,40,3,2,0.29954547129530384,0.04552719606412867,0.25401827523117515,0.34507266735943254,0.5030156391327611,0.4202039316602139
polarized_n40,40,3,3,0.4288068103639445,0.07583588807066269,0.35297092229328186,0.5046426984346072,0.5030156391327611,0.4202039316602139
polarized_n40,40,3,4,0.36247920085663143,0.07382824355053291,0.2886509573060985,0.43630744440716435,0.5030156391327611,0.4202039316602139
polarized_n40,40,3,5,0.29965111505822395,0.033169779577085605,0.26648133548113834,0.33282089463530956,0.5030156391327611,0.4202039316602139
polarized_n40,40,3,6,0.3711029193687808,0.05132999505704593,0.3197729243117349,0.42243291442582676,0.5030156391327611,0.4202039316602139
polarized_n40,40,3,7,0.4775070246997516,0.04744038273597771,0.43006664196377387,0.5249474074357293,0.5030156391327611,0.4202039316602139
polarized_n40,40,3,8,0.27867006458601207,0.07578775972102228,0.2028823048649898,0.3544578243070343,0.5030156391327611,0.4202039316602139
polarized_n40,40,3,9,0.27587438834156763,0.04729125806652063,0.228583130275047,0.32316564640808826,0.5030156391327611,0.4202039316602139
polarized_n40,40,3,10,0.30681977907151103,0.04468945409778731,0.26213032497372374,0.35150923316929833,0.5030156391327611,0.4202039316602139
polarized_n40,40,3,11,0.28370437507651886,0.0419569678197865,0.24174740725673236,0.32566134289630533,0.5030156391327611,0.4202039316602139
polarized_n40,40,3,12,0.27197579069187683,0.05357259971588289,0.21840319097599392,0.32554839040775974,0.5030156391327611,0.4202039316602139
polarized_n40,40,3,13,0.3250402494007413,0.0206401647649477,0.3044000846357936,0.34568041416568895,0.5030156391327611,0.4202039316602139
polarized_n40,40,3,14,0.2982375497324589,0.05358494868471231,0.2446526010477466,0.3518224984171712,0.5030156391327611,0.4202039316602139
polarized_n40,40,3,15,0.3446653383731107,0.029018907827549588,0.31564643054556113,0.37368424620066026,0.5030156391327611,0.4202039316602139
polarized_n40,40,3,16,0.3605143060390566,0.03096871467917382,0.32954559135988276,0.39148302071823043,0.5030156391327611,0.4202039316602139
polarized_n40,40,3,17,0.3281824254531923,0.03228984692977883,0.2958925785234135,0.36047227238297114,0.5030156391327611,0.4202039316602139
polarized_n40,40,3,18,0.3924396620226736,0.06193112980445267,0.33050853221822096,0.45437079182712625,0.5030156391327611,0.4202039316602139
polarized_n40,40,3,19,0.39790164303069564,0.04632703135010044,0.35157461168059523,0.44422867438079605,0.5030156391327611,0.4202039316602139
polarized_n40,40,3,20,0.5989078808289181,0.024877195579758458,0.5740306852491597,0.6237850764086765,0.5030156391327611,0.4202039316602139
polarized_n40,40,3,21,0.7095290794858943,0.06119293211784886,0.6483361473680455,0.7707220116037431,0.5030156391327611,0.4202039316602139
polarized_n40,40,3,22,0.6513722486930281,0.04129599480014787,0.6100762538928802,0.692668243493176,0.5030156391327611,0.4202039316602139
polarized_n40,40,3,23,0.713574309487658,0.05862727607463515,0.6549470334130228,0.7722015855622931,0.5030156391327611,0.4202039316602139
polarized_n40,40,3,24,0.5419895859578768,0.04613322819602417,0.49585635776185266,0.588122814153901,0.5030156391327611,0.4202039316602139
polarized_n40,40,3,25,0.7535335758284079,0.07956260560938386,0.673970970219024,0.8330961814377917,0.5030156391327611,0.4202039316602139
polarized_n40,40,3,26,0.7272002725916227,0.032732504686459815,0.6944677679051628,0.7599327772780825,0.5030156391327611,0.4202039316602139
polarized_n40,40,3,27,0.7475047316586315,0.07094502997382042,0.676559701684811,0.818449761632452,0.5030156391327611,0.4202039316602139
polarized_n40,40,3,28,0.7538898481476402,0.04062627726392941,0.7132635708837107,0.7945161254115696,0.5030156391327611,0.4202039316602139
polarized_n40,40,3,29,0.7285152301569839,0.07051622631661567,0.6579990038403682,0.7990314564735996,0.5030156391327611,0.4202039316602139
polarized_n40,40,3,30,0.6084274108301214,0.054062915034218714,0.5543644957959027,0.6624903258643401,0.5030156391327611,0.4202039316602139
polarized_n40,40,3,31,0.7111498052801869,0.024879617605552108,0.6862701876746348,0.736029422885739,0.5030156391327611,0.4202039316602139
polarized_n40,40,3,32,0.7213996047776472,0.026629412106314417,0.6947701926713328,0.7480290168839616,0.5030156391327611,0.4202039316602139
polarized_n40,40,3,33,0.7207493221932914,0.0620132707551605,0.6587360514381309,0.7827625929484519,0.5030156391327611,0.4202039316602139
polarized_n40,40,3,34,0.5596823180254311,0.04049378545776181,0.5191885325676693,0.600176103483193,0.5030156391327611,0.4202039316602139
polarized_n40,40,3,35,0.5473451154564226,0.03920013122299926,0.5081449842334234,0.5865452466794219,0.5030156391327611,0.4202039316602139
polarized_n40,40,3,36,0.6410862948009431,0.06031703118765819,0.580769263613285,0.7014033259886013,0.5030156391327611,0.4202039316602139
polarized_n40,40,3,37,0.6522913818580476,0.06917210573130424,0.5831192761267433,0.7214634875893519,0.5030156391327611,0.4202039316602139
polarized_n40,40,3,38,0.5701099117048648,0.03858078779940443,0.5315291239054604,0.6086906995042692,0.5030156391327611,0.4202039316602139
polarized_n40,40,3,39,0.6084523681130064,0.02284665043507025,0.5856057176779361,0.6312990185480767,0.5030156391327611,0.4202039316602139
polarized_n40,40,4,0,0.4467603014590224,0.07732033685166435,0.36943996460735806,0.5240806383106867,0.5066750694137263,0.4773619916551675
polarized_n40,40,4,1,0.41014168335276296,0.04759995283505708,0.3625417305177059,0.45774163618782004,0.5066750694137263,0.4773619916551675
polarized_n40,40,4,2,0.3244525725245661,0.04552719606412867,0.27892537646043747,0.36997976858869475,0.5066750694137263,0.4773619916551675
polarized_n40,40,4,3,0.4891857802285947,0.07583588807066269,0.41334989215793205,0.5650216682992574,0.5066750694137263,0.4773619916551675
polarized_n40,40,4,4,0.41073992749629895,0.07382824355053291,0.33691168394576604,0.48456817104683186,0.5066750694137263,0.4773619916551675
polarized_n40,40,4,5,0.33391159708905505,0.033169779577085605,0.30074181751196943,0.36708137666614066,0.5066750694137263,0.4773619916551675
polarized_n40,40,4,6,0.41440448149099707,0.05132999505704593,0.3630744864339511,0.465734476548043,0.5066750694137263,0.4773619916551675
polarized_n40,40,4,7,0.5175482465912054,0.04744038273597771,0.4701078638552276,0.5649886293271831,0.5066750694137263,0.4773619916551675
polarized_n40,40,4,8,0.31171800153436535,0.07578775972102228,0.23593024181334307,0.3875057612553876,0.5066750694137263,0.4773619916551675
polarized_n40,40,4,9,0.2983283679256383,0.04729125806652063,0.2510371098591177,0.34561962599215895,0.5066750694137263,0.4773619916551675
polarized_n40,40,4,10,0.34369276676438876,0.04468945409778731,0.29900331266660146,0.38838222086217605,0.5066750694137263,0.4773619916551675
polarized_n40,40,4,11,0.30339201292904305,0.0419569678197865,0.2614350451092565,0.3453489807488296,0.5066750694137263,0.4773619916551675
polarized_n40,40,4,12,0.2921191222437479,0.05357259971588289,0.238546522527865,0.3456917219596308,0.5066750694137263,0.4773619916551675
polarized_n40,40,4,13,0.36424526293407083,0.0206401647649477,0.34360509816912316,0.3848854276990185,0.5066750694137263,0.4773619916551675
polarized_n40,40,4,14,0.3162795187608965,0.05358494868471231,0.2626945700761842,0.3698644674456088,0.5066750694137263,0.4773619916551675
polarized_n40,40,4,15,0.3885113523563861,0.029018907827549588,0.35949244452883655,0.4175302601839357,0.5066750694137263,0.4773619916551675
polarized_n40,40,4,16,0.4040323814692861,0.03096871467917382,0.37306366679011227,0.43500109614845994,0.5066750694137263,0.4773619916551675
polarized_n40,40,4,17,0.35351339436709855,0.03228984692977883,0.32122354743731973,0.3858032412968774,0.5066750694137263,0.4773619916551675
polarized_n40,40,4,18,0.44797339984373763,0.06193112980445267,0.38604227003928493,0.5099045296481903,0.5066750694137263,0.4773619916551675
polarized_n40,40,4,19,0.4516151852294337,0.04632703135010044,0.40528815387933326,0.4979422165795342,0.5066750694137263,0.4773619916551675
polarized_n40,40,4,20,0.5359307300447412,0.024877195579758458,0.5110535344649828,0.5608079256244997,0.5066750694137263,0.4773619916551675
polarized_n40,40,4,21,0.6969214993740205,0.06119293211784886,0.6357285672561717,0.7581144314918693,0.5066750694137263,0.4773619916551675
polarized_n40,40,4,22,0.6118941736256093,0.04129599480014787,0.5705981788254614,0.6531901684257572,0.5066750694137263,0.4773619916551675
polarized_n40,40,4,23,0.6967889863732424,0.05862727607463515,0.6381617102986072,0.7554162624478775,0.5066750694137263,0.4773619916551675
polarized_n40,40,4,24,0.5038717051498921,0.04613322819602417,0.45773847695386793,0.5500049333459163,0.5066750694137263,0.4773619916551675
polarized_n40,40,4,25,0.7355502513180913,0.07956260560938386,0.6559876457087074,0.8151128569274751,0.5066750694137263,0.4773619916551675
polarized_n40,40,4,26,0.704081581392562,0.032732504686459815,0.6713490767061022,0.7368140860790219,0.5066750694137263,0.4773619916551675
polarized_n40,40,4,27,0.7331212512318924,0.07094502997382042,0.662176221258072,0.8040662812057129,0.5066750694137263,0.4773619916551675
polarized_n40,40,4,28,0.7384060180837733,0.04062627726392941,0.6977797408198438,0.7790322953477027,0.5066750694137263,0.4773619916551675
polarized_n40,40,4,29,0.7162141263545426,0.07051622631661567,0.6456979000379269,0.7867303526711583,0.5066750694137263,0.4773619916551675
polarized_n40,40,4,30,0.5609292225607662,0.054062915034218714,0.5068663075265475,0.6149921375949848,0.5066750694137263,0.4773619916551675
polarized_n40,40,4,31,0.6912046869233613,0.024879617605552108,0.6663250693178092,0.7160843045289135,0.5066750694137263,0.4773619916551675
polarized_n40,40,4,32,0.7027494609241577,0.026629412106314417,0.6761200488178433,0.7293788730304721,0.5066750694137263,0.4773619916551675
polarized_n40,40,4,33,0.6985553541764716,0.0620132707551605,0.6365420834213111,0.7605686249316321,0.5066750694137263,0.4773619916551675
polarized_n40,40,4,34,0.5135973180605514,0.04049378545776181,0.4731035326027896,0.5540911035183133,0.5066750694137263,0.4773619916551675
polarized_n40,40,4,35,0.5028818757410749,0.03920013122299926,0.46368174451807564,0.5420820069640742,0.5066750694137263,0.4773619916551675
polarized_n40,40,4,36,0.6007010150598059,0.06031703118765819,0.5403839838721477,0.6610180462474641,0.5066750694137263,0.4773619916551675
polarized_n40,40,4,37,0.6291022923155795,0.06917210573130424,0.5599301865842752,0.6982743980468837,0.5066750694137263,0.4773619916551675
polarized_n40,40,4,38,0.5131286889957422,0.03858078779940443,0.4745479011963377,0.5517094767951466,0.5066750694137263,0.4773619916551675
polarized_n40,40,4,39,0.5588071822525809,0.02284665043507025,0.5359605318175106,0.5816538326876511,0.5066750694137263,0.4773619916551675
polarized_n40,40,5,0,0.500656825324126,0.07732033685166435,0.4233364884724617,0.5779771621757904,0.5128863368355212,0.5297293825335176
polarized_n40,40,5,1,0.4560882062970958,0.04759995283505708,0.4084882534620387,0.5036881591321529,0.5128863368355212,0.5297293825335176
polarized_n40,40,5,2,0.3497592396096757,0.04552719606412867,0.304232043545547,0.3952864356738044,0.5128863368355212,0.5297293825335176
polarized_n40,40,5,3,0.5217249101364982,0.07583588807066269,0.4458890220658356,0.5975607982071609,0.5128863368355212,0.5297293825335176
polarized_n40,40,5,4,0.4576136551339386,0.07382824355053291,0.3837854115834057,0.5314418986844716,0.5128863368355212,0.5297293825335176
polarized_n40,40,5,5,0.36839681932439267,0.033169779577085605,0.33522703974730705,0.4015665989014783,0.5128863368355212,0.5297293825335176
polarized_n40,40,5,6,0.4566963179479475,0.05132999505704593,0.4053663228909016,0.5080263130049935,0.5128863368355212,0.5297293825335176
polarized_n40,40,5,7,0.5086459776850218,0.04744038273597771,0.4612055949490441,0.5560863604209996,0.5128863368355212,0.5297293825335176
polarized_n40,40,5,8,0.34500978544293853,0.07578775972102228,0.2692220257219162,0.42079754516396084,0.5128863368355212,0.5297293825335176
polarized_n40,40,5,9,0.32112459704343943,0.04729125806652063,0.2738333389769188,0.36841585510996006,0.5128863368355212,0.5297293825335176
polarized_n40,40,5,10,0.3807112239541582,0.04468945409778731,0.3360217698563709,0.4254006780519455,0.5128863368355212,0.5297293825335176
polarized_n40,40,5,11,0.32344096563255637,0.0419569678197865,0.2814839978127699,0.36539793345234284,0.5128863368355212,0.5297293825335176
polarized_n40,40,5,12,0.31259125015644773,0.05357259971588289,0.2590186504405648,0.36616384987233064,0.5128863368355212,0.5297293825335176
polarized_n40,40,5,13,0.4033563616542423,0.0206401647649477,0.38271619688929465,0.42399652641919,0.5128863368355212,0.5297293825335176
polarized_n40,40,5,14,0.3347152988693748,0.05358494868471231,0.2811303501846625,0.3883002475540871,0.5128863368355212,0.5297293825335176
polarized_n40,40,5,15,0.43169377575896467,0.029018907827549588,0.4026748679314151,0.46071268358651424,0.5128863368355212,0.5297293825335176
polarized_n40,40,5,16,0.4468155979127956,0.03096871467917382,0.4158468832336218,0.47778431259196946,0.5128863368355212,0.5297293825335176
polarized_n40,40,5,17,0.37928557128744517,0.03228984692977883,0.34699572435766635,0.411575418217224,0.5128863368355212,0.5297293825335176
polarized_n40,40,5,18,0.4992368258596352,0.06193112980445267,0.43730569605518255,0.5611679556640878,0.5128863368355212,0.5297293825335176
polarized_n40,40,5,19,0.501124323710089,0.04632703135010044,0.45479729235998856,0.5474513550601894,0.5128863368355212,0.5297293825335176
polarized_n40,40,5,20,0.5015786232407676,0.024877195579758458,0.47670142766100915,0.5264558188205261,0.5128863368355212,0.5297293825335176
polarized_n40,40,5,21,0.6841342740046061,0.06119293211784886,0.6229413418867573,0.745327206122455,0.5128863368355212,0.5297293825335176
polarized_n40,40,5,22,0.5733262595476121,0.04129599480014787,0.5320302647474642,0.61462225434776,0.5128863368355212,0.5297293825335176
polarized_n40,40,5,23,0.6798322663292645,0.05862727607463515,0.6212049902546294,0.7384595424038997,0.5128863368355212,0.5297293825335176
polarized_n40,40,5,24,0.5013850192987234,0.04613322819602417,0.4552517911026992,0.5475182474947475,0.5128863368355212,0.5297293825335176
polarized_n40,40,5,25,0.7174376850934764,0.07956260560938386,0.6378750794840925,0.7970002907028603,0.5128863368355212,0.5297293825335176
polarized_n40,40,5,26,0.6808640671385044,0.032732504686459815,0.6481315624520446,0.7135965718249643,0.5128863368355212,0.5297293825335176
polarized_n40,40,5,27,0.7185942264458147,0.07094502997382042,0.6476491964719943,0.7895392564196352,0.5128863368355212,0.5297293825335176
polarized_n40,40,5,28,0.7227841369116136,0.04062627726392941,0.6821578596476842,0.763410414175543,0.5128863368355212,0.5297293825335176
polarized_n40,40,5,29,0.7037532877486735,0.07051622631661567,0.6332370614320578,0.7742695140652892,0.5128863368355212,0.5297293825335176
polarized_n40,40,5,30,0.5170165140235823,0.054062915034218714,0.46295359898936356,0.571079429057801,0.5128863368355212,0.5297293825335176
polarized_n40,40,5,31,0.6711091826344437,0.024879617605552108,0.6462295650288916,0.6959888002399959,0.5128863368355212,0.5297293825335176
polarized_n40,40,5,32,0.6839427554714781,0.026629412106314417,0.6573133433651637,0.7105721675777925,0.5128863368355212,0.5297293825335176
polarized_n40,40,5,33,0.6762504643948706,0.0620132707551605,0.6142371936397101,0.7382637351500311,0.5128863368355212,0.5297293825335176
polarized_n40,40,5,34,0.49912216949119304,0.04049378545776181,0.4586283840334312,0.5396159549489549,0.5128863368355212,0.5297293825335176
polarized_n40,40,5,35,0.5003703250732954,0.03920013122299926,0.4611701938502961,0.5395704562962946,0.5128863368355212,0.5297293825335176
polarized_n40,40,5,36,0.5612718655999737,0.06031703118765819,0.5009548344123155,0.6215888967876319,0.5128863368355212,0.5297293825335176
polarized_n40,40,5,37,0.6058216900919313,0.06917210573130424,0.536649584360627,0.6749937958232356,0.5128863368355212,0.5297293825335176
polarized_n40,40,5,38,0.504155117376372,0.03858078779940443,0.46557432957696754,0.5427359051757764,0.5128863368355212,0.5297293825335176
polarized_n40,40,5,39,0.5140160147638683,0.02284665043507025,0.49116936432879804,0.5368626651989385,0.5128863368355212,0.5297293825335176
polarized_n40,40,6,0,0.5218913612325426,0.07732033685166435,0.4445710243808783,0.599211698084207,0.5208909315163277,0.5786883040314278
polarized_n40,40,6,1,0.49797937003185627,0.04759995283505708,0.4503794171967992,0.5455793228669134,0.5208909315163277,0.5786883040314278
polarized_n40,40,6,2,0.3751996692798694,0.04552719606412867,0.3296724732157408,0.42072686534399806,0.5208909315163277,0.5786883040314278
polarized_n40,40,6,3,0.5125375805739008,0.07583588807066269,0.4367016925032381,0.5883734686445634,0.5208909315163277,0.5786883040314278
polarized_n40,40,6,4,0.5004040933651992,0.07382824355053291,0.4265758498146663,0.5742323369157321,0.5208909315163277,0.5786883040314278
polarized_n40,40,6,5,0.40272262769878386,0.033169779577085605,0.36955284812169825,0.4358924072758695,0.5208909315163277,0.5786883040314278
polarized_n40,40,6,6,0.49574539606418544,0.05132999505704593,0.4444154010071395,0.5470753911212314,0.5208909315163277,0.5786883040314278
polarized_n40,40,6,7,0.5157871859294392,0.04744038273597771,0.46834680319346145,0.5632275686654169,0.5208909315163277,0.5786883040314278
polarized_n40,40,6,8,0.37823923333530335,0.07578775972102228,0.30245147361428104,0.45402699305632566,0.5208909315163277,0.5786883040314278
polarized_n40,40,6,9,0.344063525007096,0.04729125806652063,0.2967722669405754,0.39135478307361665,0.5208909315163277,0.5786883040314278
polarized_n40,40,6,10,0.41744112709628933,0.04468945409778731,0.37275167299850204,0.46213058119407663,0.5208909315163277,0.5786883040314278
polarized_n40,40,6,11,0.34365901379348823,0.0419569678197865,0.30170204597370176,0.3856159816132747,0.5208909315163277,0.5786883040314278
polarized_n40,40,6,12,0.33321463674530677,0.05357259971588289,0.27964203702942386,0.3867872364611897,0.5208909315163277,0.5786883040314278
polarized_n40,40,6,13,0.4417450297315777,0.0206401647649477,0.42110486496663,0.4623851944965254,0.5208909315163277,0.5786883040314278
polarized_n40,40,6,14,0.35334666313939395,0.05358494868471231,0.29976171445468164,0.40693161182410625,0.5208909315163277,0.5786883040314278
polarized_n40,40,6,15,0.47295480860268135,0.029018907827549588,0.4439359007751318,0.5019737164302309,0.5208909315163277,0.5786883040314278
polarized_n40,40,6,16,0.48719975905764384,0.03096871467917382,0.45623104437847,0.5181684737368176,0.5208909315163277,0.5786883040314278
polarized_n40,40,6,17,0.4051840314493863,0.03228984692977883,0.3728941845196075,0.4374738783791651,0.5208909315163277,0.5786883040314278
polarized_n40,40,6,18,0.5220705369153096,0.06193112980445267,0.4601394071108569,0.5840016667197623,0.5208909315163277,0.5786883040314278
polarized_n40,40,6,19,0.5210285408287244,0.04632703135010044,0.474701509478624,0.5673555721788248,0.5208909315163277,0.5786883040314278
polarized_n40,40,6,20,0.5197211237841612,0.024877195579758458,0.49484392820440276,0.5445983193639197,0.5208909315163277,0.5786883040314278
polarized_n40,40,6,21,0.6712489229215131,0.06119293211784886,0.6100559908036642,0.7324418550393619,0.5208909315163277,0.5786883040314278
polarized_n40,40,6,22,0.5364964103067755,0.04129599480014787,0.49520041550662763,0.5777924051069234,0.5208909315163277,0.5786883040314278
polarized_n40,40,6,23,0.6628116836282446,0.05862727607463515,0.6041844075536095,0.7214389597028797,0.5208909315163277,0.5786883040314278
polarized_n40,40,6,24,0.5122207108970355,0.04613322819602417,0.4660874827010113,0.5583539390930596,0.5208909315163277,0.5786883040314278
polarized_n40,40,6,25,0.6992628953817609,0.07956260560938386,0.619700289772377,0.7788255009911448,0.5208909315163277,0.5786883040314278
polarized_n40,40,6,26,0.6576937932080258,0.032732504686459815,0.624961288521566,0.6904262978944856,0.5208909315163277,0.5786883040314278
polarized_n40,40,6,27,0.7039809105764695,0.07094502997382042,0.633035880602649,0.77492594055029,0.5208909315163277,0.5786883040314278
polarized_n40,40,6,28,0.7070810335245011,0.04062627726392941,0.6664547562605717,0.7477073107884306,0.5208909315163277,0.5786883040314278
polarized_n40,40,6,29,0.6911973726357789,0.07051622631661567,0.6206811463191632,0.7617135989523945,0.5208909315163277,0.5786883040314278
polarized_n40,40,6,30,0.5057504048659972,0.054062915034218714,0.4516874898317785,0.5598133199002159,0.5208909315163277,0.5786883040314278
polarized_n40,40,6,31,0.6510073721708008,0.024879617605552108,0.6261277545652487,0.675886989776353,0.5208909315163277,0.5786883040314278
polarized_n40,40,6,32,0.6650989691719476,0.026629412106314417,0.6384695570656331,0.691728381278262,0.5208909315163277,0.5786883040314278
polarized_n40,40,6,33,0.6539730451369856,0.0620132707551605,0.5919597743818251,0.7159863158921461,0.5208909315163277,0.5786883040314278
polarized_n40,40,6,34,0.5120667949397719,0.04049378545776181,0.4715730094820101,0.5525605803975338,0.5208909315163277,0.5786883040314278
polarized_n40,40,6,35,0.5128835814842,0.03920013122299926,0.47368345026120073,0.5520837127071992,0.5208909315163277,0.5786883040314278
polarized_n40,40,6,36,0.5250968462650493,0.06031703118765819,0.4647798150773911,0.5854138774527075,0.5208909315163277,0.5786883040314278
polarized_n40,40,6,37,0.5827106059247227,0.06917210573130424,0.5135385001934184,0.651882711656027,0.5208909315163277,0.5786883040314278
polarized_n40,40,6,38,0.5150202244149785,0.03858078779940443,0.4764394366155741,0.553601012214383,0.5208909315163277,0.5786883040314278
polarized_n40,40,6,39,0.5079003695364097,0.02284665043507025,0.4850537191013395,0.53074701997148,0.5208909315163277,0.5786883040314278
polarized_n40,40,7,0,0.5224592555392354,0.07732033685166435,0.4451389186875711,0.5997795923908998,0.5276768940856437,0.6250938165530983
polarized_n40,40,7,1,0.5230497297078602,0.04759995283505708,0.47544977687280315,0.5706496825429173,0.5276768940856437,0.6250938165530983
polarized_n40,40,7,2,0.40061298108236376,0.04552719606412867,0.35508578501823507,0.44614017714649246,0.5276768940856437,0.6250938165530983
polarized_n40,40,7,3,0.5303558167646008,0.07583588807066269,0.4545199286939381,0.6061917048352634,0.5276768940856437,0.6250938165530983
polarized_n40,40,7,4,0.5245994950594147,0.07382824355053291,0.4507712515088818,0.5984277386099477,0.5276768940856437,0.6250938165530983
polarized_n40,40,7,5,0.43651727293865333,0.033169779577085605,0.4033474933615677,0.46968705251573895,0.5276768940856437,0.6250938165530983
polarized_n40,40,7,6,0.521327363715373,0.05132999505704593,0.4699973686583271,0.572657358772419,0.5276768940856437,0.6250938165530983
polarized_n40,40,7,7,0.5232681535547834,0.04744038273597771,0.4758277708188057,0.5707085362907611,0.5276768940856437,0.6250938165530983
polarized_n40,40,7,8,0.4111786445317809,0.07578775972102228,0.3353908848107586,0.48696640425280313,0.5276768940856437,0.6250938165530983
polarized_n40,40,7,9,0.367038055082342,0.04729125806652063,0.31974679701582137,0.4143293131488626,0.5276768940856437,0.6250938165530983
polarized_n40,40,7,10,0.45325986351854386,0.04468945409778731,0.40857040942075656,0.49794931761633116,0.5276768940856437,0.6250938165530983
polarized_n40,40,7,11,0.3639450343609916,0.0419569678197865,0.32198806654120515,0.4059020021807781,0.5276768940856437,0.6250938165530983
polarized_n40,40,7,12,0.3538960807976138,0.05357259971588289,0.3003234810817309,0.4074686805134967,0.5276768940856437,0.6250938165530983
polarized_n40,40,7,13,0.47854064923705086,0.0206401647649477,0.4579004844721032,0.49918081400199854,0.5276768940856437,0.6250938165530983
polarized_n40,40,7,14,0.37206720090274675,0.05358494868471231,0.31848225221803445,0.42565214958745906,0.5276768940856437,0.6250938165530983
polarized_n40,40,7,15,0.5094844685642852,0.029018907827549588,0.48046556073673563,0.5385033763918348,0.5276768940856437,0.6250938165530983
polarized_n40,40,7,16,0.5185746726098928,0.03096871467917382,0.4876059579307189,0.5495433872890666,0.5276768940856437,0.6250938165530983
polarized_n40,40,7,17,0.43094035524193175,0.03228984692977883,0.39865050831215293,0.46323020217171057,0.5276768940856437,0.6250938165530983
polarized_n40,40,7,18,0.5234732131517135,0.06193112980445267,0.46154208334726077,0.5854043429561662,0.5276768940856437,0.6250938165530983
polarized_n40,40,7,19,0.5233473935097372,0.04632703135010044,0.47702036215963683,0.5696744248598377,0.5276768940856437,0.6250938165530983
polarized_n40,40,7,20,0.5213131421982952,0.024877195579758458,0.4964359466185367,0.5461903377780536,0.5276768940856437,0.6250938165530983
polarized_n40,40,7,21,0.6583225102384833,0.06119293211784886,0.5971295781206345,0.7195154423563321,0.5276768940856437,0.6250938165530983
polarized_n40,40,7,22,0.5124270946082055,0.04129599480014787,0.47113109980805756,0.5537230894083534,0.5276768940856437,0.6250938165530983
polarized_n40,40,7,23,0.6458028584488955,0.05862727607463515,0.5871755823742604,0.7044301345235306,0.5276768940856437,0.6250938165530983
polarized_n40,40,7,24,0.5214450288285983,0.04613322819602417,0.47531180063257417,0.5675782570246225,0.5276768940856437,0.6250938165530983
polarized_n40,40,7,25,0.6811091074634725,0.07956260560938386,0.6015465018540886,0.7606717130728564,0.5276768940856437,0.6250938165530983
polarized_n40,40,7,26,0.6346744809798593,0.032732504686459815,0.6019419762933995,0.6674069856663192,0.5276768940856437,0.6250938165530983
polarized_n40,40,7,27,0.6893472148521771,0.07094502997382042,0.6184021848783566,0.7602922448259976,0.5276768940856437,0.6250938165530983
polarized_n40,40,7,28,0.6913657509062422,0.04062627726392941,0.6507394736423128,0.7319920281701716,0.5276768940856437,0.6250938165530983
polarized_n40,40,7,29,0.6786023560981831,0.07051622631661567,0.6080861297815674,0.7491185824147988,0.5276768940856437,0.6250938165530983
polarized_n40,40,7,30,0.5176569503939266,0.054062915034218714,0.46359403535970783,0.5717198654281452,0.5276768940856437,0.6250938165530983
polarized_n40,40,7,31,0.6309841802411245,0.024879617605552108,0.6061045626355723,0.6558637978466766,0.5276768940856437,0.6250938165530983
polarized_n40,40,7,32,0.6462950246128848,0.026629412106314417,0.6196656125065704,0.6729244367191992,0.5276768940856437,0.6250938165530983
polarized_n40,40,7,33,0.6318328970141172,0.0620132707551605,0.5698196262589567,0.6938461677692777,0.5276768940856437,0.6250938165530983
polarized_n40,40,7,34,0.5217212089167108,0.04049378545776181,0.481227423458949,0.5622149943744726,0.5276768940856437,0.6250938165530983
polarized_n40,40,7,35,0.5217190026496115,0.03920013122299926,0.4825188714266122,0.5609191338726107,0.5276768940856437,0.6250938165530983
polarized_n40,40,7,36,0.5126264872311665,0.06031703118765819,0.45230945604350836,0.5729435184188247,0.5276768940856437,0.6250938165530983
polarized_n40,40,7,37,0.5602377710139064,0.06917210573130424,0.49106566528260215,0.6294098767452107,0.5276768940856437,0.6250938165530983
polarized_n40,40,7,38,0.5219805893516256,0.03858078779940443,0.4833998015522212,0.56056137715103,0.5276768940856437,0.6250938165530983
polarized_n40,40,7,39,0.5196764075073473,0.02284665043507025,0.4968297570722771,0.5425230579424176,0.5276768940856437,0.6250938165530983
polarized_n40,40,8,0,0.5311429469874713,0.07732033685166435,0.453822610135807,0.6084632838391357,0.5327658703757217,0.6702316355519711
polarized_n40,40,8,1,0.5297078523769235,0.04759995283505708,0.48210789954186645,0.5773078052119807,0.5327658703757217,0.6702316355519711
polarized_n40,40,8,2,0.4257919327096052,0.04552719606412867,0.38026473664547655,0.47131912877373383,0.5327658703757217,0.6702316355519711
polarized_n40,40,8,3,0.5281114773160018,0.07583588807066269,0.45227558924533917,0.6039473653866645,0.5327658703757217,0.6702316355519711
polarized_n40,40,8,4,0.530631736819746,0.07382824355053291,0.45680349326921305,0.6044599803702788,0.5327658703757217,0.6702316355519711
polarized_n40,40,8,5,0.46928728868116165,0.033169779577085605,0.43611750910407604,0.5024570682582472,0.5327658703757217,0.6702316355519711
polarized_n40,40,8,6,0.5298589016174314,0.05132999505704593,0.4785289065603855,0.5811888966744774,0.5327658703757217,0.6702316355519711
polarized_n40,40,8,7,0.5283561376061339,0.04744038273597771,0.48091575487015614,0.5757965203421116,0.5327658703757217,0.6702316355519711
polarized_n40,40,8,8,0.4434822062126467,0.07578775972102228,0.3676944464916244,0.519269965933669,0.5327658703757217,0.6702316355519711
polarized_n40,40,8,9,0.3899515622541223,0.04729125806652063,0.3426603041876017,0.43724282032064293,0.5327658703757217,0.6702316355519711
polarized_n40,40,8,10,0.48737183131461287,0.04468945409778731,0.4426823772168256,0.5320612854124002,0.5327658703757217,0.6702316355519711
polarized_n40,40,8,11,0.38421954972740524,0.0419569678197865,0.3422625819076187,0.42617651754719177,0.5327658703757217,0.6702316355519711
polarized_n40,40,8,12,0.3745635818089784,0.05357259971588289,0.3209909820930955,0.4281361815248613,0.5327658703757217,0.6702316355519711
polarized_n40,40,8,13,0.511128932461473,0.0206401647649477,0.4904887676965253,0.5317690972264206,0.5327658703757217,0.6702316355519711
polarized_n40,40,8,14,0.3907900946305993,0.05358494868471231,0.337205145945887,0.44437504331531164,0.5327658703757217,0.6702316355519711
polarized_n40,40,8,15,0.5289353257301853,0.029018907827549588,0.49991641790263575,0.5579542335577349,0.5327658703757217,0.6702316355519711
polarized_n40,40,8,16,0.5311252475061755,0.03096871467917382,0.5001565328270017,0.5620939621853493,0.5327658703757217,0.6702316355519711
polarized_n40,40,8,17,0.456300073047373,0.03228984692977883,0.4240102261175942,0.48858991997715184,0.5327658703757217,0.6702316355519711
polarized_n40,40,8,18,0.53132782179439,0.06193112980445267,0.4693966919899373,0.5932589515988427,0.5327658703757217,0.6702316355519711
polarized_n40,40,8,19,0.5309783680006482,0.04632703135010044,0.4846513366505478,0.5773053993507486,0.5327658703757217,0.6702316355519711
polarized_n40,40,8,20,0.5283680210551991,0.024877195579758458,0.5034908254754407,0.5532452166349575,0.5327658703757217,0.6702316355519711
polarized_n40,40,8,21,0.6454414063994072,0.06119293211784886,0.5842484742815583,0.706634338517256,0.5327658703757217,0.6702316355519711
polarized_n40,40,8,22,0.514806106287633,0.04129599480014787,0.4735101114874851,0.5561021010877809,0.5327658703757217,0.6702316355519711
polarized_n40,40,8,23,0.6289406443828784,0.05862727607463515,0.5703133683082433,0.6875679204575136,0.5327658703757217,0.6702316355519711
polarized_n40,40,8,24,0.5268636030590815,0.04613322819602417,0.48073037486305736,0.5729968312551057,0.5327658703757217,0.6702316355519711
polarized_n40,40,8,25,0.6630556324000856,0.07956260560938386,0.5834930267907017,0.7426182380094695,0.5327658703757217,0.6702316355519711
polarized_n40,40,8,26,0.6120317790656147,0.032732504686459815,0.5792992743791548,0.6447642837520745,0.5327658703757217,0.6702316355519711
polarized_n40,40,8,27,0.6747479245789467,0.07094502997382042,0.6038028946051263,0.7456929545527672,0.5327658703757217,0.6702316355519711
polarized_n40,40,8,28,0.6756963339252707,0.04062627726392941,0.6350700566613413,0.7163226111892002,0.5327658703757217,0.6702316355519711
polarized_n40,40,8,29,0.6660287792266453,0.07051622631661567,0.5955125529100296,0.736545005543261,0.5327658703757217,0.6702316355519711
polarized_n40,40,8,30,0.5255501545184293,0.054062915034218714,0.4714872394842106,0.579613069552648,0.5327658703757217,0.6702316355519711
polarized_n40,40,8,31,0.6112396679736232,0.024879617605552108,0.586360050368071,0.6361192855791753,0.5327658703757217,0.6702316355519711
polarized_n40,40,8,32,0.6276817824594446,0.026629412106314417,0.6010523703531302,0.654311194565759,0.5327658703757217,0.6702316355519711
polarized_n40,40,8,33,0.6100456149736413,0.0620132707551605,0.5480323442184808,0.6720588857288018,0.5327658703757217,0.6702316355519711
polarized_n40,40,8,34,0.5265477309104105,0.04049378545776181,0.4860539454526487,0.5670415163681723,0.5327658703757217,0.6702316355519711
polarized_n40,40,8,35,0.5269668314208839,0.03920013122299926,0.4877667001978846,0.5661669626438831,0.5327658703757217,0.6702316355519711
polarized_n40,40,8,36,0.5190175572584091,0.06031703118765819,0.45870052607075096,0.5793345884460673,0.5327658703757217,0.6702316355519711
polarized_n40,40,8,37,0.5407079360800726,0.06917210573130424,0.4715358303487684,0.6098800418113769,0.5327658703757217,0.6702316355519711
polarized_n40,40,8,38,0.52731777268058,0.03858078779940443,0.48873698488117556,0.5658985604799844,0.5327658703757217,0.6702316355519711
polarized_n40,40,8,39,0.5265166677695257,0.02284665043507025,0.5036700173344554,0.5493633182045959,0.5327658703757217,0.6702316355519711
polarized_n40,40,9,0,0.5334811501889827,0.07732033685166435,0.45616081333731834,0.6108014870406471,0.5370040377275039,0.7140175702611015
polarized_n40,40,9,1,0.5340594572972411,0.04759995283505708,0.48645950446218406,0.5816594101322983,0.5370040377275039,0.7140175702611015
polarized_n40,40,9,2,0.4506035135763448,0.04552719606412867,0.4050763175122162,0.49613070964047346,0.5370040377275039,0.7140175702611015
polarized_n40,40,9,3,0.5364038677343258,0.07583588807066269,0.46056797966366314,0.6122397558049885,0.5370040377275039,0.7140175702611015
polarized_n40,40,9,4,0.5349724894501289,0.07382824355053291,0.46114424589959596,0.6088007330006617,0.5370040377275039,0.7140175702611015
polarized_n40,40,9,5,0.5000289124393803,0.033169779577085605,0.4668591328622947,0.5331986920164659,0.5370040377275039,0.7140175702611015
polarized_n40,40,9,6,0.534443864805891,0.05132999505704593,0.48311386974884507,0.585773859862937,0.5370040377275039,0.7140175702611015
polarized_n40,40,9,7,0.5328089867391679,0.04744038273597771,0.48536860400319015,0.5802493694751456,0.5370040377275039,0.7140175702611015
polarized_n40,40,9,8,0.4747674936913382,0.07578775972102228,0.39897973397031594,0.5505552534123604,0.5370040377275039,0.7140175702611015
polarized_n40,40,9,9,0.4127117457148321,0.04729125806652063,0.3654204876483115,0.4600030037813527,0.5370040377275039,0.7140175702611015
polarized_n40,40,9,10,0.5168143946690984,0.04468945409778731,0.4721249405713111,0.5615038487668857,0.5370040377275039,0.7140175702611015
polarized_n40,40,9,11,0.4044075534825197,0.0419569678197865,0.36245058566273325,0.4463645213023062,0.5370040377275039,0.7140175702611015
polarized_n40,40,9,12,0.3951613327354209,0.05357259971588289,0.341588733019538,0.44873393245130383,0.5370040377275039,0.7140175702611015
polarized_n40,40,9,13,0.531815619857249,0.0206401647649477,0.5111754550923013,0.5524557846221967,0.5370040377275039,0.7140175702611015
polarized_n40,40,9,14,0.4094447744164977,0.05358494868471231,0.3558598257317854,0.46302972310121,0.5370040377275039,0.7140175702611015
polarized_n40,40,9,15,0.5356287235716037,0.029018907827549588,0.5066098157440542,0.5646476313991533,0.5370040377275039,0.7140175702611015
polarized_n40,40,9,16,0.5363689141750067,0.03096871467917382,0.5054001994958328,0.5673376288541805,0.5370040377275039,0.7140175702611015
polarized_n40,40,9,17,0.4808981022400478,0.03228984692977883,0.448608255310269,0.5131879491698267,0.5370040377275039,0.7140175702611015
polarized_n40,40,9,18,0.5342206477681374,0.06193112980445267,0.4722895179636847,0.5961517775725901,0.5370040377275039,0.7140175702611015
polarized_n40,40,9,19,0.5340370375149788,0.04632703135010044,0.48771000616487836,0.5803640688650792,0.5370040377275039,0.7140175702611015
polarized_n40,40,9,20,0.5339940797748205,0.024877195579758458,0.5091168841950621,0.5588712753545789,0.5370040377275039,0.7140175702611015
polarized_n40,40,9,21,0.6326884577788632,0.06119293211784886,0.5714955256610144,0.693881389896712,0.5370040377275039,0.7140175702611015
polarized_n40,40,9,22,0.525347297466218,0.04129599480014787,0.4840513026660701,0.5666432922663659,0.5370040377275039,0.7140175702611015
polarized_n40,40,9,23,0.6123595020703827,0.05862727607463515,0.5537322259957476,0.6709867781450178,0.5370040377275039,0.7140175702611015
polarized_n40,40,9,24,0.5330275249377354,0.04613322819602417,0.48689429674171125,0.5791607531337596,0.5370040377275039,0.7140175702611015
polarized_n40,40,9,25,0.6452189841583936,0.07956260560938386,0.5656563785490097,0.7247815897677775,0.5370040377275039,0.7140175702611015
polarized_n40,40,9,26,0.5900284696928734,0.032732504686459815,0.5572959650064135,0.6227609743793332,0.5370040377275039,0.7140175702611015
polarized_n40,40,9,27,0.6602677788077893,0.07094502997382042,0.5893227488339688,0.7312128087816098,0.5370040377275039,0.7140175702611015
polarized_n40,40,9,28,0.6601652694831802,0.04062627726392941,0.6195389922192508,0.7007915467471096,0.5370040377275039,0.7140175702611015
polarized_n40,40,9,29,0.653548126931559,0.07051622631661567,0.5830319006149433,0.7240643532481746,0.5370040377275039,0.7140175702611015
polarized_n40,40,9,30,0.5309160822451265,0.054062915034218714,0.4768531672109078,0.5849789972793452,0.5370040377275039,0.7140175702611015
polarized_n40,40,9,31,0.5919885926015576,0.024879617605552108,0.5671089749960054,0.6168682102071097,0.5370040377275039,0.7140175702611015
polarized_n40,40,9,32,0.6094231480591398,0.026629412106314417,0.5827937359528254,0.6360525601654542,0.5370040377275039,0.7140175702611015
polarized_n40,40,9,33,0.5888597978242206,0.0620132707551605,0.5268465270690601,0.6508730685793811,0.5370040377275039,0.7140175702611015
polarized_n40,40,9,34,0.5331092739726795,0.04049378545776181,0.49261548851491765,0.5736030594304413,0.5370040377275039,0.7140175702611015
polarized_n40,40,9,35,0.5335028105334281,0.03920013122299926,0.4943026793104288,0.5727029417564273,0.5370040377275039,0.7140175702611015
polarized_n40,40,9,36,0.5279689415369286,0.06031703118765819,0.46765191034927045,0.5882859727245868,0.5370040377275039,0.7140175702611015
polarized_n40,40,9,37,0.5286827459607835,0.06917210573130424,0.45951064022947924,0.5978548516920877,0.5370040377275039,0.7140175702611015
polarized_n40,40,9,38,0.5338652081649929,0.03858078779940443,0.4952844203655885,0.5724459959643974,0.5370040377275039,0.7140175702611015
polarized_n40,40,9,39,0.5321208350312927,0.02284665043507025,0.5092741845962224,0.554967485466363,0.5370040377275039,0.7140175702611015
polarized_n40,40,10,0,0.5383610352802398,0.07732033685166435,0.4610406984285755,0.6156813721319042,0.5403369721014496,0.7552812980051539
polarized_n40,40,10,1,0.5378831581562782,0.04759995283505708,0.4902832053212211,0.5854831109913352,0.5403369721014496,0.7552812980051539
polarized_n40,40,10,2,0.4748398588043593,0.04552719606412867,0.4293126627402306,0.520367054868488,0.5403369721014496,0.7552812980051539
polarized_n40,40,10,3,0.5385720240852166,0.07583588807066269,0.462736136014554,0.6144079121558793,0.5403369721014496,0.7552812980051539
polarized_n40,40,10,4,0.5387468679053911,0.07382824355053291,0.46491862435485815,0.6125751114559239,0.5403369721014496,0.7552812980051539
polarized_n40,40,10,5,0.5253601060838551,0.033169779577085605,0.49219032650676947,0.5585298856609406,0.5403369721014496,0.7552812980051539
polarized_n40,40,10,6,0.5382650099238875,0.05132999505704593,0.48693501486684154,0.5895950049809334,0.5403369721014496,0.7552812980051539
polarized_n40,40,10,7,0.5378200526898168,0.04744038273597771,0.4903796699538391,0.5852604354257945,0.5403369721014496,0.7552812980051539
polarized_n40,40,10,8,0.5040276934088139,0.07578775972102228,0.4282399336877917,0.5798154531298362,0.5403369721014496,0.7552812980051539
polarized_n40,40,10,9,0.43524968398361513,0.04729125806652063,0.3879584259170945,0.48254094205013576,0.5403369721014496,0.7552812980051539
polarized_n40,40,10,10,0.5363295561610397,0.04468945409778731,0.4916401020632524,0.5810190102588271,0.5403369721014496,0.7552812980051539
polarized_n40,40,10,11,0.42446204766441575,0.0419569678197865,0.3825050798446292,0.4664190154842023,0.5403369721014496,0.7552812980051539
polarized_n40,40,10,12,0.4156349139901999,0.05357259971588289,0.362062314274317,0.4692075137060828,0.5403369721014496,0.7552812980051539
polarized_n40,40,10,13,0.5401001866474207,0.0206401647649477,0.519460021882473,0.5607403514123683,0.5403369721014496,0.7552812980051539
polarized_n40,40,10,14,0.4279902609362787,0.05358494868471231,0.37440531225156637,0.481575209620991,0.5403369721014496,0.7552812980051539
polarized_n40,40,10,15,0.5391503839866159,0.029018907827549588,0.5101314761590663,0.5681692918141654,0.5403369721014496,0.7552812980051539
polarized_n40,40,10,16,0.539886157736667,0.03096871467917382,0.5089174430574932,0.5708548724158409,0.5403369721014496,0.7552812980051539
polarized_n40,40,10,17,0.5039399781932898,0.03228984692977883,0.471650131263511,0.5362298251230687,0.5403369721014496,0.7552812980051539
polarized_n40,40,10,18,0.5386843252534502,0.06193112980445267,0.4767531954489975,0.6006154550579029,0.5403369721014496,0.7552812980051539
polarized_n40,40,10,19,0.5383400173084177,0.04632703135010044,0.49201298595831733,0.5846670486585182,0.5403369721014496,0.7552812980051539
polarized_n40,40,10,20,0.5389885752860802,0.024877195579758458,0.5141113797063218,0.5638657708658387,0.5403369721014496,0.7552812980051539
polarized_n40,40,10,21,0.6201070150195972,0.06119293211784886,0.5589140829017484,0.681299947137446,0.5403369721014496,0.7552812980051539
polarized_n40,40,10,22,0.5335357087898324,0.04129599480014787,0.49223971398968447,0.5748317035899803,0.5403369721014496,0.7552812980051539
polarized_n40,40,10,23,0.5961572695340134,0.05862727607463515,0.5375299934593782,0.6547845456086485,0.5403369721014496,0.7552812980051539
polarized_n40,40,10,24,0.5380692216019136,0.04613322819602417,0.49193599340588945,0.5842024497979378,0.5403369721014496,0.7552812980051539
polarized_n40,40,10,25,0.6276815348284931,0.07956260560938386,0.5481189292191092,0.707244140437877,0.5403369721014496,0.7552812980051539
polarized_n40,40,10,26,0.5693651713179227,0.032732504686459815,0.5366326666314629,0.6020976760043826,0.5403369721014496,0.7552812980051539
polarized_n40,40,10,27,0.6459573623291054,0.07094502997382042,0.5750123323552849,0.7169023923029259,0.5403369721014496,0.7552812980051539
polarized_n40,40,10,28,0.6448333932445306,0.04062627726392941,0.6042071159806012,0.68545967050846,0.5403369721014496,0.7552812980051539
polarized_n40,40,10,29,0.6412010735213447,0.07051622631661567,0.570684847204729,0.7117172998379604,0.5403369721014496,0.7552812980051539
polarized_n40,40,10,30,0.536573405804734,0.054062915034218714,0.4825104907705153,0.5906363208389527,0.5403369721014496,0.7552812980051539
polarized_n40,40,10,31,0.573723147355953,0.024879617605552108,0.5488435297504008,0.5986027649615051,0.5403369721014496,0.7552812980051539
polarized_n40,40,10,32,0.5916554267171276,0.026629412106314417,0.5650260146108131,0.618284838823442,0.5403369721014496,0.7552812980051539
polarized_n40,40,10,33,0.5688795571637818,0.0620132707551605,0.5068662864086213,0.6308928279189423,0.5403369721014496,0.7552812980051539
polarized_n40,40,10,34,0.5381202158669709,0.04049378545776181,0.49762643040920906,0.5786140013247327,0.5403369721014496,0.7552812980051539
polarized_n40,40,10,35,0.5382445197194017,0.03920013122299926,0.4990443884964024,0.5774446509424009,0.5403369721014496,0.7552812980051539
polarized_n40,40,10,36,0.5344022428005173,0.06031703118765819,0.4740852116128591,0.5947192739881755,0.5403369721014496,0.7552812980051539
polarized_n40,40,10,37,0.5261775188111283,0.06917210573130424,0.45700541307982406,0.5953496245424326,0.5403369721014496,0.7552812980051539
polarized_n40,40,10,38,0.5383913336796523,0.03858078779940443,0.49981054588024787,0.5769721214790567,0.5403369721014496,0.7552812980051539
polarized_n40,40,10,39,0.5377718724666146,0.02284665043507025,0.5149252220315443,0.5606185229016849,0.5403369721014496,0.7552812980051539
polarized_n40,40,11,0,0.5424014837305533,0.07732033685166435,0.46508114687888896,0.6197218205822177,0.5432675970497247,0.7929178154564414
polarized_n40,40,11,1,0.5418914929094936,0.04759995283505708,0.4942915400744365,0.5894914457445506,0.5432675970497247,0.7929178154564414
polarized_n40,40,11,2,0.4980686143619756,0.04552719606412867,0.4525414182978469,0.5435958104261043,0.5432675970497247,0.7929178154564414
polarized_n40,40,11,3,0.5444058889998178,0.07583588807066269,0.46857000092915513,0.6202417770704804,0.5432675970497247,0.7929178154564414
polarized_n40,40,11,4,0.5429022954664001,0.07382824355053291,0.4690740519158672,0.6167305390169331,0.5432675970497247,0.7929178154564414
polarized_n40,40,11,5,0.5410623127782095,0.033169779577085605,0.5078925332011239,0.574232092355295,0.5432675970497247,0.7929178154564414
polarized_n40,40,11,6,0.5422316390394231,0.05132999505704593,0.4909016439823771,0.593561634096469,0.5432675970497247,0.7929178154564414
polarized_n40,40,11,7,0.5428495394573412,0.04744038273597771,0.49540915672136343,0.5902899221933189,0.5432675970497247,0.7929178154564414
polarized_n40,40,11,8,0.5282308827464651,0.07578775972102228,0.4524431230254429,0.6040186424674874,0.5432675970497247,0.7929178154564414
polarized_n40,40,11,9,0.4574806150816253,0.04729125806652063,0.41018935701510467,0.504771873148146,0.5432675970497247,0.7929178154564414
polarized_n40,40,11,10,0.5448621567252514,0.04468945409778731,0.500172702627464,0.5895516108230388,0.5432675970497247,0.7929178154564414
polarized_n40,40,11,11,0.4443299315412424,0.0419569678197865,0.4023729637214559,0.48628689936102887,0.5432675970497247,0.7929178154564414
polarized_n40,40,11,12,0.4359369763343065,0.05357259971588289,0.3823643766184236,0.4895095760501894,0.5432675970497247,0.7929178154564414
polarized_n40,40,11,13,0.5437605301893806,0.0206401647649477,0.523120365424433,0.5644006949543283,0.5432675970497247,0.7929178154564414
polarized_n40,40,11,14,0.4463793626092863,0.05358494868471231,0.392794413924574,0.4999643112939986,0.5432675970497247,0.7929178154564414
polarized_n40,40,11,15,0.5426640852557632,0.029018907827549588,0.5136451774282136,0.5716829930833127,0.5432675970497247,0.7929178154564414
polarized_n40,40,11,16,0.5438002580027554,0.03096871467917382,0.5128315433235816,0.5747689726819293,0.5432675970497247,0.7929178154564414
polarized_n40,40,11,17,0.5238212221992885,0.03228984692977883,0.4915313752695097,0.5561110691290674,0.5432675970497247,0.7929178154564414
polarized_n40,40,11,18,0.5428775630717674,0.06193112980445267,0.4809464332673147,0.6048086928762201,0.5432675970497247,0.7929178154564414
polarized_n40,40,11,19,0.5427202613853512,0.04632703135010044,0.4963932300352508,0.5890472927354516,0.5432675970497247,0.7929178154564414
polarized_n40,40,11,20,0.5439255451187245,0.024877195579758458,0.5190483495389661,0.5688027406984829,0.5432675970497247,0.7929178154564414
polarized_n40,40,11,21,0.6077389772184799,0.06119293211784886,0.5465460451006311,0.6689319093363287,0.5432675970497247,0.7929178154564414
polarized_n40,40,11,22,0.5395465915526282,0.04129599480014787,0.4982505967524803,0.5808425863527761,0.5432675970497247,0.7929178154564414
polarized_n40,40,11,23,0.580704097868406,0.05862727607463515,0.5220768217937709,0.6393313739430412,0.5432675970497247,0.7929178154564414
polarized_n40,40,11,24,0.5427347048228968,0.04613322819602417,0.4966014766268726,0.5888679330189209,0.5432675970497247,0.7929178154564414
polarized_n40,40,11,25,0.6105046570836284,0.07956260560938386,0.5309420514742446,0.6900672626930123,0.5432675970497247,0.7929178154564414
polarized_n40,40,11,26,0.5523097827753336,0.032732504686459815,0.5195772780888738,0.5850422874617934,0.5432675970497247,0.7929178154564414
polarized_n40,40,11,27,0.6318506001802799,0.07094502997382042,0.5609055702064595,0.7027956301541004,0.5432675970497247,0.7929178154564414
polarized_n40,40,11,28,0.6297406560402717,0.04062627726392941,0.5891143787763423,0.6703669333042012,0.5432675970497247,0.7929178154564414
polarized_n40,40,11,29,0.6290127984087943,0.07051622631661567,0.5584965720921786,0.69952902472541,0.5432675970497247,0.7929178154564414
polarized_n40,40,11,30,0.541955284811511,0.054062915034218714,0.4878923697772923,0.5960181998457297,0.5432675970497247,0.7929178154564414
polarized_n40,40,11,31,0.5579477118102808,0.024879617605552108,0.5330680942047287,0.5828273294158329,0.5432675970497247,0.7929178154564414
polarized_n40,40,11,32,0.5749721089174508,0.026629412106314417,0.5483426968111363,0.6016015210237652,0.5432675970497247,0.7929178154564414
polarized_n40,40,11,33,0.5521086960537946,0.0620132707551605,0.49009542529863415,0.6141219668089551,0.5432675970497247,0.7929178154564414
polarized_n40,40,11,34,0.5429356635870064,0.04049378545776181,0.5024418781292446,0.5834294490447682,0.5432675970497247,0.7929178154564414
polarized_n40,40,11,35,0.5431133490194603,0.03920013122299926,0.503913217796461,0.5823134802424595,0.5432675970497247,0.7929178154564414
polarized_n40,40,11,36,0.5400290935052359,0.06031703118765819,0.4797120623175777,0.6003461246928941,0.5432675970497247,0.7929178154564414
polarized_n40,40,11,37,0.5304430393785895,0.06917210573130424,0.4612709336472853,0.5996151451098938,0.5432675970497247,0.7929178154564414
polarized_n40,40,11,38,0.5434156066549658,0.03858078779940443,0.5048348188555614,0.5819963944543702,0.5432675970497247,0.7929178154564414
polarized_n40,40,11,39,0.54303780529555,0.02284665043507025,0.5201911548604797,0.5658844557306203,0.5432675970497247,0.7929178154564414
polarized_n40,40,12,0,0.5468850493720435,0.07732033685166435,0.4695647125203792,0.6242053862237079,0.5460108772018157,0.8261609860382311
polarized_n40,40,12,1,0.5461194845177988,0.04759995283505708,0.4985195316827417,0.5937194373528558,0.5460108772018157,0.8261609860382311
polarized_n40,40,12,2,0.5192723408554625,0.04552719606412867,0.4737451447913338,0.5647995369195912,0.5460108772018157,0.8261609860382311
polarized_n40,40,12,3,0.5473042401249527,0.07583588807066269,0.47146835205429005,0.6231401281956154,0.5460108772018157,0.8261609860382311
polarized_n40,40,12,4,0.5467738184320178,0.07382824355053291,0.47294557488148486,0.6206020619825507,0.5460108772018157,0.8261609860382311
polarized_n40,40,12,5,0.5481518513953353,0.033169779577085605,0.5149820718182497,0.5813216309724208,0.5460108772018157,0.8261609860382311
polarized_n40,40,12,6,0.5462993929439872,0.05132999505704593,0.4949693978869413,0.5976293880010332,0.5460108772018157,0.8261609860382311
polarized_n40,40,12,7,0.5473482237750097,0.04744038273597771,0.49990784103903196,0.5947886065109874,0.5460108772018157,0.8261609860382311
polarized_n40,40,12,8,0.5437693115203506,0.07578775972102228,0.4679815517993283,0.6195570712413728,0.5460108772018157,0.8261609860382311
polarized_n40,40,12,9,0.4792766938806132,0.04729125806652063,0.4319854358140926,0.5265679519471339,0.5460108772018157,0.8261609860382311
polarized_n40,40,12,10,0.5488882457692091,0.04468945409778731,0.5041987916714218,0.5935776998669965,0.5460108772018157,0.8261609860382311
polarized_n40,40,12,11,0.463950502707649,0.0419569678197865,0.4219935348878625,0.5059074705274355,0.5460108772018157,0.8261609860382311
polarized_n40,40,12,12,0.4560113975100123,0.05357259971588289,0.4024387977941294,0.5095839972258952,0.5460108772018157,0.8261609860382311
polarized_n40,40,12,13,0.5475358270081201,0.0206401647649477,0.5268956622431724,0.5681759917730678,0.5460108772018157,0.8261609860382311
polarized_n40,40,12,14,0.4645585938269681,0.05358494868471231,0.4109736451422558,0.5181435425116805,0.5460108772018157,0.8261609860382311
polarized_n40,40,12,15,0.5467464250657822,0.029018907827549588,0.5177275172382326,0.5757653328933318,0.5460108772018157,0.8261609860382311
polarized_n40,40,12,16,0.5476205931562078,0.03096871467917382,0.516651878477034,0.5785893078353816,0.5460108772018157,0.8261609860382311
polarized_n40,40,12,17,0.5387225394570269,0.03228984692977883,0.506432692527248,0.5710123863868057,0.5460108772018157,0.8261609860382311
polarized_n40,40,12,18,0.5471254193934216,0.06193112980445267,0.48519428958896893,0.6090565491978743,0.5460108772018157,0.8261609860382311
polarized_n40,40,12,19,0.5471013707435931,0.04632703135010044,0.5007743393934927,0.5934284020936935,0.5460108772018157,0.8261609860382311
polarized_n40,40,12,20,0.5485668549486065,0.024877195579758458,0.523689659368848,0.5734440505283649,0.5460108772018157,0.8261609860382311
polarized_n40,40,12,21,0.59572221178703,0.06119293211784886,0.5345292796691812,0.6569151439048788,0.5460108772018157,0.8261609860382311
polarized_n40,40,12,22,0.5453283995292278,0.04129599480014787,0.50403240472908,0.5866243943293757,0.5460108772018157,0.8261609860382311
polarized_n40,40,12,23,0.5669405979990787,0.05862727607463515,0.5083133219244436,0.6255678740737138,0.5460108772018157,0.8261609860382311
polarized_n40,40,12,24,0.5473727056160701,0.04613322819602417,0.5012394774200459,0.5935059338120943,0.5460108772018157,0.8261609860382311
polarized_n40,40,12,25,0.5938887698715759,0.07956260560938386,0.514326164262192,0.6734513754809598,0.5460108772018157,0.8261609860382311
polarized_n40,40,12,26,0.5424226415903105,0.032732504686459815,0.5096901369038507,0.5751551462767703,0.5460108772018157,0.8261609860382311
polarized_n40,40,12,27,0.6179887009666907,0.07094502997382042,0.5470436709928702,0.6889337309405111,0.5460108772018157,0.8261609860382311
polarized_n40,40,12,28,0.614936238218887,0.04062627726392941,0.5743099609549576,0.6555625154828164,0.5460108772018157,0.8261609860382311
polarized_n40,40,12,29,0.6170176395701293,0.07051622631661567,0.5465014132535136,0.687533865886745,0.5460108772018157,0.8261609860382311
polarized_n40,40,12,30,0.5468885952500432,0.054062915034218714,0.49282568021582446,0.6009515102842619,0.5460108772018157,0.8261609860382311
polarized_n40,40,12,31,0.5472918873856487,0.024879617605552108,0.5224122697800966,0.5721715049912008,0.5460108772018157,0.8261609860382311
polarized_n40,40,12,32,0.5608597992892168,0.026629412106314417,0.5342303871829024,0.5874892113955312,0.5460108772018157,0.8261609860382311
polarized_n40,40,12,33,0.5418926059568742,0.0620132707551605,0.47987933520171366,0.6039058767120347,0.5460108772018157,0.8261609860382311
polarized_n40,40,12,34,0.5475348552401385,0.04049378545776181,0.5070410697823766,0.5880286406979003,0.5460108772018157,0.8261609860382311
polarized_n40,40,12,35,0.547662438361957,0.03920013122299926,0.5084623071389578,0.5868625695849563,0.5460108772018157,0.8261609860382311
polarized_n40,40,12,36,0.5456371148829054,0.06031703118765819,0.48532008369524726,0.6059541460705636,0.5460108772018157,0.8261609860382311
polarized_n40,40,12,37,0.5371636029426613,0.06917210573130424,0.4679914972113571,0.6063357086739656,0.5460108772018157,0.8261609860382311
polarized_n40,40,12,38,0.5478891366156753,0.03858078779940443,0.5093083488162709,0.5864699244150797,0.5460108772018157,0.8261609860382311
polarized_n40,40,12,39,0.5479689705943411,0.02284665043507025,0.5251223201592709,0.5708156210294114,0.5460108772018157,0.8261609860382311
polarized_n40,40,13,0,0.5520672551536462,0.07732033685166435,0.47474691830198185,0.6293875920053106,0.5494419783791035,0.8549648505364797
polarized_n40,40,13,1,0.5509316143394785,0.04759995283505708,0.5033316615044214,0.5985315671745355,0.5494419783791035,0.8549648505364797
polarized_n40,40,13,2,0.5368282210018843,0.04552719606412867,0.4913010249377556,0.582355417066013,0.5494419783791035,0.8549648505364797
polarized_n40,40,13,3,0.5533221372336214,0.07583588807066269,0.4774862491629588,0.6291580253042841,0.5494419783791035,0.8549648505364797
polarized_n40,40,13,4,0.5514266514960928,0.07382824355053291,0.4775984079455599,0.6252548950466257,0.5494419783791035,0.8549648505364797
polarized_n40,40,13,5,0.5526195398682573,0.033169779577085605,0.5194497602911717,0.5857893194453428,0.5494419783791035,0.8549648505364797
polarized_n40,40,13,6,0.5509790321000995,0.05132999505704593,0.4996490370430535,0.6023090271571454,0.5494419783791035,0.8549648505364797
polarized_n40,40,13,7,0.5528447515782837,0.04744038273597771,0.505404368842306,0.6002851343142614,0.5494419783791035,0.8549648505364797
polarized_n40,40,13,8,0.5516777170261694,0.07578775972102228,0.47588995730514716,0.6274654767471917,0.5494419783791035,0.8549648505364797
polarized_n40,40,13,9,0.5003853392769144,0.04729125806652063,0.4530940812103938,0.5476765973434351,0.5494419783791035,0.8549648505364797
polarized_n40,40,13,10,0.5528536989014025,0.04468945409778731,0.5081642448036151,0.5975431529991898,0.5494419783791035,0.8549648505364797
polarized_n40,40,13,11,0.483236958701261,0.0419569678197865,0.4412799908814745,0.5251939265210475,0.5494419783791035,0.8549648505364797
polarized_n40,40,13,12,0.4757842573095228,0.05357259971588289,0.4222116575936399,0.5293568570254057,0.5494419783791035,0.8549648505364797
polarized_n40,40,13,13,0.5518039199036074,0.0206401647649477,0.5311637551386598,0.5724440846685551,0.5494419783791035,0.8549648505364797
polarized_n40,40,13,14,0.4824552918089736,0.05358494868471231,0.4288703431242613,0.5360402404936859,0.5494419783791035,0.8549648505364797
polarized_n40,40,13,15,0.5512794344288368,0.029018907827549588,0.5222605266012872,0.5802983422563863,0.5494419783791035,0.8549648505364797
polarized_n40,40,13,16,0.5520326603094132,0.03096871467917382,0.5210639456302394,0.5830013749885871,0.5494419783791035,0.8549648505364797
polarized_n40,40,13,17,0.5484722173683104,0.03228984692977883,0.5161823704385315,0.5807620642980893,0.5494419783791035,0.8549648505364797
polarized_n40,40,13,18,0.5522228635010467,0.06193112980445267,0.49029173369659396,0.6141539933054994,0.5494419783791035,0.8549648505364797
polarized_n40,40,13,19,0.5521447281862205,0.04632703135010044,0.5058176968361201,0.5984717595363209,0.5494419783791035,0.8549648505364797
polarized_n40,40,13,20,0.5536795438215125,0.024877195579758458,0.5288023482417541,0.578556739401271,0.5494419783791035,0.8549648505364797
polarized_n40,40,13,21,0.5844536160571528,0.06119293211784886,0.523260683939304,0.6456465481750017,0.5494419783791035,0.8549648505364797
polarized_n40,40,13,22,0.5511912758377064,0.04129599480014787,0.5098952810375585,0.5924872706378543,0.5494419783791035,0.8549648505364797
polarized_n40,40,13,23,0.5565859969583067,0.05862727607463515,0.49795872088367155,0.6152132730329418,0.5494419783791035,0.8549648505364797
polarized_n40,40,13,24,0.5525497512220232,0.04613322819602417,0.506416523025999,0.5986829794180474,0.5494419783791035,0.8549648505364797
polarized_n40,40,13,25,0.5786137581671077,0.07956260560938386,0.4990511525577238,0.6581763637764916,0.5494419783791035,0.8549648505364797
polarized_n40,40,13,26,0.5408676750427672,0.032732504686459815,0.5081351703563074,0.573600179729227,0.5494419783791035,0.8549648505364797
polarized_n40,40,13,27,0.6044831130206119,0.07094502997382042,0.5335380830467914,0.6754281429944323,0.5494419783791035,0.8549648505364797
polarized_n40,40,13,28,0.6005907125834217,0.04062627726392941,0.5599644353194922,0.6412169898473511,0.5494419783791035,0.8549648505364797
polarized_n40,40,13,29,0.6053039124352056,0.07051622631661567,0.53478768611859,0.6758201387518213,0.5494419783791035,0.8549648505364797
polarized_n40,40,13,30,0.5520192526336076,0.054062915034218714,0.4979563375993889,0.6060821676678263,0.5494419783791035,0.8549648505364797
polarized_n40,40,13,31,0.5432778043568595,0.024879617605552108,0.5183981867513073,0.5681574219624116,0.5494419783791035,0.8549648505364797
polarized_n40,40,13,32,0.5514947013930238,0.026629412106314417,0.5248652892867094,0.5781241134993382,0.5494419783791035,0.8549648505364797
polarized_n40,40,13,33,0.5397882953713944,0.0620132707551605,0.4777750246162339,0.6018015661265549,0.5494419783791035,0.8549648505364797
polarized_n40,40,13,34,0.5527140058752444,0.04049378545776181,0.5122202204174826,0.5932077913330063,0.5494419783791035,0.8549648505364797
polarized_n40,40,13,35,0.5529981910112266,0.03920013122299926,0.5137980597882273,0.5921983222342259,0.5494419783791035,0.8549648505364797
polarized_n40,40,13,36,0.5512906461808127,0.06031703118765819,0.4909736149931545,0.6116076773684709,0.5494419783791035,0.8549648505364797
polarized_n40,40,13,37,0.5441274313090857,0.06917210573130424,0.4749553255777815,0.61329953704039,0.5494419783791035,0.8549648505364797
polarized_n40,40,13,38,0.5532390797210793,0.03858078779940443,0.5146582919216749,0.5918198675204838,0.5494419783791035,0.8549648505364797
polarized_n40,40,13,39,0.5530420826729422,0.02284665043507025,0.5301954322378719,0.5758887331080125,0.5494419783791035,0.8549648505364797
polarized_n40,40,14,0,0.5584785880442104,0.07732033685166435,0.481158251192546,0.6357989248958748,0.5540596858032523,0.8786440765848237
polarized_n40,40,14,1,0.5569949573525605,0.04759995283505708,0.5093950045175035,0.6045949101876176,0.5540596858032523,0.8786440765848237
polarized_n40,40,14,2,0.5500610588881117,0.04552719606412867,0.504533862823983,0.5955882549522404,0.5540596858032523,0.8786440765848237
polarized_n40,40,14,3,0.5591306478963148,0.07583588807066269,0.4832947598256522,0.6349665359669775,0.5540596858032523,0.8786440765848237
polarized_n40,40,14,4,0.5573799913337059,0.07382824355053291,0.48355174778317295,0.6312082348842387,0.5540596858032523,0.8786440765848237
polarized_n40,40,14,5,0.5575221669888981,0.033169779577085605,0.5243523874118126,0.5906919465659837,0.5540596858032523,0.8786440765848237
polarized_n40,40,14,6,0.5568883862146776,0.05132999505704593,0.5055583911576317,0.6082183812717236,0.5540596858032523,0.8786440765848237
polarized_n40,40,14,7,0.5593584359263316,0.04744038273597771,0.5119180531903539,0.6067988186623093,0.5540596858032523,0.8786440765848237
polarized_n40,40,14,8,0.5570834719438512,0.07578775972102228,0.48129571222282896,0.6328712316648735,0.5540596858032523,0.8786440765848237
polarized_n40,40,14,9,0.5203834233094479,0.04729125806652063,0.47309216524292724,0.5676746813759685,0.5540596858032523,0.8786440765848237
polarized_n40,40,14,10,0.5576080135958237,0.04468945409778731,0.5129185594980363,0.602297467693611,0.5540596858032523,0.8786440765848237
polarized_n40,40,14,11,0.502049051898948,0.0419569678197865,0.46009208407916147,0.5440060197187345,0.5540596858032523,0.8786440765848237
polarized_n40,40,14,12,0.4951633647543542,0.05357259971588289,0.4415907650384713,0.5487359644702371,0.5540596858032523,0.8786440765848237
polarized_n40,40,14,13,0.557032202386824,0.0206401647649477,0.5363920376218764,0.5776723671517717,0.5540596858032523,0.8786440765848237
polarized_n40,40,14,14,0.4999600310109953,0.05358494868471231,0.446375082326283,0.5535449796957076,0.5540596858032523,0.8786440765848237
polarized_n40,40,14,15,0.5570497049401776,0.029018907827549588,0.528030797112628,0.5860686127677271,0.5540596858032523,0.8786440765848237
polarized_n40,40,14,16,0.5577585821969566,0.03096871467917382,0.5267898675177828,0.5887272968761305,0.5540596858032523,0.8786440765848237
polarized_n40,40,14,17,0.5553584132866473,0.03228984692977883,0.5230685663568684,0.5876482602164261,0.5540596858032523,0.8786440765848237
polarized_n40,40,14,18,0.5585559202939019,0.06193112980445267,0.4966247904894492,0.6204870500983546,0.5540596858032523,0.8786440765848237
polarized_n40,40,14,19,0.5585950440791285,0.04632703135010044,0.5122680127290281,0.6049220754292289,0.5540596858032523,0.8786440765848237
polarized_n40,40,14,20,0.5600080826051254,0.024877195579758458,0.5351308870253669,0.5848852781848838,0.5540596858032523,0.8786440765848237
polarized_n40,40,14,21,0.5747275623663457,0.06119293211784886,0.5135346302484969,0.6359204944841945,0.5540596858032523,0.8786440765848237
polarized_n40,40,14,22,0.5574754357963205,0.04129599480014787,0.5161794409961726,0.5987714305964684,0.5540596858032523,0.8786440765848237
polarized_n40,40,14,23,0.5511387186695936,0.05862727607463515,0.4925114425949585,0.6097659947442288,0.5540596858032523,0.8786440765848237
polarized_n40,40,14,24,0.5589346373205468,0.04613322819602417,0.5128014091245227,0.605067865516571,0.5540596858032523,0.8786440765848237
polarized_n40,40,14,25,0.5663755791745541,0.07956260560938386,0.48681297356517017,0.6459381847839379,0.5540596858032523,0.8786440765848237
polarized_n40,40,14,26,0.5456733526544313,0.032732504686459815,0.5129408479679715,0.5784058573408911,0.5540596858032523,0.8786440765848237
polarized_n40,40,14,27,0.5918260139459327,0.07094502997382042,0.5208809839721122,0.6627710439197532,0.5540596858032523,0.8786440765848237
polarized_n40,40,14,28,0.5873457766682408,0.04062627726392941,0.5467194994043114,0.6279720539321703,0.5540596858032523,0.8786440765848237
polarized_n40,40,14,29,0.594241029816872,0.07051622631661567,0.5237248035002563,0.6647572561334877,0.5540596858032523,0.8786440765848237
polarized_n40,40,14,30,0.5581148008080572,0.054062915034218714,0.5040518857738385,0.6121777158422759,0.5540596858032523,0.8786440765848237
polarized_n40,40,14,31,0.5457408429428289,0.024879617605552108,0.5208612253372767,0.570620460548381,0.5540596858032523,0.8786440765848237
polarized_n40,40,14,32,0.5482826465673338,0.026629412106314417,0.5216532344610194,0.5749120586736483,0.5540596858032523,0.8786440765848237
polarized_n40,40,14,33,0.5442241632621281,0.0620132707551605,0.4822108925069676,0.6062374340172886,0.5540596858032523,0.8786440765848237
polarized_n40,40,14,34,0.5590270642114895,0.04049378545776181,0.5185332787537277,0.5995208496692513,0.5540596858032523,0.8786440765848237
polarized_n40,40,14,35,0.5593645390954204,0.03920013122299926,0.5201644078724211,0.5985646703184196,0.5540596858032523,0.8786440765848237
polarized_n40,40,14,36,0.5573892732104891,0.06031703118765819,0.49707224202283096,0.6177063043981473,0.5540596858032523,0.8786440765848237
polarized_n40,40,14,37,0.5513486833096414,0.06917210573130424,0.48217657757833715,0.6205207890409457,0.5540596858032523,0.8786440765848237
polarized_n40,40,14,38,0.559561178957558,0.03858078779940443,0.5209803911581535,0.5981419667569624,0.5540596858032523,0.8786440765848237
polarized_n40,40,14,39,0.5591765944053145,0.02284665043507025,0.5363299439702442,0.5820232448403848,0.5540596858032523,0.8786440765848237
polarized_n40,40,15,0,0.5650545710083859,0.07732033685166435,0.4877342341567215,0.6423749078600502,0.5595847165555204,0.8959441812735115
polarized_n40,40,15,1,0.5638430051913428,0.04759995283505708,0.5162430523562858,0.6114429580263998,0.5595847165555204,0.8959441812735115
polarized_n40,40,15,2,0.5595279258344079,0.04552719606412867,0.5140007297702792,0.6050551218985366,0.5595847165555204,0.8959441812735115
polarized_n40,40,15,3,0.5655862634001684,0.07583588807066269,0.4897503753295057,0.641422151470831,0.5595847165555204,0.8959441812735115
polarized_n40,40,15,4,0.5640393580065102,0.07382824355053291,0.49021111445597726,0.637867601557043,0.5595847165555204,0.8959441812735115
polarized_n40,40,15,5,0.5629226127442151,0.033169779577085605,0.5297528331671295,0.5960923923213006,0.5595847165555204,0.8959441812735115
polarized_n40,40,15,6,0.563556462755433,0.05132999505704593,0.5122264676983871,0.614886457812479,0.5595847165555204,0.8959441812735115
polarized_n40,40,15,7,0.5658048464626374,0.04744038273597771,0.5183644637266597,0.6132452291986151,0.5595847165555204,0.8959441812735115
polarized_n40,40,15,8,0.5624782816385149,0.07578775972102228,0.4866905219174926,0.6382660413595371,0.5595847165555204,0.8959441812735115
polarized_n40,40,15,9,0.5386104749408575,0.04729125806652063,0.49131921687433683,0.5859017330073781,0.5595847165555204,0.8959441812735115
polarized_n40,40,15,10,0.5630011166275714,0.04468945409778731,0.518311662529784,0.6076905707253587,0.5595847165555204,0.8959441812735115
polarized_n40,40,15,11,0.5201797358806104,0.0419569678197865,0.47822276806082387,0.5621367037003969,0.5595847165555204,0.8959441812735115
polarized_n40,40,15,12,0.5139734881292692,0.05357259971588289,0.46040088841338633,0.5675460878451521,0.5595847165555204,0.8959441812735115
polarized_n40,40,15,13,0.5630067988723424,0.0206401647649477,0.5423666341073947,0.5836469636372901,0.5595847165555204,0.8959441812735115
polarized_n40,40,15,14,0.5169291058941987,0.05358494868471231,0.4633441572094864,0.570514054578911,0.5595847165555204,0.8959441812735115
polarized_n40,40,15,15,0.5636266159181663,0.029018907827549588,0.5346077080906168,0.5926455237457159,0.5595847165555204,0.8959441812735115
polarized_n40,40,15,16,0.5642891723284156,0.03096871467917382,0.5333204576492417,0.5952578870075894,0.5595847165555204,0.8959441812735115
polarized_n40,40,15,17,0.5614825785283749,0.03228984692977883,0.529192731598596,0.5937724254581538,0.5595847165555204,0.8959441812735115
polarized_n40,40,15,18,0.56508272871885,0.06193112980445267,0.5031515989143973,0.6270138585233027,0.5595847165555204,0.8959441812735115
polarized_n40,40,15,19,0.5652138198047224,0.04632703135010044,0.518886788454622,0.6115408511548228,0.5595847165555204,0.8959441812735115
polarized_n40,40,15,20,0.5666838907735365,0.024877195579758458,0.5418066951937781,0.591561086353295,0.5595847165555204,0.8959441812735115
polarized_n40,40,15,21,0.5675418616235243,0.06119293211784886,0.5063489295056754,0.6287347937413731,0.5595847165555204,0.8959441812735115
polarized_n40,40,15,22,0.5639258364860555,0.04129599480014787,0.5226298416859076,0.6052218312862034,0.5595847165555204,0.8959441812735115
polarized_n40,40,15,23,0.5514185209607828,0.05862727607463515,0.4927912448861477,0.610045797035418,0.5595847165555204,0.8959441812735115
polarized_n40,40,15,24,0.5655737299492866,0.04613322819602417,0.5194405017532624,0.6117069581453107,0.5595847165555204,0.8959441812735115
polarized_n40,40,15,25,0.5590107199497316,0.07956260560938386,0.47944811434034773,0.6385733255591155,0.5595847165555204,0.8959441812735115
polarized_n40,40,15,26,0.5534723876017963,0.032732504686459815,0.5207398829153365,0.5862048922882561,0.5595847165555204,0.8959441812735115
polarized_n40,40,15,27,0.5809119903598128,0.07094502997382042,0.5099669603859923,0.6518570203336332,0.5595847165555204,0.8959441812735115
polarized_n40,40,15,28,0.5763960009196002,0.04062627726392941,0.5357697236556708,0.6170222781835296,0.5595847165555204,0.8959441812735115
polarized_n40,40,15,29,0.5844596790963726,0.07051622631661567,0.513943452779757,0.6549759054129883,0.5595847165555204,0.8959441812735115
polarized_n40,40,15,30,0.5645165956143151,0.054062915034218714,0.5104536805800964,0.6185795106485338,0.5595847165555204,0.8959441812735115
polarized_n40,40,15,31,0.55212988882058,0.024879617605552108,0.5272502712150279,0.5770095064261321,0.5595847165555204,0.8959441812735115
polarized_n40,40,15,32,0.5510936075859513,0.026629412106314417,0.5244641954796369,0.5777230196922657,0.5595847165555204,0.8959441812735115
polarized_n40,40,15,33,0.5519101155158651,0.0620132707551605,0.4898968447607046,0.6139233862710256,0.5595847165555204,0.8959441812735115
polarized_n40,40,15,34,0.5656419587120326,0.04049378545776181,0.5251481732542708,0.6061357441697944,0.5595847165555204,0.8959441812735115
polarized_n40,40,15,35,0.5660344600268654,0.03920013122299926,0.5268343288038662,0.6052345912498647,0.5595847165555204,0.8959441812735115
polarized_n40,40,15,36,0.5637241007033457,0.06031703118765819,0.5034070695156875,0.6240411318910039,0.5595847165555204,0.8959441812735115
polarized_n40,40,15,37,0.5587482765220602,0.06917210573130424,0.48957617079075594,0.6279203822533644,0.5595847165555204,0.8959441812735115
polarized_n40,40,15,38,0.56623449424633,0.03858078779940443,0.5276537064469256,0.6048152820457344,0.5595847165555204,0.8959441812735115
polarized_n40,40,15,39,0.565751584067978,0.02284665043507025,0.5429049336329077,0.5885982345030483,0.5595847165555204,0.8959441812735115
polarized_n40,40,16,0,0.5724907056910367,0.07732033685166435,0.4951703688393723,0.6498110425427011,0.5662210701973105,0.9058118883093335
polarized_n40,40,16,1,0.5714809962143429,0.04759995283505708,0.5238810433792858,0.6190809490494,0.5662210701973105,0.9058118883093335
polarized_n40,40,16,2,0.5670835950293355,0.04552719606412867,0.5215563989652068,0.6126107910934642,0.5662210701973105,0.9058118883093335
polarized_n40,40,16,3,0.5733289574546946,0.07583588807066269,0.4974930693840319,0.6491648455253572,0.5662210701973105,0.9058118883093335
polarized_n40,40,16,4,0.5714228987826314,0.07382824355053291,0.4975946552320985,0.6452511423331644,0.5662210701973105,0.9058118883093335
polarized_n40,40,16,5,0.569095468687501,0.033169779577085605,0.5359256891104155,0.6022652482645866,0.5662210701973105,0.9058118883093335
polarized_n40,40,16,6,0.571034305070145,0.05132999505704593,0.519704310013099,0.6223643001271909,0.5662210701973105,0.9058118883093335
polarized_n40,40,16,7,0.5736688887389916,0.04744038273597771,0.5262285060030139,0.6211092714749693,0.5662210701973105,0.9058118883093335
polarized_n40,40,16,8,0.5684527973283836,0.07578775972102228,0.49266503760736136,0.6442405570494059,0.5662210701973105,0.9058118883093335
polarized_n40,40,16,9,0.5542750414020049,0.04729125806652063,0.5069837833354842,0.6015662994685256,0.5662210701973105,0.9058118883093335
polarized_n40,40,16,10,0.5693257476125506,0.04468945409778731,0.5246362935147633,0.614015201710338,0.5662210701973105,0.9058118883093335
polarized_n40,40,16,11,0.537325939998758,0.0419569678197865,0.49536897217897147,0.5792829078185445,0.5662210701973105,0.9058118883093335
polarized_n40,40,16,12,0.5319722009324487,0.05357259971588289,0.4783996012165658,0.5855448006483316,0.5662210701973105,0.9058118883093335
polarized_n40,40,16,13,0.5700547171033258,0.0206401647649477,0.5494145523383781,0.5906948818682735,0.5662210701973105,0.9058118883093335
polarized_n40,40,16,14,0.5331598809948431,0.05358494868471231,0.4795749323101308,0.5867448296795554,0.5662210701973105,0.9058118883093335
polarized_n40,40,16,15,0.5711656591319453,0.029018907827549588,0.5421467513043957,0.6001845669594948,0.5662210701973105,0.9058118883093335
polarized_n40,40,16,16,0.5716427353019883,0.03096871467917382,0.5406740206228144,0.6026114499811621,0.5662210701973105,0.9058118883093335
polarized_n40,40,16,17,0.5677342296270734,0.03228984692977883,0.5354443826972946,0.6000240765568523,0.5662210701973105,0.9058118883093335
polarized_n40,40,16,18,0.572506114512211,0.06193112980445267,0.5105749847077583,0.6344372443166637,0.5662210701973105,0.9058118883093335
polarized_n40,40,16,19,0.5726740654329593,0.04632703135010044,0.5263470340828589,0.6190010967830597,0.5662210701973105,0.9058118883093335
polarized_n40,40,16,20,0.5743816261206601,0.024877195579758458,0.5495044305409017,0.5992588217004186,0.5662210701973105,0.9058118883093335
polarized_n40,40,16,21,0.5638844562176305,0.06119293211784886,0.5026915240997817,0.6250773883354793,0.5662210701973105,0.9058118883093335
polarized_n40,40,16,22,0.5709467523476472,0.04129599480014787,0.5296507575474994,0.6122427471477951,0.5662210701973105,0.9058118883093335
polarized_n40,40,16,23,0.5560966277658339,0.05862727607463515,0.49746935169119877,0.614723903840469,0.5662210701973105,0.9058118883093335
polarized_n40,40,16,24,0.573246382467532,0.04613322819602417,0.5271131542715078,0.6193796106635562,0.5662210701973105,0.9058118883093335
polarized_n40,40,16,25,0.5578842456719655,0.07956260560938386,0.4783216400625816,0.6374468512813494,0.5662210701973105,0.9058118883093335
polarized_n40,40,16,26,0.5620320713095635,0.032732504686459815,0.5292995666231036,0.5947645759960233,0.5662210701973105,0.9058118883093335
polarized_n40,40,16,27,0.5729947266417579,0.07094502997382042,0.5020496966679374,0.6439397566155783,0.5662210701973105,0.9058118883093335
polarized_n40,40,16,28,0.5691597767103133,0.04062627726392941,0.5285334994463838,0.6097860539742427,0.5662210701973105,0.9058118883093335
polarized_n40,40,16,29,0.5769189120187908,0.07051622631661567,0.5064026857021751,0.6474351383354064,0.5662210701973105,0.9058118883093335
polarized_n40,40,16,30,0.5720132970336962,0.054062915034218714,0.5179503819994775,0.6260762120679149,0.5662210701973105,0.9058118883093335
polarized_n40,40,16,31,0.5600234426190679,0.024879617605552108,0.5351438250135158,0.58490306022462,0.5662210701973105,0.9058118883093335
polarized_n40,40,16,32,0.5578102893753101,0.026629412106314417,0.5311808772689957,0.5844397014816245,0.5662210701973105,0.9058118883093335
polarized_n40,40,16,33,0.560476702140851,0.0620132707551605,0.4984634313856905,0.6224899728960115,0.5662210701973105,0.9058118883093335
polarized_n40,40,16,34,0.5733048095859334,0.04049378545776181,0.5328110241281716,0.6137985950436953,0.5662210701973105,0.9058118883093335
polarized_n40,40,16,35,0.5737351985779254,0.03920013122299926,0.5345350673549262,0.6129353298009247,0.5662210701973105,0.9058118883093335
polarized_n40,40,16,36,0.5707791277027433,0.06031703118765819,0.5104620965150851,0.6310961588904015,0.5662210701973105,0.9058118883093335
polarized_n40,40,16,37,0.5660759737492329,0.06917210573130424,0.4969038680179287,0.6352480794805372,0.5662210701973105,0.9058118883093335
polarized_n40,40,16,38,0.5739478781598036,0.03858078779940443,0.5353670903603992,0.6125286659592081,0.5662210701973105,0.9058118883093335
polarized_n40,40,16,39,0.5732355666289898,0.02284665043507025,0.5503889161939195,0.5960822170640601,0.5662210701973105,0.9058118883093335
polarized_n100,100,0,0,0.22602374403415784,0.07861928108773808,0.14740446294641976,0.3046430251218959,0.5010999965107726,0.2214270143845494
polarized_n100,100,0,1,0.20730088562961382,0.07904767702348442,0.1282532086061294,0.28634856265309827,0.5010999965107726,0.2214270143845494
polarized_n100,100,0,2,0.22984789953932505,0.07105328518459336,0.1587946143547317,0.3009011847239184,0.5010999965107726,0.2214270143845494
polarized_n100,100,0,3,0.21528366921983372,0.04199335468333482,0.1732903145364989,0.25727702390316853,0.5010999965107726,0.2214270143845494
polarized_n100,100,0,4,0.23173255065153908,0.023614795221007612,0.20811775543053146,0.2553473458725467,0.5010999965107726,0.2214270143845494
polarized_n100,100,0,5,0.19852322082124976,0.03839356349373353,0.16012965732751622,0.2369167843149833,0.5010999965107726,0.2214270143845494
polarized_n100,100,0,6,0.20036324667229247,0.047780567591516325,0.15258267908077613,0.2481438142638088,0.5010999965107726,0.2214270143845494
polarized_n100,100,0,7,0.22152865676144934,0.05689699049161058,0.16463166626983877,0.2784256472530599,0.5010999965107726,0.2214270143845494
polarized_n100,100,0,8,0.2568711245804383,0.02564457726458723,0.23122654731585107,0.28251570184502556,0.5010999965107726,0.2214270143845494
polarized_n100,100,0,9,0.2413574059687505,0.06317213667057199,0.17818526929817852,0.30452954263932247,0.5010999965107726,0.2214270143845494
polarized_n100,100,0,10,0.2013829852538143,0.0519786217665438,0.1494043634872705,0.2533616070203581,0.5010999965107726,0.2214270143845494
polarized_n100,100,0,11,0.23031687446106702,0.05598919024239038,0.17432768421867664,0.28630606470345743,0.5010999965107726,0.2214270143845494
polarized_n100,100,0,12,0.23631679947331752,0.07719825103432292,0.1591185484389946,0.31351505050764045,0.5010999965107726,0.2214270143845494
polarized_n100,100,0,13,0.2512280394844778,0.02365473561606386,0.22757330386841396,0.27488277510054165,0.5010999965107726,0.2214270143845494
polarized_n100,100,0,14,0.21581109096829343,0.060197592334034766,0.15561349863425866,0.2760086833023282,0.5010999965107726,0.2214270143845494
polarized_n100,100,0,15,0.24521763945905284,0.07843897967091228,0.16677865978814055,0.32365661912996513,0.5010999965107726,0.2214270143845494
polarized_n100,100,0,16,0.23496712801665276,0.02462563932980327,0.2103414886868495,0.25959276734645603,0.5010999965107726,0.2214270143845494
polarized_n100,100,0,17,0.20911549200457516,0.07568706965144527,0.1334284223531299,0.2848025616560204,0.5010999965107726,0.2214270143845494
polarized_n100,100,0,18,0.21419078146705645,0.07457463432096467,0.13961614714609177,0.2887654157880211,0.5010999965107726,0.2214270143845494
polarized_n100,100,0,19,0.2303666671861916,0.021614518140441755,0.20875214904574985,0.25198118532663333,0.5010999965107726,0.2214270143845494
polarized_n100,100,0,20,0.2188470855610435,0.0380438916663014,0.1808031938947421,0.2568909772273449,0.5010999965107726,0.2214270143845494
polarized_n100,100,0,21,0.1831182949785035,0.07633420287715346,0.10678409210135002,0.25945249785565694,0.5010999965107726,0.2214270143845494
polarized_n100,100,0,22,0.27588232057048223,0.04925848826849345,0.2266238323019888,0.32514080883897567,0.5010999965107726,0.2214270143845494
polarized_n100,100,0,23,0.16736179655268346,0.03372363387924311,0.13363816267344036,0.20108543043192656,0.5010999965107726,0.2214270143845494
polarized_n100,100,0,24,0.23876836396567652,0.0598782764722597,0.17889008749341684,0.2986466404379362,0.5010999965107726,0.2214270143845494
polarized_n100,100,0,25,0.18760743094622034,0.07017866763096088,0.11742876331525946,0.2577860985771812,0.5010999965107726,0.2214270143845494
polarized_n100,100,0,26,0.2573602216101085,0.06676646695939327,0.19059375465071526,0.3241266885695018,0.5010999965107726,0.2214270143845494
polarized_n100,100,0,27,0.20522356969015443,0.0447438875207581,0.16047968216939634,0.2499674572109125,0.5010999965107726,0.2214270143845494
polarized_n100,100,0,28,0.18795223629303826,0.06877625607277149,0.11917598022026676,0.25672849236580975,0.5010999965107726,0.2214270143845494
polarized_n100,100,0,29,0.2639219411123656,0.043684988720462045,0.22023695239190355,0.30760692983282767,0.5010999965107726,0.2214270143845494
polarized_n100,100,0,30,0.21503784504967885,0.025593409147593376,0.18944443590208548,0.24063125419727222,0.5010999965107726,0.2214270143845494
polarized_n100,100,0,31,0.22039608684703754,0.03820913730275319,0.18218694954428435,0.2586052241497907,0.5010999965107726,0.2214270143845494
polarized_n100,100,0,32,0.23419577258555152,0.06608513305129528,0.16811063953425626,0.3002809056368468,0.5010999965107726,0.2214270143845494
polarized_n100,100,0,33,0.23071546955195357,0.07643538027275762,0.15428008927919595,0.3071508498247112,0.5010999965107726,0.2214270143845494
polarized_n100,100,0,34,0.22093022970197576,0.04911968384930053,0.17181054585267524,0.2700499135512763,0.5010999965107726,0.2214270143845494
polarized_n100,100,0,35,0.2567222079208585,0.022524511421244314,0.23419769649961417,0.27924671934210277,0.5010999965107726,0.2214270143845494
polarized_n100,100,0,36,0.1699915356834639,0.06882614543707255,0.10116539024639135,0.23881768112053645,0.5010999965107726,0.2214270143845494
polarized_n100,100,0,37,0.23015445479041088,0.02723232454362276,0.20292213024678812,0.25738677933403364,0.5010999965107726,0.2214270143845494
polarized_n100,100,0,38,0.2434116530839299,0.057250532688021175,0.1861611203959087,0.3006621857719511,0.5010999965107726,0.2214270143845494
polarized_n100,100,0,39,0.16903399965520596,0.04853694856910239,0.12049705108610358,0.21757094822430834,0.5010999965107726,0.2214270143845494
polarized_n100,100,0,40,0.19601673352966284,0.06785520663539986,0.12816152689426297,0.2638719401650627,0.5010999965107726,0.2214270143845494
polarized_n100,100,0,41,0.20900690829288493,0.039042779980491035,0.16996412831239388,0.24804968827337598,0.5010999965107726,0.2214270143845494
polarized_n100,100,0,42,0.21042718810797897,0.02297476590513185,0.18745242220284714,0.2334019540131108,0.5010999965107726,0.2214270143845494
polarized_n100,100,0,43,0.251581155296505,0.062203383640086804,0.18937777165641817,0.3137845389365918,0.5010999965107726,0.2214270143845494
polarized_n100,100,0,44,0.1732546261326672,0.03074534040166308,0.14250928573100413,0.20399996653433028,0.5010999965107726,0.2214270143845494
polarized_n100,100,0,45,0.22530723693720253,0.06384364089984736,0.16146359603735516,0.2891508778370499,0.5010999965107726,0.2214270143845494
polarized_n100,100,0,46,0.25631050879616507,0.02472577117569657,0.2315847376204685,0.28103627997186165,0.5010999965107726,0.2214270143845494
polarized_n100,100,0,47,0.17227651037848607,0.0548954523183965,0.11738105806008957,0.22717196269688256,0.5010999965107726,0.2214270143845494
polarized_n100,100,0,48,0.24008888804281353,0.0589670059870472,0.18112188205576635,0.2990558940298607,0.5010999965107726,0.2214270143845494
polarized_n100,100,0,49,0.26142809496331487,0.05420946894376835,0.20721862601954652,0.3156375639070832,0.5010999965107726,0.2214270143845494
polarized_n100,100,0,50,0.81721456256986,0.07071673356237873,0.7464978290074813,0.8879312961322388,0.5010999965107726,0.2214270143845494
polarized_n100,100,0,51,0.8052394656048881,0.04684118947763831,0.7583982761272499,0.8520806550825264,0.5010999965107726,0.2214270143845494
polarized_n100,100,0,52,0.7974597824752637,0.0571881689842057,0.7402716134910581,0.8546479514594694,0.5010999965107726,0.2214270143845494
polarized_n100,100,0,53,0.7436979963522868,0.03870800809697694,0.7049899882553099,0.7824060044492638,0.5010999965107726,0.2214270143845494
polarized_n100,100,0,54,0.8035738136167375,0.07515742944721751,0.72841638416952,0.878731243063955,0.5010999965107726,0.2214270143845494
polarized_n100,100,0,55,0.7283171022099344,0.046909846219163595,0.6814072559907708,0.775226948429098,0.5010999965107726,0.2214270143845494
polarized_n100,100,0,56,0.7686451053403864,0.0548605955899687,0.7137845097504177,0.8235057009303551,0.5010999965107726,0.2214270143845494
polarized_n100,100,0,57,0.737066693523352,0.04361600009498748,0.6934506934283645,0.7806826936183394,0.5010999965107726,0.2214270143845494
polarized_n100,100,0,58,0.7956333985413828,0.07943983921305055,0.7161935593283323,0.8750732377544334,0.5010999965107726,0.2214270143845494
polarized_n100,100,0,59,0.7659252863992617,0.03644135337225965,0.7294839330270021,0.8023666397715213,0.5010999965107726,0.2214270143845494
polarized_n100,100,0,60,0.7998352515196729,0.06541877674486613,0.7344164747748068,0.8652540282645391,0.5010999965107726,0.2214270143845494
polarized_n100,100,0,61,0.7447205674549942,0.07183004252876772,0.6728905249262265,0.8165506099837618,0.5010999965107726,0.2214270143845494
polarized_n100,100,0,62,0.7924785656766662,0.050796840711428745,0.7416817249652374,0.843275406388095,0.5010999965107726,0.2214270143845494
polarized_n100,100,0,63,0.81151613511828,0.06818898193090207,0.743327153187378,0.8797051170491821,0.5010999965107726,0.2214270143845494
polarized_n100,100,0,64,0.7856267950330365,0.07732365679877466,0.7083031382342618,0.8629504518318111,0.5010999965107726,0.2214270143845494
polarized_n100,100,0,65,0.7521439268197284,0.03471252886789718,0.7174313979518312,0.7868564556876256,0.5010999965107726,0.2214270143845494
polarized_n100,100,0,66,0.7841252527595458,0.057053877210004614,0.7270713755495412,0.8411791299695505,0.5010999965107726,0.2214270143845494
polarized_n100,100,0,67,0.7793640524021672,0.03306482801882353,0.7462992243833437,0.8124288804209907,0.5010999965107726,0.2214270143845494
polarized_n100,100,0,68,0.7899367519742923,0.07619896045299067,0.7137377915213016,0.8661357124272829,0.5010999965107726,0.2214270143845494
polarized_n100,100,0,69,0.7969051231869455,0.033350493208970974,0.7635546299779745,0.8302556163959165,0.5010999965107726,0.2214270143845494
polarized_n100,100,0,70,0.7971352354142526,0.0360094267119649,0.7611258087022876,0.8331446621262175,0.5010999965107726,0.2214270143845494
polarized_n100,100,0,71,0.7679701990392329,0.07798988488042775,0.6899803141588051,0.8459600839196607,0.5010999965107726,0.2214270143845494
polarized_n100,100,0,72,0.7463687900275675,0.05439686588302195,0.6919719241445456,0.8007656559105895,0.5010999965107726,0.2214270143845494
polarized_n100,100,0,73,0.8114075204951777,0.07613386565105072,0.735273654844127,0.8875413861462285,0.5010999965107726,0.2214270143845494
polarized_n100,100,0,74,0.7764868103781118,0.03045921351297952,0.7460275968651323,0.8069460238910914,0.5010999965107726,0.2214270143845494
polarized_n100,100,0,75,0.7357964117247157,0.06421397353508644,0.6715824381896293,0.8000103852598021,0.5010999965107726,0.2214270143845494
polarized_n100,100,0,76,0.7717317025934761,0.0511105613954046,0.7206211411980715,0.8228422639888807,0.5010999965107726,0.2214270143845494
polarized_n100,100,0,77,0.8181036630137578,0.05280635060335398,0.7652973124104039,0.8709100136171117,0.5010999965107726,0.2214270143845494
polarized_n100,100,0,78,0.7526807841142454,0.0698139450378733,0.6828668390763721,0.8224947291521187,0.5010999965107726,0.2214270143845494
polarized_n100,100,0,79,0.7785910597614257,0.022196483752201075,0.7563945760092247,0.8007875435136268,0.5010999965107726,0.2214270143845494
polarized_n100,100,0,80,0.7725320135334185,0.07205961970061724,0.7004723938328012,0.8445916332340357,0.5010999965107726,0.2214270143845494
polarized_n100,100,0,81,0.7671116568388459,0.05327197107300832,0.7138396857658376,0.8203836279118542,0.5010999965107726,0.2214270143845494
polarized_n100,100,0,82,0.7834034215357765,0.024722613151822673,0.7586808083839538,0.8081260346875991,0.5010999965107726,0.2214270143845494
polarized_n100,100,0,83,0.8122446843450778,0.07747491198029495,0.7347697723647828,0.8897195963253728,0.5010999965107726,0.2214270143845494
polarized_n100,100,0,84,0.7604502281851256,0.04276196128971046,0.7176882668954152,0.8032121894748361,0.5010999965107726,0.2214270143845494
polarized_n100,100,0,85,0.8253304604908259,0.05042896702443275,0.7749014934663931,0.8757594275152587,0.5010999965107726,0.2214270143845494
polarized_n100,100,0,86,0.8071497865273312,0.07225004880367647,0.7348997377236547,0.8793998353310076,0.5010999965107726,0.2214270143845494
polarized_n100,100,0,87,0.7803953397787676,0.03783214772552676,0.7425631920532408,0.8182274875042944,0.5010999965107726,0.2214270143845494
polarized_n100,100,0,88,0.7543592398461619,0.02515192861876235,0.7292073112273996,0.7795111684649243,0.5010999965107726,0.2214270143845494
polarized_n100,100,0,89,0.7795586356786528,0.020040888956143726,0.759517746722509,0.7995995246347966,0.5010999965107726,0.2214270143845494
polarized_n100,100,0,90,0.7627837501456697,0.052934292044798145,0.7098494581008715,0.8157180421904678,0.5010999965107726,0.2214270143845494
polarized_n100,100,0,91,0.7475170878077055,0.04277080547507493,0.7047462823326306,0.7902878932827805,0.5010999965107726,0.2214270143845494
polarized_n100,100,0,92,0.7905559793663723,0.0639513343738887,0.7266046449924837,0.854507313740261,0.5010999965107726,0.2214270143845494
polarized_n100,100,0,93,0.8072341638844469,0.07279272330711781,0.7344414405773291,0.8800268871915647,0.5010999965107726,0.2214270143845494
polarized_n100,100,0,94,0.7726812333554729,0.0733889847026697,0.6992922486528032,0.8460702180581426,0.5010999965107726,0.2214270143845494
polarized_n100,100,0,95,0.8323869508092272,0.0771401021297727,0.7552468486794545,0.9095270529389999,0.5010999965107726,0.2214270143845494
polarized_n100,100,0,96,0.7466802469811565,0.03438168431630597,0.7122985626648506,0.7810619312974625,0.5010999965107726,0.2214270143845494
polarized_n100,100,0,97,0.7895488918306733,0.07460319455902874,0.7149456972716446,0.8641520863897021,0.5010999965107726,0.2214270143845494
polarized_n100,100,0,98,0.809539639362184,0.07350321319650714,0.7360364261656769,0.8830428525586911,0.5010999965107726,0.2214270143845494
polarized_n100,100,0,99,0.7827621673525439,0.0688498876895592,0.7139122796629847,0.8516120550421031,0.5010999965107726,0.2214270143845494
polarized_n100,100,1,0,0.3011611175980084,0.07861928108773808,0.22254183651027032,0.3797803986857465,0.5017837271645506,0.303598256841358
polarized_n100,100,1,1,0.25695712340501764,0.07904767702348442,0.17790944638153322,0.33600480042850206,0.5017837271645506,0.303598256841358
polarized_n100,100,1,2,0.25518437727059196,0.07105328518459336,0.1841310920859986,0.3262376624551853,0.5017837271645506,0.303598256841358
polarized_n100,100,1,3,0.2547367827587406,0.04199335468333482,0.2127434280754058,0.29673013744207544,0.5017837271645506,0.303598256841358
polarized_n100,100,1,4,0.3104870844447586,0.023614795221007612,0.28687228922375096,0.3341018796657662,0.5017837271645506,0.303598256841358
polarized_n100,100,1,5,0.2269798845604834,0.03839356349373353,0.18858632106674988,0.2653734480542169,0.5017837271645506,0.303598256841358
polarized_n100,100,1,6,0.2251902879324144,0.047780567591516325,0.17740972034089808,0.27297085552393074,0.5017837271645506,0.303598256841358
polarized_n100,100,1,7,0.27618484940595234,0.05689699049161058,0.21928785891434177,0.3330818398975629,0.5017837271645506,0.303598256841358
polarized_n100,100,1,8,0.30799929115899577,0.02564457726458723,0.2823547138944085,0.333643868423583,0.5017837271645506,0.303598256841358
polarized_n100,100,1,9,0.2902793299637966,0.06317213667057199,0.2271071932932246,0.35345146663436855,0.5017837271645506,0.303598256841358
polarized_n100,100,1,10,0.23075479158449658,0.0519786217665438,0.17877616981795277,0.2827334133510404,0.5017837271645506,0.303598256841358
polarized_n100,100,1,11,0.2562746819824045,0.05598919024239038,0.20028549174001412,0.3122638722247949,0.5017837271645506,0.303598256841358
polarized_n100,100,1,12,0.25481522516159427,0.07719825103432292,0.17761697412727134,0.3320134761959172,0.5017837271645506,0.303598256841358
polarized_n100,100,1,13,0.2804374414206945,0.02365473561606386,0.25678270580463064,0.30409217703675834,0.5017837271645506,0.303598256841358
polarized_n100,100,1,14,0.2817474455883604,0.060197592334034766,0.22154985325432563,0.34194503792239517,0.5017837271645506,0.303598256841358
polarized_n100,100,1,15,0.2553929718966776,0.07843897967091228,0.1769539922257653,0.3338319515675899,0.5017837271645506,0.303598256841358
polarized_n100,100,1,16,0.2735445798046099,0.02462563932980327,0.24891894047480662,0.29817021913441316,0.5017837271645506,0.303598256841358
polarized_n100,100,1,17,0.23756315597291308,0.07568706965144527,0.16187608632146783,0.31325022562435834,0.5017837271645506,0.303598256841358
polarized_n100,100,1,18,0.2572034175850798,0.07457463432096467,0.18262878326411514,0.3317780519060445,0.5017837271645506,0.303598256841358
polarized_n100,100,1,19,0.2821378937598407,0.021614518140441755,0.260523375619399,0.30375241190028246,0.5017837271645506,0.303598256841358
polarized_n100,100,1,20,0.27348619166207705,0.0380438916663014,0.23544229999577565,0.31153008332837845,0.5017837271645506,0.303598256841358
polarized_n100,100,1,21,0.2332568338939916,0.07633420287715346,0.15692263101683812,0.3095910367711451,0.5017837271645506,0.303598256841358
polarized_n100,100,1,22,0.3116110853112366,0.04925848826849345,0.26235259704274316,0.36086957357973004,0.5017837271645506,0.303598256841358
polarized_n100,100,1,23,0.18750707785815843,0.03372363387924311,0.1537834439789153,0.22123071173740155,0.5017837271645506,0.303598256841358
polarized_n100,100,1,24,0.26557341503792886,0.0598782764722597,0.20569513856566918,0.32545169151018855,0.5017837271645506,0.303598256841358
polarized_n100,100,1,25,0.2691910665879835,0.07017866763096088,0.1990123989570226,0.33936973421894434,0.5017837271645506,0.303598256841358
polarized_n100,100,1,26,0.2772336938569551,0.06676646695939327,0.21046722689756187,0.3440001608163484,0.5017837271645506,0.303598256841358
polarized_n100,100,1,27,0.24784600852308938,0.0447438875207581,0.20310212100233127,0.2925898960438475,0.5017837271645506,0.303598256841358
polarized_n100,100,1,28,0.21325881764845292,0.06877625607277149,0.14448256157568143,0.2820350737212244,0.5017837271645506,0.303598256841358
polarized_n100,100,1,29,0.29440611961427215,0.043684988720462045,0.2507211308938101,0.3380911083347342,0.5017837271645506,0.303598256841358
polarized_n100,100,1,30,0.24340030965744172,0.025593409147593376,0.21780690050984836,0.2689937188050351,0.5017837271645506,0.303598256841358
polarized_n100,100,1,31,0.2932296697524999,0.03820913730275319,0.25502053244974676,0.3314388070552531,0.5017837271645506,0.303598256841358
polarized_n100,100,1,32,0.2928052669240434,0.06608513305129528,0.22672013387274814,0.35889039997533867,0.5017837271645506,0.303598256841358
polarized_n100,100,1,33,0.2951436181623567,0.07643538027275762,0.21870823788959906,0.3715789984351143,0.5017837271645506,0.303598256841358
polarized_n100,100,1,34,0.26094010608951307,0.04911968384930053,0.21182042224021252,0.3100597899388136,0.5017837271645506,0.303598256841358
polarized_n100,100,1,35,0.3027692999493798,0.022524511421244314,0.2802447885281355,0.3252938113706241,0.5017837271645506,0.303598256841358
polarized_n100,100,1,36,0.21244509053142996,0.06882614543707255,0.1436189450943574,0.2812712359685025,0.5017837271645506,0.303598256841358
polarized_n100,100,1,37,0.29079624548518146,0.02723232454362276,0.26356392094155867,0.31802857002880425,0.5017837271645506,0.303598256841358
polarized_n100,100,1,38,0.26180006424532076,0.057250532688021175,0.2045495315572996,0.3190505969333419,0.5017837271645506,0.303598256841358
polarized_n100,100,1,39,0.20577821627451778,0.04853694856910239,0.1572412677054154,0.25431516484362016,0.5017837271645506,0.303598256841358
polarized_n100,100,1,40,0.25230901611301765,0.06785520663539986,0.1844538094776178,0.3201642227484175,0.5017837271645506,0.303598256841358
polarized_n100,100,1,41,0.27333708518837513,0.039042779980491035,0.23429430520788408,0.3123798651688662,0.5017837271645506,0.303598256841358
polarized_n100,100,1,42,0.27111638757192663,0.02297476590513185,0.2481416216667948,0.2940911534770585,0.5017837271645506,0.303598256841358
polarized_n100,100,1,43,0.27736628582386924,0.062203383640086804,0.21516290218378242,0.33956966946395606,0.5017837271645506,0.303598256841358
polarized_n100,100,1,44,0.23904394821153702,0.03074534040166308,0.20829860780987394,0.2697892886132001,0.5017837271645506,0.303598256841358
polarized_n100,100,1,45,0.29332158286095633,0.06384364089984736,0.229477941961109,0.3571652237608037,0.5017837271645506,0.303598256841358
polarized_n100,100,1,46,0.2993905725672156,0.02472577117569657,0.274664801391519,0.32411634374291215,0.5017837271645506,0.303598256841358
polarized_n100,100,1,47,0.2547325949816687,0.0548954523183965,0.19983714266327224,0.3096280473000652,0.5017837271645506,0.303598256841358
polarized_n100,100,1,48,0.2650419063753129,0.0589670059870472,0.2060749003882657,0.32400891236236007,0.5017837271645506,0.303598256841358
polarized_n100,100,1,49,0.32635226753525304,0.05420946894376835,0.2721427985914847,0.38056173647902136,0.5017837271645506,0.303598256841358
polarized_n100,100,1,50,0.7561466476290868,0.07071673356237873,0.6854299140667081,0.8268633811914655,0.5017837271645506,0.303598256841358
polarized_n100,100,1,51,0.7229124702408057,0.04684118947763831,0.6760712807631675,0.769753659718444,0.5017837271645506,0.303598256841358
polarized_n100,100,1,52,0.7452821104303435,0.0571881689842057,0.6880939414461378,0.8024702794145493,0.5017837271645506,0.303598256841358
polarized_n100,100,1,53,0.7045637277706672,0.03870800809697694,0.6658557196736903,0.7432717358676442,0.5017837271645506,0.303598256841358
polarized_n100,100,1,54,0.7399654247518508,0.07515742944721751,0.6648079953046333,0.8151228541990683,0.5017837271645506,0.303598256841358
polarized_n100,100,1,55,0.6902002378495143,0.046909846219163595,0.6432903916303507,0.737110084068678,0.5017837271645506,0.303598256841358
polarized_n100,100,1,56,0.7569969102100639,0.0548605955899687,0.7021363146200952,0.8118575058000326,0.5017837271645506,0.303598256841358
polarized_n100,100,1,57,0.6920639985057631,0.04361600009498748,0.6484479984107756,0.7356799986007505,0.5017837271645506,0.303598256841358
polarized_n100,100,1,58,0.7305236848580768,0.07943983921305055,0.6510838456450263,0.8099635240711274,0.5017837271645506,0.303598256841358
polarized_n100,100,1,59,0.7543238961237564,0.03644135337225965,0.7178825427514968,0.790765249496016,0.5017837271645506,0.303598256841358
polarized_n100,100,1,60,0.7752467197834476,0.06541877674486613,0.7098279430385814,0.8406654965283138,0.5017837271645506,0.303598256841358
polarized_n100,100,1,61,0.7058684740032297,0.07183004252876772,0.634038431474462,0.7776985165319974,0.5017837271645506,0.303598256841358
polarized_n100,100,1,62,0.7674236633237216,0.050796840711428745,0.7166268226122928,0.8182205040351503,0.5017837271645506,0.303598256841358
polarized_n100,100,1,63,0.784137355528032,0.06818898193090207,0.7159483735971299,0.852326337458934,0.5017837271645506,0.303598256841358
polarized_n100,100,1,64,0.7536693438045549,0.07732365679877466,0.6763456870057802,0.8309930006033295,0.5017837271645506,0.303598256841358
polarized_n100,100,1,65,0.6948771022676469,0.03471252886789718,0.6601645733997497,0.7295896311355441,0.5017837271645506,0.303598256841358
polarized_n100,100,1,66,0.7443180777842929,0.057053877210004614,0.6872642005742883,0.8013719549942976,0.5017837271645506,0.303598256841358
polarized_n100,100,1,67,0.7275479746676664,0.03306482801882353,0.6944831466488429,0.7606128026864899,0.5017837271645506,0.303598256841358
polarized_n100,100,1,68,0.778200029518062,0.07619896045299067,0.7020010690650713,0.8543989899710527,0.5017837271645506,0.303598256841358
polarized_n100,100,1,69,0.725197943632185,0.033350493208970974,0.691847450423214,0.758548436841156,0.5017837271645506,0.303598256841358
polarized_n100,100,1,70,0.7197640032243937,0.0360094267119649,0.6837545765124288,0.7557734299363587,0.5017837271645506,0.303598256841358
polarized_n100,100,1,71,0.7002909153500567,0.07798988488042775,0.6223010304696289,0.7782808002304845,0.5017837271645506,0.303598256841358
polarized_n100,100,1,72,0.6789246433017514,0.05439686588302195,0.6245277774187294,0.7333215091847733,0.5017837271645506,0.303598256841358
polarized_n100,100,1,73,0.7990096306151425,0.07613386565105072,0.7228757649640918,0.8751434962661933,0.5017837271645506,0.303598256841358
polarized_n100,100,1,74,0.7262444965395124,0.03045921351297952,0.6957852830265329,0.7567037100524919,0.5017837271645506,0.303598256841358
polarized_n100,100,1,75,0.701949796735827,0.06421397353508644,0.6377358232007406,0.7661637702709134,0.5017837271645506,0.303598256841358
polarized_n100,100,1,76,0.7006698206081454,0.0511105613954046,0.6495592592127408,0.75178038200355,0.5017837271645506,0.303598256841358
polarized_n100,100,1,77,0.738172086600811,0.05280635060335398,0.685365735997457,0.790978437204165,0.5017837271645506,0.303598256841358
polarized_n100,100,1,78,0.6841813734330771,0.0698139450378733,0.6143674283952038,0.7539953184709504,0.5017837271645506,0.303598256841358
polarized_n100,100,1,79,0.6988856068652971,0.022196483752201075,0.676689123113096,0.7210820906174982,0.5017837271645506,0.303598256841358
polarized_n100,100,1,80,0.7446269087809184,0.07205961970061724,0.6725672890803012,0.8166865284815357,0.5017837271645506,0.303598256841358
polarized_n100,100,1,81,0.7532030828104918,0.05327197107300832,0.6999311117374835,0.8064750538835,0.5017837271645506,0.303598256841358
polarized_n100,100,1,82,0.7488861159768914,0.024722613151822673,0.7241635028250687,0.773608729128714,0.5017837271645506,0.303598256841358
polarized_n100,100,1,83,0.763447965662245,0.07747491198029495,0.68597305368195,0.84092287764254,0.5017837271645506,0.303598256841358
polarized_n100,100,1,84,0.7011309485854178,0.04276196128971046,0.6583689872957074,0.7438929098751282,0.5017837271645506,0.303598256841358
polarized_n100,100,1,85,0.7694560941889153,0.05042896702443275,0.7190271271644825,0.819885061213348,0.5017837271645506,0.303598256841358
polarized_n100,100,1,86,0.7583219117168944,0.07225004880367647,0.686071862913218,0.8305719605205709,0.5017837271645506,0.303598256841358
polarized_n100,100,1,87,0.7044734383408902,0.03783214772552676,0.6666412906153634,0.742305586066417,0.5017837271645506,0.303598256841358
polarized_n100,100,1,88,0.7181059985721864,0.02515192861876235,0.692954069953424,0.7432579271909487,0.5017837271645506,0.303598256841358
polarized_n100,100,1,89,0.7415844757299712,0.020040888956143726,0.7215435867738275,0.761625364686115,0.5017837271645506,0.303598256841358
polarized_n100,100,1,90,0.7392319892174586,0.052934292044798145,0.6862976971726604,0.7921662812622567,0.5017837271645506,0.303598256841358
polarized_n100,100,1,91,0.7325521050362814,0.04277080547507493,0.6897812995612065,0.7753229105113564,0.5017837271645506,0.303598256841358
polarized_n100,100,1,92,0.7737622290005058,0.0639513343738887,0.7098108946266172,0.8377135633743945,0.5017837271645506,0.303598256841358
polarized_n100,100,1,93,0.7890912106426706,0.07279272330711781,0.7162984873355528,0.8618839339497885,0.5017837271645506,0.303598256841358
polarized_n100,100,1,94,0.740386164127864,0.0733889847026697,0.6669971794251942,0.8137751488305337,0.5017837271645506,0.303598256841358
polarized_n100,100,1,95,0.7965613407687392,0.0771401021297727,0.7194212386389665,0.8737014428985119,0.5017837271645506,0.303598256841358
polarized_n100,100,1,96,0.7259990581313626,0.03438168431630597,0.6916173738150566,0.7603807424476685,0.5017837271645506,0.303598256841358
polarized_n100,100,1,97,0.7732091811355958,0.07460319455902874,0.698605986576567,0.8478123756946245,0.5017837271645506,0.303598256841358
polarized_n100,100,1,98,0.7548028594602685,0.07350321319650714,0.6812996462637614,0.8283060726567756,0.5017837271645506,0.303598256841358
polarized_n100,100,1,99,0.7524598950623035,0.0688498876895592,0.6836100073727442,0.8213097827518627,0.5017837271645506,0.303598256841358
polarized_n100,100,2,0,0.37339040690850434,0.07861928108773808,0.29477112582076626,0.4520096879962424,0.5024878137867216,0.3717876680592619
polarized_n100,100,2,1,0.30640046660944964,0.07904767702348442,0.22735278958596522,0.38544814363293406,0.5024878137867216,0.3717876680592619
polarized_n100,100,2,2,0.2811024900138783,0.07105328518459336,0.21004920482928496,0.3521557751984717,0.5024878137867216,0.3717876680592619
polarized_n100,100,2,3,0.29442438172363894,0.04199335468333482,0.2524310270403041,0.33641773640697376,0.5024878137867216,0.3717876680592619
polarized_n100,100,2,4,0.38550998330660496,0.023614795221007612,0.36189518808559734,0.4091247785276126,0.5024878137867216,0.3717876680592619
polarized_n100,100,2,5,0.25589144614133763,0.03839356349373353,0.2174978826476041,0.29428500963507115,0.5024878137867216,0.3717876680592619
polarized_n100,100,2,6,0.25046999917968155,0.047780567591516325,0.20268943158816521,0.2982505667711979,0.5024878137867216,0.3717876680592619
polarized_n100,100,2,7,0.33054528559663343,0.05689699049161058,0.27364829510502287,0.387442276088244,0.5024878137867216,0.3717876680592619
polarized_n100,100,2,8,0.35878179304462154,0.02564457726458723,0.3331372157800343,0.3844263703092088,0.5024878137867216,0.3717876680592619
polarized_n100,100,2,9,0.338859012918966,0.06317213667057199,0.275686876248394,0.40203114958953795,0.5024878137867216,0.3717876680592619
polarized_n100,100,2,10,0.2605457129068637,0.0519786217665438,0.20856709114031988,0.31252433467340746,0.5024878137867216,0.3717876680592619
polarized_n100,100,2,11,0.28285190359981077,0.05598919024239038,0.2268627133574204,0.3388410938422012,0.5024878137867216,0.3717876680592619
polarized_n100,100,2,12,0.2738779871403745,0.07719825103432292,0.19667973610605155,0.3510762381746974,0.5024878137867216,0.3717876680592619
polarized_n100,100,2,13,0.31035087710024734,0.02365473561606386,0.2866961414841835,0.3340056127163112,0.5024878137867216,0.3717876680592619
polarized_n100,100,2,14,0.3461670930126111,0.060197592334034766,0.28596950067857635,0.4063646853466459,0.5024878137867216,0.3717876680592619
polarized_n100,100,2,15,0.2659831995128552,0.07843897967091228,0.18754421984194292,0.3444221791837675,0.5024878137867216,0.3717876680592619
polarized_n100,100,2,16,0.31247871098033764,0.02462563932980327,0.28785307165053436,0.3371043503101409,0.5024878137867216,0.3717876680592619
polarized_n100,100,2,17,0.26649789137272073,0.07568706965144527,0.19081082172127545,0.342184961024166,0.5024878137867216,0.3717876680592619
polarized_n100,100,2,18,0.3003789167858365,0.07457463432096467,0.22580428246487183,0.3749535511068012,0.5024878137867216,0.3717876680592619
polarized_n100,100,2,19,0.33386152972533345,0.021614518140441755,0.3122470115848917,0.3554760478657752,0.5024878137867216,0.3717876680592619
polarized_n100,100,2,20,0.3278935632401487,0.0380438916663014,0.2898496715738473,0.3659374549064501,0.5024878137867216,0.3717876680592619
polarized_n100,100,2,21,0.283238133436863,0.07633420287715346,0.20690393055970951,0.35957233631401647,0.5024878137867216,0.3717876680592619
polarized_n100,100,2,22,0.34785743100793665,0.04925848826849345,0.2985989427394432,0.3971159192764301,0.5024878137867216,0.3717876680592619
polarized_n100,100,2,23,0.20797907046701036,0.03372363387924311,0.17425543658776727,0.24170270434625346,0.5024878137867216,0.3717876680592619
polarized_n100,100,2,24,0.2930272390047253,0.0598782764722597,0.23314896253246564,0.352905515476985,0.5024878137867216,0.3717876680592619
polarized_n100,100,2,25,0.3482058657857673,0.07017866763096088,0.2780271981548064,0.41838453341672815,0.5024878137867216,0.3717876680592619
polarized_n100,100,2,26,0.2978086056076109,0.06676646695939327,0.23104213864821765,0.36457507256700417,0.5024878137867216,0.3717876680592619
polarized_n100,100,2,27,0.2907008325341853,0.0447438875207581,0.24595694501342724,0.3354447200549434,0.5024878137867216,0.3717876680592619
polarized_n100,100,2,28,0.23895437474783754,0.06877625607277149,0.17017811867506605,0.30773063082060903,0.5024878137867216,0.3717876680592619
polarized_n100,100,2,29,0.3256291385290065,0.043684988720462045,0.28194414980854443,0.36931412724946855,0.5024878137867216,0.3717876680592619
polarized_n100,100,2,30,0.2722913735756988,0.025593409147593376,0.24669796442810546,0.2978847827232922,0.5024878137867216,0.3717876680592619
polarized_n100,100,2,31,0.3636490985891348,0.03820913730275319,0.32543996128638164,0.40185823589188796,0.5024878137867216,0.3717876680592619
polarized_n100,100,2,32,0.350547465156218,0.06608513305129528,0.2844623321049227,0.41663259820751325,0.5024878137867216,0.3717876680592619
polarized_n100,100,2,33,0.35843227112948367,0.07643538027275762,0.2819968908567261,0.43486765140224126,0.5024878137867216,0.3717876680592619
polarized_n100,100,2,34,0.301275638490019,0.04911968384930053,0.25215595464071844,0.3503953223393195,0.5024878137867216,0.3717876680592619
polarized_n100,100,2,35,0.34891569027373015,0.022524511421244314,0.3263911788524858,0.3714402016949745,0.5024878137867216,0.3717876680592619
polarized_n100,100,2,36,0.2550929496123152,0.06882614543707255,0.18626680417524266,0.32391909504938776,0.5024878137867216,0.3717876680592619
polarized_n100,100,2,37,0.3502294162123521,0.02723232454362276,0.32299709166872936,0.37746174075597483,0.5024878137867216,0.3717876680592619
polarized_n100,100,2,38,0.28079722774863924,0.057250532688021175,0.22354669506061808,0.3380477604366604,0.5024878137867216,0.3717876680592619
polarized_n100,100,2,39,0.24280070215511673,0.04853694856910239,0.19426375358601433,0.29133765072421913,0.5024878137867216,0.3717876680592619
polarized_n100,100,2,40,0.30818007378922974,0.06785520663539986,0.2403248671538299,0.3760352804246296,0.5024878137867216,0.3717876680592619
polarized_n100,100,2,41,0.3367877987240587,0.039042779980491035,0.2977450187435676,0.3758305787045497,0.5024878137867216,0.3717876680592619
polarized_n100,100,2,42,0.3308668506605936,0.02297476590513185,0.30789208475546176,0.3538416165657255,0.5024878137867216,0.3717876680592619
polarized_n100,100,2,43,0.30386431458520513,0.062203383640086804,0.2416609309451183,0.36606769822529195,0.5024878137867216,0.3717876680592619
polarized_n100,100,2,44,0.3039385604653518,0.03074534040166308,0.2731932200636887,0.3346839008670149,0.5024878137867216,0.3717876680592619
polarized_n100,100,2,45,0.3596029399940156,0.06384364089984736,0.29575929909416826,0.42344658089386294,0.5024878137867216,0.3717876680592619
polarized_n100,100,2,46,0.342614873016754,0.02472577117569657,0.3178891018410574,0.36734064419245055,0.5024878137867216,0.3717876680592619
polarized_n100,100,2,47,0.3349026852636111,0.0548954523183965,0.2800072329452146,0.3897981375820076,0.5024878137867216,0.3717876680592619
polarized_n100,100,2,48,0.2906242257769176,0.0589670059870472,0.23165721978987042,0.3495912317639648,0.5024878137867216,0.3717876680592619
polarized_n100,100,2,49,0.388660689001058,0.05420946894376835,0.33445122005728967,0.4428701579448263,0.5024878137867216,0.3717876680592619
polarized_n100,100,2,50,0.6961280143407558,0.07071673356237873,0.625411280778377,0.7668447479031345,0.5024878137867216,0.3717876680592619
polarized_n100,100,2,51,0.6433606050565367,0.04684118947763831,0.5965194155788984,0.690201794534175,0.5024878137867216,0.3717876680592619
polarized_n100,100,2,52,0.6936675610569216,0.0571881689842057,0.6364793920727159,0.7508557300411274,0.5024878137867216,0.3717876680592619
polarized_n100,100,2,53,0.6646279580476421,0.03870800809697694,0.6259199499506651,0.703335966144619,0.5024878137867216,0.3717876680592619
polarized_n100,100,2,54,0.6775936002024433,0.07515742944721751,0.6024361707552258,0.7527510296496608,0.5024878137867216,0.3717876680592619
polarized_n100,100,2,55,0.6507118773391534,0.046909846219163595,0.6038020311199898,0.697621723558317,0.5024878137867216,0.3717876680592619
polarized_n100,100,2,56,0.7450850134243318,0.0548605955899687,0.6902244178343631,0.7999456090143005,0.5024878137867216,0.3717876680592619
polarized_n100,100,2,57,0.6462273636098477,0.04361600009498748,0.6026113635148602,0.6898433637048351,0.5024878137867216,0.3717876680592619
polarized_n100,100,2,58,0.6667423932946689,0.07943983921305055,0.5873025540816184,0.7461822325077194,0.5024878137867216,0.3717876680592619
polarized_n100,100,2,59,0.7424349885979884,0.03644135337225965,0.7059936352257288,0.778876341970248,0.5024878137867216,0.3717876680592619
polarized_n100,100,2,60,0.7505449233844382,0.06541877674486613,0.6851261466395722,0.8159637001293043,0.5024878137867216,0.3717876680592619
polarized_n100,100,2,61,0.6662913199831474,0.07183004252876772,0.5944612774543797,0.7381213625119151,0.5024878137867216,0.3717876680592619
polarized_n100,100,2,62,0.7422168400576714,0.050796840711428745,0.6914199993462427,0.7930136807691002,0.5024878137867216,0.3717876680592619
polarized_n100,100,2,63,0.7567095641128059,0.06818898193090207,0.6885205821819038,0.8248985460437079,0.5024878137867216,0.3717876680592619
polarized_n100,100,2,64,0.7216049997034124,0.07732365679877466,0.6442813429046378,0.798928656502187,0.5024878137867216,0.3717876680592619
polarized_n100,100,2,65,0.6377279145354385,0.03471252886789718,0.6030153856675413,0.6724404434033358,0.5024878137867216,0.3717876680592619
polarized_n100,100,2,66,0.7045492903770539,0.057053877210004614,0.6474954131670493,0.7616031675870586,0.5024878137867216,0.3717876680592619
polarized_n100,100,2,67,0.6762156007832405,0.03306482801882353,0.643150772764417,0.709280428802064,0.5024878137867216,0.3717876680592619
polarized_n100,100,2,68,0.766299690850641,0.07619896045299067,0.6901007303976503,0.8424986513036317,0.5024878137867216,0.3717876680592619
polarized_n100,100,2,69,0.6552323596572837,0.033350493208970974,0.6218818664483127,0.6885828528662546,0.5024878137867216,0.3717876680592619
polarized_n100,100,2,70,0.6447743160747221,0.0360094267119649,0.6087648893627572,0.6807837427866871,0.5024878137867216,0.3717876680592619
polarized_n100,100,2,71,0.6340066928167091,0.07798988488042775,0.5560168079362813,0.7119965776971369,0.5024878137867216,0.3717876680592619
polarized_n100,100,2,72,0.6121009870069751,0.05439686588302195,0.5577041211239532,0.6664978528899971,0.5024878137867216,0.3717876680592619
polarized_n100,100,2,73,0.7865065295558127,0.07613386565105072,0.710372663904762,0.8626403952068634,0.5024878137867216,0.3717876680592619
polarized_n100,100,2,74,0.6764186191836286,0.03045921351297952,0.645959405670649,0.7068778326966081,0.5024878137867216,0.3717876680592619
polarized_n100,100,2,75,0.667093639240499,0.06421397353508644,0.6028796657054126,0.7313076127755854,0.5024878137867216,0.3717876680592619
polarized_n100,100,2,76,0.6314262254001461,0.0511105613954046,0.5803156640047415,0.6825367867955507,0.5024878137867216,0.3717876680592619
polarized_n100,100,2,77,0.6606184321024442,0.05280635060335398,0.6078120814990902,0.7134247827057982,0.5024878137867216,0.3717876680592619
polarized_n100,100,2,78,0.6165518267309603,0.0698139450378733,0.546737881693087,0.6863657717688336,0.5024878137867216,0.3717876680592619
polarized_n100,100,2,79,0.6217642777232748,0.022196483752201075,0.5995677939710737,0.6439607614754759,0.5024878137867216,0.3717876680592619
polarized_n100,100,2,80,0.7164377422016466,0.07205961970061724,0.6443781225010293,0.7884973619022638,0.5024878137867216,0.3717876680592619
polarized_n100,100,2,81,0.738986372428097,0.05327197107300832,0.6857144013550887,0.7922583435011052,0.5024878137867216,0.3717876680592619
polarized_n100,100,2,82,0.7142697632132906,0.024722613151822673,0.6895471500614679,0.7389923763651133,0.5024878137867216,0.3717876680592619
polarized_n100,100,2,83,0.7151278225718204,0.07747491198029495,0.6376529105915254,0.7926027345521154,0.5024878137867216,0.3717876680592619
polarized_n100,100,2,84,0.6423134076499233,0.04276196128971046,0.5995514463602128,0.6850753689396337,0.5024878137867216,0.3717876680592619
polarized_n100,100,2,85,0.7143352821819074,0.05042896702443275,0.6639063151574747,0.7647642492063402,0.5024878137867216,0.3717876680592619
polarized_n100,100,2,86,0.7099571610861404,0.07225004880367647,0.6377071122824639,0.7822072098898168,0.5024878137867216,0.3717876680592619
polarized_n100,100,2,87,0.6307890872399922,0.03783214772552676,0.5929569395144654,0.668621234965519,0.5024878137867216,0.3717876680592619
polarized_n100,100,2,88,0.6813507741082964,0.02515192861876235,0.656198845489534,0.7065027027270587,0.5024878137867216,0.3717876680592619
polarized_n100,100,2,89,0.7035678900647728,0.020040888956143726,0.6835270011086291,0.7236087790209166,0.5024878137867216,0.3717876680592619
polarized_n100,100,2,90,0.7152576406705066,0.052934292044798145,0.6623233486257084,0.7681919327153047,0.5024878137867216,0.3717876680592619
polarized_n100,100,2,91,0.7170380095502241,0.04277080547507493,0.6742672040751492,0.7598088150252991,0.5024878137867216,0.3717876680592619
polarized_n100,100,2,92,0.7567794735656632,0.0639513343738887,0.6928281391917746,0.8207308079395519,0.5024878137867216,0.3717876680592619
polarized_n100,100,2,93,0.7708313207056218,0.07279272330711781,0.6980385973985039,0.8436240440127396,0.5024878137867216,0.3717876680592619
polarized_n100,100,2,94,0.7078572677888365,0.0733889847026697,0.6344682830861668,0.7812462524915063,0.5024878137867216,0.3717876680592619
polarized_n100,100,2,95,0.7608360843151735,0.0771401021297727,0.6836959821854007,0.8379761864449462,0.5024878137867216,0.3717876680592619
polarized_n100,100,2,96,0.7046309569601541,0.03438168431630597,0.6702492726438481,0.73901264127646,0.5024878137867216,0.3717876680592619
polarized_n100,100,2,97,0.7566800703626084,0.07460319455902874,0.6820768758035797,0.8312832649216372,0.5024878137867216,0.3717876680592619
polarized_n100,100,2,98,0.7007762500917225,0.07350321319650714,0.6272730368952154,0.7742794632882296,0.5024878137867216,0.3717876680592619
polarized_n100,100,2,99,0.721987391504272,0.0688498876895592,0.6531375038147128,0.7908372791938313,0.5024878137867216,0.3717876680592619
polarized_n100,100,3,0,0.4391759414051261,0.07861928108773808,0.36055666031738803,0.5177952224928641,0.5036287643041285,0.4435604352745167
polarized_n100,100,3,1,0.3546076477888839,0.07904767702348442,0.27555997076539945,0.4336553248123683,0.5036287643041285,0.4435604352745167
polarized_n100,100,3,2,0.30697862109681345,0.07105328518459336,0.2359253359122201,0.3780319062814068,0.5036287643041285,0.4435604352745167
polarized_n100,100,3,3,0.333555447051832,0.04199335468333482,0.29156209236849717,0.3755488017351668,0.5036287643041285,0.4435604352745167
polarized_n100,100,3,4,0.4525230100631634,0.023614795221007612,0.4289082148421558,0.47613780528417105,0.5036287643041285,0.4435604352745167
polarized_n100,100,3,5,0.28472103875327787,0.03839356349373353,0.24632747525954435,0.3231146022470114,0.5036287643041285,0.4435604352745167
polarized_n100,100,3,6,0.2757478855275903,0.047780567591516325,0.22796731793607394,0.3235284531191066,0.5036287643041285,0.4435604352745167
polarized_n100,100,3,7,0.3827335512931118,0.05689699049161058,0.32583656080150125,0.4396305417847224,0.5036287643041285,0.4435604352745167
polarized_n100,100,3,8,0.40701409457391624,0.02564457726458723,0.381369517309329,0.4326586718385035,0.5036287643041285,0.4435604352745167
polarized_n100,100,3,9,0.3857108720049768,0.06317213667057199,0.3225387353344048,0.44888300867554876,0.5036287643041285,0.4435604352745167
polarized_n100,100,3,10,0.2902545910992699,0.0519786217665438,0.23827596933272607,0.34223321286581365,0.5036287643041285,0.4435604352745167
polarized_n100,100,3,11,0.30934294565412546,0.05598919024239038,0.2533537554117351,0.3653321358965158,0.5036287643041285,0.4435604352745167
polarized_n100,100,3,12,0.2930223156199955,0.07719825103432292,0.21582406458567255,0.3702205666543184,0.5036287643041285,0.4435604352745167
polarized_n100,100,3,13,0.3399693714532904,0.02365473561606386,0.3163146358372266,0.3636241070693543,0.5036287643041285,0.4435604352745167
polarized_n100,100,3,14,0.4067419145015959,0.060197592334034766,0.34654432216756115,0.4669395068356307,0.5036287643041285,0.4435604352745167
polarized_n100,100,3,15,0.27668744112818444,0.07843897967091228,0.19824846145727215,0.35512642079909673,0.5036287643041285,0.4435604352745167
polarized_n100,100,3,16,0.3507313472975915,0.02462563932980327,0.3261057079677882,0.37535698662739475,0.5036287643041285,0.4435604352745167
polarized_n100,100,3,17,0.29533706098495754,0.07568706965144527,0.21964999133351226,0.3710241306364028,0.5036287643041285,0.4435604352745167
polarized_n100,100,3,18,0.34276585482575606,0.07457463432096467,0.2681912205047914,0.41734048914672073,0.5036287643041285,0.4435604352745167
polarized_n100,100,3,19,0.38352500548814084,0.021614518140441755,0.3619104873476991,0.4051395236285826,0.5036287643041285,0.4435604352745167
polarized_n100,100,3,20,0.3801628031896557,0.0380438916663014,0.3421189115233543,0.4182066948559571,0.5036287643041285,0.4435604352745167
polarized_n100,100,3,21,0.33225355962992775,0.07633420287715346,0.2559193567527743,0.40858776250708123,0.5036287643041285,0.4435604352745167
polarized_n100,100,3,22,0.38316567726568107,0.04925848826849345,0.33390718899718763,0.4324241655341745,0.5036287643041285,0.4435604352745167
polarized_n100,100,3,23,0.22850550581086324,0.03372363387924311,0.1947818719316201,0.26222913969010636,0.5036287643041285,0.4435604352745167
polarized_n100,100,3,24,0.3203456384010142,0.0598782764722597,0.2604673619287545,0.3802239148732739,0.5036287643041285,0.4435604352745167
polarized_n100,100,3,25,0.4212836983777152,0.07017866763096088,0.3511050307467543,0.49146236600867604,0.5036287643041285,0.4435604352745167
polarized_n100,100,3,26,0.3183987443509067,0.06676646695939327,0.25163227739151345,0.38516521131029996,0.5036287643041285,0.4435604352745167
polarized_n100,100,3,27,0.3328370099105678,0.0447438875207581,0.2880931223898097,0.3775808974313259,0.5036287643041285,0.4435604352745167
polarized_n100,100,3,28,0.2646593181613466,0.06877625607277149,0.1958830620885751,0.33343557423411807,0.5036287643041285,0.4435604352745167
polarized_n100,100,3,29,0.35640357742461565,0.043684988720462045,0.3127185887041536,0.4000885661450777,0.5036287643041285,0.4435604352745167
polarized_n100,100,3,30,0.3010724359215451,0.025593409147593376,0.2754790267739517,0.3266658450691385,0.5036287643041285,0.4435604352745167
polarized_n100,100,3,31,0.428314810949726,0.03820913730275319,0.3901056736469728,0.4665239482524792,0.5036287643041285,0.4435604352745167
polarized_n100,100,3,32,0.4052122306328457,0.06608513305129528,0.33912709758155046,0.471297363684141,0.5036287643041285,0.4435604352745167
polarized_n100,100,3,33,0.41749875292604904,0.07643538027275762,0.34106337265329145,0.49393413319880664,0.5036287643041285,0.4435604352745167
polarized_n100,100,3,34,0.34094450326430065,0.04911968384930053,0.2918248194150001,0.3900641871136012,0.5036287643041285,0.4435604352745167
polarized_n100,100,3,35,0.393220833063952,0.022524511421244314,0.3706963216427077,0.4157453444851963,0.5036287643041285,0.4435604352745167
polarized_n100,100,3,36,0.29727718652455704,0.06882614543707255,0.22845104108748449,0.3661033319616296,0.5036287643041285,0.4435604352745167
polarized_n100,100,3,37,0.40631544774403633,0.02723232454362276,0.3790831232004136,0.43354777228765906,0.5036287643041285,0.4435604352745167
polarized_n100,100,3,38,0.29986414214393464,0.057250532688021175,0.24261360945591348,0.3571146748319558,0.5036287643041285,0.4435604352745167
polarized_n100,100,3,39,0.27958567685451075,0.04853694856910239,0.23104872828540834,0.32812262542361315,0.5036287643041285,0.4435604352745167
polarized_n100,100,3,40,0.3623138458690159,0.06785520663539986,0.29445863923361604,0.4301690525044157,0.5036287643041285,0.4435604352745167
polarized_n100,100,3,41,0.39691581643214124,0.039042779980491035,0.3578730364516502,0.4359585964126323,0.5036287643041285,0.4435604352745167
polarized_n100,100,3,42,0.38784457537529216,0.02297476590513185,0.3648698094701603,0.410819341280424,0.5036287643041285,0.4435604352745167
polarized_n100,100,3,43,0.33021542945860843,0.062203383640086804,0.2680120458185216,0.39241881309869525,0.5036287643041285,0.4435604352745167
polarized_n100,100,3,44,0.36630042316707323,0.03074534040166308,0.33555508276541013,0.39704576356873633,0.5036287643041285,0.4435604352745167
polarized_n100,100,3,45,0.42130880295249473,0.06384364089984736,0.3574651620526474,0.4851524438523421,0.5036287643041285,0.4435604352745167
polarized_n100,100,3,46,0.3844463057507697,0.02472577117569657,0.35972053457507314,0.4091720769264663,0.5036287643041285,0.4435604352745167
polarized_n100,100,3,47,0.40941655173750763,0.0548954523183965,0.35452109941911114,0.4643120040559041,0.5036287643041285,0.4435604352745167
polarized_n100,100,3,48,0.3161536601804328,0.0589670059870472,0.2571866541933856,0.37512066616747997,0.5036287643041285,0.4435604352745167
polarized_n100,100,3,49,0.4457904601809065,0.05420946894376835,0.3915809912371382,0.49999992912467484,0.5036287643041285,0.4435604352745167
polarized_n100,100,3,50,0.6393524374110467,0.07071673356237873,0.568635703848668,0.7100691709734255,0.5036287643041285,0.4435604352745167
polarized_n100,100,3,51,0.5714441205083084,0.04684118947763831,0.5246029310306701,0.6182853099859467,0.5036287643041285,0.4435604352745167
polarized_n100,100,3,52,0.6446470784484937,0.0571881689842057,0.5874589094642879,0.7018352474326994,0.5036287643041285,0.4435604352745167
polarized_n100,100,3,53,0.6267689494896597,0.03870800809697694,0.5880609413926827,0.6654769575866366,0.5036287643041285,0.4435604352745167
polarized_n100,100,3,54,0.6191518008935302,0.07515742944721751,0.5439943714463127,0.6943092303407477,0.5036287643041285,0.4435604352745167
polarized_n100,100,3,55,0.6134702200956432,0.046909846219163595,0.5665603738764796,0.6603800663148068,0.5036287643041285,0.4435604352745167
polarized_n100,100,3,56,0.73333068424393,0.0548605955899687,0.6784700886539613,0.7881912798338987,0.5036287643041285,0.4435604352745167
polarized_n100,100,3,57,0.6033598203132531,0.04361600009498748,0.5597438202182656,0.6469758204082405,0.5036287643041285,0.4435604352745167
polarized_n100,100,3,58,0.6073527199977,0.07943983921305055,0.5279128807846495,0.6867925592107506,0.5036287643041285,0.4435604352745167
polarized_n100,100,3,59,0.7307087685811795,0.03644135337225965,0.6942674152089199,0.7671501219534391,0.5036287643041285,0.4435604352745167
polarized_n100,100,3,60,0.7263322460752217,0.06541877674486613,0.6609134693303556,0.7917510228200879,0.5036287643041285,0.4435604352745167
polarized_n100,100,3,61,0.6286933428827047,0.07183004252876772,0.556863300353937,0.7005233854114724,0.5036287643041285,0.4435604352745167
polarized_n100,100,3,62,0.7175527534177955,0.050796840711428745,0.6667559127063667,0.7683495941292242,0.5036287643041285,0.4435604352745167
polarized_n100,100,3,63,0.7298366177474316,0.06818898193090207,0.6616476358165295,0.7980255996783336,0.5036287643041285,0.4435604352745167
polarized_n100,100,3,64,0.690470298980326,0.07732365679877466,0.6131466421815513,0.7677939557791006,0.5036287643041285,0.4435604352745167
polarized_n100,100,3,65,0.5851733067631091,0.03471252886789718,0.5504607778952119,0.6198858356310063,0.5036287643041285,0.4435604352745167
polarized_n100,100,3,66,0.6663200596679917,0.057053877210004614,0.609266182457987,0.7233739368779963,0.5036287643041285,0.4435604352745167
polarized_n100,100,3,67,0.6278014827204221,0.03306482801882353,0.5947366547015986,0.6608663107392456,0.5036287643041285,0.4435604352745167
polarized_n100,100,3,68,0.7545334955370628,0.07619896045299067,0.6783345350840722,0.8307324559900535,0.5036287643041285,0.4435604352745167
polarized_n100,100,3,69,0.590783773132891,0.033350493208970974,0.55743327992392,0.624134266341862,0.5036287643041285,0.4435604352745167
polarized_n100,100,3,70,0.5766750766131672,0.0360094267119649,0.5406656499012022,0.6126845033251321,0.5036287643041285,0.4435604352745167
polarized_n100,100,3,71,0.5736670820419774,0.07798988488042775,0.4956771971615496,0.6516569669224052,0.5036287643041285,0.4435604352745167
polarized_n100,100,3,72,0.5522333157400052,0.05439686588302195,0.4978364498569833,0.6066301816230272,0.5036287643041285,0.4435604352745167
polarized_n100,100,3,73,0.7741297062403104,0.07613386565105072,0.6979958405892597,0.8502635718913611,0.5036287643041285,0.4435604352745167
polarized_n100,100,3,74,0.6293805082469148,0.03045921351297952,0.5989212947339353,0.6598397217598944,0.5036287643041285,0.4435604352745167
polarized_n100,100,3,75,0.6338360092884496,0.06421397353508644,0.5696220357533632,0.698049982823536,0.5036287643041285,0.4435604352745167
polarized_n100,100,3,76,0.5688008624591817,0.0511105613954046,0.5176903010637771,0.6199114238545863,0.5036287643041285,0.4435604352745167
polarized_n100,100,3,77,0.5895156447198734,0.05280635060335398,0.5367092941165195,0.6423219953232273,0.5036287643041285,0.4435604352745167
polarized_n100,100,3,78,0.555642098848422,0.0698139450378733,0.48582815381054867,0.6254560438862953,0.5036287643041285,0.4435604352745167
polarized_n100,100,3,79,0.553119742709788,0.022196483752201075,0.530923258957587,0.5753162264619891,0.5036287643041285,0.4435604352745167
polarized_n100,100,3,80,0.6890327880572231,0.07205961970061724,0.6169731683566059,0.7610924077578404,0.5036287643041285,0.4435604352745167
polarized_n100,100,3,81,0.7249874699355074,0.05327197107300832,0.6717154988624991,0.7782594410085157,0.5036287643041285,0.4435604352745167
polarized_n100,100,3,82,0.6808111030472338,0.024722613151822673,0.6560884898954111,0.7055337161990565,0.5036287643041285,0.4435604352745167
polarized_n100,100,3,83,0.6687723054933579,0.07747491198029495,0.5912973935130629,0.7462472174736529,0.5036287643041285,0.4435604352745167
polarized_n100,100,3,84,0.5880443404718625,0.04276196128971046,0.545282379182152,0.6308063017615729,0.5036287643041285,0.4435604352745167
polarized_n100,100,3,85,0.661713101134319,0.05042896702443275,0.6112841341098862,0.7121420681587518,0.5036287643041285,0.4435604352745167
polarized_n100,100,3,86,0.6636552143630806,0.07225004880367647,0.5914051655594041,0.7359052631667571,0.5036287643041285,0.4435604352745167
polarized_n100,100,3,87,0.5644927672896763,0.03783214772552676,0.5266606195641496,0.6023249150152031,0.5036287643041285,0.4435604352745167
polarized_n100,100,3,88,0.6462005757528082,0.02515192861876235,0.6210486471340458,0.6713525043715706,0.5036287643041285,0.4435604352745167
polarized_n100,100,3,89,0.6670104740082707,0.020040888956143726,0.646969585052127,0.6870513629644145,0.5036287643041285,0.4435604352745167
polarized_n100,100,3,90,0.691889265063597,0.052934292044798145,0.6389549730187989,0.7448235571083952,0.5036287643041285,0.4435604352745167
polarized_n100,100,3,91,0.7018187282313051,0.04277080547507493,0.6590479227562301,0.74458953370638,0.5036287643041285,0.4435604352745167
polarized_n100,100,3,92,0.7400491431891072,0.0639513343738887,0.6760978088152185,0.8040004775629959,0.5036287643041285,0.4435604352745167
polarized_n100,100,3,93,0.7528284264567507,0.07279272330711781,0.6800357031496329,0.8256211497638686,0.5036287643041285,0.4435604352745167
polarized_n100,100,3,94,0.6763914862043466,0.0733889847026697,0.6030025015016769,0.7497804709070164,0.5036287643041285,0.4435604352745167
polarized_n100,100,3,95,0.7259467425797894,0.0771401021297727,0.6488066404500167,0.8030868447095622,0.5036287643041285,0.4435604352745167
polarized_n100,100,3,96,0.683807877755046,0.03438168431630597,0.6494261934387401,0.718189562071352,0.5036287643041285,0.4435604352745167
polarized_n100,100,3,97,0.7403913176396203,0.07460319455902874,0.6657881230805915,0.814994512198649,0.5036287643041285,0.4435604352745167
polarized_n100,100,3,98,0.6493988795317871,0.07350321319650714,0.57589566633528,0.7229020927282942,0.5036287643041285,0.4435604352745167
polarized_n100,100,3,99,0.6923770191287851,0.0688498876895592,0.6235271314392259,0.7612269068183444,0.5036287643041285,0.4435604352745167
polarized_n100,100,4,0,0.4968570724792446,0.07861928108773808,0.4182377913915065,0.5754763535669827,0.5046704081843335,0.5134752829634226
polarized_n100,100,4,1,0.4020365262959612,0.07904767702348442,0.3229888492724768,0.4810842033194456,0.5046704081843335,0.5134752829634226
polarized_n100,100,4,2,0.33314654217851325,0.07105328518459336,0.2620932569939199,0.4041998273631066,0.5046704081843335,0.5134752829634226
polarized_n100,100,4,3,0.37264504495448314,0.04199335468333482,0.3306516902711483,0.41463839963781796,0.5046704081843335,0.5134752829634226
polarized_n100,100,4,4,0.5079432468738205,0.023614795221007612,0.4843284516528129,0.5315580420948282,0.5046704081843335,0.5134752829634226
polarized_n100,100,4,5,0.3137921059236242,0.03839356349373353,0.2753985424298907,0.35218566941735774,0.5046704081843335,0.5134752829634226
polarized_n100,100,4,6,0.3012956123732203,0.047780567591516325,0.25351504478170395,0.3490761799647366,0.5046704081843335,0.5134752829634226
polarized_n100,100,4,7,0.432879487798602,0.05689699049161058,0.37598249730699146,0.4897764782902126,0.5046704081843335,0.5134752829634226
polarized_n100,100,4,8,0.4529984863270424,0.02564457726458723,0.4273539090624552,0.47864306359162967,0.5046704081843335,0.5134752829634226
polarized_n100,100,4,9,0.431378237793799,0.06317213667057199,0.36820610112322705,0.494550374464371,0.5046704081843335,0.5134752829634226
polarized_n100,100,4,10,0.3202115782183204,0.0519786217665438,0.2682329564517766,0.37219019998486425,0.5046704081843335,0.5134752829634226
polarized_n100,100,4,11,0.3361068135431558,0.05598919024239038,0.2801176233007654,0.3920960037855462,0.5046704081843335,0.5134752829634226
polarized_n100,100,4,12,0.31247809076288924,0.07719825103432292,0.2352798397285663,0.38967634179721217,0.5046704081843335,0.5134752829634226
polarized_n100,100,4,13,0.36977346725247806,0.02365473561606386,0.3461187316364142,0.3934282028685419,0.5046704081843335,0.5134752829634226
polarized_n100,100,4,14,0.46341483768617403,0.060197592334034766,0.40321724535213926,0.5236124300202087,0.5046704081843335,0.5134752829634226
polarized_n100,100,4,15,0.28761624537956476,0.07843897967091228,0.20917726570865247,0.36605522505047705,0.5046704081843335,0.5134752829634226
polarized_n100,100,4,16,0.38881504668496597,0.02462563932980327,0.3641894073551627,0.41344068601476924,0.5046704081843335,0.5134752829634226
polarized_n100,100,4,17,0.3244123049345224,0.07568706965144527,0.2487252352830771,0.40009937458596767,0.5046704081843335,0.5134752829634226
polarized_n100,100,4,18,0.3848101970160969,0.07457463432096467,0.31023556269513225,0.4593848313370616,0.5046704081843335,0.5134752829634226
polarized_n100,100,4,19,0.43137082182021175,0.021614518140441755,0.40975630367977,0.4529853399606535,0.5046704081843335,0.5134752829634226
polarized_n100,100,4,20,0.43044081451707317,0.0380438916663014,0.39239692285077177,0.46848470618337457,0.5046704081843335,0.5134752829634226
polarized_n100,100,4,21,0.3807324287102548,0.07633420287715346,0.30439822583310133,0.4570666315874083,0.5046704081843335,0.5134752829634226
polarized_n100,100,4,22,0.41812219285862634,0.04925848826849345,0.3688637045901329,0.4673806811271198,0.5046704081843335,0.5134752829634226
polarized_n100,100,4,23,0.2492339832289627,0.03372363387924311,0.21551034934971958,0.28295761710820583,0.5046704081843335,0.5134752829634226
polarized_n100,100,4,24,0.3479283454720382,0.0598782764722597,0.28805006899977853,0.4078066219442979,0.5046704081843335,0.5134752829634226
polarized_n100,100,4,25,0.4867677250304981,0.07017866763096088,0.4165890573995372,0.556946392661459,0.5046704081843335,0.5134752829634226
polarized_n100,100,4,26,0.33933479996187543,0.06676646695939327,0.2725683330024822,0.4061012669212687,0.5046704081843335,0.5134752829634226
polarized_n100,100,4,27,0.3747025941672022,0.0447438875207581,0.3299587066464441,0.4194464816879603,0.5046704081843335,0.5134752829634226
polarized_n100,100,4,28,0.29061805750364167,0.06877625607277149,0.22184180143087018,0.35939431357641316,0.5046704081843335,0.5134752829634226
polarized_n100,100,4,29,0.38724303909383795,0.043684988720462045,0.3435580503733759,0.4309280278143,0.5046704081843335,0.5134752829634226
polarized_n100,100,4,30,0.3301069296823208,0.025593409147593376,0.3045135205347274,0.3557003388299142,0.5046704081843335,0.5134752829634226
polarized_n100,100,4,31,0.4865125688872808,0.03820913730275319,0.44830343158452757,0.524721706190034,0.5046704081843335,0.5134752829634226
polarized_n100,100,4,32,0.4568076474172444,0.06608513305129528,0.3907225143659491,0.5228927804685397,0.5046704081843335,0.5134752829634226
polarized_n100,100,4,33,0.471820351133821,0.07643538027275762,0.3953849708610634,0.5482557314065786,0.5046704081843335,0.5134752829634226
polarized_n100,100,4,34,0.38041038248254294,0.04911968384930053,0.3312906986332424,0.4295300663318435,0.5046704081843335,0.5134752829634226
polarized_n100,100,4,35,0.4361321576253647,0.022524511421244314,0.4136076462041204,0.45865666904660907,0.5046704081843335,0.5134752829634226
polarized_n100,100,4,36,0.33939504858948627,0.06882614543707255,0.2705689031524137,0.4082211940265588,0.5046704081843335,0.5134752829634226
polarized_n100,100,4,37,0.45931324025301035,0.02723232454362276,0.43208091570938756,0.48654556479663313,0.5046704081843335,0.5134752829634226
polarized_n100,100,4,38,0.3192525016652215,0.057250532688021175,0.26200196897720035,0.37650303435324267,0.5046704081843335,0.5134752829634226
polarized_n100,100,4,39,0.3164925809198815,0.04853694856910239,0.2679556323507791,0.36502952948898393,0.5046704081843335,0.5134752829634226
polarized_n100,100,4,40,0.41490264079331185,0.06785520663539986,0.347047434157912,0.4827578474287117,0.5046704081843335,0.5134752829634226
polarized_n100,100,4,41,0.4533403391813896,0.039042779980491035,0.41429755920089856,0.49238311916188066,0.5046704081843335,0.5134752829634226
polarized_n100,100,4,42,0.4424399448696165,0.02297476590513185,0.41946517896448465,0.4654147107747484,0.5046704081843335,0.5134752829634226
polarized_n100,100,4,43,0.35684454790605885,0.062203383640086804,0.29464116426597203,0.41904793154614567,0.5046704081843335,0.5134752829634226
polarized_n100,100,4,44,0.42635636769570867,0.03074534040166308,0.39561102729404557,0.4571017080973718,0.5046704081843335,0.5134752829634226
polarized_n100,100,4,45,0.47771033957666764,0.06384364089984736,0.4138666986768203,0.541553980476515,0.5046704081843335,0.5134752829634226
polarized_n100,100,4,46,0.4254659359951415,0.02472577117569657,0.4007401648194449,0.45019170717083806,0.5046704081843335,0.5134752829634226
polarized_n100,100,4,47,0.47697353026799794,0.0548954523183965,0.42207807794960145,0.5318689825863945,0.5046704081843335,0.5134752829634226
polarized_n100,100,4,48,0.3419849232910786,0.0589670059870472,0.2830179173040314,0.4009519292781258,0.5046704081843335,0.5134752829634226
polarized_n100,100,4,49,0.4960554624853491,0.05420946894376835,0.4418459935415807,0.5502649314291175,0.5046704081843335,0.5134752829634226
polarized_n100,100,4,50,0.5843325510680805,0.07071673356237873,0.5136158175057017,0.6550492846304592,0.5046704081843335,0.5134752829634226
polarized_n100,100,4,51,0.5054997421373362,0.04684118947763831,0.45865855265969785,0.5523409316149744,0.5046704081843335,0.5134752829634226
polarized_n100,100,4,52,0.5966324498359961,0.0571881689842057,0.5394442808517903,0.6538206188202018,0.5046704081843335,0.5134752829634226
polarized_n100,100,4,53,0.5893005204429073,0.03870800809697694,0.5505925123459303,0.6280085285398842,0.5046704081843335,0.5134752829634226
polarized_n100,100,4,54,0.5628931038580166,0.07515742944721751,0.4877356744107991,0.6380505333052341,0.5046704081843335,0.5134752829634226
polarized_n100,100,4,55,0.5766191263009494,0.046909846219163595,0.5297092800817857,0.623528972520113,0.5046704081843335,0.5134752829634226
polarized_n100,100,4,56,0.7214152529909317,0.0548605955899687,0.666554657400963,0.7762758485809004,0.5046704081843335,0.5134752829634226
polarized_n100,100,4,57,0.5613872594652574,0.04361600009498748,0.5177712593702699,0.6050032595602448,0.5046704081843335,0.5134752829634226
polarized_n100,100,4,58,0.5504356187074526,0.07943983921305055,0.4709957794944021,0.6298754579205031,0.5046704081843335,0.5134752829634226
polarized_n100,100,4,59,0.7188156034147113,0.03644135337225965,0.6823742500424517,0.7552569567869709,0.5046704081843335,0.5134752829634226
polarized_n100,100,4,60,0.7020011030937038,0.06541877674486613,0.6365823263488377,0.7674198798385699,0.5046704081843335,0.5134752829634226
polarized_n100,100,4,61,0.5914683050792755,0.07183004252876772,0.5196382625505078,0.6632983476080432,0.5046704081843335,0.5134752829634226
polarized_n100,100,4,62,0.6927674236301755,0.050796840711428745,0.6419705829187468,0.7435642643416043,0.5046704081843335,0.5134752829634226
polarized_n100,100,4,63,0.7029014226586358,0.06818898193090207,0.6347124407277337,0.7710904045895378,0.5046704081843335,0.5134752829634226
polarized_n100,100,4,64,0.6593444990336487,0.07732365679877466,0.582020842234874,0.7366681558324233,0.5046704081843335,0.5134752829634226
polarized_n100,100,4,65,0.5347615396056425,0.03471252886789718,0.5000490107377453,0.5694740684735398,0.5046704081843335,0.5134752829634226
polarized_n100,100,4,66,0.6284003738898044,0.057053877210004614,0.5713464966797998,0.6854542510998091,0.5046704081843335,0.5134752829634226
polarized_n100,100,4,67,0.580544558925958,0.03306482801882353,0.5474797309071345,0.6136093869447815,0.5046704081843335,0.5134752829634226
polarized_n100,100,4,68,0.742630073896391,0.07619896045299067,0.6664311134434003,0.8188290343493817,0.5046704081843335,0.5134752829634226
polarized_n100,100,4,69,0.5299394508593256,0.033350493208970974,0.4965889576503546,0.5632899440682966,0.5046704081843335,0.5134752829634226
polarized_n100,100,4,70,0.5135891419656302,0.0360094267119649,0.4775797152536653,0.5495985686775952,0.5046704081843335,0.5134752829634226
polarized_n100,100,4,71,0.5171067456863295,0.07798988488042775,0.4391168608059018,0.5950966305667573,0.5046704081843335,0.5134752829634226
polarized_n100,100,4,72,0.5000976944813205,0.05439686588302195,0.4457008285982985,0.5544945603643424,0.5046704081843335,0.5134752829634226
polarized_n100,100,4,73,0.7616308698544211,0.07613386565105072,0.6854970042033703,0.8377647355054718,0.5046704081843335,0.5134752829634226
polarized_n100,100,4,74,0.5834149386835734,0.03045921351297952,0.5529557251705939,0.613874152196553,0.5046704081843335,0.5134752829634226
polarized_n100,100,4,75,0.600724471284765,0.06421397353508644,0.5365104977496786,0.6649384448198514,0.5046704081843335,0.5134752829634226
polarized_n100,100,4,76,0.5110428642379161,0.0511105613954046,0.4599323028425115,0.5621534256333207,0.5046704081843335,0.5134752829634226
polarized_n100,100,4,77,0.5231618252501369,0.05280635060335398,0.4703554746467829,0.5759681758534909,0.5046704081843335,0.5134752829634226
polarized_n100,100,4,78,0.5026375346335664,0.0698139450378733,0.4328235895956931,0.5724514796714397,0.5046704081843335,0.5134752829634226
polarized_n100,100,4,79,0.4935405253544678,0.022196483752201075,0.47134404160226673,0.5157370091066689,0.5046704081843335,0.5134752829634226
polarized_n100,100,4,80,0.6615525328495224,0.07205961970061724,0.5894929131489052,0.7336121525501397,0.5046704081843335,0.5134752829634226
polarized_n100,100,4,81,0.7108116288576365,0.05327197107300832,0.6575396577846282,0.7640835999306448,0.5046704081843335,0.5134752829634226
polarized_n100,100,4,82,0.6474490563766101,0.024722613151822673,0.6227264432247874,0.6721716695284328,0.5046704081843335,0.5134752829634226
polarized_n100,100,4,83,0.6231236967314213,0.07747491198029495,0.5456487847511263,0.7005986087117163,0.5046704081843335,0.5134752829634226
polarized_n100,100,4,84,0.5360633943147481,0.04276196128971046,0.4933014330250377,0.5788253556044586,0.5046704081843335,0.5134752829634226
polarized_n100,100,4,85,0.6102710722560303,0.05042896702443275,0.5598421052315975,0.6607000392804631,0.5046704081843335,0.5134752829634226
polarized_n100,100,4,86,0.6180795952809305,0.07225004880367647,0.545829546477254,0.690329644084607,0.5046704081843335,0.5134752829634226
polarized_n100,100,4,87,0.5039104830072076,0.03783214772552676,0.46607833528168086,0.5417426307327344,0.5046704081843335,0.5134752829634226
polarized_n100,100,4,88,0.6112810345277271,0.02515192861876235,0.5861291059089647,0.6364329631464894,0.5046704081843335,0.5134752829634226
polarized_n100,100,4,89,0.6306969964283151,0.020040888956143726,0.6106561074721714,0.6507378853844589,0.5046704081843335,0.5134752829634226
polarized_n100,100,4,90,0.6683596404145115,0.052934292044798145,0.6154253483697133,0.7212939324593096,0.5046704081843335,0.5134752829634226
polarized_n100,100,4,91,0.6863888832787658,0.04277080547507493,0.6436180778036908,0.7291596887538407,0.5046704081843335,0.5134752829634226
polarized_n100,100,4,92,0.7231612961889378,0.0639513343738887,0.6592099618150491,0.7871126305628264,0.5046704081843335,0.5134752829634226
polarized_n100,100,4,93,0.7346834305761997,0.07279272330711781,0.6618907072690818,0.8074761538833175,0.5046704081843335,0.5134752829634226
polarized_n100,100,4,94,0.6449549086969883,0.0733889847026697,0.5715659239943186,0.7183438933996581,0.5046704081843335,0.5134752829634226
polarized_n100,100,4,95,0.6911630161021932,0.0771401021297727,0.6140229139724205,0.768303118231966,0.5046704081843335,0.5134752829634226
polarized_n100,100,4,96,0.6627835552452771,0.03438168431630597,0.6284018709289712,0.697165239561583,0.5046704081843335,0.5134752829634226
polarized_n100,100,4,97,0.7239444027080365,0.07460319455902874,0.6493412081490078,0.7985475972670653,0.5046704081843335,0.5134752829634226
polarized_n100,100,4,98,0.5991565792423481,0.07350321319650714,0.525653366045841,0.6726597924388552,0.5046704081843335,0.5134752829634226
polarized_n100,100,4,99,0.6627458374644213,0.0688498876895592,0.593895949774862,0.7315957251539805,0.5046704081843335,0.5134752829634226
polarized_n100,100,5,0,0.5020616115558544,0.07861928108773808,0.4234423304681163,0.5806808926435925,0.5056816479561895,0.573959705666307
polarized_n100,100,5,1,0.4475818832223685,0.07904767702348442,0.3685342061988841,0.526629560245853,0.5056816479561895,0.573959705666307
polarized_n100,100,5,2,0.35939525353863966,0.07105328518459336,0.2883419683540463,0.430448538723233,0.5056816479561895,0.573959705666307
polarized_n100,100,5,3,0.4112162598738224,0.04199335468333482,0.36922290519048756,0.4532096145571572,0.5056816479561895,0.573959705666307
polarized_n100,100,5,4,0.4987565843141504,0.023614795221007612,0.47514178909314275,0.522371379535158,0.5056816479561895,0.573959705666307
polarized_n100,100,5,5,0.34288968428470307,0.03839356349373353,0.30449612079096955,0.3812832477784366,0.5056816479561895,0.573959705666307
polarized_n100,100,5,6,0.3269328494058985,0.047780567591516325,0.2791522818143822,0.37471341699741484,0.5056816479561895,0.573959705666307
polarized_n100,100,5,7,0.4786249600188374,0.05689699049161058,0.42172796952722685,0.535521950510448,0.5056816479561895,0.573959705666307
polarized_n100,100,5,8,0.4920622158227603,0.02564457726458723,0.46641763855817303,0.5177067930873475,0.5056816479561895,0.573959705666307
polarized_n100,100,5,9,0.4738390643944428,0.06317213667057199,0.4106669277238708,0.5370112010650148,0.5056816479561895,0.573959705666307
polarized_n100,100,5,10,0.3501899401428847,0.0519786217665438,0.29821131837634085,0.4021685619094285,0.5056816479561895,0.573959705666307
polarized_n100,100,5,11,0.36293052863931446,0.05598919024239038,0.30694133839692406,0.4189197188817049,0.5056816479561895,0.573959705666307
polarized_n100,100,5,12,0.33208403554931304,0.07719825103432292,0.2548857845149901,0.40928228658363597,0.5056816479561895,0.573959705666307
polarized_n100,100,5,13,0.39948314330560103,0.02365473561606386,0.3758284076895372,0.4231378789216649,0.5056816479561895,0.573959705666307
polarized_n100,100,5,14,0.5045211043786347,0.060197592334034766,0.44432351204459997,0.5647186967126695,0.5056816479561895,0.573959705666307
polarized_n100,100,5,15,0.2986704686110698,0.07843897967091228,0.22023148894015748,0.37710944828198206,0.5056816479561895,0.573959705666307
polarized_n100,100,5,16,0.4262006018324537,0.02462563932980327,0.4015749625026504,0.45082624116225695,0.5056816479561895,0.573959705666307
polarized_n100,100,5,17,0.35350059121390104,0.07568706965144527,0.27781352156245576,0.4291876608653463,0.5056816479561895,0.573959705666307
polarized_n100,100,5,18,0.42586629940788645,0.07457463432096467,0.3512916650869218,0.5004409337288511,0.5056816479561895,0.573959705666307
polarized_n100,100,5,19,0.475422566524928,0.021614518140441755,0.45380804838448624,0.4970370846653697,0.5056816479561895,0.573959705666307
polarized_n100,100,5,20,0.476558588304723,0.0380438916663014,0.4385146966384216,0.5146024799710244,0.5056816479561895,0.573959705666307
polarized_n100,100,5,21,0.4278540014976028,0.07633420287715346,0.3515197986204493,0.5041882043747562,0.5056816479561895,0.573959705666307
polarized_n100,100,5,22,0.4518953430557372,0.04925848826849345,0.40263685478724376,0.5011538313242306,0.5056816479561895,0.573959705666307
polarized_n100,100,5,23,0.270059006597836,0.03372363387924311,0.2363353727185929,0.3037826404770791,0.5056816479561895,0.573959705666307
polarized_n100,100,5,24,0.3755394962080109,0.0598782764722597,0.31566121973575123,0.4354177726802706,0.5056816479561895,0.573959705666307
polarized_n100,100,5,25,0.5079878998620314,0.07017866763096088,0.43780923223107054,0.5781665674929923,0.5056816479561895,0.573959705666307
polarized_n100,100,5,26,0.36043288142182595,0.06676646695939327,0.2936664144624327,0.4271993483812192,0.5056816479561895,0.573959705666307
polarized_n100,100,5,27,0.41575889299761254,0.0447438875207581,0.37101500547685445,0.4605027805183706,0.5056816479561895,0.573959705666307
polarized_n100,100,5,28,0.31666517015472895,0.06877625607277149,0.24788891408195746,0.38544142622750044,0.5056816479561895,0.573959705666307
polarized_n100,100,5,29,0.4177815451531097,0.043684988720462045,0.37409655643264766,0.4614665338735718,0.5056816479561895,0.573959705666307
polarized_n100,100,5,30,0.35916629574551384,0.025593409147593376,0.33357288659792045,0.38475970489310723,0.5056816479561895,0.573959705666307
polarized_n100,100,5,31,0.508605762067531,0.03820913730275319,0.47039662476477784,0.5468148993702843,0.5056816479561895,0.573959705666307
polarized_n100,100,5,32,0.49820367359602047,0.06608513305129528,0.4321185405447252,0.5642888066473157,0.5056816479561895,0.573959705666307
polarized_n100,100,5,33,0.5050412157376879,0.07643538027275762,0.42860583546493025,0.5814765960104455,0.5056816479561895,0.573959705666307
polarized_n100,100,5,34,0.41915687309218896,0.04911968384930053,0.3700371892428884,0.4682765569414895,0.5056816479561895,0.573959705666307
polarized_n100,100,5,35,0.4756961572338481,0.022524511421244314,0.45317164581260383,0.4982206686550924,0.5056816479561895,0.573959705666307
polarized_n100,100,5,36,0.38104507677442845,0.06882614543707255,0.3122189313373559,0.449871222211501,0.5056816479561895,0.573959705666307
polarized_n100,100,5,37,0.5008899005692186,0.02723232454362276,0.4736575760255958,0.5281222251128413,0.5056816479561895,0.573959705666307
polarized_n100,100,5,38,0.3388021659493098,0.057250532688021175,0.2815516332612886,0.39605269863733095,0.5056816479561895,0.573959705666307
polarized_n100,100,5,39,0.35324827625982025,0.04853694856910239,0.30471132769071785,0.40178522482892265,0.5056816479561895,0.573959705666307
polarized_n100,100,5,40,0.46419752033175404,0.06785520663539986,0.3963423136963542,0.5320527269671539,0.5056816479561895,0.573959705666307
polarized_n100,100,5,41,0.4996301357027077,0.039042779980491035,0.46058735572221665,0.5386729156831987,0.5056816479561895,0.573959705666307
polarized_n100,100,5,42,0.490734612211802,0.02297476590513185,0.4677598463066701,0.5137093781169338,0.5056816479561895,0.573959705666307
polarized_n100,100,5,43,0.3835134062787508,0.062203383640086804,0.321310022638664,0.4457167899188376,0.5056816479561895,0.573959705666307
polarized_n100,100,5,44,0.4813836057472671,0.03074534040166308,0.45063826534560397,0.5121289461489301,0.5056816479561895,0.573959705666307
polarized_n100,100,5,45,0.5070615557227248,0.06384364089984736,0.4432179148228775,0.5709051966225722,0.5056816479561895,0.573959705666307
polarized_n100,100,5,46,0.4642667149799879,0.02472577117569657,0.4395409438042913,0.48899248615568447,0.5056816479561895,0.573959705666307
polarized_n100,100,5,47,0.513247412235649,0.0548954523183965,0.45835195991725247,0.5681428645540455,0.5056816479561895,0.573959705666307
polarized_n100,100,5,48,0.3679086994481933,0.0589670059870472,0.30894169346114614,0.4268757054352405,0.5056816479561895,0.573959705666307
polarized_n100,100,5,49,0.5027615270520838,0.05420946894376835,0.44855205810831544,0.5569709959958521,0.5056816479561895,0.573959705666307
polarized_n100,100,5,50,0.5314861000206417,0.07071673356237873,0.46076936645826294,0.6022028335830204,0.5056816479561895,0.573959705666307
polarized_n100,100,5,51,0.4836814360470511,0.04684118947763831,0.4368402465694128,0.5305226255246894,0.5056816479561895,0.573959705666307
polarized_n100,100,5,52,0.5498317619517801,0.0571881689842057,0.4926435929675744,0.6070199309359858,0.5056816479561895,0.573959705666307
polarized_n100,100,5,53,0.5523577247118493,0.03870800809697694,0.5136497166148724,0.5910657328088262,0.5056816479561895,0.573959705666307
polarized_n100,100,5,54,0.5098500996862627,0.07515742944721751,0.43469267023904523,0.5850075291334802,0.5056816479561895,0.573959705666307
polarized_n100,100,5,55,0.540433139979261,0.046909846219163595,0.4935232937600974,0.5873429861984246,0.5056816479561895,0.573959705666307
polarized_n100,100,5,56,0.7093570394962198,0.0548605955899687,0.6544964439062511,0.7642176350861885,0.5056816479561895,0.573959705666307
polarized_n100,100,5,57,0.5210352425151038,0.04361600009498748,0.47741924242011635,0.5646512426100913,0.5056816479561895,0.573959705666307
polarized_n100,100,5,58,0.49849041110228254,0.07943983921305055,0.419050571889232,0.5779302503153331,0.5056816479561895,0.573959705666307
polarized_n100,100,5,59,0.7067762939163104,0.03644135337225965,0.6703349405440507,0.74321764728857,0.5056816479561895,0.573959705666307
polarized_n100,100,5,60,0.6775463427214996,0.06541877674486613,0.6121275659766334,0.7429651194663658,0.5056816479561895,0.573959705666307
polarized_n100,100,5,61,0.5547195457559327,0.07183004252876772,0.482889503227165,0.6265495882847004,0.5056816479561895,0.573959705666307
polarized_n100,100,5,62,0.6678583226212133,0.050796840711428745,0.6170614819097845,0.718655163332642,0.5056816479561895,0.573959705666307
polarized_n100,100,5,63,0.6758663510702275,0.06818898193090207,0.6076773691393255,0.7440553330011296,0.5056816479561895,0.573959705666307
polarized_n100,100,5,64,0.6282213122930939,0.07732365679877466,0.5508976554943192,0.7055449690918685,0.5056816479561895,0.573959705666307
polarized_n100,100,5,65,0.4959953057604591,0.03471252886789718,0.4612827768925619,0.5307078346283562,0.5056816479561895,0.573959705666307
polarized_n100,100,5,66,0.5907853625301249,0.057053877210004614,0.5337314853201203,0.6478392397401296,0.5056816479561895,0.573959705666307
polarized_n100,100,5,67,0.534769804528649,0.03306482801882353,0.5017049765098255,0.5678346325474725,0.5056816479561895,0.573959705666307
polarized_n100,100,5,68,0.7306036238116373,0.07619896045299067,0.6544046633586467,0.806802584264628,0.5056816479561895,0.573959705666307
polarized_n100,100,5,69,0.490999584504523,0.033350493208970974,0.45764909129555204,0.524350077713494,0.5056816479561895,0.573959705666307
polarized_n100,100,5,70,0.4813261619074209,0.0360094267119649,0.445316735195456,0.5173355886193858,0.5056816479561895,0.573959705666307
polarized_n100,100,5,71,0.4842351519371936,0.07798988488042775,0.40624526705676584,0.5622250368176214,0.5056816479561895,0.573959705666307
polarized_n100,100,5,72,0.49461095620761614,0.05439686588302195,0.4402140903245942,0.549007822090638,0.5056816479561895,0.573959705666307
polarized_n100,100,5,73,0.7490208100855538,0.07613386565105072,0.672886944434503,0.8251546757366045,0.5056816479561895,0.573959705666307
polarized_n100,100,5,74,0.5388059386854669,0.03045921351297952,0.5083467251724874,0.5692651521984464,0.5056816479561895,0.573959705666307
polarized_n100,100,5,75,0.5678061140084713,0.06421397353508644,0.5035921404733849,0.6320200875435577,0.5056816479561895,0.573959705666307
polarized_n100,100,5,76,0.4819252500012427,0.0511105613954046,0.4308146886058381,0.5330358113966474,0.5056816479561895,0.573959705666307
polarized_n100,100,5,77,0.47867247393727,0.05280635060335398,0.42586612333391605,0.531478824540624,0.5056816479561895,0.573959705666307
polarized_n100,100,5,78,0.49665165365874553,0.0698139450378733,0.4268377086208722,0.5664655986966188,0.5056816479561895,0.573959705666307
polarized_n100,100,5,79,0.49582874431251805,0.022196483752201075,0.473632260560317,0.5180252280647192,0.5056816479561895,0.573959705666307
polarized_n100,100,5,80,0.6339780349363394,0.07205961970061724,0.5619184152357222,0.7060376546369567,0.5056816479561895,0.573959705666307
polarized_n100,100,5,81,0.6964740899484559,0.05327197107300832,0.6432021188754476,0.7497460610214642,0.5056816479561895,0.573959705666307
polarized_n100,100,5,82,0.6141661109280079,0.024722613151822673,0.5894434977761852,0.6388887240798306,0.5056816479561895,0.573959705666307
polarized_n100,100,5,83,0.5782322725918047,0.07747491198029495,0.5007573606115097,0.6557071845720996,0.5056816479561895,0.573959705666307
polarized_n100,100,5,84,0.4964093293349353,0.04276196128971046,0.4536473680452249,0.5391712906246457,0.5056816479561895,0.573959705666307
polarized_n100,100,5,85,0.5601625618498778,0.05042896702443275,0.509733594825445,0.6105915288743106,0.5056816479561895,0.573959705666307
polarized_n100,100,5,86,0.5732863807330612,0.07225004880367647,0.5010363319293847,0.6455364295367376,0.5056816479561895,0.573959705666307
polarized_n100,100,5,87,0.4871773819957334,0.03783214772552676,0.4493452342702067,0.5250095297212601,0.5056816479561895,0.573959705666307
polarized_n100,100,5,88,0.5766065876314614,0.02515192861876235,0.5514546590126991,0.6017585162502238,0.5056816479561895,0.573959705666307
polarized_n100,100,5,89,0.5946190558457067,0.020040888956143726,0.574578166889563,0.6146599448018505,0.5056816479561895,0.573959705666307
polarized_n100,100,5,90,0.6446794233520217,0.052934292044798145,0.5917451313072235,0.6976137153968198,0.5056816479561895,0.573959705666307
polarized_n100,100,5,91,0.6707700507479107,0.04277080547507493,0.6279992452728358,0.7135408562229857,0.5056816479561895,0.573959705666307
polarized_n100,100,5,92,0.7061244105180793,0.0639513343738887,0.6421730761441906,0.770075744891968,0.5056816479561895,0.573959705666307
polarized_n100,100,5,93,0.7164015312355165,0.07279272330711781,0.6436088079283987,0.7891942545426344,0.5056816479561895,0.573959705666307
polarized_n100,100,5,94,0.6135345960481613,0.0733889847026697,0.5401456113454915,0.686923580750831,0.5056816479561895,0.573959705666307
polarized_n100,100,5,95,0.656427035594304,0.0771401021297727,0.5792869334645313,0.7335671377240768,0.5056816479561895,0.573959705666307
polarized_n100,100,5,96,0.6415705192606243,0.03438168431630597,0.6071888349443183,0.6759522035769302,0.5056816479561895,0.573959705666307
polarized_n100,100,5,97,0.7073497892958602,0.07460319455902874,0.6327465947368315,0.781952983854889,0.5056816479561895,0.573959705666307
polarized_n100,100,5,98,0.5502595728024783,0.07350321319650714,0.4767563596059711,0.6237627859989854,0.5056816479561895,0.573959705666307
polarized_n100,100,5,99,0.6330649431758185,0.0688498876895592,0.5642150554862593,0.7019148308653778,0.5056816479561895,0.573959705666307
polarized_n100,100,6,0,0.49982676633863626,0.07861928108773808,0.4212074852508982,0.5784460474263744,0.5057320390010651,0.6257868336278138
polarized_n100,100,6,1,0.4862165690909087,0.07904767702348442,0.4071688920674243,0.5652642461143931,0.5057320390010651,0.6257868336278138
polarized_n100,100,6,2,0.3854421553614791,0.07105328518459336,0.3143888701768857,0.45649544054607244,0.5057320390010651,0.6257868336278138
polarized_n100,100,6,3,0.4480539353261973,0.04199335468333482,0.4060605806428625,0.4900472900095321,0.5057320390010651,0.6257868336278138
polarized_n100,100,6,4,0.505058181075425,0.023614795221007612,0.48144338585441737,0.5286729762964326,0.5057320390010651,0.6257868336278138
polarized_n100,100,6,5,0.3717830135498962,0.03839356349373353,0.33338945005616266,0.4101765770436297,0.5057320390010651,0.6257868336278138
polarized_n100,100,6,6,0.35248712593441095,0.047780567591516325,0.3047065583428946,0.4002676935259273,0.5057320390010651,0.6257868336278138
polarized_n100,100,6,7,0.5017637791087883,0.05689699049161058,0.44486678861717777,0.5586607696003989,0.5057320390010651,0.6257868336278138
polarized_n100,100,6,8,0.5022746188745294,0.02564457726458723,0.47663004160994216,0.5279191961391166,0.5057320390010651,0.6257868336278138
polarized_n100,100,6,9,0.4996092454607168,0.06317213667057199,0.4364371087901448,0.5627813821312888,0.5057320390010651,0.6257868336278138
polarized_n100,100,6,10,0.3798974999142716,0.0519786217665438,0.3279188781477278,0.43187612168081535,0.5057320390010651,0.6257868336278138
polarized_n100,100,6,11,0.389515526103525,0.05598919024239038,0.33352633586113467,0.4455047163459154,0.5057320390010651,0.6257868336278138
polarized_n100,100,6,12,0.3517007901597349,0.07719825103432292,0.27450253912541195,0.4288990411940578,0.5057320390010651,0.6257868336278138
polarized_n100,100,6,13,0.4285014785961385,0.02365473561606386,0.40484674298007467,0.45215621421220237,0.5057320390010651,0.6257868336278138
polarized_n100,100,6,14,0.5008733097116096,0.060197592334034766,0.4406757173775748,0.5610709020456444,0.5057320390010651,0.6257868336278138
polarized_n100,100,6,15,0.30978043583055076,0.07843897967091228,0.23134145615963847,0.38821941550146305,0.5057320390010651,0.6257868336278138
polarized_n100,100,6,16,0.461325835408148,0.02462563932980327,0.4367001960783447,0.48595147473795125,0.5057320390010651,0.6257868336278138
polarized_n100,100,6,17,0.38232481950637254,0.07568706965144527,0.30663774985492726,0.4580118891578178,0.5057320390010651,0.6257868336278138
polarized_n100,100,6,18,0.464113772800605,0.07457463432096467,0.38953913847964033,0.5386884071215696,0.5057320390010651,0.6257868336278138
polarized_n100,100,6,19,0.5011131919532362,0.021614518140441755,0.4794986738127945,0.522727710093678,0.5057320390010651,0.6257868336278138
polarized_n100,100,6,20,0.5019699166051041,0.0380438916663014,0.46392602493880275,0.5400138082714055,0.5057320390010651,0.6257868336278138
polarized_n100,100,6,21,0.4710708077550024,0.07633420287715346,0.3947366048778489,0.5474050106321559,0.5057320390010651,0.6257868336278138
polarized_n100,100,6,22,0.4807235543654433,0.04925848826849345,0.43146506609694985,0.5299820426339368,0.5057320390010651,0.6257868336278138
polarized_n100,100,6,23,0.29089094908467084,0.03372363387924311,0.25716731520542774,0.32461458296391393,0.5057320390010651,0.6257868336278138
polarized_n100,100,6,24,0.4028018065855766,0.0598782764722597,0.34292353011331694,0.4626800830578363,0.5057320390010651,0.6257868336278138
polarized_n100,100,6,25,0.4956213368750262,0.07017866763096088,0.4254426692440653,0.5658000045059871,0.5057320390010651,0.6257868336278138
polarized_n100,100,6,26,0.3814693369015231,0.06676646695939327,0.31470286994212987,0.4482358038609164,0.5057320390010651,0.6257868336278138
polarized_n100,100,6,27,0.454635466627203,0.0447438875207581,0.4098915791064449,0.4993793541479611,0.5057320390010651,0.6257868336278138
polarized_n100,100,6,28,0.34263218647518257,0.06877625607277149,0.2738559304024111,0.41140844254795406,0.5057320390010651,0.6257868336278138
polarized_n100,100,6,29,0.4471957372045481,0.043684988720462045,0.403510748484086,0.49088072592501014,0.5057320390010651,0.6257868336278138
polarized_n100,100,6,30,0.38793985671376385,0.025593409147593376,0.36234644756617046,0.41353326586135725,0.5057320390010651,0.6257868336278138
polarized_n100,100,6,31,0.4994539699760482,0.03820913730275319,0.46124483267329497,0.5376631072788014,0.5057320390010651,0.6257868336278138
polarized_n100,100,6,32,0.5009558161598435,0.06608513305129528,0.43487068310854826,0.5670409492111388,0.5057320390010651,0.6257868336278138
polarized_n100,100,6,33,0.4982584622322862,0.07643538027275762,0.42182308195952856,0.5746938425050439,0.5057320390010651,0.6257868336278138
polarized_n100,100,6,34,0.4558292587589524,0.04911968384930053,0.40670957490965187,0.504948942608253,0.5057320390010651,0.6257868336278138
polarized_n100,100,6,35,0.4992300115593734,0.022524511421244314,0.47670550013812907,0.5217545229806178,0.5057320390010651,0.6257868336278138
polarized_n100,100,6,36,0.42147705595694096,0.06882614543707255,0.3526509105198684,0.4903032013940135,0.5057320390010651,0.6257868336278138
polarized_n100,100,6,37,0.5033641030608803,0.02723232454362276,0.4761317785172575,0.5305964276045031,0.5057320390010651,0.6257868336278138
polarized_n100,100,6,38,0.35835938329725875,0.057250532688021175,0.3011088506092376,0.4156099159852799,0.5057320390010651,0.6257868336278138
polarized_n100,100,6,39,0.389467207422138,0.04853694856910239,0.3409302588530356,0.4380041559912404,0.5057320390010651,0.6257868336278138
polarized_n100,100,6,40,0.49900422503947023,0.06785520663539986,0.4311490184040704,0.5668594316748701,0.5057320390010651,0.6257868336278138
polarized_n100,100,6,41,0.5014610948274646,0.039042779980491035,0.46241831484697354,0.5405038748079556,0.5057320390010651,0.6257868336278138
polarized_n100,100,6,42,0.5063416523514506,0.02297476590513185,0.4833668864463187,0.5293164182565824,0.5057320390010651,0.6257868336278138
polarized_n100,100,6,43,0.4098155093985686,0.062203383640086804,0.34761212575848177,0.4720188930386554,0.5057320390010651,0.6257868336278138
polarized_n100,100,6,44,0.5080857199280975,0.03074534040166308,0.4773403795264344,0.5388310603297606,0.5057320390010651,0.6257868336278138
polarized_n100,100,6,45,0.49777462619765994,0.06384364089984736,0.4339309852978126,0.5616182670975073,0.5057320390010651,0.6257868336278138
polarized_n100,100,6,46,0.49315042199014725,0.02472577117569657,0.46842465081445067,0.5178761931658438,0.5057320390010651,0.6257868336278138
polarized_n100,100,6,47,0.49548497321023277,0.0548954523183965,0.4405895208918363,0.5503804255286293,0.5057320390010651,0.6257868336278138
polarized_n100,100,6,48,0.39359619244284094,0.0589670059870472,0.33462918645579376,0.4525631984298881,0.5057320390010651,0.6257868336278138
polarized_n100,100,6,49,0.5000635955611474,0.05420946894376835,0.4458541266173791,0.5542730645049158,0.5057320390010651,0.6257868336278138
polarized_n100,100,6,50,0.4880712980386885,0.07071673356237873,0.41735456447630975,0.5587880316010672,0.5057320390010651,0.6257868336278138
polarized_n100,100,6,51,0.49804693187425103,0.04684118947763831,0.4512057423966127,0.5448881213518894,0.5057320390010651,0.6257868336278138
polarized_n100,100,6,52,0.507980900435487,0.0571881689842057,0.45079273145128135,0.5651690694196927,0.5057320390010651,0.6257868336278138
polarized_n100,100,6,53,0.5182482707996945,0.03870800809697694,0.47954026270271755,0.5569562788966714,0.5057320390010651,0.6257868336278138
polarized_n100,100,6,54,0.4829799591873043,0.07515742944721751,0.4078225297400868,0.5581373886345218,0.5057320390010651,0.6257868336278138
polarized_n100,100,6,55,0.5087698405087552,0.046909846219163595,0.46185999428959157,0.5556796867279188,0.5057320390010651,0.6257868336278138
polarized_n100,100,6,56,0.6972094275531266,0.0548605955899687,0.642348831963158,0.7520700231430953,0.5057320390010651,0.6257868336278138
polarized_n100,100,6,57,0.492497242641385,0.04361600009498748,0.4488812425463975,0.5361132427363725,0.5057320390010651,0.6257868336278138
polarized_n100,100,6,58,0.48526618885122874,0.07943983921305055,0.4058263496381782,0.5647060280642793,0.5057320390010651,0.6257868336278138
polarized_n100,100,6,59,0.6946447932255757,0.03644135337225965,0.6582034398533161,0.7310861465978353,0.5057320390010651,0.6257868336278138
polarized_n100,100,6,60,0.6530858105166606,0.06541877674486613,0.5876670337717944,0.7185045872615268,0.5057320390010651,0.6257868336278138
polarized_n100,100,6,61,0.5204242268398406,0.07183004252876772,0.44859418431107284,0.5922542693686083,0.5057320390010651,0.6257868336278138
polarized_n100,100,6,62,0.642952219418234,0.050796840711428745,0.5921553787068052,0.6937490601296628,0.5057320390010651,0.6257868336278138
polarized_n100,100,6,63,0.6488751876280292,0.06818898193090207,0.5806862056971271,0.7170641695589313,0.5057320390010651,0.6257868336278138
polarized_n100,100,6,64,0.5973395578070781,0.07732365679877466,0.5200159010083035,0.6746632146058528,0.5057320390010651,0.6257868336278138
polarized_n100,100,6,65,0.4926729593919315,0.03471252886789718,0.45796043052403435,0.5273854882598287,0.5057320390010651,0.6257868336278138
polarized_n100,100,6,66,0.5539925938335215,0.057053877210004614,0.4969387166235169,0.6110464710435262,0.5057320390010651,0.6257868336278138
polarized_n100,100,6,67,0.4970891663340046,0.03306482801882353,0.46402433831518103,0.5301539943528281,0.5057320390010651,0.6257868336278138
polarized_n100,100,6,68,0.7184996781909868,0.07619896045299067,0.6423007177379961,0.7946986386439775,0.5057320390010651,0.6257868336278138
polarized_n100,100,6,69,0.49754317893326877,0.033350493208970974,0.4641926857242978,0.5308936721422397,0.5057320390010651,0.6257868336278138
polarized_n100,100,6,70,0.4968555181153657,0.0360094267119649,0.4608460914034008,0.5328649448273306,0.5057320390010651,0.6257868336278138
polarized_n100,100,6,71,0.4931568786254043,0.07798988488042775,0.41516699374497656,0.571146763505832,0.5057320390010651,0.6257868336278138
polarized_n100,100,6,72,0.4954666471556675,0.05439686588302195,0.44106978127264557,0.5498635130386895,0.5057320390010651,0.6257868336278138
polarized_n100,100,6,73,0.7363403164203218,0.07613386565105072,0.6602064507692711,0.8124741820713726,0.5057320390010651,0.6257868336278138
polarized_n100,100,6,74,0.49907390708301047,0.03045921351297952,0.46861469357003094,0.52953312059599,0.5057320390010651,0.6257868336278138
polarized_n100,100,6,75,0.5356865090553193,0.06421397353508644,0.4714725355202329,0.5999004825904057,0.5057320390010651,0.6257868336278138
polarized_n100,100,6,76,0.49424309392782567,0.0511105613954046,0.4431325325324211,0.5453536553232303,0.5057320390010651,0.6257868336278138
polarized_n100,100,6,77,0.4962735173960413,0.05280635060335398,0.44346716679268733,0.5490798679993953,0.5057320390010651,0.6257868336278138
polarized_n100,100,6,78,0.4953870964544638,0.0698139450378733,0.4255731514165905,0.5652010414923372,0.5057320390010651,0.6257868336278138
polarized_n100,100,6,79,0.49610256596379376,0.022196483752201075,0.4739060822115927,0.5182990497159948,0.5057320390010651,0.6257868336278138
polarized_n100,100,6,80,0.606516630855877,0.07205961970061724,0.5344570111552598,0.6785762505564943,0.5057320390010651,0.6257868336278138
polarized_n100,100,6,81,0.6820439227315352,0.05327197107300832,0.628771951658527,0.7353158938045435,0.5057320390010651,0.6257868336278138
polarized_n100,100,6,82,0.5812703384600594,0.024722613151822673,0.5565477253082367,0.605992951611882,0.5057320390010651,0.6257868336278138
polarized_n100,100,6,83,0.5349358630806472,0.07747491198029495,0.4574609511003523,0.6124107750609422,0.5057320390010651,0.6257868336278138
polarized_n100,100,6,84,0.49354412355984384,0.04276196128971046,0.4507821622701334,0.5363060848495543,0.5057320390010651,0.6257868336278138
polarized_n100,100,6,85,0.5130206500846792,0.05042896702443275,0.46259168306024645,0.563449617109112,0.5057320390010651,0.6257868336278138
polarized_n100,100,6,86,0.5303074891710218,0.07225004880367647,0.4580574403673453,0.6025575379746982,0.5057320390010651,0.6257868336278138
polarized_n100,100,6,87,0.4966832484999119,0.03783214772552676,0.4588511007743852,0.5345153962254386,0.5057320390010651,0.6257868336278138
polarized_n100,100,6,88,0.5427141552377343,0.02515192861876235,0.5175622266189719,0.5678660838564966,0.5057320390010651,0.6257868336278138
polarized_n100,100,6,89,0.5592161818819869,0.020040888956143726,0.5391752929258431,0.5792570708381306,0.5057320390010651,0.6257868336278138
polarized_n100,100,6,90,0.6209998460663853,0.052934292044798145,0.5680655540215871,0.6739341381111834,0.5057320390010651,0.6257868336278138
polarized_n100,100,6,91,0.6550469159619962,0.04277080547507493,0.6122761104869212,0.6978177214370711,0.5057320390010651,0.6257868336278138
polarized_n100,100,6,92,0.6890081150163838,0.0639513343738887,0.6250567806424951,0.7529594493902725,0.5057320390010651,0.6257868336278138
polarized_n100,100,6,93,0.6980509427707121,0.07279272330711781,0.6252582194635943,0.77084366607783,0.5057320390010651,0.6257868336278138
polarized_n100,100,6,94,0.5824334764390835,0.0733889847026697,0.5090444917364138,0.6558224611417532,0.5057320390010651,0.6257868336278138
polarized_n100,100,6,95,0.6219648051616008,0.0771401021297727,0.5448247030318281,0.6991049072913735,0.5057320390010651,0.6257868336278138
polarized_n100,100,6,96,0.6203128614196782,0.03438168431630597,0.5859311771033723,0.6546945457359842,0.5057320390010651,0.6257868336278138
polarized_n100,100,6,97,0.6906748538885652,0.07460319455902874,0.6160716593295364,0.765278048447594,0.5057320390010651,0.6257868336278138
polarized_n100,100,6,98,0.5063354539739132,0.07350321319650714,0.43283224077740606,0.5798386671704203,0.5057320390010651,0.6257868336278138
polarized_n100,100,6,99,0.6035622589696077,0.0688498876895592,0.5347123712800484,0.6724121466591669,0.5057320390010651,0.6257868336278138
polarized_n100,100,7,0,0.5001354291726884,0.07861928108773808,0.4215161480849503,0.5787547102604265,0.5050240584692482,0.6694182856212887
polarized_n100,100,7,1,0.5020282860453067,0.07904767702348442,0.4229806090218223,0.5810759630687912,0.5050240584692482,0.6694182856212887
polarized_n100,100,7,2,0.41099587937105736,0.07105328518459336,0.339942594186464,0.4820491645556507,0.5050240584692482,0.6694182856212887
polarized_n100,100,7,3,0.47999095295886623,0.04199335468333482,0.4379975982755314,0.521984307642201,0.5050240584692482,0.6694182856212887
polarized_n100,100,7,4,0.49979615908242625,0.023614795221007612,0.4761813638614186,0.5234109543034339,0.5050240584692482,0.6694182856212887
polarized_n100,100,7,5,0.4001694431742889,0.03839356349373353,0.36177587968055536,0.4385630066680224,0.5050240584692482,0.6694182856212887
polarized_n100,100,7,6,0.3777708844672922,0.047780567591516325,0.32999031687577585,0.4255514520588085,0.5050240584692482,0.6694182856212887
polarized_n100,100,7,7,0.5009783742914418,0.05689699049161058,0.4440813837998312,0.5578753647830523,0.5050240584692482,0.6694182856212887
polarized_n100,100,7,8,0.5014299384774595,0.02564457726458723,0.4757853612128723,0.5270745157420468,0.5050240584692482,0.6694182856212887
polarized_n100,100,7,9,0.5023771234160792,0.06317213667057199,0.43920498674550723,0.5655492600866512,0.5050240584692482,0.6694182856212887
polarized_n100,100,7,10,0.4089836261297249,0.0519786217665438,0.35700500436318106,0.4609622478962687,0.5050240584692482,0.6694182856212887
polarized_n100,100,7,11,0.4155550102893486,0.05598919024239038,0.35956582004695825,0.47154420053173896,0.5050240584692482,0.6694182856212887
polarized_n100,100,7,12,0.3711946544657056,0.07719825103432292,0.29399640343138267,0.4483929055000285,0.5050240584692482,0.6694182856212887
polarized_n100,100,7,13,0.4559266155073397,0.02365473561606386,0.43227187989127586,0.47958135112340355,0.5050240584692482,0.6694182856212887
polarized_n100,100,7,14,0.5016397709182969,0.060197592334034766,0.44144217858426216,0.5618373632523317,0.5050240584692482,0.6694182856212887
polarized_n100,100,7,15,0.32090368670910974,0.07843897967091228,0.24246470703819745,0.399342666380022,0.5050240584692482,0.6694182856212887
polarized_n100,100,7,16,0.4887842460090683,0.02462563932980327,0.464158606679265,0.5134098853388716,0.5050240584692482,0.6694182856212887
polarized_n100,100,7,17,0.4105531027997814,0.07568706965144527,0.33486603314833613,0.4862401724512267,0.5050240584692482,0.6694182856212887
polarized_n100,100,7,18,0.49210110882776636,0.07457463432096467,0.4175264745068017,0.566675743148731,0.5050240584692482,0.6694182856212887
polarized_n100,100,7,19,0.5021335658253885,0.021614518140441755,0.48051904768494674,0.5237480839658303,0.5050240584692482,0.6694182856212887
polarized_n100,100,7,20,0.5015155873574004,0.0380438916663014,0.46347169569109903,0.5395594790237018,0.5050240584692482,0.6694182856212887
polarized_n100,100,7,21,0.49894780129863125,0.07633420287715346,0.4226135984214778,0.5752820041757847,0.5050240584692482,0.6694182856212887
polarized_n100,100,7,22,0.4967107374862801,0.04925848826849345,0.44745224921778665,0.5459692257547736,0.5050240584692482,0.6694182856212887
polarized_n100,100,7,23,0.3116716913751804,0.03372363387924311,0.2779480574959373,0.3453953252544235,0.5050240584692482,0.6694182856212887
polarized_n100,100,7,24,0.4293337865807468,0.0598782764722597,0.3694555101084871,0.48921206305300646,0.5050240584692482,0.6694182856212887
polarized_n100,100,7,25,0.5024410405031785,0.07017866763096088,0.43226237287221764,0.5726197081341394,0.5050240584692482,0.6694182856212887
polarized_n100,100,7,26,0.40225095217656254,0.06676646695939327,0.3354844852171693,0.4690174191359558,0.5050240584692482,0.6694182856212887
polarized_n100,100,7,27,0.48637071160061707,0.0447438875207581,0.441626824079859,0.5311145991213752,0.5050240584692482,0.6694182856212887
polarized_n100,100,7,28,0.3683556328979502,0.06877625607277149,0.2995793768251787,0.4371318889707217,0.5050240584692482,0.6694182856212887
polarized_n100,100,7,29,0.4731713284928338,0.043684988720462045,0.4294863397723717,0.5168563172132958,0.5050240584692482,0.6694182856212887
polarized_n100,100,7,30,0.4160629554553985,0.025593409147593376,0.3904695463078051,0.4416563646029919,0.5050240584692482,0.6694182856212887
polarized_n100,100,7,31,0.5031645126739451,0.03820913730275319,0.4649553753711919,0.5413736499766983,0.5050240584692482,0.6694182856212887
polarized_n100,100,7,32,0.49996999003570314,0.06608513305129528,0.4338848569844079,0.5660551230869985,0.5050240584692482,0.6694182856212887
polarized_n100,100,7,33,0.4987776605173508,0.07643538027275762,0.4223422802445932,0.5752130407901084,0.5050240584692482,0.6694182856212887
polarized_n100,100,7,34,0.48563161014233175,0.04911968384930053,0.4365119262930312,0.5347512939916322,0.5050240584692482,0.6694182856212887
polarized_n100,100,7,35,0.5024059640082871,0.022524511421244314,0.47988145258704273,0.5249304754295314,0.5050240584692482,0.6694182856212887
polarized_n100,100,7,36,0.4593419297527819,0.06882614543707255,0.3905157843157093,0.5281680751898544,0.5050240584692482,0.6694182856212887
polarized_n100,100,7,37,0.5022856334385067,0.02723232454362276,0.47505330889488395,0.5295179579821295,0.5050240584692482,0.6694182856212887
polarized_n100,100,7,38,0.3777804553642956,0.057250532688021175,0.32052992267627445,0.43503098805231677,0.5050240584692482,0.6694182856212887
polarized_n100,100,7,39,0.42456653223049756,0.04853694856910239,0.37602958366139516,0.47310348079959996,0.5050240584692482,0.6694182856212887
polarized_n100,100,7,40,0.5017980928188119,0.06785520663539986,0.4339428861834121,0.5696532994542118,0.5050240584692482,0.6694182856212887
polarized_n100,100,7,41,0.49979137385554656,0.039042779980491035,0.4607485938750555,0.5388341538360376,0.5050240584692482,0.6694182856212887
polarized_n100,100,7,42,0.5026428554962098,0.02297476590513185,0.47966808959107793,0.5256176214013416,0.5050240584692482,0.6694182856212887
polarized_n100,100,7,43,0.43533710786237445,0.062203383640086804,0.37313372422228763,0.49754049150246127,0.5050240584692482,0.6694182856212887
polarized_n100,100,7,44,0.5028101272030654,0.03074534040166308,0.4720647868014023,0.5335554676047285,0.5050240584692482,0.6694182856212887
polarized_n100,100,7,45,0.5002093548278844,0.06384364089984736,0.4363657139280371,0.5640529957277318,0.5050240584692482,0.6694182856212887
polarized_n100,100,7,46,0.5021247267901492,0.02472577117569657,0.4773989556144526,0.5268504979658457,0.5050240584692482,0.6694182856212887
polarized_n100,100,7,47,0.506210105386181,0.0548954523183965,0.45131465306778457,0.5611055577045776,0.5050240584692482,0.6694182856212887
polarized_n100,100,7,48,0.4187454475672283,0.0589670059870472,0.35977844158018113,0.4777124535542755,0.5050240584692482,0.6694182856212887
polarized_n100,100,7,49,0.5001827283677475,0.05420946894376835,0.44597325942397914,0.5543921973115158,0.5050240584692482,0.6694182856212887
polarized_n100,100,7,50,0.4839552269479167,0.07071673356237873,0.413238493385538,0.5546719605102954,0.5050240584692482,0.6694182856212887
polarized_n100,100,7,51,0.49103642634584144,0.04684118947763831,0.4441952368682031,0.5378776158234797,0.5050240584692482,0.6694182856212887
polarized_n100,100,7,52,0.48789301116583716,0.0571881689842057,0.43070484218163146,0.5450811801500428,0.5050240584692482,0.6694182856212887
polarized_n100,100,7,53,0.4956818365645588,0.03870800809697694,0.45697382846758183,0.5343898446615357,0.5050240584692482,0.6694182856212887
polarized_n100,100,7,54,0.489818560534346,0.07515742944721751,0.41466113108712854,0.5649759899815635,0.5050240584692482,0.6694182856212887
polarized_n100,100,7,55,0.4913302090415065,0.046909846219163595,0.4444203628223429,0.5382400552606701,0.5050240584692482,0.6694182856212887
polarized_n100,100,7,56,0.6850417487070245,0.0548605955899687,0.6301811531170558,0.7399023442969932,0.5050240584692482,0.6694182856212887
polarized_n100,100,7,57,0.4875985696858281,0.04361600009498748,0.4439825695908406,0.5312145697808156,0.5050240584692482,0.6694182856212887
polarized_n100,100,7,58,0.49192214276453367,0.07943983921305055,0.41248230355148313,0.5713619819775843,0.5050240584692482,0.6694182856212887
polarized_n100,100,7,59,0.6824925049106785,0.03644135337225965,0.6460511515384189,0.7189338582829381,0.5050240584692482,0.6694182856212887
polarized_n100,100,7,60,0.6287958033704304,0.06541877674486613,0.5633770266255642,0.6942145801152966,0.5050240584692482,0.6694182856212887
polarized_n100,100,7,61,0.49656456197183985,0.07183004252876772,0.4247345194430721,0.5683946045006075,0.5050240584692482,0.6694182856212887
polarized_n100,100,7,62,0.6182573457349764,0.050796840711428745,0.5674605050235476,0.6690541864464051,0.5050240584692482,0.6694182856212887
polarized_n100,100,7,63,0.6221303267396849,0.06818898193090207,0.5539413448087829,0.690319308670587,0.5050240584692482,0.6694182856212887
polarized_n100,100,7,64,0.5671279517800383,0.07732365679877466,0.4898042949812636,0.6444516085788129,0.5050240584692482,0.6694182856212887
polarized_n100,100,7,65,0.4938719846299164,0.03471252886789718,0.4591594557620192,0.5285845134978135,0.5050240584692482,0.6694182856212887
polarized_n100,100,7,66,0.5199143622909966,0.057053877210004614,0.46286048508099203,0.5769682395010013,0.5050240584692482,0.6694182856212887
polarized_n100,100,7,67,0.48679669986563384,0.03306482801882353,0.4537318718468103,0.5198615278844574,0.5050240584692482,0.6694182856212887
polarized_n100,100,7,68,0.706375631707051,0.07619896045299067,0.6301766712540603,0.7825745921600417,0.5050240584692482,0.6694182856212887
polarized_n100,100,7,69,0.49409958523274056,0.033350493208970974,0.46074909202376957,0.5274500784417115,0.5050240584692482,0.6694182856212887
polarized_n100,100,7,70,0.4922913084436764,0.0360094267119649,0.4562818817317115,0.5283007351556414,0.5050240584692482,0.6694182856212887
polarized_n100,100,7,71,0.4926946585967679,0.07798988488042775,0.4147047737163402,0.5706845434771957,0.5050240584692482,0.6694182856212887
polarized_n100,100,7,72,0.4933191335724661,0.05439686588302195,0.43892226768944415,0.5477159994554881,0.5050240584692482,0.6694182856212887
polarized_n100,100,7,73,0.7236429739557699,0.07613386565105072,0.6475091083047192,0.7997768396068207,0.5050240584692482,0.6694182856212887
polarized_n100,100,7,74,0.4839351915006087,0.03045921351297952,0.4534759779876292,0.5143944050135882,0.5050240584692482,0.6694182856212887
polarized_n100,100,7,75,0.5074655765502339,0.06421397353508644,0.4432516030151475,0.5716795500853203,0.5050240584692482,0.6694182856212887
polarized_n100,100,7,76,0.4924689002676776,0.0511105613954046,0.441358338872273,0.5435794616630822,0.5050240584692482,0.6694182856212887
polarized_n100,100,7,77,0.4914707502306531,0.05280635060335398,0.43866439962729914,0.544277100834007,0.5050240584692482,0.6694182856212887
polarized_n100,100,7,78,0.49333936335531003,0.0698139450378733,0.42352541831743673,0.5631533083931833,0.5050240584692482,0.6694182856212887
polarized_n100,100,7,79,0.4937837746538257,0.022196483752201075,0.47158729090162466,0.5159802584060268,0.5050240584692482,0.6694182856212887
polarized_n100,100,7,80,0.5795182958030716,0.07205961970061724,0.5074586761024543,0.6515779155036888,0.5050240584692482,0.6694182856212887
polarized_n100,100,7,81,0.6676059273260332,0.05327197107300832,0.6143339562530249,0.7208778983990415,0.5050240584692482,0.6694182856212887
polarized_n100,100,7,82,0.5494006432287526,0.024722613151822673,0.5246780300769299,0.5741232563805753,0.5050240584692482,0.6694182856212887
polarized_n100,100,7,83,0.4986056978413866,0.07747491198029495,0.42113078586109165,0.5760806098216815,0.5050240584692482,0.6694182856212887
polarized_n100,100,7,84,0.4939524674108759,0.04276196128971046,0.45119050612116546,0.5367144287005864,0.5050240584692482,0.6694182856212887
polarized_n100,100,7,85,0.4841434155970724,0.05042896702443275,0.43371444857263963,0.5345723826215052,0.5050240584692482,0.6694182856212887
polarized_n100,100,7,86,0.4964683211591293,0.07225004880367647,0.42421827235545284,0.5687183699628058,0.5050240584692482,0.6694182856212887
polarized_n100,100,7,87,0.4926909654164289,0.03783214772552676,0.4548588176909022,0.5305231131419557,0.5050240584692482,0.6694182856212887
polarized_n100,100,7,88,0.5120131110770884,0.02515192861876235,0.486861182458326,0.5371650396958507,0.5050240584692482,0.6694182856212887
polarized_n100,100,7,89,0.5258593311191733,0.020040888956143726,0.5058184421630295,0.545900220075317,0.5050240584692482,0.6694182856212887
polarized_n100,100,7,90,0.5975587617947138,0.052934292044798145,0.5446244697499156,0.650493053839512,0.5050240584692482,0.6694182856212887
polarized_n100,100,7,91,0.6393407071397182,0.04277080547507493,0.5965699016646433,0.6821115126147932,0.5050240584692482,0.6694182856212887
polarized_n100,100,7,92,0.6719078782826614,0.0639513343738887,0.6079565439087727,0.7358592126565501,0.5050240584692482,0.6694182856212887
polarized_n100,100,7,93,0.6797258843742036,0.07279272330711781,0.6069331610670857,0.7525186076813214,0.5050240584692482,0.6694182856212887
polarized_n100,100,7,94,0.5522228482167385,0.0733889847026697,0.4788338635140688,0.6256118329194083,0.5050240584692482,0.6694182856212887
polarized_n100,100,7,95,0.5881703614482611,0.0771401021297727,0.5110302593184883,0.6653104635780338,0.5050240584692482,0.6694182856212887
polarized_n100,100,7,96,0.5992254013824321,0.03438168431630597,0.5648437170661261,0.633607085698738,0.5050240584692482,0.6694182856212887
polarized_n100,100,7,97,0.6740111668824053,0.07460319455902874,0.5994079723233765,0.748614361441434,0.5050240584692482,0.6694182856212887
polarized_n100,100,7,98,0.48617551528132974,0.07350321319650714,0.4126723020848226,0.5596787284778368,0.5050240584692482,0.6694182856212887
polarized_n100,100,7,99,0.5746367335228602,0.0688498876895592,0.5057868458333009,0.6434866212124194,0.5050240584692482,0.6694182856212887
polarized_n100,100,8,0,0.4984521475615392,0.07861928108773808,0.41983286647380114,0.5770714286492773,0.5052566046521048,0.7077468556277493
polarized_n100,100,8,1,0.5018437775047414,0.07904767702348442,0.422796100481257,0.5808914545282258,0.5052566046521048,0.7077468556277493
polarized_n100,100,8,2,0.43578058175076523,0.07105328518459336,0.36472729656617187,0.5068338669353586,0.5052566046521048,0.7077468556277493
polarized_n100,100,8,3,0.49945915261215734,0.04199335468333482,0.4574657979288225,0.5414525072954922,0.5052566046521048,0.7077468556277493
polarized_n100,100,8,4,0.5012997858585557,0.023614795221007612,0.4776849906375481,0.5249145810795633,0.5052566046521048,0.7077468556277493
polarized_n100,100,8,5,0.4277713545120474,0.03839356349373353,0.3893777910183139,0.4661649180057809,0.5052566046521048,0.7077468556277493
polarized_n100,100,8,6,0.402622091965214,0.047780567591516325,0.35484152437369765,0.4504026595567303,0.5052566046521048,0.7077468556277493
polarized_n100,100,8,7,0.49908336491915195,0.05689699049161058,0.4421863744275414,0.5559803554107625,0.5052566046521048,0.7077468556277493
polarized_n100,100,8,8,0.4999516105392423,0.02564457726458723,0.47430703327465507,0.5255961878038296,0.5052566046521048,0.7077468556277493
polarized_n100,100,8,9,0.5012630473622015,0.06317213667057199,0.43809091069162953,0.5644351840327735,0.5052566046521048,0.7077468556277493
polarized_n100,100,8,10,0.4371061313777566,0.0519786217665438,0.3851275096112128,0.48908475314430044,0.5052566046521048,0.7077468556277493
polarized_n100,100,8,11,0.44069794020358016,0.05598919024239038,0.38470874996118976,0.49668713044597057,0.5052566046521048,0.7077468556277493
polarized_n100,100,8,12,0.39047682772816567,0.07719825103432292,0.31327857669384274,0.4676750787624886,0.5052566046521048,0.7077468556277493
polarized_n100,100,8,13,0.4793525502893108,0.02365473561606386,0.45569781467324694,0.5030072859053747,0.5052566046521048,0.7077468556277493
polarized_n100,100,8,14,0.5002059252164254,0.060197592334034766,0.4400083328823906,0.5604035175504601,0.5052566046521048,0.7077468556277493
polarized_n100,100,8,15,0.33202234006016573,0.07843897967091228,0.25358336038925344,0.410461319731078,0.5052566046521048,0.7077468556277493
polarized_n100,100,8,16,0.5017085442039856,0.02462563932980327,0.4770829048741823,0.5263341835337888,0.5052566046521048,0.7077468556277493
polarized_n100,100,8,17,0.43783149015766715,0.07568706965144527,0.36214442050622186,0.5135185598091124,0.5052566046521048,0.7077468556277493
polarized_n100,100,8,18,0.5016284941374588,0.07457463432096467,0.42705385981649413,0.5762031284584235,0.5052566046521048,0.7077468556277493
polarized_n100,100,8,19,0.5001122948534305,0.021614518140441755,0.4784977767129887,0.5217268129938722,0.5052566046521048,0.7077468556277493
polarized_n100,100,8,20,0.4995180574131012,0.0380438916663014,0.4614741657467998,0.5375619490794026,0.5052566046521048,0.7077468556277493
polarized_n100,100,8,21,0.5030274884135078,0.07633420287715346,0.42669328553635427,0.5793616912906612,0.5052566046521048,0.7077468556277493
polarized_n100,100,8,22,0.5011618382002349,0.04925848826849345,0.4519033499317414,0.5504203264687283,0.5052566046521048,0.7077468556277493
polarized_n100,100,8,23,0.33237296593633486,0.03372363387924311,0.29864933205709177,0.36609659981557796,0.5052566046521048,0.7077468556277493
polarized_n100,100,8,24,0.4544697167565813,0.0598782764722597,0.39459144028432164,0.5143479932288411,0.5052566046521048,0.7077468556277493
polarized_n100,100,8,25,0.4965520415448925,0.07017866763096088,0.42637337391393165,0.5667307091758534,0.5052566046521048,0.7077468556277493
polarized_n100,100,8,26,0.4226284726882484,0.06676646695939327,0.3558620057288551,0.48939493964764164,0.5052566046521048,0.7077468556277493
polarized_n100,100,8,27,0.5013019121723927,0.0447438875207581,0.45655802465163464,0.5460457996931508,0.5052566046521048,0.7077468556277493
polarized_n100,100,8,28,0.393700118460446,0.06877625607277149,0.3249238623876745,0.4624763745332175,0.5052566046521048,0.7077468556277493
polarized_n100,100,8,29,0.49154660585260457,0.043684988720462045,0.4478616171321425,0.5352315945730666,0.5052566046521048,0.7077468556277493
polarized_n100,100,8,30,0.44314788664180926,0.025593409147593376,0.41755447749421587,0.46874129578940266,0.5052566046521048,0.7077468556277493
polarized_n100,100,8,31,0.49993044982454704,0.03820913730275319,0.4617213125217938,0.5381395871273003,0.5052566046521048,0.7077468556277493
polarized_n100,100,8,32,0.4986522719104017,0.06608513305129528,0.4325671388591064,0.564737404961697,0.5052566046521048,0.7077468556277493
polarized_n100,100,8,33,0.49713328833168324,0.07643538027275762,0.4206979080589256,0.5735686686044409,0.5052566046521048,0.7077468556277493
polarized_n100,100,8,34,0.5004723553523481,0.04911968384930053,0.4513526715030476,0.5495920392016487,0.5052566046521048,0.7077468556277493
polarized_n100,100,8,35,0.5009112204500143,0.022524511421244314,0.47838670902877,0.5234357318712587,0.5052566046521048,0.7077468556277493
polarized_n100,100,8,36,0.489321036513621,0.06882614543707255,0.42049489107654847,0.5581471819506936,0.5052566046521048,0.7077468556277493
polarized_n100,100,8,37,0.5015177830066849,0.02723232454362276,0.47428545846306214,0.5287501075503077,0.5052566046521048,0.7077468556277493
polarized_n100,100,8,38,0.3969672594254387,0.057250532688021175,0.33971672673741754,0.45421779211345986,0.5052566046521048,0.7077468556277493
polarized_n100,100,8,39,0.4576614524435451,0.04853694856910239,0.4091245038744427,0.5061984010126475,0.5052566046521048,0.7077468556277493
polarized_n100,100,8,40,0.5000888112758719,0.06785520663539986,0.43223360464047206,0.5679440179112718,0.5052566046521048,0.7077468556277493
polarized_n100,100,8,41,0.4987312600666134,0.039042779980491035,0.45968848008612234,0.5377740400471044,0.5052566046521048,0.7077468556277493
polarized_n100,100,8,42,0.5025328543760548,0.02297476590513185,0.4795580884709229,0.5255076202811866,0.5052566046521048,0.7077468556277493
polarized_n100,100,8,43,0.45926437753540633,0.062203383640086804,0.3970609938953195,0.5214677611754931,0.5052566046521048,0.7077468556277493
polarized_n100,100,8,44,0.5031343586008884,0.03074534040166308,0.4723890181992253,0.5338796990025515,0.5052566046521048,0.7077468556277493
polarized_n100,100,8,45,0.49776292423138074,0.06384364089984736,0.4339192833315334,0.5616065651312281,0.5052566046521048,0.7077468556277493
polarized_n100,100,8,46,0.5022563822047649,0.02472577117569657,0.4775306110290683,0.5269821533804614,0.5052566046521048,0.7077468556277493
polarized_n100,100,8,47,0.4980199345840958,0.0548954523183965,0.44312448226569934,0.5529153869024923,0.5052566046521048,0.7077468556277493
polarized_n100,100,8,48,0.4429956073238289,0.0589670059870472,0.38402860133678174,0.5019626133108761,0.5052566046521048,0.7077468556277493
polarized_n100,100,8,49,0.49867261920303796,0.05420946894376835,0.44446315025926963,0.5528820881468063,0.5052566046521048,0.7077468556277493
polarized_n100,100,8,50,0.4909334653527074,0.07071673356237873,0.42021673179032865,0.5616501989150862,0.5052566046521048,0.7077468556277493
polarized_n100,100,8,51,0.4959209607768991,0.04684118947763831,0.4490797712992608,0.5427621502545374,0.5052566046521048,0.7077468556277493
polarized_n100,100,8,52,0.48899660503109654,0.0571881689842057,0.43180843604689084,0.5461847740153023,0.5052566046521048,0.7077468556277493
polarized_n100,100,8,53,0.48920723921318715,0.03870800809697694,0.4504992311162102,0.527915247310164,0.5052566046521048,0.7077468556277493
polarized_n100,100,8,54,0.4927457921743042,0.07515742944721751,0.41758836272708666,0.5679032216215217,0.5052566046521048,0.7077468556277493
polarized_n100,100,8,55,0.4885717159358658,0.046909846219163595,0.4416618697167022,0.5354815621550294,0.5052566046521048,0.7077468556277493
polarized_n100,100,8,56,0.6729085219991784,0.0548605955899687,0.6180479264092097,0.7277691175891471,0.5052566046521048,0.7077468556277493
polarized_n100,100,8,57,0.4908611712404656,0.04361600009498748,0.4472451711454781,0.534477171335453,0.5052566046521048,0.7077468556277493
polarized_n100,100,8,58,0.49277494991691734,0.07943983921305055,0.4133351107038668,0.5722147891299679,0.5052566046521048,0.7077468556277493
polarized_n100,100,8,59,0.6703759796911346,0.03644135337225965,0.633934626318875,0.7068173330633942,0.5052566046521048,0.7077468556277493
polarized_n100,100,8,60,0.6049128694286061,0.06541877674486613,0.5394940926837399,0.6703316461734723,0.5052566046521048,0.7077468556277493
polarized_n100,100,8,61,0.4886467038234394,0.07183004252876772,0.41681666129467165,0.5604767463522071,0.5052566046521048,0.7077468556277493
polarized_n100,100,8,62,0.5940368185785057,0.050796840711428745,0.5432399778670769,0.6448336592899344,0.5052566046521048,0.7077468556277493
polarized_n100,100,8,63,0.5959279415930145,0.06818898193090207,0.5277389596621125,0.6641169235239166,0.5052566046521048,0.7077468556277493
polarized_n100,100,8,64,0.5382442910420114,0.07732365679877466,0.46092063424323676,0.6155679478407861,0.5052566046521048,0.7077468556277493
polarized_n100,100,8,65,0.49466495121067244,0.03471252886789718,0.4599524223427753,0.5293774800785697,0.5052566046521048,0.7077468556277493
polarized_n100,100,8,66,0.4958105592006691,0.057053877210004614,0.4387566819906645,0.5528644364106737,0.5052566046521048,0.7077468556277493
polarized_n100,100,8,67,0.49068996560918876,0.03306482801882353,0.4576251375903652,0.5237547936280122,0.5052566046521048,0.7077468556277493
polarized_n100,100,8,68,0.6942782541266114,0.07619896045299067,0.6180792936736207,0.770477214579602,0.5052566046521048,0.7077468556277493
polarized_n100,100,8,69,0.4956693913108931,0.033350493208970974,0.4623188981019221,0.529019884519864,0.5052566046521048,0.7077468556277493
polarized_n100,100,8,70,0.4949870953402491,0.0360094267119649,0.4589776686282842,0.530996522052214,0.5052566046521048,0.7077468556277493
polarized_n100,100,8,71,0.49351585316018415,0.07798988488042775,0.4155259682797564,0.5715057380406119,0.5052566046521048,0.7077468556277493
polarized_n100,100,8,72,0.4952990208281235,0.05439686588302195,0.44090215494510154,0.5496958867111454,0.5052566046521048,0.7077468556277493
polarized_n100,100,8,73,0.7109704864914229,0.07613386565105072,0.6348366208403722,0.7871043521424737,0.5052566046521048,0.7077468556277493
polarized_n100,100,8,74,0.4878888128875194,0.03045921351297952,0.45742959937453986,0.5183480264004989,0.5052566046521048,0.7077468556277493
polarized_n100,100,8,75,0.49023249346178177,0.06421397353508644,0.4260185199266953,0.5544464669968682,0.5052566046521048,0.7077468556277493
polarized_n100,100,8,76,0.4938388191918745,0.0511105613954046,0.4427282577964699,0.5449493805872792,0.5052566046521048,0.7077468556277493
polarized_n100,100,8,77,0.49432177704460484,0.05280635060335398,0.44151542644125086,0.5471281276479588,0.5052566046521048,0.7077468556277493
polarized_n100,100,8,78,0.49528648623912963,0.0698139450378733,0.4254725412012563,0.5651004312770029,0.5052566046521048,0.7077468556277493
polarized_n100,100,8,79,0.4966675019974952,0.022196483752201075,0.47447101824529414,0.5188639857496963,0.5052566046521048,0.7077468556277493
polarized_n100,100,8,80,0.5533857068503811,0.07205961970061724,0.4813260871497639,0.6254453265509984,0.5052566046521048,0.7077468556277493
polarized_n100,100,8,81,0.6532428303738061,0.05327197107300832,0.5999708593007979,0.7065148014468144,0.5052566046521048,0.7077468556277493
polarized_n100,100,8,82,0.5204658222095108,0.024722613151822673,0.4957432090576881,0.5451884353613334,0.5052566046521048,0.7077468556277493
polarized_n100,100,8,83,0.48422754698708015,0.07747491198029495,0.4067526350067852,0.5617024589673751,0.5052566046521048,0.7077468556277493
polarized_n100,100,8,84,0.49462502973685996,0.04276196128971046,0.4518630684471495,0.5373869910265704,0.5052566046521048,0.7077468556277493
polarized_n100,100,8,85,0.48626603358795906,0.05042896702443275,0.4358370665635263,0.5366950006123918,0.5052566046521048,0.7077468556277493
polarized_n100,100,8,86,0.48567632538471156,0.07225004880367647,0.4134262765810351,0.557926374188388,0.5052566046521048,0.7077468556277493
polarized_n100,100,8,87,0.49543648659823986,0.03783214772552676,0.4576043388727131,0.5332686343237666,0.5052566046521048,0.7077468556277493
polarized_n100,100,8,88,0.49221301162989667,0.02515192861876235,0.4670610830111343,0.517364940248659,0.5052566046521048,0.7077468556277493
polarized_n100,100,8,89,0.5002959770197066,0.020040888956143726,0.4802550880635629,0.5203368659758504,0.5052566046521048,0.7077468556277493
polarized_n100,100,8,90,0.5746438995138484,0.052934292044798145,0.5217096074690503,0.6275781915586466,0.5052566046521048,0.7077468556277493
polarized_n100,100,8,91,0.6237710377132988,0.04277080547507493,0.5810002322382238,0.6665418431883737,0.5052566046521048,0.7077468556277493
polarized_n100,100,8,92,0.6549149118870956,0.0639513343738887,0.5909635775132069,0.7188662462609843,0.5052566046521048,0.7077468556277493
polarized_n100,100,8,93,0.66151456631075,0.07279272330711781,0.5887218430036322,0.7343072896178678,0.5052566046521048,0.7077468556277493
polarized_n100,100,8,94,0.5245376331602205,0.0733889847026697,0.4511486484575508,0.5979266178628903,0.5052566046521048,0.7077468556277493
polarized_n100,100,8,95,0.5555762878245744,0.0771401021297727,0.4784361856948017,0.6327163899543471,0.5052566046521048,0.7077468556277493
polarized_n100,100,8,96,0.5785584723332308,0.03438168431630597,0.5441767880169248,0.6129401566495367,0.5052566046521048,0.7077468556277493
polarized_n100,100,8,97,0.657444619641769,0.07460319455902874,0.5828414250827403,0.7320478142007978,0.5052566046521048,0.7077468556277493
polarized_n100,100,8,98,0.4887599951152765,0.07350321319650714,0.41525678191876936,0.5622632083117837,0.5052566046521048,0.7077468556277493
polarized_n100,100,8,99,0.546794973880574,0.0688498876895592,0.4779450861910148,0.6156448615701332,0.5052566046521048,0.7077468556277493
polarized_n100,100,9,0,0.502300137240946,0.07861928108773808,0.42368085615320794,0.5809194183286841,0.5077530943766767,0.7422721103581278
polarized_n100,100,9,1,0.5027464361472306,0.07904767702348442,0.42369875912374616,0.5817941131707149,0.5077530943766767,0.7422721103581278
polarized_n100,100,9,2,0.4592714487304875,0.07105328518459336,0.3882181635458941,0.5303247339150808,0.5077530943766767,0.7422721103581278
polarized_n100,100,9,3,0.5057867369869389,0.04199335468333482,0.46379338230360406,0.5477800916702737,0.5077530943766767,0.7422721103581278
polarized_n100,100,9,4,0.5035647434885229,0.023614795221007612,0.47994994826751525,0.5271795387095305,0.5077530943766767,0.7422721103581278
polarized_n100,100,9,5,0.45416764499595785,0.03839356349373353,0.41577408150222434,0.49256120848969137,0.5077530943766767,0.7422721103581278
polarized_n100,100,9,6,0.4269483898532407,0.047780567591516325,0.37916782226172435,0.474728957444757,0.5077530943766767,0.7422721103581278
polarized_n100,100,9,7,0.5007177629224239,0.05689699049161058,0.4438207724308133,0.5576147534140344,0.5077530943766767,0.7422721103581278
polarized_n100,100,9,8,0.5015142916220179,0.02564457726458723,0.47586971435743064,0.5271588688866051,0.5077530943766767,0.7422721103581278
polarized_n100,100,9,9,0.5026945844494681,0.06317213667057199,0.43952244777889615,0.5658667211200401,0.5077530943766767,0.7422721103581278
polarized_n100,100,9,10,0.4635866251712599,0.0519786217665438,0.41160800340471615,0.5155652469378037,0.5077530943766767,0.7422721103581278
polarized_n100,100,9,11,0.4642685541065565,0.05598919024239038,0.4082793638641661,0.5202577443489469,0.5077530943766767,0.7422721103581278
polarized_n100,100,9,12,0.4095299899286207,0.07719825103432292,0.3323317388942978,0.48672824096294365,0.5077530943766767,0.7422721103581278
polarized_n100,100,9,13,0.4960173024933189,0.02365473561606386,0.47236256687725503,0.5196720381093828,0.5077530943766767,0.7422721103581278
polarized_n100,100,9,14,0.5027237758049482,0.060197592334034766,0.44252618347091344,0.562921368138983,0.5077530943766767,0.7422721103581278
polarized_n100,100,9,15,0.3431315380408479,0.07843897967091228,0.2646925583699356,0.4215705177117602,0.5077530943766767,0.7422721103581278
polarized_n100,100,9,16,0.5053664630675619,0.02462563932980327,0.48074082373775867,0.5299921023973652,0.5077530943766767,0.7422721103581278
polarized_n100,100,9,17,0.4634166059065479,0.07568706965144527,0.3877295362551026,0.5391036755579931,0.5077530943766767,0.7422721103581278
polarized_n100,100,9,18,0.5034887615103772,0.07457463432096467,0.4289141271894126,0.5780633958313419,0.5077530943766767,0.7422721103581278
polarized_n100,100,9,19,0.5014362370108979,0.021614518140441755,0.47982171887045616,0.5230507551513397,0.5077530943766767,0.7422721103581278
polarized_n100,100,9,20,0.5010854155415008,0.0380438916663014,0.46304152387519937,0.5391293072078022,0.5077530943766767,0.7422721103581278
polarized_n100,100,9,21,0.5036729090803332,0.07633420287715346,0.42733870620317976,0.5800071119574867,0.5077530943766767,0.7422721103581278
polarized_n100,100,9,22,0.5024965591943908,0.04925848826849345,0.4532380709258974,0.5517550474628843,0.5077530943766767,0.7422721103581278
polarized_n100,100,9,23,0.352962640997084,0.03372363387924311,0.3192390071178409,0.3866862748763271,0.5077530943766767,0.7422721103581278
polarized_n100,100,9,24,0.4768403763157768,0.0598782764722597,0.4169620998435171,0.5367186527880365,0.5077530943766767,0.7422721103581278
polarized_n100,100,9,25,0.5029795073974571,0.07017866763096088,0.43280083976649625,0.573158175028418,0.5077530943766767,0.7422721103581278
polarized_n100,100,9,26,0.4424457518038517,0.06676646695939327,0.37567928484445845,0.509212218763245,0.5077530943766767,0.7422721103581278
polarized_n100,100,9,27,0.5043196741159691,0.0447438875207581,0.45957578659521103,0.5490635616367272,0.5077530943766767,0.7422721103581278
polarized_n100,100,9,28,0.41857607605895103,0.06877625607277149,0.34979981998617954,0.4873523321317225,0.5077530943766767,0.7422721103581278
polarized_n100,100,9,29,0.5011090662245494,0.043684988720462045,0.45742407750408737,0.5447940549450114,0.5077530943766767,0.7422721103581278
polarized_n100,100,9,30,0.46834708776629147,0.025593409147593376,0.4427536786186981,0.49394049691388486,0.5077530943766767,0.7422721103581278
polarized_n100,100,9,31,0.5041821331770042,0.03820913730275319,0.465972995874251,0.5423912704797574,0.5077530943766767,0.7422721103581278
polarized_n100,100,9,32,0.5007709796461403,0.06608513305129528,0.434685846594845,0.5668561126974355,0.5077530943766767,0.7422721103581278
polarized_n100,100,9,33,0.4998277119738635,0.07643538027275762,0.4233923317011059,0.5762630922466211,0.5077530943766767,0.7422721103581278
polarized_n100,100,9,34,0.5042916574198887,0.04911968384930053,0.45517197357058814,0.5534113412691892,0.5077530943766767,0.7422721103581278
polarized_n100,100,9,35,0.5018551262041452,0.022524511421244314,0.47933061478290084,0.5243796376253895,0.5077530943766767,0.7422721103581278
polarized_n100,100,9,36,0.5037840775037102,0.06882614543707255,0.4349579320666377,0.5726102229407828,0.5077530943766767,0.7422721103581278
polarized_n100,100,9,37,0.5035532566573299,0.02723232454362276,0.4763209321137071,0.5307855812009526,0.5077530943766767,0.7422721103581278
polarized_n100,100,9,38,0.4159015229813449,0.057250532688021175,0.35865099029332376,0.4731520556693661,0.5077530943766767,0.7422721103581278
polarized_n100,100,9,39,0.4859222700175355,0.04853694856910239,0.4373853214484331,0.5344592185866379,0.5077530943766767,0.7422721103581278
polarized_n100,100,9,40,0.5015687327001939,0.06785520663539986,0.433713526064794,0.5694239393355938,0.5077530943766767,0.7422721103581278
polarized_n100,100,9,41,0.5007867238635955,0.039042779980491035,0.4617439438831044,0.5398295038440865,0.5077530943766767,0.7422721103581278
polarized_n100,100,9,42,0.5043962304727675,0.02297476590513185,0.4814214645676356,0.5273709963778993,0.5077530943766767,0.7422721103581278
polarized_n100,100,9,43,0.4800309071354556,0.062203383640086804,0.4178275234953688,0.5422342907755424,0.5077530943766767,0.7422721103581278
polarized_n100,100,9,44,0.5048760164584201,0.03074534040166308,0.47413067605675696,0.5356213568600832,0.5077530943766767,0.7422721103581278
polarized_n100,100,9,45,0.5009094894157435,0.06384364089984736,0.4370658485158962,0.5647531303155909,0.5077530943766767,0.7422721103581278
polarized_n100,100,9,46,0.502888699160562,0.02472577117569657,0.4781629279848654,0.5276144703362585,0.5077530943766767,0.7422721103581278
polarized_n100,100,9,47,0.5059573087059217,0.0548954523183965,0.4510618563875252,0.5608527610243182,0.5077530943766767,0.7422721103581278
polarized_n100,100,9,48,0.46566229827394584,0.0589670059870472,0.40669529228689866,0.5246293042609931,0.5077530943766767,0.7422721103581278
polarized_n100,100,9,49,0.5017791565723873,0.05420946894376835,0.44756968762861893,0.5559886255161556,0.5077530943766767,0.7422721103581278
polarized_n100,100,9,50,0.49708765403821215,0.07071673356237873,0.4263709204758334,0.5678043876005909,0.5077530943766767,0.7422721103581278
polarized_n100,100,9,51,0.5010677435582186,0.04684118947763831,0.45422655408058027,0.5479089330358569,0.5077530943766767,0.7422721103581278
polarized_n100,100,9,52,0.49636919777053995,0.0571881689842057,0.43918102878633425,0.5535573667547457,0.5077530943766767,0.7422721103581278
polarized_n100,100,9,53,0.4934624464227469,0.03870800809697694,0.45475443832576995,0.5321704545197239,0.5077530943766767,0.7422721103581278
polarized_n100,100,9,54,0.49807378115226586,0.07515742944721751,0.4229163517050484,0.5732312105994833,0.5077530943766767,0.7422721103581278
polarized_n100,100,9,55,0.49403730452432326,0.046909846219163595,0.44712745830515965,0.5409471507434869,0.5077530943766767,0.7422721103581278
polarized_n100,100,9,56,0.6608632591709459,0.0548605955899687,0.6060026635809772,0.7157238547609146,0.5077530943766767,0.7422721103581278
polarized_n100,100,9,57,0.49695402962413354,0.04361600009498748,0.45333802952914604,0.540570029719121,0.5077530943766767,0.7422721103581278
polarized_n100,100,9,58,0.49874826702414876,0.07943983921305055,0.4193084278110982,0.5781881062371993,0.5077530943766767,0.7422721103581278
polarized_n100,100,9,59,0.6583502766376401,0.03644135337225965,0.6219089232653805,0.6947916300098997,0.5077530943766767,0.7422721103581278
polarized_n100,100,9,60,0.5816425527145206,0.06541877674486613,0.5162237759696544,0.6470613294593868,0.5077530943766767,0.7422721103581278
polarized_n100,100,9,61,0.49230096216035074,0.07183004252876772,0.420470919631583,0.5641310046891185,0.5077530943766767,0.7422721103581278
polarized_n100,100,9,62,0.5705128556181123,0.050796840711428745,0.5197160149066835,0.621309696329541,0.5077530943766767,0.7422721103581278
polarized_n100,100,9,63,0.570499348612853,0.06818898193090207,0.502310366681951,0.6386883305437551,0.5077530943766767,0.7422721103581278
polarized_n100,100,9,64,0.5131635951250397,0.07732365679877466,0.43583993832626505,0.5904872519238143,0.5077530943766767,0.7422721103581278
polarized_n100,100,9,65,0.5001763345877908,0.03471252886789718,0.4654638057198936,0.534888863455688,0.5077530943766767,0.7422721103581278
polarized_n100,100,9,66,0.4887885032128708,0.057053877210004614,0.4317346260028662,0.5458423804228755,0.5077530943766767,0.7422721103581278
polarized_n100,100,9,67,0.49755310380967976,0.03306482801882353,0.4644882757908562,0.5306179318285033,0.5077530943766767,0.7422721103581278
polarized_n100,100,9,68,0.6822446672607346,0.07619896045299067,0.606045706807744,0.7584436277137253,0.5077530943766767,0.7422721103581278
polarized_n100,100,9,69,0.5014327116439784,0.033350493208970974,0.4680822184350074,0.5347832048529494,0.5077530943766767,0.7422721103581278
polarized_n100,100,9,70,0.5015170997145009,0.0360094267119649,0.465507673002536,0.5375265264264658,0.5077530943766767,0.7422721103581278
polarized_n100,100,9,71,0.5000950266429003,0.07798988488042775,0.42210514176247255,0.5780849115233281,0.5077530943766767,0.7422721103581278
polarized_n100,100,9,72,0.5009211863229845,0.05439686588302195,0.4465243204399626,0.5553180522060065,0.5077530943766767,0.7422721103581278
polarized_n100,100,9,73,0.6983546363391351,0.07613386565105072,0.6222207706880843,0.7744885019901858,0.5077530943766767,0.7422721103581278
polarized_n100,100,9,74,0.49604734222657376,0.03045921351297952,0.46558812871359423,0.5265065557395533,0.5077530943766767,0.7422721103581278
polarized_n100,100,9,75,0.4875127497573494,0.06421397353508644,0.4232987762222629,0.5517267232924358,0.5077530943766767,0.7422721103581278
polarized_n100,100,9,76,0.5007973536415506,0.0511105613954046,0.44968679224614605,0.5519079150369552,0.5077530943766767,0.7422721103581278
polarized_n100,100,9,77,0.5010105016602835,0.05280635060335398,0.4482041510569295,0.5538168522636375,0.5077530943766767,0.7422721103581278
polarized_n100,100,9,78,0.5007697536621384,0.0698139450378733,0.4309558086242651,0.5705836987000117,0.5077530943766767,0.7422721103581278
polarized_n100,100,9,79,0.50218096497114,0.022196483752201075,0.4799844812189389,0.524377448723341,0.5077530943766767,0.7422721103581278
polarized_n100,100,9,80,0.5292855298754202,0.07205961970061724,0.45722591017480296,0.6013451495760375,0.5077530943766767,0.7422721103581278
polarized_n100,100,9,81,0.6390328376867797,0.05327197107300832,0.5857608666137714,0.692304808759788,0.5077530943766767,0.7422721103581278
polarized_n100,100,9,82,0.5003232829017608,0.024722613151822673,0.4756006697499381,0.5250458960535834,0.5077530943766767,0.7422721103581278
polarized_n100,100,9,83,0.4897858904973035,0.07747491198029495,0.41231097851700854,0.5672608024775985,0.5077530943766767,0.7422721103581278
polarized_n100,100,9,84,0.5001519859710744,0.04276196128971046,0.4573900246813639,0.5429139472607848,0.5077530943766767,0.7422721103581278
polarized_n100,100,9,85,0.4956003914024409,0.05042896702443275,0.44517142437800816,0.5460293584268736,0.5077530943766767,0.7422721103581278
polarized_n100,100,9,86,0.49170960294122323,0.07225004880367647,0.41945955413754676,0.5639596517448997,0.5077530943766767,0.7422721103581278
polarized_n100,100,9,87,0.5015388368566776,0.03783214772552676,0.46370668913115076,0.5393709845822043,0.5077530943766767,0.7422721103581278
polarized_n100,100,9,88,0.4882750443081108,0.02515192861876235,0.46312311568934844,0.5134269729268731,0.5077530943766767,0.7422721103581278
polarized_n100,100,9,89,0.4904306390140979,0.020040888956143726,0.47038975005795414,0.5104715279702416,0.5077530943766767,0.7422721103581278
polarized_n100,100,9,90,0.5525221425330831,0.052934292044798145,0.4995878504882849,0.6054564345778812,0.5077530943766767,0.7422721103581278
polarized_n100,100,9,91,0.6084377551417568,0.04277080547507493,0.5656669496666819,0.6512085606168317,0.5077530943766767,0.7422721103581278
polarized_n100,100,9,92,0.6381274283575114,0.0639513343738887,0.5741760939836227,0.7020787627314,0.5077530943766767,0.7422721103581278
polarized_n100,100,9,93,0.643521001006643,0.07279272330711781,0.5707282776995252,0.7163137243137608,0.5077530943766767,0.7422721103581278
polarized_n100,100,9,94,0.5039860739158724,0.0733889847026697,0.43059708921320267,0.5773750586185421,0.5077530943766767,0.7422721103581278
polarized_n100,100,9,95,0.5256766897132288,0.0771401021297727,0.4485365875834561,0.6028167918430015,0.5077530943766767,0.7422721103581278
polarized_n100,100,9,96,0.5585132634706521,0.03438168431630597,0.5241315791543462,0.5928949477869581,0.5077530943766767,0.7422721103581278
polarized_n100,100,9,97,0.6410691355176202,0.07460319455902874,0.5664659409585915,0.715672330076649,0.5077530943766767,0.7422721103581278
polarized_n100,100,9,98,0.49649004825429743,0.07350321319650714,0.4229868350577903,0.5699932614508045,0.5077530943766767,0.7422721103581278
polarized_n100,100,9,99,0.5218392563801822,0.0688498876895592,0.45298936869062306,0.5906891440697415,0.5077530943766767,0.7422721103581278
polarized_n100,100,10,0,0.5064374948146122,0.07861928108773808,0.4278182137268741,0.5850567759023503,0.5111907792315467,0.7723299352336225
polarized_n100,100,10,1,0.5063809628462406,0.07904767702348442,0.42733328582275615,0.585428639869725,0.5111907792315467,0.7723299352336225
polarized_n100,100,10,2,0.48044140144415753,0.07105328518459336,0.40938811625956417,0.5514946866287509,0.5111907792315467,0.7723299352336225
polarized_n100,100,10,3,0.5087773722905409,0.04199335468333482,0.46678401760720606,0.5507707269738757,0.5111907792315467,0.7723299352336225
polarized_n100,100,10,4,0.5086661847009027,0.023614795221007612,0.4850513894798951,0.5322809799219104,0.5111907792315467,0.7723299352336225
polarized_n100,100,10,5,0.47836811400700596,0.03839356349373353,0.43997455051327244,0.5167616775007395,0.5111907792315467,0.7723299352336225
polarized_n100,100,10,6,0.450543094600335,0.047780567591516325,0.40276252700881865,0.4983236621918513,0.5111907792315467,0.7723299352336225
polarized_n100,100,10,7,0.5049517692166028,0.05689699049161058,0.4480547787249922,0.5618487597082134,0.5111907792315467,0.7723299352336225
polarized_n100,100,10,8,0.5057621098284418,0.02564457726458723,0.4801175325638546,0.5314066870930291,0.5111907792315467,0.7723299352336225
polarized_n100,100,10,9,0.5063086739225247,0.06317213667057199,0.4431365372519527,0.5694808105930966,0.5111907792315467,0.7723299352336225
polarized_n100,100,10,10,0.4867703671961256,0.0519786217665438,0.43479174542958177,0.5387489889626694,0.5111907792315467,0.7723299352336225
polarized_n100,100,10,11,0.48492904653122226,0.05598919024239038,0.4289398562888319,0.5409182367736126,0.5111907792315467,0.7723299352336225
polarized_n100,100,10,12,0.42830868872648215,0.07719825103432292,0.3511104376921592,0.5055069397608051,0.5111907792315467,0.7723299352336225
polarized_n100,100,10,13,0.5057389703002667,0.02365473561606386,0.48208423468420286,0.5293937059163306,0.5111907792315467,0.7723299352336225
polarized_n100,100,10,14,0.5068841239988405,0.060197592334034766,0.44668653166480576,0.5670817163328753,0.5111907792315467,0.7723299352336225
polarized_n100,100,10,15,0.3542296829483691,0.07843897967091228,0.2757907032774568,0.4326686626192814,0.5111907792315467,0.7723299352336225
polarized_n100,100,10,16,0.5080152046573336,0.02462563932980327,0.48338956532753036,0.5326408439871368,0.5111907792315467,0.7723299352336225
polarized_n100,100,10,17,0.48569229821995674,0.07568706965144527,0.41000522856851146,0.561379367871402,0.5111907792315467,0.7723299352336225
polarized_n100,100,10,18,0.5063216260536693,0.07457463432096467,0.4317469917327046,0.5808962603746339,0.5111907792315467,0.7723299352336225
polarized_n100,100,10,19,0.5056339616481369,0.021614518140441755,0.48401944350769516,0.5272484797885787,0.5111907792315467,0.7723299352336225
polarized_n100,100,10,20,0.5053368201320301,0.0380438916663014,0.4672929284657287,0.5433807117983315,0.5111907792315467,0.7723299352336225
polarized_n100,100,10,21,0.5070398550670797,0.07633420287715346,0.43070565218992624,0.5833740579442331,0.5111907792315467,0.7723299352336225
polarized_n100,100,10,22,0.5055836009713809,0.04925848826849345,0.45632511270288745,0.5548420892398743,0.5111907792315467,0.7723299352336225
polarized_n100,100,10,23,0.3734146562485596,0.03372363387924311,0.3396910223693165,0.40713829012780267,0.5111907792315467,0.7723299352336225
polarized_n100,100,10,24,0.49461564139681335,0.0598782764722597,0.43473736492455367,0.5544939178690731,0.5111907792315467,0.7723299352336225
polarized_n100,100,10,25,0.5053230145950919,0.07017866763096088,0.435144346964131,0.5755016822260528,0.5111907792315467,0.7723299352336225
polarized_n100,100,10,26,0.46145103976347823,0.06676646695939327,0.394684572804085,0.5282175067228715,0.5111907792315467,0.7723299352336225
polarized_n100,100,10,27,0.5068832030210282,0.0447438875207581,0.4621393155002701,0.5516270905417863,0.5111907792315467,0.7723299352336225
polarized_n100,100,10,28,0.44281546484568657,0.06877625607277149,0.3740392087729151,0.5115917209184581,0.5111907792315467,0.7723299352336225
polarized_n100,100,10,29,0.5059709600399389,0.043684988720462045,0.46228597131947685,0.5496559487604009,0.5111907792315467,0.7723299352336225
polarized_n100,100,10,30,0.48986783765088293,0.025593409147593376,0.46427442850328954,0.5154612467984763,0.5111907792315467,0.7723299352336225
polarized_n100,100,10,31,0.5077560906681482,0.03820913730275319,0.469546953365395,0.5459652279709014,0.5111907792315467,0.7723299352336225
polarized_n100,100,10,32,0.5051116462876237,0.06608513305129528,0.43902651323632846,0.571196779338919,0.5111907792315467,0.7723299352336225
polarized_n100,100,10,33,0.5043383768967995,0.07643538027275762,0.42790299662404185,0.5807737571695571,0.5111907792315467,0.7723299352336225
polarized_n100,100,10,34,0.5069625491959465,0.04911968384930053,0.457842865346646,0.5560822330452471,0.5111907792315467,0.7723299352336225
polarized_n100,100,10,35,0.5057492970232179,0.022524511421244314,0.48322478560197357,0.5282738084444623,0.5111907792315467,0.7723299352336225
polarized_n100,100,10,36,0.5078434438559675,0.06882614543707255,0.4390172984188949,0.57666958929304,0.5111907792315467,0.7723299352336225
polarized_n100,100,10,37,0.5077480502053332,0.02723232454362276,0.4805157256617104,0.534980374748956,0.5111907792315467,0.7723299352336225
polarized_n100,100,10,38,0.43452359820176606,0.057250532688021175,0.3772730655137449,0.4917741308897872,0.5111907792315467,0.7723299352336225
polarized_n100,100,10,39,0.504793815690691,0.04853694856910239,0.45625686712158864,0.5533307642597934,0.5111907792315467,0.7723299352336225
polarized_n100,100,10,40,0.5055705592276329,0.06785520663539986,0.4377153525922331,0.5734257658630328,0.5111907792315467,0.7723299352336225
polarized_n100,100,10,41,0.5053385863034018,0.039042779980491035,0.46629580632291073,0.5443813662838928,0.5111907792315467,0.7723299352336225
polarized_n100,100,10,42,0.5083715029873724,0.02297476590513185,0.48539673708224057,0.5313462688925042,0.5111907792315467,0.7723299352336225
polarized_n100,100,10,43,0.4960934324091845,0.062203383640086804,0.4338900487690977,0.5582968160492713,0.5111907792315467,0.7723299352336225
polarized_n100,100,10,44,0.5088489580193918,0.03074534040166308,0.4781036176177287,0.5395942984210549,0.5111907792315467,0.7723299352336225
polarized_n100,100,10,45,0.5053323809897128,0.06384364089984736,0.44148874008986544,0.5691760218895602,0.5111907792315467,0.7723299352336225
polarized_n100,100,10,46,0.5064135388365922,0.02472577117569657,0.48168776766089566,0.5311393100122888,0.5111907792315467,0.7723299352336225
polarized_n100,100,10,47,0.5068292884951143,0.0548954523183965,0.45193383617671784,0.5617247408135109,0.5111907792315467,0.7723299352336225
polarized_n100,100,10,48,0.4854828056177425,0.0589670059870472,0.4265157996306953,0.5444498116047897,0.5111907792315467,0.7723299352336225
polarized_n100,100,10,49,0.506366566007756,0.05420946894376835,0.45215709706398766,0.5605760349515243,0.5111907792315467,0.7723299352336225
polarized_n100,100,10,50,0.5039192780523554,0.07071673356237873,0.43320254448997664,0.5746360116147341,0.5111907792315467,0.7723299352336225
polarized_n100,100,10,51,0.5067589956141147,0.04684118947763831,0.4599178061364764,0.553600185091753,0.5111907792315467,0.7723299352336225
polarized_n100,100,10,52,0.5036755083079838,0.0571881689842057,0.4464873393237781,0.5608636772921896,0.5111907792315467,0.7723299352336225
polarized_n100,100,10,53,0.50131787100379,0.03870800809697694,0.46260986290681305,0.5400258791007669,0.5111907792315467,0.7723299352336225
polarized_n100,100,10,54,0.50478884711707,0.07515742944721751,0.42963141766985247,0.5799462765642874,0.5111907792315467,0.7723299352336225
polarized_n100,100,10,55,0.5017505954357881,0.046909846219163595,0.45484074921662454,0.5486604416549518,0.5111907792315467,0.7723299352336225
polarized_n100,100,10,56,0.6489247755610168,0.0548605955899687,0.5940641799710481,0.7037853711509855,0.5111907792315467,0.7723299352336225
polarized_n100,100,10,57,0.5037555719074388,0.04361600009498748,0.46013957181245135,0.5473715720024263,0.5111907792315467,0.7723299352336225
polarized_n100,100,10,58,0.5051050196560559,0.07943983921305055,0.4256651804430054,0.5845448588691065,0.5111907792315467,0.7723299352336225
polarized_n100,100,10,59,0.6464351666938405,0.03644135337225965,0.6099938133215809,0.6828765200661001,0.5111907792315467,0.7723299352336225
polarized_n100,100,10,60,0.5591438823226091,0.06541877674486613,0.493725105577743,0.6245626590674753,0.5111907792315467,0.7723299352336225
polarized_n100,100,10,61,0.5001877876875652,0.07183004252876772,0.4283577451587975,0.5720178302163329,0.5111907792315467,0.7723299352336225
polarized_n100,100,10,62,0.547991764775027,0.050796840711428745,0.4971949240635982,0.5987886054864557,0.5111907792315467,0.7723299352336225
polarized_n100,100,10,63,0.5463236420325919,0.06818898193090207,0.4781346601016898,0.6145126239634939,0.5111907792315467,0.7723299352336225
polarized_n100,100,10,64,0.4978324015167868,0.07732365679877466,0.42050874471801214,0.5751560583155615,0.5111907792315467,0.7723299352336225
polarized_n100,100,10,65,0.5060808217535495,0.03471252886789718,0.47136829288565235,0.5407933506214467,0.5111907792315467,0.7723299352336225
polarized_n100,100,10,66,0.4954747579819812,0.057053877210004614,0.4384208807719766,0.5525286351919858,0.5111907792315467,0.7723299352336225
polarized_n100,100,10,67,0.5044258777814696,0.03306482801882353,0.4713610497626461,0.5374907058002931,0.5111907792315467,0.7723299352336225
polarized_n100,100,10,68,0.6702944582712369,0.07619896045299067,0.5940954978182462,0.7464934187242276,0.5111907792315467,0.7723299352336225
polarized_n100,100,10,69,0.506970134532849,0.033350493208970974,0.473619641323878,0.54032062774182,0.5111907792315467,0.7723299352336225
polarized_n100,100,10,70,0.5066069238679344,0.0360094267119649,0.4705974971559695,0.5426163505798993,0.5111907792315467,0.7723299352336225
polarized_n100,100,10,71,0.5056018032902136,0.07798988488042775,0.4276119184097859,0.5835916881706414,0.5111907792315467,0.7723299352336225
polarized_n100,100,10,72,0.506254757505809,0.05439686588302195,0.451857891622787,0.5606516233888309,0.5111907792315467,0.7723299352336225
polarized_n100,100,10,73,0.6858138544570904,0.07613386565105072,0.6096799888060397,0.7619477201081412,0.5111907792315467,0.7723299352336225
polarized_n100,100,10,74,0.5035625135102074,0.03045921351297952,0.4731032999972279,0.534021727023187,0.5111907792315467,0.7723299352336225
polarized_n100,100,10,75,0.4948806158409358,0.06421397353508644,0.43066664230584933,0.5590945893760222,0.5111907792315467,0.7723299352336225
polarized_n100,100,10,76,0.5059505533557632,0.0511105613954046,0.4548399919603586,0.5570611147511678,0.5111907792315467,0.7723299352336225
polarized_n100,100,10,77,0.5060318101767878,0.05280635060335398,0.4532254595734338,0.5588381607801418,0.5111907792315467,0.7723299352336225
polarized_n100,100,10,78,0.5061373411992153,0.0698139450378733,0.43632339616134197,0.5759512862370886,0.5111907792315467,0.7723299352336225
polarized_n100,100,10,79,0.5074067961859358,0.022196483752201075,0.4852103124337347,0.5296032799381368,0.5111907792315467,0.7723299352336225
polarized_n100,100,10,80,0.5105038516306598,0.07205961970061724,0.43844423193004256,0.5825634713312771,0.5111907792315467,0.7723299352336225
polarized_n100,100,10,81,0.6250003903206747,0.05327197107300832,0.5717284192476664,0.678272361393683,0.5111907792315467,0.7723299352336225
polarized_n100,100,10,82,0.49431720933357365,0.024722613151822673,0.469594596181751,0.5190398224853964,0.5111907792315467,0.7723299352336225
polarized_n100,100,10,83,0.5000267032824552,0.07747491198029495,0.4225517913021603,0.5775016152627502,0.5111907792315467,0.7723299352336225
polarized_n100,100,10,84,0.5059996766769203,0.04276196128971046,0.4632377153872098,0.5487616379666307,0.5111907792315467,0.7723299352336225
polarized_n100,100,10,85,0.5032314438093897,0.05042896702443275,0.4528024767849569,0.5536604108338224,0.5111907792315467,0.7723299352336225
polarized_n100,100,10,86,0.5010712124912817,0.07225004880367647,0.42882116368760526,0.5733212612949582,0.5111907792315467,0.7723299352336225
polarized_n100,100,10,87,0.5067070726146353,0.03783214772552676,0.46887492488910854,0.5445392203401621,0.5111907792315467,0.7723299352336225
polarized_n100,100,10,88,0.49581520490290365,0.02515192861876235,0.4706632762841413,0.520967133521666,0.5111907792315467,0.7723299352336225
polarized_n100,100,10,89,0.4951831634197554,0.020040888956143726,0.4751422744636117,0.5152240523758991,0.5111907792315467,0.7723299352336225
polarized_n100,100,10,90,0.5320852797575251,0.052934292044798145,0.4791509877127269,0.5850195718023232,0.5111907792315467,0.7723299352336225
polarized_n100,100,10,91,0.5933794200327214,0.04277080547507493,0.5506086145576464,0.6361502255077963,0.5111907792315467,0.7723299352336225
polarized_n100,100,10,92,0.6215824663593237,0.0639513343738887,0.557631131985435,0.6855338007332124,0.5111907792315467,0.7723299352336225
polarized_n100,100,10,93,0.625788747646263,0.07279272330711781,0.5529960243391452,0.6985814709533809,0.5111907792315467,0.7723299352336225
polarized_n100,100,10,94,0.4954872755058782,0.0733889847026697,0.4220982908032085,0.5688762602085479,0.5111907792315467,0.7723299352336225
polarized_n100,100,10,95,0.5040070176021063,0.0771401021297727,0.42686691547233363,0.581147119731879,0.5111907792315467,0.7723299352336225
polarized_n100,100,10,96,0.5396649580544516,0.03438168431630597,0.5052832737381456,0.5740466423707575,0.5111907792315467,0.7723299352336225
polarized_n100,100,10,97,0.6249169542482239,0.07460319455902874,0.5503137596891952,0.6995201488072527,0.5111907792315467,0.7723299352336225
polarized_n100,100,10,98,0.5036100299838617,0.07350321319650714,0.4301068167873546,0.5771132431803688,0.5111907792315467,0.7723299352336225
polarized_n100,100,10,99,0.5043579894839184,0.0688498876895592,0.4355081017943592,0.5732078771734777,0.5111907792315467,0.7723299352336225
polarized_n100,100,11,0,0.5121807860994166,0.07861928108773808,0.43356150501167856,0.5908000671871547,0.5153662530954591,0.7980859996427017
polarized_n100,100,11,1,0.51075529518715,0.07904767702348442,0.4317076181636656,0.5898029722106344,0.5153662530954591,0.7980859996427017
polarized_n100,100,11,2,0.4977912322403684,0.07105328518459336,0.42673794705577506,0.5688445174249618,0.5153662530954591,0.7980859996427017
polarized_n100,100,11,3,0.5124589268620798,0.04199335468333482,0.470465572178745,0.5544522815454147,0.5153662530954591,0.7980859996427017
polarized_n100,100,11,4,0.5137108454329423,0.023614795221007612,0.4900960502119347,0.5373256406539499,0.5153662530954591,0.7980859996427017
polarized_n100,100,11,5,0.4983078251448859,0.03839356349373353,0.4599142616511524,0.5367013886386195,0.5153662530954591,0.7980859996427017
polarized_n100,100,11,6,0.4729015909579851,0.047780567591516325,0.4251210233664688,0.5206821585495014,0.5153662530954591,0.7980859996427017
polarized_n100,100,11,7,0.5098902939960545,0.05689699049161058,0.4529933035044439,0.566787284487665,0.5153662530954591,0.7980859996427017
polarized_n100,100,11,8,0.5109197236803751,0.02564457726458723,0.48527514641578784,0.5365643009449623,0.5153662530954591,0.7980859996427017
polarized_n100,100,11,9,0.5109483416936699,0.06317213667057199,0.4477762050230979,0.5741204783642418,0.5153662530954591,0.7980859996427017
polarized_n100,100,11,10,0.5043456624240974,0.0519786217665438,0.4523670406575536,0.5563242841906412,0.5153662530954591,0.7980859996427017
polarized_n100,100,11,11,0.5010225410784496,0.05598919024239038,0.4450333508360592,0.5570117313208399,0.5153662530954591,0.7980859996427017
polarized_n100,100,11,12,0.4467145322829716,0.07719825103432292,0.36951628124864866,0.5239127833172945,0.5153662530954591,0.7980859996427017
polarized_n100,100,11,13,0.5114529959233949,0.02365473561606386,0.48779826030733103,0.5351077315394588,0.5153662530954591,0.7980859996427017
polarized_n100,100,11,14,0.511971413981219,0.060197592334034766,0.45177382164718427,0.5721690063152538,0.5153662530954591,0.7980859996427017
polarized_n100,100,11,15,0.3653089632556973,0.07843897967091228,0.286869983584785,0.4437479429266096,0.5153662530954591,0.7980859996427017
polarized_n100,100,11,16,0.5119038321765059,0.02462563932980327,0.48727819284670265,0.5365294715063091,0.5153662530954591,0.7980859996427017
polarized_n100,100,11,17,0.5025203972272224,0.07568706965144527,0.42683332757577713,0.5782074668786676,0.5153662530954591,0.7980859996427017
polarized_n100,100,11,18,0.5105638271617005,0.07457463432096467,0.4359891928407358,0.5851384614826651,0.5153662530954591,0.7980859996427017
polarized_n100,100,11,19,0.5105775975027541,0.021614518140441755,0.48896307936231237,0.5321921156431959,0.5153662530954591,0.7980859996427017
polarized_n100,100,11,20,0.5102593713575825,0.0380438916663014,0.4722154796912811,0.5483032630238839,0.5153662530954591,0.7980859996427017
polarized_n100,100,11,21,0.5112737793038823,0.07633420287715346,0.4349395764267288,0.5876079821810357,0.5153662530954591,0.7980859996427017
polarized_n100,100,11,22,0.509890248651255,0.04925848826849345,0.46063176038276155,0.5591487369197484,0.5153662530954591,0.7980859996427017
polarized_n100,100,11,23,0.39368897910401696,0.03372363387924311,0.35996534522477386,0.42741261298326005,0.5153662530954591,0.7980859996427017
polarized_n100,100,11,24,0.5067975302261187,0.0598782764722597,0.44691925375385905,0.5666758066983785,0.5153662530954591,0.7980859996427017
polarized_n100,100,11,25,0.5124459547367859,0.07017866763096088,0.442267287105825,0.5826246223677468,0.5153662530954591,0.7980859996427017
polarized_n100,100,11,26,0.47915731304923687,0.06676646695939327,0.4123908460898436,0.5459237800086302,0.5153662530954591,0.7980859996427017
polarized_n100,100,11,27,0.5110393219400152,0.0447438875207581,0.46629543441925714,0.5557832094607733,0.5153662530954591,0.7980859996427017
polarized_n100,100,11,28,0.46604699673212735,0.06877625607277149,0.39727074065935586,0.5348232528048988,0.5153662530954591,0.7980859996427017
polarized_n100,100,11,29,0.5102275245820719,0.043684988720462045,0.4665425358616098,0.5539125133025339,0.5153662530954591,0.7980859996427017
polarized_n100,100,11,30,0.5056920402709593,0.025593409147593376,0.48009863112336587,0.5312854494185526,0.5153662530954591,0.7980859996427017
polarized_n100,100,11,31,0.5132632115169811,0.03820913730275319,0.47505407421422785,0.5514723488197343,0.5153662530954591,0.7980859996427017
polarized_n100,100,11,32,0.5103669848024663,0.06608513305129528,0.4442818517511711,0.5764521178537616,0.5153662530954591,0.7980859996427017
polarized_n100,100,11,33,0.5100159846191633,0.07643538027275762,0.43358060434640566,0.586451364891921,0.5153662530954591,0.7980859996427017
polarized_n100,100,11,34,0.5109738926853463,0.04911968384930053,0.4618542088360458,0.5600935765346469,0.5153662530954591,0.7980859996427017
polarized_n100,100,11,35,0.510662383663889,0.022524511421244314,0.4881378722426447,0.5331868950851334,0.5153662530954591,0.7980859996427017
polarized_n100,100,11,36,0.5113935223439054,0.06882614543707255,0.4425673769068329,0.580219667780978,0.5153662530954591,0.7980859996427017
polarized_n100,100,11,37,0.512687768542209,0.02723232454362276,0.4854554439985862,0.5399200930858318,0.5153662530954591,0.7980859996427017
polarized_n100,100,11,38,0.45272198854249235,0.057250532688021175,0.3954714558544712,0.5099725212305135,0.5153662530954591,0.7980859996427017
polarized_n100,100,11,39,0.5136967688491081,0.04853694856910239,0.4651598202800057,0.5622337174182105,0.5153662530954591,0.7980859996427017
polarized_n100,100,11,40,0.5103052863626769,0.06785520663539986,0.44245007972727707,0.5781604929980768,0.5153662530954591,0.7980859996427017
polarized_n100,100,11,41,0.5105675591284343,0.039042779980491035,0.4715247791479433,0.5496103391089253,0.5153662530954591,0.7980859996427017
polarized_n100,100,11,42,0.5130421100098123,0.02297476590513185,0.4900673441046804,0.5360168759149441,0.5153662530954591,0.7980859996427017
polarized_n100,100,11,43,0.5070383842536651,0.062203383640086804,0.4448350006135783,0.5692417678937519,0.5153662530954591,0.7980859996427017
polarized_n100,100,11,44,0.5132632280421695,0.03074534040166308,0.4825178876405064,0.5440085684438326,0.5153662530954591,0.7980859996427017
polarized_n100,100,11,45,0.5109713041000681,0.06384364089984736,0.44712766320022074,0.5748149449999155,0.5153662530954591,0.7980859996427017
polarized_n100,100,11,46,0.5110499595561345,0.02472577117569657,0.48632418838043795,0.535775730731831,0.5153662530954591,0.7980859996427017
polarized_n100,100,11,47,0.5139253697819978,0.0548954523183965,0.4590299174636013,0.5688208221003943,0.5153662530954591,0.7980859996427017
polarized_n100,100,11,48,0.5010782419445022,0.0589670059870472,0.44211123595745505,0.5600452479315494,0.5153662530954591,0.7980859996427017
polarized_n100,100,11,49,0.5118791447812091,0.05420946894376835,0.4576696758374408,0.5660886137249774,0.5153662530954591,0.7980859996427017
polarized_n100,100,11,50,0.5106145510931865,0.07071673356237873,0.4398978175308078,0.5813312846555653,0.5153662530954591,0.7980859996427017
polarized_n100,100,11,51,0.5126062741987846,0.04684118947763831,0.46576508472114625,0.5594474636764228,0.5153662530954591,0.7980859996427017
polarized_n100,100,11,52,0.510105786130617,0.0571881689842057,0.45291761714641127,0.5672939551148226,0.5153662530954591,0.7980859996427017
polarized_n100,100,11,53,0.508702824194745,0.03870800809697694,0.46999481609776805,0.5474108322917219,0.5153662530954591,0.7980859996427017
polarized_n100,100,11,54,0.5112227020045249,0.07515742944721751,0.4360652725573074,0.5863801314517424,0.5153662530954591,0.7980859996427017
polarized_n100,100,11,55,0.5087981411066501,0.046909846219163595,0.4618882948874865,0.5557079873258137,0.5153662530954591,0.7980859996427017
polarized_n100,100,11,56,0.6371123967492965,0.0548605955899687,0.5822518011593278,0.6919729923392652,0.5153662530954591,0.7980859996427017
polarized_n100,100,11,57,0.5102765627141045,0.04361600009498748,0.46666056261911704,0.5538925628090919,0.5153662530954591,0.7980859996427017
polarized_n100,100,11,58,0.511452509296196,0.07943983921305055,0.4320126700831455,0.5908923485092465,0.5153662530954591,0.7980859996427017
polarized_n100,100,11,59,0.6346497781992069,0.03644135337225965,0.5982084248269472,0.6710911315714665,0.5153662530954591,0.7980859996427017
polarized_n100,100,11,60,0.5383182149857476,0.06541877674486613,0.4728994382408815,0.6037369917306137,0.5153662530954591,0.7980859996427017
polarized_n100,100,11,61,0.5077436440196609,0.07183004252876772,0.43591360149089314,0.5795736865484286,0.5153662530954591,0.7980859996427017
polarized_n100,100,11,62,0.5280437325611532,0.050796840711428745,0.47724689184972446,0.578840573272582,0.5153662530954591,0.7980859996427017
polarized_n100,100,11,63,0.525457881884233,0.06818898193090207,0.457268899953331,0.5936468638151351,0.5153662530954591,0.7980859996427017
polarized_n100,100,11,64,0.49598039429439655,0.07732365679877466,0.4186567374956219,0.5733040510931712,0.5153662530954591,0.7980859996427017
polarized_n100,100,11,65,0.5122583260164157,0.03471252886789718,0.4775457971485186,0.546970854884313,0.5153662530954591,0.7980859996427017
polarized_n100,100,11,66,0.504900041382262,0.057053877210004614,0.44784616417225737,0.5619539185922666,0.5153662530954591,0.7980859996427017
polarized_n100,100,11,67,0.510914027831505,0.03306482801882353,0.4778491998126814,0.5439788558503285,0.5153662530954591,0.7980859996427017
polarized_n100,100,11,68,0.658448625470101,0.07619896045299067,0.5822496650171103,0.7346475859230917,0.5153662530954591,0.7980859996427017
polarized_n100,100,11,69,0.5130749234017471,0.033350493208970974,0.4797244301927761,0.5464254166107181,0.5153662530954591,0.7980859996427017
polarized_n100,100,11,70,0.5128792603037109,0.0360094267119649,0.476869833591746,0.5488886870156758,0.5153662530954591,0.7980859996427017
polarized_n100,100,11,71,0.5117668544202303,0.07798988488042775,0.43377696953980255,0.5897567393006581,0.5153662530954591,0.7980859996427017
polarized_n100,100,11,72,0.5121657681982796,0.05439686588302195,0.4577689023152577,0.5665626340813016,0.5153662530954591,0.7980859996427017
polarized_n100,100,11,73,0.6733709700461041,0.07613386565105072,0.5972371043950534,0.7495048356971549,0.5153662530954591,0.7980859996427017
polarized_n100,100,11,74,0.510408694370953,0.03045921351297952,0.4799494808579735,0.5408679078839326,0.5153662530954591,0.7980859996427017
polarized_n100,100,11,75,0.5041393602956372,0.06421397353508644,0.43992538676055076,0.5683533338307236,0.5153662530954591,0.7980859996427017
polarized_n100,100,11,76,0.5121100011107693,0.0511105613954046,0.4609994397153647,0.5632205625061739,0.5153662530954591,0.7980859996427017
polarized_n100,100,11,77,0.5124599720711193,0.05280635060335398,0.4596536214677653,0.5652663226744732,0.5153662530954591,0.7980859996427017
polarized_n100,100,11,78,0.5121403933889285,0.0698139450378733,0.44232644835105517,0.5819543384268018,0.5153662530954591,0.7980859996427017
polarized_n100,100,11,79,0.5133861926949603,0.022196483752201075,0.49118970894275926,0.5355826764471614,0.5153662530954591,0.7980859996427017
polarized_n100,100,11,80,0.501181448288423,0.07205961970061724,0.4291218285878058,0.5732410679890403,0.5153662530954591,0.7980859996427017
polarized_n100,100,11,81,0.611177110891749,0.05327197107300832,0.5579051398187407,0.6644490819647573,0.5153662530954591,0.7980859996427017
polarized_n100,100,11,82,0.5000877829703717,0.024722613151822673,0.47536516981854904,0.5248103961221944,0.5153662530954591,0.7980859996427017
polarized_n100,100,11,83,0.5082149635993597,0.07747491198029495,0.43074005161906476,0.5856898755796547,0.5153662530954591,0.7980859996427017
polarized_n100,100,11,84,0.5121695060483248,0.04276196128971046,0.46940754475861435,0.5549314673380352,0.5153662530954591,0.7980859996427017
polarized_n100,100,11,85,0.5100075299936144,0.05042896702443275,0.45957856296918165,0.5604364970180472,0.5153662530954591,0.7980859996427017
polarized_n100,100,11,86,0.5086570330808808,0.07225004880367647,0.43640698427720437,0.5809070818845573,0.5153662530954591,0.7980859996427017
polarized_n100,100,11,87,0.5128006653582927,0.03783214772552676,0.47496851763276593,0.5506328130838195,0.5153662530954591,0.7980859996427017
polarized_n100,100,11,88,0.505307448186021,0.02515192861876235,0.48015551956725866,0.5304593768047834,0.5153662530954591,0.7980859996427017
polarized_n100,100,11,89,0.5045155936459252,0.020040888956143726,0.4844747046897815,0.524556482602069,0.5153662530954591,0.7980859996427017
polarized_n100,100,11,90,0.5157750740474479,0.052934292044798145,0.4628407820026498,0.5687093660922461,0.5153662530954591,0.7980859996427017
polarized_n100,100,11,91,0.5786442724618224,0.04277080547507493,0.5358734669867474,0.6214150779368973,0.5153662530954591,0.7980859996427017
polarized_n100,100,11,92,0.6053272689542473,0.0639513343738887,0.5413759345803586,0.6692786033281359,0.5153662530954591,0.7980859996427017
polarized_n100,100,11,93,0.6083713686278647,0.07279272330711781,0.5355786453207468,0.6811640919349825,0.5153662530954591,0.7980859996427017
polarized_n100,100,11,94,0.49886659668338446,0.0733889847026697,0.42547761198071476,0.5722555813860541,0.5153662530954591,0.7980859996427017
polarized_n100,100,11,95,0.4971293824940156,0.0771401021297727,0.41998928036424293,0.5742694846237884,0.5153662530954591,0.7980859996427017
polarized_n100,100,11,96,0.5236024196594722,0.03438168431630597,0.48922073534316624,0.5579841039757781,0.5153662530954591,0.7980859996427017
polarized_n100,100,11,97,0.6090322347247752,0.07460319455902874,0.5344290401657464,0.6836354292838039,0.5153662530954591,0.7980859996427017
polarized_n100,100,11,98,0.5100323550531279,0.07350321319650714,0.4365291418566208,0.583535568249635,0.5153662530954591,0.7980859996427017
polarized_n100,100,11,99,0.4985476725523516,0.0688498876895592,0.4296977848627924,0.5673975602419108,0.5153662530954591,0.7980859996427017
polarized_n100,100,12,0,0.517816499629452,0.07861928108773808,0.4391972185417139,0.5964357807171901,0.5199736970742735,0.820344816058557
polarized_n100,100,12,1,0.5158145993852576,0.07904767702348442,0.4367669223617732,0.5948622764087421,0.5199736970742735,0.820344816058557
polarized_n100,100,12,2,0.5106715985130819,0.07105328518459336,0.4396183133284885,0.5817248836976752,0.5199736970742735,0.820344816058557
polarized_n100,100,12,3,0.5169729326163726,0.04199335468333482,0.47497957793303774,0.5589662872997074,0.5199736970742735,0.820344816058557
polarized_n100,100,12,4,0.5196868615424732,0.023614795221007612,0.4960720663214656,0.5433016567634809,0.5199736970742735,0.820344816058557
polarized_n100,100,12,5,0.5124974531814339,0.03839356349373353,0.4741038896877004,0.5508910166751675,0.5199736970742735,0.820344816058557
polarized_n100,100,12,6,0.4930936453291714,0.047780567591516325,0.44531307773765505,0.5408742129206877,0.5199736970742735,0.820344816058557
polarized_n100,100,12,7,0.5156725137955912,0.05689699049161058,0.45877552330398064,0.5725695042872018,0.5199736970742735,0.820344816058557
polarized_n100,100,12,8,0.5168906750576852,0.02564457726458723,0.4912460977930979,0.5425352523222724,0.5199736970742735,0.820344816058557
polarized_n100,100,12,9,0.516286703491925,0.06317213667057199,0.453114566821353,0.5794588401624969,0.5199736970742735,0.820344816058557
polarized_n100,100,12,10,0.5158600009449554,0.0519786217665438,0.46388137917841166,0.5678386227114992,0.5199736970742735,0.820344816058557
polarized_n100,100,12,11,0.5124031614782792,0.05598919024239038,0.4564139712358889,0.5683923517206696,0.5199736970742735,0.820344816058557
polarized_n100,100,12,12,0.46460112986768504,0.07719825103432292,0.3874028788333621,0.541799380902008,0.5199736970742735,0.820344816058557
polarized_n100,100,12,13,0.5163046026918281,0.02365473561606386,0.49264986707576425,0.539959338307892,0.5199736970742735,0.820344816058557
polarized_n100,100,12,14,0.5176514062984143,0.060197592334034766,0.45745381396437956,0.5778489986324491,0.5199736970742735,0.820344816058557
polarized_n100,100,12,15,0.37636400117789076,0.07843897967091228,0.29792502150697847,0.45480298084880305,0.5199736970742735,0.820344816058557
polarized_n100,100,12,16,0.5166734356015319,0.02462563932980327,0.4920477962717286,0.5412990749313351,0.5199736970742735,0.820344816058557
polarized_n100,100,12,17,0.5137113427070585,0.07568706965144527,0.43802427305561326,0.5893984123585038,0.5199736970742735,0.820344816058557
polarized_n100,100,12,18,0.5153865904971662,0.07457463432096467,0.4408119561762015,0.5899612248181308,0.5199736970742735,0.820344816058557
polarized_n100,100,12,19,0.5163975668228696,0.021614518140441755,0.4947830486824279,0.5380120849633114,0.5199736970742735,0.820344816058557
polarized_n100,100,12,20,0.5160869257894767,0.0380438916663014,0.4780430341231753,0.5541308174557781,0.5199736970742735,0.820344816058557
polarized_n100,100,12,21,0.5161338908636588,0.07633420287715346,0.4397996879865053,0.5924680937408122,0.5199736970742735,0.820344816058557
polarized_n100,100,12,22,0.5149484733340123,0.04925848826849345,0.46568998506551884,0.5642069616025057,0.5199736970742735,0.820344816058557
polarized_n100,100,12,23,0.4137440642175263,0.03372363387924311,0.3800204303382832,0.4474676980967694,0.5199736970742735,0.820344816058557
polarized_n100,100,12,24,0.5148076629083675,0.0598782764722597,0.45492938643610786,0.5746859393806273,0.5199736970742735,0.820344816058557
polarized_n100,100,12,25,0.517448409726987,0.07017866763096088,0.44726974209602616,0.587627077357948,0.5199736970742735,0.820344816058557
polarized_n100,100,12,26,0.4948871267854338,0.06676646695939327,0.42812065982604053,0.561653593744827,0.5199736970742735,0.820344816058557
polarized_n100,100,12,27,0.5158555060751077,0.0447438875207581,0.4711116185543496,0.5605993935958657,0.5199736970742735,0.820344816058557
polarized_n100,100,12,28,0.4875460284524961,0.06877625607277149,0.4187697723797246,0.5563222845252676,0.5199736970742735,0.820344816058557
polarized_n100,100,12,29,0.5149203422833153,0.043684988720462045,0.47123535356285323,0.5586053310037773,0.5199736970742735,0.820344816058557
polarized_n100,100,12,30,0.5159908159119467,0.025593409147593376,0.49039740676435334,0.5415842250595401,0.5199736970742735,0.820344816058557
polarized_n100,100,12,31,0.5187681388341545,0.03820913730275319,0.4805590015314013,0.5569772761369077,0.5199736970742735,0.820344816058557
polarized_n100,100,12,32,0.5163205764453911,0.06608513305129528,0.4502354433940958,0.5824057094966864,0.5199736970742735,0.820344816058557
polarized_n100,100,12,33,0.5163091843349893,0.07643538027275762,0.43987380406223164,0.5927445646077469,0.5199736970742735,0.820344816058557
polarized_n100,100,12,34,0.515731252736171,0.04911968384930053,0.4666115688868705,0.5648509365854716,0.5199736970742735,0.820344816058557
polarized_n100,100,12,35,0.5163377609754889,0.022524511421244314,0.49381324955424455,0.5388622723967332,0.5199736970742735,0.820344816058557
polarized_n100,100,12,36,0.5159303366017,0.06882614543707255,0.4471041911646274,0.5847564820387725,0.5199736970742735,0.820344816058557
polarized_n100,100,12,37,0.5183096213709435,0.02723232454362276,0.4910772968273207,0.5455419459145663,0.5199736970742735,0.820344816058557
polarized_n100,100,12,38,0.47029564183243283,0.057250532688021175,0.41304510914441167,0.527546174520454,0.5199736970742735,0.820344816058557
polarized_n100,100,12,39,0.5182979030933716,0.04853694856910239,0.46976095452426925,0.566834851662474,0.5199736970742735,0.820344816058557
polarized_n100,100,12,40,0.5157917910270147,0.06785520663539986,0.4479365843916148,0.5836469976624146,0.5199736970742735,0.820344816058557
polarized_n100,100,12,41,0.5169401955335825,0.039042779980491035,0.47789741555309145,0.5559829755140735,0.5199736970742735,0.820344816058557
polarized_n100,100,12,42,0.5184306797359459,0.02297476590513185,0.49545591383081405,0.5414054456410777,0.5199736970742735,0.820344816058557
polarized_n100,100,12,43,0.5144300587218168,0.062203383640086804,0.45222667508173,0.5766334423619036,0.5199736970742735,0.820344816058557
polarized_n100,100,12,44,0.5185039110790434,0.03074534040166308,0.48775857067738027,0.5492492514807065,0.5199736970742735,0.820344816058557
polarized_n100,100,12,45,0.5170890278269369,0.06384364089984736,0.45324538692708954,0.5809326687267843,0.5199736970742735,0.820344816058557
polarized_n100,100,12,46,0.5163886671838837,0.02472577117569657,0.4916628960081871,0.5411144383595802,0.5199736970742735,0.820344816058557
polarized_n100,100,12,47,0.5182085751629074,0.0548954523183965,0.4633131228445109,0.573104027481304,0.5199736970742735,0.820344816058557
polarized_n100,100,12,48,0.5123706094840831,0.0589670059870472,0.4534036034970359,0.5713376154711303,0.5199736970742735,0.820344816058557
polarized_n100,100,12,49,0.5178464095241676,0.05420946894376835,0.4636369405803993,0.5720558784679359,0.5199736970742735,0.820344816058557
polarized_n100,100,12,50,0.5175813180742739,0.07071673356237873,0.44686458451189515,0.5882980516366526,0.5199736970742735,0.820344816058557
polarized_n100,100,12,51,0.5189483261641846,0.04684118947763831,0.4721071366865463,0.5657895156418229,0.5199736970742735,0.820344816058557
polarized_n100,100,12,52,0.5171307111897809,0.0571881689842057,0.45994254220557523,0.5743188801739867,0.5199736970742735,0.820344816058557
polarized_n100,100,12,53,0.5159481043096479,0.03870800809697694,0.47724009621267094,0.5546561124066248,0.5199736970742735,0.820344816058557
polarized_n100,100,12,54,0.5178605301046124,0.07515742944721751,0.44270310065739493,0.5930179595518299,0.5199736970742735,0.820344816058557
polarized_n100,100,12,55,0.5158915727991901,0.046909846219163595,0.46898172658002646,0.5628014190183537,0.5199736970742735,0.820344816058557
polarized_n100,100,12,56,0.6254502987090099,0.0548605955899687,0.5705897031190412,0.6803108942989786,0.5199736970742735,0.820344816058557
polarized_n100,100,12,57,0.5171031253349413,0.04361600009498748,0.47348712523995384,0.5607191254299287,0.5199736970742735,0.820344816058557
polarized_n100,100,12,58,0.5179107491398146,0.07943983921305055,0.4384709099267641,0.5973505883528651,0.5199736970742735,0.820344816058557
polarized_n100,100,12,59,0.6230192611910219,0.03644135337225965,0.5865779078187623,0.6594606145632815,0.5199736970742735,0.820344816058557
polarized_n100,100,12,60,0.5215433231443505,0.06541877674486613,0.45612454639948435,0.5869620998892167,0.5199736970742735,0.820344816058557
polarized_n100,100,12,61,0.515098164788935,0.07183004252876772,0.44326812226016726,0.5869282073177027,0.5199736970742735,0.820344816058557
polarized_n100,100,12,62,0.5138345073351638,0.050796840711428745,0.463037666623735,0.5646313480465925,0.5199736970742735,0.820344816058557
polarized_n100,100,12,63,0.5116784242770125,0.06818898193090207,0.44348944234611043,0.5798674062079145,0.5199736970742735,0.820344816058557
polarized_n100,100,12,64,0.5033453204274168,0.07732365679877466,0.4260216636286421,0.5806689772261914,0.5199736970742735,0.820344816058557
polarized_n100,100,12,65,0.5185628719493706,0.03471252886789718,0.4838503430814734,0.5532754008172678,0.5199736970742735,0.820344816058557
polarized_n100,100,12,66,0.513550105259823,0.057053877210004614,0.45649622804981843,0.5706039824698277,0.5199736970742735,0.820344816058557
polarized_n100,100,12,67,0.5178598161782645,0.03306482801882353,0.48479498815944094,0.550924644197088,0.5199736970742735,0.820344816058557
polarized_n100,100,12,68,0.6467272001568714,0.07619896045299067,0.5705282397038807,0.722926160609862,0.5199736970742735,0.820344816058557
polarized_n100,100,12,69,0.5192289340092082,0.033350493208970974,0.48587844080023723,0.5525794272181792,0.5199736970742735,0.820344816058557
polarized_n100,100,12,70,0.5190723719093184,0.0360094267119649,0.48306294519735354,0.5550817986212834,0.5199736970742735,0.820344816058557
polarized_n100,100,12,71,0.5179899989677267,0.07798988488042775,0.44000011408729894,0.5959798838481545,0.5199736970742735,0.820344816058557
polarized_n100,100,12,72,0.5183755053875814,0.05439686588302195,0.4639786395045594,0.5727723712706033,0.5199736970742735,0.820344816058557
polarized_n100,100,12,73,0.6610481603621328,0.07613386565105072,0.584914294711082,0.7371820260131835,0.5199736970742735,0.820344816058557
polarized_n100,100,12,74,0.5174900256057796,0.03045921351297952,0.4870308120928001,0.5479492391187591,0.5199736970742735,0.820344816058557
polarized_n100,100,12,75,0.5126793029560953,0.06421397353508644,0.44846532942100886,0.5768932764911817,0.5199736970742735,0.820344816058557
polarized_n100,100,12,76,0.5184277251398454,0.0511105613954046,0.46731716374444077,0.56953828653525,0.5199736970742735,0.820344816058557
polarized_n100,100,12,77,0.5185999646956673,0.05280635060335398,0.4657936140923133,0.5714063152990212,0.5199736970742735,0.820344816058557
polarized_n100,100,12,78,0.5182461186604331,0.0698139450378733,0.4484321736225598,0.5880600636983064,0.5199736970742735,0.820344816058557
polarized_n100,100,12,79,0.5196056802682647,0.022196483752201075,0.49740919651606363,0.5418021640204658,0.5199736970742735,0.820344816058557
polarized_n100,100,12,80,0.5025279633639276,0.07205961970061724,0.4304683436633103,0.5745875830645448,0.5199736970742735,0.820344816058557
polarized_n100,100,12,81,0.5976073597537835,0.05327197107300832,0.5443353886807752,0.6508793308267918,0.5199736970742735,0.820344816058557
polarized_n100,100,12,82,0.5094707778650402,0.024722613151822673,0.4847481647132176,0.5341933910168629,0.5199736970742735,0.820344816058557
polarized_n100,100,12,83,0.5155892012656274,0.07747491198029495,0.4381142892853324,0.5930641132459223,0.5199736970742735,0.820344816058557
polarized_n100,100,12,84,0.5184466039510476,0.04276196128971046,0.47568464266133714,0.561208565240758,0.5199736970742735,0.820344816058557
polarized_n100,100,12,85,0.5171837481818786,0.05042896702443275,0.46675478115744584,0.5676127152063114,0.5199736970742735,0.820344816058557
polarized_n100,100,12,86,0.5159328019837901,0.07225004880367647,0.44368275318011363,0.5881828507874666,0.5199736970742735,0.820344816058557
polarized_n100,100,12,87,0.5190328120197109,0.03783214772552676,0.48120066429418407,0.5568649597452376,0.5199736970742735,0.820344816058557
polarized_n100,100,12,88,0.5139301408102619,0.02515192861876235,0.48877821219149953,0.5390820694290243,0.5199736970742735,0.820344816058557
polarized_n100,100,12,89,0.5135967948453968,0.020040888956143726,0.493555905889253,0.5336376838015405,0.5199736970742735,0.820344816058557
polarized_n100,100,12,90,0.5068769082899599,0.052934292044798145,0.45394261624516175,0.5598112003347581,0.5199736970742735,0.820344816058557
polarized_n100,100,12,91,0.5643764334067355,0.04277080547507493,0.5216056279316605,0.6071472388818104,0.5199736970742735,0.820344816058557
polarized_n100,100,12,92,0.589427190448378,0.0639513343738887,0.5254758560744893,0.6533785248222667,0.5199736970742735,0.820344816058557
polarized_n100,100,12,93,0.5913425016042286,0.07279272330711781,0.5185497782971108,0.6641352249113465,0.5199736970742735,0.820344816058557
polarized_n100,100,12,94,0.5072125348110699,0.0733889847026697,0.4338235501084002,0.5806015195137396,0.5199736970742735,0.820344816058557
polarized_n100,100,12,95,0.5030055415122447,0.0771401021297727,0.42586543938247207,0.5801456436420175,0.5199736970742735,0.820344816058557
polarized_n100,100,12,96,0.512846407983308,0.03438168431630597,0.4784647236670021,0.547228092299614,0.5199736970742735,0.820344816058557
polarized_n100,100,12,97,0.5934744513377903,0.07460319455902874,0.5188712567787616,0.6680776458968191,0.5199736970742735,0.820344816058557
polarized_n100,100,12,98,0.5171180559659426,0.07350321319650714,0.44361484276943547,0.5906212691624497,0.5199736970742735,0.820344816058557
polarized_n100,100,12,99,0.503137651049007,0.0688498876895592,0.4342877633594478,0.5719875387385662,0.5199736970742735,0.820344816058557
polarized_n100,100,13,0,0.523899371890708,0.07861928108773808,0.44528009080296993,0.6025186529784461,0.524732022271834,0.8397308414491971
polarized_n100,100,13,1,0.5212715027060311,0.07904767702348442,0.44222382568254665,0.6003191797295155,0.524732022271834,0.8397308414491971
polarized_n100,100,13,2,0.5196228629516997,0.07105328518459336,0.4485695777671063,0.590676148136293,0.524732022271834,0.8397308414491971
polarized_n100,100,13,3,0.521830504140693,0.04199335468333482,0.47983714945735817,0.5638238588240279,0.524732022271834,0.8397308414491971
polarized_n100,100,13,4,0.5255465926484779,0.023614795221007612,0.5019317974274703,0.5491613878694855,0.524732022271834,0.8397308414491971
polarized_n100,100,13,5,0.5216197602965994,0.03839356349373353,0.4832261968028659,0.560013323790333,0.524732022271834,0.8397308414491971
polarized_n100,100,13,6,0.5097851838662649,0.047780567591516325,0.4620046162747486,0.5575657514577812,0.524732022271834,0.8397308414491971
polarized_n100,100,13,7,0.5217882032474832,0.05689699049161058,0.46489121275587264,0.5786851937390938,0.524732022271834,0.8397308414491971
polarized_n100,100,13,8,0.5229624007958742,0.02564457726458723,0.49731782353128695,0.5486069780604614,0.524732022271834,0.8397308414491971
polarized_n100,100,13,9,0.5219148696283114,0.06317213667057199,0.4587427329577394,0.5850870062988833,0.524732022271834,0.8397308414491971
polarized_n100,100,13,10,0.5230124764134505,0.0519786217665438,0.4710338546469067,0.5749910981799943,0.524732022271834,0.8397308414491971
polarized_n100,100,13,11,0.5200819183155313,0.05598919024239038,0.46409272807314095,0.5760711085579217,0.524732022271834,0.8397308414491971
polarized_n100,100,13,12,0.48171417104156694,0.07719825103432292,0.404515920007244,0.5589124220758899,0.524732022271834,0.8397308414491971
polarized_n100,100,13,13,0.5212002964333406,0.02365473561606386,0.4975455608172768,0.5448550320494046,0.524732022271834,0.8397308414491971
polarized_n100,100,13,14,0.5234777215342464,0.060197592334034766,0.46328012920021167,0.5836753138682812,0.524732022271834,0.8397308414491971
polarized_n100,100,13,15,0.38739017508417173,0.07843897967091228,0.30895119541325944,0.465829154755084,0.524732022271834,0.8397308414491971
polarized_n100,100,13,16,0.5218036694107794,0.02462563932980327,0.4971780300809761,0.5464293087405826,0.524732022271834,0.8397308414491971
polarized_n100,100,13,17,0.520819365120039,0.07568706965144527,0.44513229546859373,0.5965064347714842,0.524732022271834,0.8397308414491971
polarized_n100,100,13,18,0.5205970118707544,0.07457463432096467,0.4460223775497897,0.595171646191719,0.524732022271834,0.8397308414491971
polarized_n100,100,13,19,0.5225114695271827,0.021614518140441755,0.500896951386741,0.5441259876676245,0.524732022271834,0.8397308414491971
polarized_n100,100,13,20,0.5222103488617226,0.0380438916663014,0.4841664571954212,0.560254240528024,0.524732022271834,0.8397308414491971
polarized_n100,100,13,21,0.5213425452902225,0.07633420287715346,0.445008342413069,0.5976767481673759,0.524732022271834,0.8397308414491971
polarized_n100,100,13,22,0.5204058440947132,0.04925848826849345,0.4711473558262198,0.5696643323632067,0.524732022271834,0.8397308414491971
polarized_n100,100,13,23,0.43352926415624526,0.03372363387924311,0.39980563027700217,0.46725289803548836,0.524732022271834,0.8397308414491971
polarized_n100,100,13,24,0.52040191856383,0.0598782764722597,0.4605236420915703,0.5802801950360897,0.524732022271834,0.8397308414491971
polarized_n100,100,13,25,0.524137080611238,0.07017866763096088,0.4539584129802771,0.5943157482421989,0.524732022271834,0.8397308414491971
polarized_n100,100,13,26,0.5081106962913413,0.06676646695939327,0.44134422933194806,0.5748771632507346,0.524732022271834,0.8397308414491971
polarized_n100,100,13,27,0.5210232043824492,0.0447438875207581,0.4762793168616911,0.5657670919032073,0.524732022271834,0.8397308414491971
polarized_n100,100,13,28,0.505979117061031,0.06877625607277149,0.43720286098825956,0.5747553731338025,0.524732022271834,0.8397308414491971
polarized_n100,100,13,29,0.5199572926177479,0.043684988720462045,0.47627230389728586,0.5636422813382099,0.524732022271834,0.8397308414491971
polarized_n100,100,13,30,0.5225589842184042,0.025593409147593376,0.4969655750708108,0.5481523933659975,0.524732022271834,0.8397308414491971
polarized_n100,100,13,31,0.5247664899802023,0.03820913730275319,0.48655735267744904,0.5629756272829555,0.524732022271834,0.8397308414491971
polarized_n100,100,13,32,0.5224535053096435,0.06608513305129528,0.45636837225834825,0.5885386383609388,0.524732022271834,0.8397308414491971
polarized_n100,100,13,33,0.5226235155332186,0.07643538027275762,0.44618813526046097,0.5990588958059763,0.524732022271834,0.8397308414491971
polarized_n100,100,13,34,0.5208470047842336,0.04911968384930053,0.4717273209349331,0.5699666886335342,0.524732022271834,0.8397308414491971
polarized_n100,100,13,35,0.5223020624385039,0.022524511421244314,0.4997775510172595,0.5448265738597482,0.524732022271834,0.8397308414491971
polarized_n100,100,13,36,0.5208090538297577,0.06882614543707255,0.4519829083926852,0.5896351992668303,0.524732022271834,0.8397308414491971
polarized_n100,100,13,37,0.5242151712682482,0.02723232454362276,0.49698284672462545,0.551447495811871,0.524732022271834,0.8397308414491971
polarized_n100,100,13,38,0.48694609150825613,0.057250532688021175,0.42969555882023497,0.5441966241962773,0.524732022271834,0.8397308414491971
polarized_n100,100,13,39,0.5226688427922257,0.04853694856910239,0.4741318942231233,0.5712057913613281,0.524732022271834,0.8397308414491971
polarized_n100,100,13,40,0.5216702218205254,0.06785520663539986,0.4538150151851255,0.5895254284559253,0.524732022271834,0.8397308414491971
polarized_n100,100,13,41,0.5231197655565982,0.039042779980491035,0.4840769855761072,0.5621625455370892,0.524732022271834,0.8397308414491971
polarized_n100,100,13,42,0.5242572051778066,0.02297476590513185,0.5012824392726748,0.5472319710829384,0.524732022271834,0.8397308414491971
polarized_n100,100,13,43,0.5199090940536368,0.062203383640086804,0.45770571041355,0.5821124776937237,0.524732022271834,0.8397308414491971
polarized_n100,100,13,44,0.5241953738851819,0.03074534040166308,0.4934500334835188,0.554940714286845,0.524732022271834,0.8397308414491971
polarized_n100,100,13,45,0.523260307280431,0.06384364089984736,0.4594166663805837,0.5871039481802784,0.524732022271834,0.8397308414491971
polarized_n100,100,13,46,0.5220850802949321,0.02472577117569657,0.4973593091192355,0.5468108514706286,0.524732022271834,0.8397308414491971
polarized_n100,100,13,47,0.5247554938714347,0.0548954523183965,0.46986004155303823,0.5796509461898313,0.524732022271834,0.8397308414491971
polarized_n100,100,13,48,0.5202390249392164,0.0589670059870472,0.4612720189521692,0.5792060309262635,0.524732022271834,0.8397308414491971
polarized_n100,100,13,49,0.5238149129491183,0.05420946894376835,0.46960544400535,0.5780243818928866,0.524732022271834,0.8397308414491971
polarized_n100,100,13,50,0.5236720320041649,0.07071673356237873,0.45295529844178617,0.5943887655665436,0.524732022271834,0.8397308414491971
polarized_n100,100,13,51,0.5245691832234262,0.04684118947763831,0.47772799374578784,0.5714103727010644,0.524732022271834,0.8397308414491971
polarized_n100,100,13,52,0.5235586584782124,0.0571881689842057,0.46637048949400667,0.5807468274624181,0.524732022271834,0.8397308414491971
polarized_n100,100,13,53,0.5227573383149976,0.03870800809697694,0.48404933021802066,0.5614653464119745,0.524732022271834,0.8397308414491971
polarized_n100,100,13,54,0.5237202719954328,0.07515742944721751,0.4485628425482153,0.5988777014426503,0.524732022271834,0.8397308414491971
polarized_n100,100,13,55,0.5226129783687598,0.046909846219163595,0.47570313214959614,0.5695228245879234,0.524732022271834,0.8397308414491971
polarized_n100,100,13,56,0.613965449782102,0.0548605955899687,0.5591048541921333,0.6688260453720707,0.524732022271834,0.8397308414491971
polarized_n100,100,13,57,0.5235081191992269,0.04361600009498748,0.47989211910423946,0.5671241192942144,0.524732022271834,0.8397308414491971
polarized_n100,100,13,58,0.5237013793477374,0.07943983921305055,0.4442615401346869,0.603141218560788,0.524732022271834,0.8397308414491971
polarized_n100,100,13,59,0.6115706197903511,0.03644135337225965,0.5751292664180915,0.6480119731626107,0.524732022271834,0.8397308414491971
polarized_n100,100,13,60,0.5122300148476445,0.06541877674486613,0.4468112381027784,0.5776487915925106,0.524732022271834,0.8397308414491971
polarized_n100,100,13,61,0.5219033883206192,0.07183004252876772,0.4500733457918515,0.5937334308493869,0.524732022271834,0.8397308414491971
polarized_n100,100,13,62,0.5087150596221875,0.050796840711428745,0.4579182189107588,0.5595119003336163,0.524732022271834,0.8397308414491971
polarized_n100,100,13,63,0.5081838661839932,0.06818898193090207,0.4399948842530912,0.5763728481148953,0.524732022271834,0.8397308414491971
polarized_n100,100,13,64,0.5132970548099438,0.07732365679877466,0.43597339801116913,0.5906207116087184,0.524732022271834,0.8397308414491971
polarized_n100,100,13,65,0.524565249461477,0.03471252886789718,0.4898527205935798,0.5592777783293742,0.524732022271834,0.8397308414491971
polarized_n100,100,13,66,0.5211205849837,0.057053877210004614,0.46406670777369535,0.5781744621937046,0.524732022271834,0.8397308414491971
polarized_n100,100,13,67,0.5242150562848962,0.03306482801882353,0.49115022826607263,0.5572798843037197,0.524732022271834,0.8397308414491971
polarized_n100,100,13,68,0.6351507624966505,0.07619896045299067,0.5589518020436598,0.7113497229496412,0.524732022271834,0.8397308414491971
polarized_n100,100,13,69,0.5250348600617684,0.033350493208970974,0.49168436685279737,0.5583853532707393,0.524732022271834,0.8397308414491971
polarized_n100,100,13,70,0.5249044450495971,0.0360094267119649,0.4888950183376322,0.560913871761562,0.524732022271834,0.8397308414491971
polarized_n100,100,13,71,0.523692043422574,0.07798988488042775,0.4457021585421463,0.6016819283030018,0.524732022271834,0.8397308414491971
polarized_n100,100,13,72,0.5241090866739619,0.05439686588302195,0.46971222079094,0.5785059525569839,0.524732022271834,0.8397308414491971
polarized_n100,100,13,73,0.6488650632564034,0.07613386565105072,0.5727311976053526,0.7249989289074541,0.524732022271834,0.8397308414491971
polarized_n100,100,13,74,0.5240351322478316,0.03045921351297952,0.49357591873485207,0.5544943457608111,0.524732022271834,0.8397308414491971
polarized_n100,100,13,75,0.520256492952229,0.06421397353508644,0.4560425194171425,0.5844704664873154,0.524732022271834,0.8397308414491971
polarized_n100,100,13,76,0.5241695728461766,0.0511105613954046,0.473059011450772,0.5752801342415812,0.524732022271834,0.8397308414491971
polarized_n100,100,13,77,0.5243516118286065,0.05280635060335398,0.4715452612252525,0.5771579624319605,0.524732022271834,0.8397308414491971
polarized_n100,100,13,78,0.5239213747250515,0.0698139450378733,0.4541074296871782,0.5937353197629248,0.524732022271834,0.8397308414491971
polarized_n100,100,13,79,0.525491620660447,0.022196483752201075,0.5032951369082459,0.547688104412648,0.524732022271834,0.8397308414491971
polarized_n100,100,13,80,0.5098130147355865,0.07205961970061724,0.43775339503496924,0.5818726344362037,0.524732022271834,0.8397308414491971
polarized_n100,100,13,81,0.5843411508492313,0.05327197107300832,0.531069179776223,0.6376131219222396,0.524732022271834,0.8397308414491971
polarized_n100,100,13,82,0.5186800454958971,0.024722613151822673,0.4939574323440744,0.5434026586477197,0.524732022271834,0.8397308414491971
polarized_n100,100,13,83,0.5225105635744001,0.07747491198029495,0.44503565159410513,0.5999854755546951,0.524732022271834,0.8397308414491971
polarized_n100,100,13,84,0.5243719937204327,0.04276196128971046,0.4816100324307223,0.5671339550101432,0.524732022271834,0.8397308414491971
polarized_n100,100,13,85,0.5237382020066134,0.05042896702443275,0.4733092349821806,0.5741671690310461,0.524732022271834,0.8397308414491971
polarized_n100,100,13,86,0.5227540113064508,0.07225004880367647,0.45050396250277436,0.5950040601101273,0.524732022271834,0.8397308414491971
polarized_n100,100,13,87,0.5248263469534996,0.03783214772552676,0.4869941992279728,0.5626584946790264,0.524732022271834,0.8397308414491971
polarized_n100,100,13,88,0.5215491464962597,0.02515192861876235,0.49639721787749735,0.5467010751150221,0.524732022271834,0.8397308414491971
polarized_n100,100,13,89,0.5214939805160015,0.020040888956143726,0.5014530915598577,0.5415348694721452,0.524732022271834,0.8397308414491971
polarized_n100,100,13,90,0.5070202815793345,0.052934292044798145,0.4540859895345364,0.5599545736241327,0.524732022271834,0.8397308414491971
polarized_n100,100,13,91,0.5511155303818486,0.04277080547507493,0.5083447249067736,0.5938863358569235,0.524732022271834,0.8397308414491971
polarized_n100,100,13,92,0.5739876926812039,0.0639513343738887,0.5100363583073152,0.6379390270550925,0.524732022271834,0.8397308414491971
polarized_n100,100,13,93,0.5748070105872006,0.07279272330711781,0.5020142872800828,0.6475997338943185,0.524732022271834,0.8397308414491971
polarized_n100,100,13,94,0.516411592553629,0.0733889847026697,0.4430226078509593,0.5898005772562988,0.524732022271834,0.8397308414491971
polarized_n100,100,13,95,0.5130916168021832,0.0771401021297727,0.4359515146724105,0.5902317189319559,0.524732022271834,0.8397308414491971
polarized_n100,100,13,96,0.5095550580590538,0.03438168431630597,0.4751733737427478,0.5439367423753597,0.524732022271834,0.8397308414491971
polarized_n100,100,13,97,0.5783220607535866,0.07460319455902874,0.5037188661945579,0.6529252553126154,0.524732022271834,0.8397308414491971
polarized_n100,100,13,98,0.5234860451631287,0.07350321319650714,0.44998283196662153,0.5969892583596358,0.524732022271834,0.8397308414491971
polarized_n100,100,13,99,0.5120344713823568,0.0688498876895592,0.4431845836927976,0.580884359071916,0.524732022271834,0.8397308414491971
polarized_n100,100,14,0,0.5294756594660198,0.07861928108773808,0.45085637837828174,0.6080949405537579,0.5294553911234113,0.8566315974290126
polarized_n100,100,14,1,0.5271508365953917,0.07904767702348442,0.44810315957190733,0.6061985136188761,0.5294553911234113,0.8566315974290126
polarized_n100,100,14,2,0.525861736713999,0.07105328518459336,0.4548084515294057,0.5969150218985924,0.5294553911234113,0.8566315974290126
polarized_n100,100,14,3,0.5270187801975701,0.04199335468333482,0.4850254255142353,0.569012134880905,0.5294553911234113,0.8566315974290126
polarized_n100,100,14,4,0.5310395510775779,0.023614795221007612,0.5074247558565703,0.5546543462985856,0.5294553911234113,0.8566315974290126
polarized_n100,100,14,5,0.5275276168529585,0.03839356349373353,0.48913405335922494,0.565921180346692,0.5294553911234113,0.8566315974290126
polarized_n100,100,14,6,0.5222978533383187,0.047780567591516325,0.47451728574680235,0.570078420929835,0.5294553911234113,0.8566315974290126
polarized_n100,100,14,7,0.5280358895711001,0.05689699049161058,0.4711388990794896,0.5849328800627107,0.5294553911234113,0.8566315974290126
polarized_n100,100,14,8,0.5291829457011169,0.02564457726458723,0.5035383684365297,0.5548275229657041,0.5294553911234113,0.8566315974290126
polarized_n100,100,14,9,0.5278704506029519,0.06317213667057199,0.4646983139323799,0.5910425872735239,0.5294553911234113,0.8566315974290126
polarized_n100,100,14,10,0.5278693379701827,0.0519786217665438,0.4758907162036389,0.5798479597367264,0.5294553911234113,0.8566315974290126
polarized_n100,100,14,11,0.5256598982346369,0.05598919024239038,0.46967070799224653,0.5816490884770272,0.5294553911234113,0.8566315974290126
polarized_n100,100,14,12,0.49764306970262684,0.07719825103432292,0.4204448186683039,0.5748413207369497,0.5294553911234113,0.8566315974290126
polarized_n100,100,14,13,0.5262351100092314,0.02365473561606386,0.5025803743931675,0.5498898456252953,0.5294553911234113,0.8566315974290126
polarized_n100,100,14,14,0.5293626502750693,0.060197592334034766,0.4691650579410346,0.5895602426091041,0.5294553911234113,0.8566315974290126
polarized_n100,100,14,15,0.3983838150787848,0.07843897967091228,0.3199448354078725,0.4768227947496971,0.5294553911234113,0.8566315974290126
polarized_n100,100,14,16,0.5272723132079642,0.02462563932980327,0.502646673878161,0.5518979525377674,0.5294553911234113,0.8566315974290126
polarized_n100,100,14,17,0.5259984764238284,0.07568706965144527,0.45031140677238307,0.6016855460752736,0.5294553911234113,0.8566315974290126
polarized_n100,100,14,18,0.5262409810244578,0.07457463432096467,0.45166634670349315,0.6008156153454225,0.5294553911234113,0.8566315974290126
polarized_n100,100,14,19,0.528811999706093,0.021614518140441755,0.5071974815656513,0.5504265178465348,0.5294553911234113,0.8566315974290126
polarized_n100,100,14,20,0.5284991436035598,0.0380438916663014,0.49045525193725836,0.5665430352698612,0.5294553911234113,0.8566315974290126
polarized_n100,100,14,21,0.5270381078602933,0.07633420287715346,0.4507039049831398,0.6033723107374467,0.5294553911234113,0.8566315974290126
polarized_n100,100,14,22,0.5262319587587184,0.04925848826849345,0.476973470490225,0.5754904470272119,0.5294553911234113,0.8566315974290126
polarized_n100,100,14,23,0.45298103665144046,0.03372363387924311,0.41925740277219736,0.48670467053068356,0.5294553911234113,0.8566315974290126
polarized_n100,100,14,24,0.525513366253322,0.0598782764722597,0.46563508978106233,0.5853916427255818,0.5294553911234113,0.8566315974290126
polarized_n100,100,14,25,0.5295593848576152,0.07017866763096088,0.45938071722665436,0.5997380524885761,0.5294553911234113,0.8566315974290126
polarized_n100,100,14,26,0.5187898858334874,0.06676646695939327,0.45202341887409414,0.5855563527928807,0.5294553911234113,0.8566315974290126
polarized_n100,100,14,27,0.5266003269438392,0.0447438875207581,0.4818564394230811,0.5713442144645973,0.5294553911234113,0.8566315974290126
polarized_n100,100,14,28,0.5202041889992488,0.06877625607277149,0.4514279329264773,0.5889804450720203,0.5294553911234113,0.8566315974290126
polarized_n100,100,14,29,0.5252976035067961,0.043684988720462045,0.48161261478633405,0.5689825922272581,0.5294553911234113,0.8566315974290126
polarized_n100,100,14,30,0.5275826834388351,0.025593409147593376,0.5019892742912417,0.5531760925864284,0.5294553911234113,0.8566315974290126
polarized_n100,100,14,31,0.530308295672794,0.03820913730275319,0.4920991583700408,0.5685174329755472,0.5294553911234113,0.8566315974290126
polarized_n100,100,14,32,0.5286269392712168,0.06608513305129528,0.4625418062199216,0.5947120723225121,0.5294553911234113,0.8566315974290126
polarized_n100,100,14,33,0.528831562581374,0.07643538027275762,0.45239618230861633,0.6052669428541316,0.5294553911234113,0.8566315974290126
polarized_n100,100,14,34,0.5263541179346919,0.04911968384930053,0.47723443408539135,0.5754738017839924,0.5294553911234113,0.8566315974290126
polarized_n100,100,14,35,0.5284901719004621,0.022524511421244314,0.5059656604792178,0.5510146833217064,0.5294553911234113,0.8566315974290126
polarized_n100,100,14,36,0.5260048965625594,0.06882614543707255,0.4571787511254869,0.594831041999632,0.5294553911234113,0.8566315974290126
polarized_n100,100,14,37,0.5300904864604187,0.02723232454362276,0.5028581619167959,0.5573228110040415,0.5294553911234113,0.8566315974290126
polarized_n100,100,14,38,0.5022130132472157,0.057250532688021175,0.4449624805591945,0.5594635459352368,0.5294553911234113,0.8566315974290126
polarized_n100,100,14,39,0.5272718205409261,0.04853694856910239,0.47873487197182374,0.5758087691100285,0.5294553911234113,0.8566315974290126
polarized_n100,100,14,40,0.5278227480248544,0.06785520663539986,0.45996754138945456,0.5956779546602543,0.5294553911234113,0.8566315974290126
polarized_n100,100,14,41,0.5294439617973163,0.039042779980491035,0.4904011818168253,0.5684867417778073,0.5294553911234113,0.8566315974290126
polarized_n100,100,14,42,0.5301332009824572,0.02297476590513185,0.5071584350773254,0.553107966887589,0.5294553911234113,0.8566315974290126
polarized_n100,100,14,43,0.5250656215630664,0.062203383640086804,0.46286223792297954,0.5872690052031532,0.5294553911234113,0.8566315974290126
polarized_n100,100,14,44,0.5300498155183326,0.03074534040166308,0.49930447511666953,0.5607951559199957,0.5294553911234113,0.8566315974290126
polarized_n100,100,14,45,0.5293051666136568,0.06384364089984736,0.46546152571380944,0.5931488075135042,0.5294553911234113,0.8566315974290126
polarized_n100,100,14,46,0.5280799283397127,0.02472577117569657,0.5033541571640162,0.5528056995154093,0.5294553911234113,0.8566315974290126
polarized_n100,100,14,47,0.5298805408608778,0.0548954523183965,0.4749850885424813,0.5847759931792743,0.5294553911234113,0.8566315974290126
polarized_n100,100,14,48,0.5259155458885313,0.0589670059870472,0.4669485399014841,0.5848825518755785,0.5294553911234113,0.8566315974290126
polarized_n100,100,14,49,0.529581307191115,0.05420946894376835,0.47537183824734663,0.5837907761348833,0.5294553911234113,0.8566315974290126
polarized_n100,100,14,50,0.5291952870170711,0.07071673356237873,0.45847855345469235,0.5999120205794498,0.5294553911234113,0.8566315974290126
polarized_n100,100,14,51,0.5301317521081095,0.04684118947763831,0.48329056263047115,0.5769729415857477,0.5294553911234113,0.8566315974290126
polarized_n100,100,14,52,0.5292239660325453,0.0571881689842057,0.4720357970483396,0.586412135016751,0.5294553911234113,0.8566315974290126
polarized_n100,100,14,53,0.5287735578893109,0.03870800809697694,0.49006554979233397,0.5674815659862879,0.5294553911234113,0.8566315974290126
polarized_n100,100,14,54,0.5291963485586607,0.07515742944721751,0.45403891911144323,0.6043537780058782,0.5294553911234113,0.8566315974290126
polarized_n100,100,14,55,0.5284804612972672,0.046909846219163595,0.4815706150781036,0.5753903075164308,0.5294553911234113,0.8566315974290126
polarized_n100,100,14,56,0.6026783627510636,0.0548605955899687,0.5478177671610949,0.6575389583410323,0.5294553911234113,0.8566315974290126
polarized_n100,100,14,57,0.5291127287294153,0.04361600009498748,0.48549672863442783,0.5727287288244027,0.5294553911234113,0.8566315974290126
polarized_n100,100,14,58,0.5291837309854855,0.07943983921305055,0.449743891772435,0.6086235701985361,0.5294553911234113,0.8566315974290126
polarized_n100,100,14,59,0.6003259322623495,0.03644135337225965,0.5638845788900899,0.6367672856346092,0.5294553911234113,0.8566315974290126
polarized_n100,100,14,60,0.5119857589748826,0.06541877674486613,0.4465669822300165,0.5774045357197488,0.5294553911234113,0.8566315974290126
polarized_n100,100,14,61,0.5279141262415106,0.07183004252876772,0.45608408371274284,0.5997441687702783,0.5294553911234113,0.8566315974290126
polarized_n100,100,14,62,0.5121631677055467,0.050796840711428745,0.46136632699411795,0.5629600084169755,0.5294553911234113,0.8566315974290126
polarized_n100,100,14,63,0.51295023059894,0.06818898193090207,0.4447612486680379,0.581139212529842,0.5294553911234113,0.8566315974290126
polarized_n100,100,14,64,0.5224485089174989,0.07732365679877466,0.44512485211872427,0.5997721657162736,0.5294553911234113,0.8566315974290126
polarized_n100,100,14,65,0.5299837868053462,0.03471252886789718,0.495271257937449,0.5646963156732434,0.5294553911234113,0.8566315974290126
polarized_n100,100,14,66,0.5277388410609342,0.057053877210004614,0.47068496385092956,0.5847927182709388,0.5294553911234113,0.8566315974290126
polarized_n100,100,14,67,0.5298775711481096,0.03306482801882353,0.4968127431292861,0.5629423991669331,0.5294553911234113,0.8566315974290126
polarized_n100,100,14,68,0.6237379540430446,0.07619896045299067,0.5475389935900539,0.6999369144960352,0.5294553911234113,0.8566315974290126
polarized_n100,100,14,69,0.5304272689152921,0.033350493208970974,0.49707677570632114,0.5637777621242631,0.5294553911234113,0.8566315974290126
polarized_n100,100,14,70,0.5303504256057436,0.0360094267119649,0.49434099889377875,0.5663598523177086,0.5294553911234113,0.8566315974290126
polarized_n100,100,14,71,0.5292528875674031,0.07798988488042775,0.45126300268697533,0.6072427724478309,0.5294553911234113,0.8566315974290126
polarized_n100,100,14,72,0.5296736840695244,0.05439686588302195,0.47527681818650247,0.5840705499525464,0.5294553911234113,0.8566315974290126
polarized_n100,100,14,73,0.6368393488197468,0.07613386565105072,0.5607054831686961,0.7129732144707975,0.5294553911234113,0.8566315974290126
polarized_n100,100,14,74,0.529822784699599,0.03045921351297952,0.49936357118661945,0.5602819982125785,0.5294553911234113,0.8566315974290126
polarized_n100,100,14,75,0.5269036618039691,0.06421397353508644,0.4626896882688826,0.5911176353390555,0.5294553911234113,0.8566315974290126
polarized_n100,100,14,76,0.5297255142775041,0.0511105613954046,0.47861495288209954,0.5808360756729087,0.5294553911234113,0.8566315974290126
polarized_n100,100,14,77,0.5298335939584011,0.05280635060335398,0.47702724335504715,0.5826399445617552,0.5294553911234113,0.8566315974290126
polarized_n100,100,14,78,0.5295117419519513,0.0698139450378733,0.45969779691407797,0.5993256869898246,0.5294553911234113,0.8566315974290126
polarized_n100,100,14,79,0.5309252002839283,0.022196483752201075,0.5087287165317272,0.5531216840361294,0.5294553911234113,0.8566315974290126
polarized_n100,100,14,80,0.5189943357243431,0.07205961970061724,0.4469347160237258,0.5910539554249603,0.5294553911234113,0.8566315974290126
polarized_n100,100,14,81,0.5715643382519096,0.05327197107300832,0.5182923671789013,0.6248363093249178,0.5294553911234113,0.8566315974290126
polarized_n100,100,14,82,0.5264234455704172,0.024722613151822673,0.5017008324185945,0.5511460587222399,0.5294553911234113,0.8566315974290126
polarized_n100,100,14,83,0.5285457829274425,0.07747491198029495,0.45107087094714754,0.6060206949077375,0.5294553911234113,0.8566315974290126
polarized_n100,100,14,84,0.5298029798912502,0.04276196128971046,0.4870410186015398,0.5725649411809607,0.5294553911234113,0.8566315974290126
polarized_n100,100,14,85,0.5294592584139592,0.05042896702443275,0.47903029138952646,0.579888225438392,0.5294553911234113,0.8566315974290126
polarized_n100,100,14,86,0.5287065052470648,0.07225004880367647,0.4564564564433883,0.6009565540507412,0.5294553911234113,0.8566315974290126
polarized_n100,100,14,87,0.5303079139322918,0.03783214772552676,0.49247576620676503,0.5681400616578186,0.5294553911234113,0.8566315974290126
polarized_n100,100,14,88,0.5282855837401811,0.02515192861876235,0.5031336551214187,0.5534375123589435,0.5294553911234113,0.8566315974290126
polarized_n100,100,14,89,0.5283832178822665,0.020040888956143726,0.5083423289261227,0.5484241068384103,0.5294553911234113,0.8566315974290126
polarized_n100,100,14,90,0.5131179224974082,0.052934292044798145,0.46018363045261,0.5660522145422063,0.5294553911234113,0.8566315974290126
polarized_n100,100,14,91,0.53979425418718,0.04277080547507493,0.497023448712105,0.5825650596622549,0.5294553911234113,0.8566315974290126
polarized_n100,100,14,92,0.559523594940423,0.0639513343738887,0.49557226056653436,0.6234749293143117,0.5294553911234113,0.8566315974290126
polarized_n100,100,14,93,0.5593024968709905,0.07279272330711781,0.4865097735638727,0.6320952201781084,0.5294553911234113,0.8566315974290126
polarized_n100,100,14,94,0.5243607050015894,0.0733889847026697,0.4509717202989197,0.5977496897042591,0.5294553911234113,0.8566315974290126
polarized_n100,100,14,95,0.522684166684246,0.0771401021297727,0.4455440645544733,0.5998242688140187,0.5294553911234113,0.8566315974290126
polarized_n100,100,14,96,0.5129414545733099,0.03438168431630597,0.4785597702570039,0.5473231388896158,0.5294553911234113,0.8566315974290126
polarized_n100,100,14,97,0.5639429873667345,0.07460319455902874,0.4893397928077058,0.6385461819257633,0.5294553911234113,0.8566315974290126
polarized_n100,100,14,98,0.5290614159982814,0.07350321319650714,0.4555582028017742,0.6025646291947885,0.5294553911234113,0.8566315974290126
polarized_n100,100,14,99,0.5212627681510795,0.0688498876895592,0.45241288046152034,0.5901126558406388,0.5294553911234113,0.8566315974290126
polarized_n100,100,15,0,0.5353496030335037,0.07861928108773808,0.45673032194576557,0.6139688841212417,0.5342874020298701,0.8706530214824793
polarized_n100,100,15,1,0.5332989145804052,0.07904767702348442,0.4542512375569208,0.6123465916038897,0.5342874020298701,0.8706530214824793
polarized_n100,100,15,2,0.5310571320760766,0.07105328518459336,0.46000384689148327,0.6021104172606699,0.5342874020298701,0.8706530214824793
polarized_n100,100,15,3,0.5326682569846457,0.04199335468333482,0.4906749023013109,0.5746616116679806,0.5342874020298701,0.8706530214824793
polarized_n100,100,15,4,0.5368178199551459,0.023614795221007612,0.5132030247341383,0.5604326151761535,0.5342874020298701,0.8706530214824793
polarized_n100,100,15,5,0.532489187303866,0.03839356349373353,0.49409562381013244,0.5708827507975995,0.5342874020298701,0.8706530214824793
polarized_n100,100,15,6,0.5312181577317204,0.047780567591516325,0.4834375901402041,0.5789987253232367,0.5342874020298701,0.8706530214824793
polarized_n100,100,15,7,0.5342852242706368,0.05689699049161058,0.4773882337790263,0.5911822147622474,0.5342874020298701,0.8706530214824793
polarized_n100,100,15,8,0.5352788897356845,0.02564457726458723,0.5096343124710973,0.5609234670002717,0.5342874020298701,0.8706530214824793
polarized_n100,100,15,9,0.5338985952066988,0.06317213667057199,0.4707264585361268,0.5970707318772708,0.5342874020298701,0.8706530214824793
polarized_n100,100,15,10,0.5325918863381902,0.0519786217665438,0.48061326457164644,0.584570508104734,0.5342874020298701,0.8706530214824793
polarized_n100,100,15,11,0.5308574537145183,0.05598919024239038,0.47486826347212796,0.5868466439569087,0.5342874020298701,0.8706530214824793
polarized_n100,100,15,12,0.5119346897821794,0.07719825103432292,0.43473643874785645,0.5891329408165022,0.5342874020298701,0.8706530214824793
polarized_n100,100,15,13,0.5315638425544406,0.02365473561606386,0.5079091069383767,0.5552185781705045,0.5342874020298701,0.8706530214824793
polarized_n100,100,15,14,0.5351936663271016,0.060197592334034766,0.47499607399306687,0.5953912586611364,0.5342874020298701,0.8706530214824793
polarized_n100,100,15,15,0.40934452380202807,0.07843897967091228,0.3309055441311158,0.48778350347294036,0.5342874020298701,0.8706530214824793
polarized_n100,100,15,16,0.5331317702101236,0.02462563932980327,0.5085061308803204,0.5577574095399268,0.5342874020298701,0.8706530214824793
polarized_n100,100,15,17,0.5310313186298966,0.07568706965144527,0.4553442489784513,0.6067183882813418,0.5342874020298701,0.8706530214824793
polarized_n100,100,15,18,0.5322689233477522,0.07457463432096467,0.45769428902678755,0.6068435576687169,0.5342874020298701,0.8706530214824793
polarized_n100,100,15,19,0.5351183682118602,0.021614518140441755,0.5135038500714184,0.556732886352302,0.5342874020298701,0.8706530214824793
polarized_n100,100,15,20,0.5347910804534856,0.0380438916663014,0.49674718878718416,0.572834972119787,0.5342874020298701,0.8706530214824793
polarized_n100,100,15,21,0.5331330347074058,0.07633420287715346,0.4567988318302523,0.6094672375845592,0.5342874020298701,0.8706530214824793
polarized_n100,100,15,22,0.532296236111871,0.04925848826849345,0.4830377478433776,0.5815547243803645,0.5342874020298701,0.8706530214824793
polarized_n100,100,15,23,0.47198970091752146,0.03372363387924311,0.43826606703827836,0.5057133347967646,0.5342874020298701,0.8706530214824793
polarized_n100,100,15,24,0.5306080079608506,0.0598782764722597,0.47072973148859093,0.5904862844331104,0.5342874020298701,0.8706530214824793
polarized_n100,100,15,25,0.5356679545496581,0.07017866763096088,0.46548928691869723,0.605846622180619,0.5342874020298701,0.8706530214824793
polarized_n100,100,15,26,0.527254756687164,0.06676646695939327,0.4604882897277708,0.5940212236465573,0.5342874020298701,0.8706530214824793
polarized_n100,100,15,27,0.5326095008612566,0.0447438875207581,0.4878656133404985,0.5773533883820147,0.5342874020298701,0.8706530214824793
polarized_n100,100,15,28,0.5303487204505818,0.06877625607277149,0.4615724643778103,0.5991249765233533,0.5342874020298701,0.8706530214824793
polarized_n100,100,15,29,0.5309896548520096,0.043684988720462045,0.4873046661315475,0.5746746435724716,0.5342874020298701,0.8706530214824793
polarized_n100,100,15,30,0.5325147819139281,0.025593409147593376,0.5069213727663348,0.5581081910615214,0.5342874020298701,0.8706530214824793
polarized_n100,100,15,31,0.5361146839522035,0.03820913730275319,0.4979055466494503,0.5743238212549567,0.5342874020298701,0.8706530214824793
polarized_n100,100,15,32,0.5346595142122096,0.06608513305129528,0.4685743811609143,0.6007446472635048,0.5342874020298701,0.8706530214824793
polarized_n100,100,15,33,0.5348862283681068,0.07643538027275762,0.4584508480953492,0.6113216086408645,0.5342874020298701,0.8706530214824793
polarized_n100,100,15,34,0.5322863570736407,0.04911968384930053,0.48316667322434015,0.5814060409229412,0.5342874020298701,0.8706530214824793
polarized_n100,100,15,35,0.5347165743020738,0.022524511421244314,0.5121920628808294,0.5572410857233181,0.5342874020298701,0.8706530214824793
polarized_n100,100,15,36,0.5316619910299188,0.06882614543707255,0.4628358455928463,0.6004881364669914,0.5342874020298701,0.8706530214824793
polarized_n100,100,15,37,0.5359530847903521,0.02723232454362276,0.5087207602467293,0.5631854093339749,0.5342874020298701,0.8706530214824793
polarized_n100,100,15,38,0.5155772314599782,0.057250532688021175,0.4583266987719571,0.5728277641479994,0.5342874020298701,0.8706530214824793
polarized_n100,100,15,39,0.5322009680819827,0.04853694856910239,0.4836640195128803,0.5807379166510851,0.5342874020298701,0.8706530214824793
polarized_n100,100,15,40,0.5340761362082626,0.06785520663539986,0.4662209295728627,0.6019313428436625,0.5342874020298701,0.8706530214824793
polarized_n100,100,15,41,0.535567413661128,0.039042779980491035,0.496524633680637,0.574610193641619,0.5342874020298701,0.8706530214824793
polarized_n100,100,15,42,0.5360242491652282,0.02297476590513185,0.5130494832600964,0.55899901507036,0.5342874020298701,0.8706530214824793
polarized_n100,100,15,43,0.5302261895562194,0.062203383640086804,0.46802280591613254,0.5924295731963062,0.5342874020298701,0.8706530214824793
polarized_n100,100,15,44,0.5359584549340053,0.03074534040166308,0.5052131145323422,0.5667037953356684,0.5342874020298701,0.8706530214824793
polarized_n100,100,15,45,0.5352547274778431,0.06384364089984736,0.47141108657799574,0.5990983683776905,0.5342874020298701,0.8706530214824793
polarized_n100,100,15,46,0.5342494806573672,0.02472577117569657,0.5095237094816707,0.5589752518330637,0.5342874020298701,0.8706530214824793
polarized_n100,100,15,47,0.5358609471014111,0.0548954523183965,0.4809654947830146,0.5907563994198076,0.5342874020298701,0.8706530214824793
polarized_n100,100,15,48,0.5310593272164978,0.0589670059870472,0.47209232122945066,0.590026333203545,0.5342874020298701,0.8706530214824793
polarized_n100,100,15,49,0.5353874631250642,0.05420946894376835,0.4811779941812959,0.5895969320688326,0.5342874020298701,0.8706530214824793
polarized_n100,100,15,50,0.5347338180636354,0.07071673356237873,0.46401708450125667,0.6054505516260141,0.5342874020298701,0.8706530214824793
polarized_n100,100,15,51,0.5360319014177615,0.04684118947763831,0.48919071194012315,0.5828730908953997,0.5342874020298701,0.8706530214824793
polarized_n100,100,15,52,0.5346291402301153,0.0571881689842057,0.4774409712459096,0.5918173092143211,0.5342874020298701,0.8706530214824793
polarized_n100,100,15,53,0.5343010682067151,0.03870800809697694,0.49559306010973814,0.573009076303692,0.5342874020298701,0.8706530214824793
polarized_n100,100,15,54,0.5347477483370578,0.07515742944721751,0.45959031888984037,0.6099051777842753,0.5342874020298701,0.8706530214824793
polarized_n100,100,15,55,0.533947388519203,0.046909846219163595,0.48703754230003937,0.5808572347383666,0.5342874020298701,0.8706530214824793
polarized_n100,100,15,56,0.5916386194142716,0.0548605955899687,0.536778023824303,0.6464992150042403,0.5342874020298701,0.8706530214824793
polarized_n100,100,15,57,0.5344975979166888,0.04361600009498748,0.4908815978217014,0.5781135980116763,0.5342874020298701,0.8706530214824793
polarized_n100,100,15,58,0.5347561591247887,0.07943983921305055,0.45531631991173815,0.6141959983378392,0.5342874020298701,0.8706530214824793
polarized_n100,100,15,59,0.5893397532179148,0.03644135337225965,0.5528983998456551,0.6257811065901744,0.5342874020298701,0.8706530214824793
polarized_n100,100,15,60,0.5179582037371633,0.06541877674486613,0.45253942699229716,0.5833769804820295,0.5342874020298701,0.8706530214824793
polarized_n100,100,15,61,0.5334679793167916,0.07183004252876772,0.46163793678802384,0.6052980218455593,0.5342874020298701,0.8706530214824793
polarized_n100,100,15,62,0.5201125989054991,0.050796840711428745,0.46931575819407034,0.5709094396169279,0.5342874020298701,0.8706530214824793
polarized_n100,100,15,63,0.5215872005797986,0.06818898193090207,0.4533982186488965,0.5897761825107006,0.5342874020298701,0.8706530214824793
polarized_n100,100,15,64,0.5300853996210367,0.07732365679877466,0.45276174282226206,0.6074090564198114,0.5342874020298701,0.8706530214824793
polarized_n100,100,15,65,0.5355436064309435,0.03471252886789718,0.5008310775630462,0.5702561352988407,0.5342874020298701,0.8706530214824793
polarized_n100,100,15,66,0.5336777037071212,0.057053877210004614,0.4766238264971166,0.5907315809171259,0.5342874020298701,0.8706530214824793
polarized_n100,100,15,67,0.5352630630300552,0.03306482801882353,0.5021982350112317,0.5683278910488787,0.5342874020298701,0.8706530214824793
polarized_n100,100,15,68,0.6125128362059326,0.07619896045299067,0.5363138757529419,0.6887117966589232,0.5342874020298701,0.8706530214824793
polarized_n100,100,15,69,0.5361820303884591,0.033350493208970974,0.5028315371794881,0.5695325235974301,0.5342874020298701,0.8706530214824793
polarized_n100,100,15,70,0.536245358166525,0.0360094267119649,0.50023593145456,0.5722547848784899,0.5342874020298701,0.8706530214824793
polarized_n100,100,15,71,0.5349456976105275,0.07798988488042775,0.4569558127300997,0.6129355824909553,0.5342874020298701,0.8706530214824793
polarized_n100,100,15,72,0.5354873129184315,0.05439686588302195,0.4810904470354096,0.5898841788014535,0.5342874020298701,0.8706530214824793
polarized_n100,100,15,73,0.6249951437822576,0.07613386565105072,0.5488612781312069,0.7011290094333084,0.5342874020298701,0.8706530214824793
polarized_n100,100,15,74,0.5352272260737221,0.03045921351297952,0.5047680125607426,0.5656864395867016,0.5342874020298701,0.8706530214824793
polarized_n100,100,15,75,0.5328334276494284,0.06421397353508644,0.46861945411434197,0.5970474011845148,0.5342874020298701,0.8706530214824793
polarized_n100,100,15,76,0.5355374561497066,0.0511105613954046,0.484426894754302,0.5866480175451112,0.5342874020298701,0.8706530214824793
polarized_n100,100,15,77,0.5356854933572216,0.05280635060335398,0.4828791427538676,0.5884918439605755,0.5342874020298701,0.8706530214824793
polarized_n100,100,15,78,0.5352585950555574,0.0698139450378733,0.4654446500176841,0.6050725400934307,0.5342874020298701,0.8706530214824793
polarized_n100,100,15,79,0.5369407678165757,0.022196483752201075,0.5147442840643747,0.5591372515687768,0.5342874020298701,0.8706530214824793
polarized_n100,100,15,80,0.5273852476975242,0.07205961970061724,0.4553256279969069,0.5994448673981414,0.5342874020298701,0.8706530214824793
polarized_n100,100,15,81,0.5597573749486028,0.05327197107300832,0.5064854038755945,0.6130293460216111,0.5342874020298701,0.8706530214824793
polarized_n100,100,15,82,0.5332038140668652,0.024722613151822673,0.5084812009150426,0.5579264272186879,0.5342874020298701,0.8706530214824793
polarized_n100,100,15,83,0.5341535148936117,0.07747491198029495,0.4566786029133168,0.6116284268739067,0.5342874020298701,0.8706530214824793
polarized_n100,100,15,84,0.5353632457826157,0.04276196128971046,0.4926012844929053,0.5781252070723262,0.5342874020298701,0.8706530214824793
polarized_n100,100,15,85,0.5349377073749876,0.05042896702443275,0.4845087403505548,0.5853666743994204,0.5342874020298701,0.8706530214824793
polarized_n100,100,15,86,0.5342491676804715,0.07225004880367647,0.461999118876795,0.606499216484148,0.5342874020298701,0.8706530214824793
polarized_n100,100,15,87,0.5362095454757136,0.03783214772552676,0.49837739775018686,0.5740416932012404,0.5342874020298701,0.8706530214824793
polarized_n100,100,15,88,0.5342230888535368,0.02515192861876235,0.5090711602347744,0.5593750174722991,0.5342874020298701,0.8706530214824793
polarized_n100,100,15,89,0.5345078937135845,0.020040888956143726,0.5144670047574408,0.5545487826697283,0.5342874020298701,0.8706530214824793
polarized_n100,100,15,90,0.5217659062808663,0.052934292044798145,0.4688316142360681,0.5747001983256644,0.5342874020298701,0.8706530214824793
polarized_n100,100,15,91,0.5317824833856354,0.04277080547507493,0.48901167791056044,0.5745532888607103,0.5342874020298701,0.8706530214824793
polarized_n100,100,15,92,0.5470179426176418,0.0639513343738887,0.48306660824375314,0.6109692769915305,0.5342874020298701,0.8706530214824793
polarized_n100,100,15,93,0.5459530673859461,0.07279272330711781,0.47316034407882823,0.6187457906930639,0.5342874020298701,0.8706530214824793
polarized_n100,100,15,94,0.5312696006663492,0.0733889847026697,0.4578806159636795,0.604658585369019,0.5342874020298701,0.8706530214824793
polarized_n100,100,15,95,0.5305012776710947,0.0771401021297727,0.453361175541322,0.6076413798008674,0.5342874020298701,0.8706530214824793
polarized_n100,100,15,96,0.5201569748985478,0.03438168431630597,0.4857752905822419,0.5545386592148538,0.5342874020298701,0.8706530214824793
polarized_n100,100,15,97,0.551129139910849,0.07460319455902874,0.47652594535182025,0.6257323344698777,0.5342874020298701,0.8706530214824793
polarized_n100,100,15,98,0.5344873328746426,0.07350321319650714,0.4609841196781354,0.6079905460711497,0.5342874020298701,0.8706530214824793
polarized_n100,100,15,99,0.5291929062213176,0.0688498876895592,0.46034301853175846,0.5980427939108769,0.5342874020298701,0.8706530214824793
polarized_n100,100,16,0,0.5415722302243088,0.07861928108773808,0.4629529491365707,0.6201915113120469,0.5394224390637148,0.8812986323378685
polarized_n100,100,16,1,0.5396548120756878,0.07904767702348442,0.46060713505220335,0.6187024890991721,0.5394224390637148,0.8812986323378685
polarized_n100,100,16,2,0.5363346111403794,0.07105328518459336,0.46528132595578603,0.6073878963249728,0.5394224390637148,0.8812986323378685
polarized_n100,100,16,3,0.5388604736526922,0.04199335468333482,0.49686711896935737,0.5808538283360271,0.5394224390637148,0.8812986323378685
polarized_n100,100,16,4,0.5430730816878468,0.023614795221007612,0.5194582864668392,0.5666878769088545,0.5394224390637148,0.8812986323378685
polarized_n100,100,16,5,0.5376611261994061,0.03839356349373353,0.4992675627056726,0.5760546896931397,0.5394224390637148,0.8812986323378685
polarized_n100,100,16,6,0.537705275050034,0.047780567591516325,0.4899247074585176,0.5854858426415502,0.5394224390637148,0.8812986323378685
polarized_n100,100,16,7,0.540644301187646,0.05689699049161058,0.4837473106960354,0.5975412916792565,0.5394224390637148,0.8812986323378685
polarized_n100,100,16,8,0.5415279792801725,0.02564457726458723,0.5158834020155852,0.5671725565447597,0.5394224390637148,0.8812986323378685
polarized_n100,100,16,9,0.5401155735270561,0.06317213667057199,0.4769434368564841,0.6032877101976281,0.5394224390637148,0.8812986323378685
polarized_n100,100,16,10,0.5376517771109632,0.0519786217665438,0.48567315534441946,0.589630398877507,0.5394224390637148,0.8812986323378685
polarized_n100,100,16,11,0.5362170646748592,0.05598919024239038,0.48022787443246884,0.5922062549172495,0.5394224390637148,0.8812986323378685
polarized_n100,100,16,12,0.5241924921223674,0.07719825103432292,0.4469942410880445,0.6013907431566903,0.5394224390637148,0.8812986323378685
polarized_n100,100,16,13,0.5374059140541886,0.02365473561606386,0.5137511784381247,0.5610606496702525,0.5394224390637148,0.8812986323378685
polarized_n100,100,16,14,0.541379179893037,0.060197592334034766,0.4811815875590022,0.6015767722270717,0.5394224390637148,0.8812986323378685
polarized_n100,100,16,15,0.42026861207552635,0.07843897967091228,0.34182963240461406,0.49870759174643864,0.5394224390637148,0.8812986323378685
polarized_n100,100,16,16,0.5394295383361493,0.02462563932980327,0.514803899006346,0.5640551776659525,0.5394224390637148,0.8812986323378685
polarized_n100,100,16,17,0.5363328521355982,0.07568706965144527,0.46064578248415294,0.6120199217870435,0.5394224390637148,0.8812986323378685
polarized_n100,100,16,18,0.5386818401521151,0.07457463432096467,0.4641072058311504,0.6132564744730797,0.5394224390637148,0.8812986323378685
polarized_n100,100,16,19,0.5415193093252704,0.021614518140441755,0.5199047911848286,0.5631338274657122,0.5394224390637148,0.8812986323378685
polarized_n100,100,16,20,0.5411859866163315,0.0380438916663014,0.5031420949500301,0.579229878282633,0.5394224390637148,0.8812986323378685
polarized_n100,100,16,21,0.5395535526356524,0.07633420287715346,0.46321934975849893,0.6158877555128058,0.5394224390637148,0.8812986323378685
polarized_n100,100,16,22,0.5386074259455209,0.04925848826849345,0.4893489376770275,0.5878659142140144,0.5394224390637148,0.8812986323378685
polarized_n100,100,16,23,0.4904226779735332,0.03372363387924311,0.45669904409429013,0.5241463118527764,0.5394224390637148,0.8812986323378685
polarized_n100,100,16,24,0.5360495059622202,0.0598782764722597,0.47617122948996055,0.59592778243448,0.5394224390637148,0.8812986323378685
polarized_n100,100,16,25,0.5417549879738983,0.07017866763096088,0.47157632034293745,0.6119336556048592,0.5394224390637148,0.8812986323378685
polarized_n100,100,16,26,0.5341190330978606,0.06676646695939327,0.4673525661384673,0.6008855000572538,0.5394224390637148,0.8812986323378685
polarized_n100,100,16,27,0.5390605107993329,0.0447438875207581,0.49431662327857484,0.583804398320091,0.5394224390637148,0.8812986323378685
polarized_n100,100,16,28,0.5376609182151302,0.06877625607277149,0.4688846621423587,0.6064371742879017,0.5394224390637148,0.8812986323378685
polarized_n100,100,16,29,0.5371328897683476,0.043684988720462045,0.49344790104788555,0.5808178784888096,0.5394224390637148,0.8812986323378685
polarized_n100,100,16,30,0.5377598695932002,0.025593409147593376,0.5121664604456069,0.5633532787407936,0.5394224390637148,0.8812986323378685
polarized_n100,100,16,31,0.5423314086870359,0.03820913730275319,0.5041222713842827,0.5805405459897891,0.5394224390637148,0.8812986323378685
polarized_n100,100,16,32,0.540898245999481,0.06608513305129528,0.47481311294818573,0.6069833790507763,0.5394224390637148,0.8812986323378685
polarized_n100,100,16,33,0.5410827365676397,0.07643538027275762,0.4646473562948821,0.6175181168403974,0.5394224390637148,0.8812986323378685
polarized_n100,100,16,34,0.5386570246205097,0.04911968384930053,0.48953734077120914,0.5877767084698102,0.5394224390637148,0.8812986323378685
polarized_n100,100,16,35,0.5410449167784486,0.022524511421244314,0.5185204053572042,0.5635694281996929,0.5394224390637148,0.8812986323378685
polarized_n100,100,16,36,0.5379558846729162,0.06882614543707255,0.46912973923584367,0.6067820301099888,0.5394224390637148,0.8812986323378685
polarized_n100,100,16,37,0.5420848261264187,0.02723232454362276,0.5148525015827959,0.5693171506700415,0.5394224390637148,0.8812986323378685
polarized_n100,100,16,38,0.5269053956732366,0.057250532688021175,0.4696548629852154,0.5841559283612577,0.5394224390637148,0.8812986323378685
polarized_n100,100,16,39,0.5377566275037833,0.04853694856910239,0.4892196789346809,0.5862935760728857,0.5394224390637148,0.8812986323378685
polarized_n100,100,16,40,0.5404654901122186,0.06785520663539986,0.4726102834768187,0.6083206967476185,0.5394224390637148,0.8812986323378685
polarized_n100,100,16,41,0.5418670240382796,0.039042779980491035,0.5028242440577886,0.5809098040187706,0.5394224390637148,0.8812986323378685
polarized_n100,100,16,42,0.5421366620971442,0.02297476590513185,0.5191618961920124,0.565111428002276,0.5394224390637148,0.8812986323378685
polarized_n100,100,16,43,0.5357356300997418,0.062203383640086804,0.47353224645965497,0.5979390137398286,0.5394224390637148,0.8812986323378685
polarized_n100,100,16,44,0.5420796483440866,0.03074534040166308,0.5113343079424235,0.5728249887457497,0.5394224390637148,0.8812986323378685
polarized_n100,100,16,45,0.5414719965323057,0.06384364089984736,0.47762835563245837,0.6053156374321531,0.5394224390637148,0.8812986323378685
polarized_n100,100,16,46,0.5405611734137822,0.02472577117569657,0.5158354022380857,0.5652869445894787,0.5394224390637148,0.8812986323378685
polarized_n100,100,16,47,0.5419794465187955,0.0548954523183965,0.487083994200399,0.596874898837192,0.5394224390637148,0.8812986323378685
polarized_n100,100,16,48,0.5363499551766401,0.0589670059870472,0.4773829491895929,0.5953169611636873,0.5394224390637148,0.8812986323378685
polarized_n100,100,16,49,0.5416428778078259,0.05420946894376835,0.4874334088640576,0.5958523467515943,0.5394224390637148,0.8812986323378685
polarized_n100,100,16,50,0.5406784935412685,0.07071673356237873,0.4699617599788898,0.6113952271036472,0.5394224390637148,0.8812986323378685
polarized_n100,100,16,51,0.5422728716696791,0.04684118947763831,0.49543168219204076,0.5891140611473173,0.5394224390637148,0.8812986323378685
polarized_n100,100,16,52,0.5404148281404225,0.0571881689842057,0.4832266591562168,0.5976029971246282,0.5394224390637148,0.8812986323378685
polarized_n100,100,16,53,0.5399942629174358,0.03870800809697694,0.5012862548204589,0.5787022710144127,0.5394224390637148,0.8812986323378685
polarized_n100,100,16,54,0.5408147202921899,0.07515742944721751,0.4656572908449724,0.6159721497394074,0.5394224390637148,0.8812986323378685
polarized_n100,100,16,55,0.5396492045295336,0.046909846219163595,0.49273935831036997,0.5865590507486972,0.5394224390637148,0.8812986323378685
polarized_n100,100,16,56,0.5810360023634779,0.0548605955899687,0.5261754067735092,0.6358965979534466,0.5394224390637148,0.8812986323378685
polarized_n100,100,16,57,0.540359518049646,0.04361600009498748,0.49674351795465854,0.5839755181446334,0.5394224390637148,0.8812986323378685
polarized_n100,100,16,58,0.5408855411305001,0.07943983921305055,0.4614457019174496,0.6203253803435507,0.5394224390637148,0.8812986323378685
polarized_n100,100,16,59,0.5788409956483671,0.03644135337225965,0.5423996422761075,0.6152823490206267,0.5394224390637148,0.8812986323378685
polarized_n100,100,16,60,0.5268564091449438,0.06541877674486613,0.4614376324000777,0.5922751858898099,0.5394224390637148,0.8812986323378685
polarized_n100,100,16,61,0.53916064573147,0.07183004252876772,0.4673306032027023,0.6109906882602377,0.5394224390637148,0.8812986323378685
polarized_n100,100,16,62,0.5293176394489348,0.050796840711428745,0.4785207987375061,0.5801144801603636,0.5394224390637148,0.8812986323378685
polarized_n100,100,16,63,0.5307942739591458,0.06818898193090207,0.46260529202824374,0.5989832558900479,0.5394224390637148,0.8812986323378685
polarized_n100,100,16,64,0.5370157982471161,0.07732365679877466,0.4596921414483414,0.6143394550458907,0.5394224390637148,0.8812986323378685
polarized_n100,100,16,65,0.5416622014393498,0.03471252886789718,0.5069496725714526,0.5763747303072471,0.5394224390637148,0.8812986323378685
polarized_n100,100,16,66,0.5395118979468696,0.057053877210004614,0.482458020736865,0.5965657751568743,0.5394224390637148,0.8812986323378685
polarized_n100,100,16,67,0.5411183407103864,0.03306482801882353,0.508053512691563,0.5741831687292099,0.5394224390637148,0.8812986323378685
polarized_n100,100,16,68,0.6015252731918974,0.07619896045299067,0.5253263127389067,0.6777242336448881,0.5394224390637148,0.8812986323378685
polarized_n100,100,16,69,0.5423752522732975,0.033350493208970974,0.5090247590643265,0.5757257454822685,0.5394224390637148,0.8812986323378685
polarized_n100,100,16,70,0.5424718459666814,0.0360094267119649,0.5064624192547165,0.5784812726786464,0.5394224390637148,0.8812986323378685
polarized_n100,100,16,71,0.5411729097099159,0.07798988488042775,0.4631830248294882,0.6191627945903437,0.5394224390637148,0.8812986323378685
polarized_n100,100,16,72,0.5416853523506101,0.05439686588302195,0.48728848646758816,0.596082218233632,0.5394224390637148,0.8812986323378685
polarized_n100,100,16,73,0.6133737679320379,0.07613386565105072,0.5372399022809872,0.6895076335830886,0.5394224390637148,0.8812986323378685
polarized_n100,100,16,74,0.5410475935754493,0.03045921351297952,0.5105883800624698,0.5715068070884288,0.5394224390637148,0.8812986323378685
polarized_n100,100,16,75,0.5386504445552247,0.06421397353508644,0.47443647102013825,0.6028644180903111,0.5394224390637148,0.8812986323378685
polarized_n100,100,16,76,0.541793536405312,0.0511105613954046,0.49068297500990743,0.5929040978007166,0.5394224390637148,0.8812986323378685
polarized_n100,100,16,77,0.5420025299637129,0.05280635060335398,0.4891961793603589,0.5948088805670668,0.5394224390637148,0.8812986323378685
polarized_n100,100,16,78,0.5414787863686868,0.0698139450378733,0.47166484133081354,0.6112927314065602,0.5394224390637148,0.8812986323378685
polarized_n100,100,16,79,0.5430206970529776,0.022196483752201075,0.5208242133007766,0.5652171808051787,0.5394224390637148,0.8812986323378685
polarized_n100,100,16,80,0.5349986619685871,0.07205961970061724,0.4629390422679699,0.6070582816692044,0.5394224390637148,0.8812986323378685
polarized_n100,100,16,81,0.5498775125830835,0.05327197107300832,0.4966055415100752,0.6031494836560918,0.5394224390637148,0.8812986323378685
polarized_n100,100,16,82,0.5395743985408723,0.024722613151822673,0.5148517853890496,0.564297011692695,0.5394224390637148,0.8812986323378685
polarized_n100,100,16,83,0.5398609722189345,0.07747491198029495,0.46238606023863954,0.6173358841992295,0.5394224390637148,0.8812986323378685
polarized_n100,100,16,84,0.5414978349798982,0.04276196128971046,0.4987358736901878,0.5842597962696087,0.5394224390637148,0.8812986323378685
polarized_n100,100,16,85,0.540771724291741,0.05042896702443275,0.49034275726730825,0.5912006913161738,0.5394224390637148,0.8812986323378685
polarized_n100,100,16,86,0.5399553926908998,0.07225004880367647,0.4677053438872233,0.6122054414945762,0.5394224390637148,0.8812986323378685
polarized_n100,100,16,87,0.5423953061110671,0.03783214772552676,0.5045631583855403,0.5802274538365939,0.5394224390637148,0.8812986323378685
polarized_n100,100,16,88,0.5400537115698912,0.02515192861876235,0.5149017829511289,0.5652056401886536,0.5394224390637148,0.8812986323378685
polarized_n100,100,16,89,0.540433856651711,0.020040888956143726,0.5203929676955672,0.5604747456078547,0.5394224390637148,0.8812986323378685
polarized_n100,100,16,90,0.5304456522206248,0.052934292044798145,0.4775113601758266,0.583379944265423,0.5394224390637148,0.8812986323378685
polarized_n100,100,16,91,0.5282839909281314,0.04277080547507493,0.48551318545305644,0.5710547964032063,0.5394224390637148,0.8812986323378685
polarized_n100,100,16,92,0.5380285160734076,0.0639513343738887,0.47407718169951896,0.6019798504472963,0.5394224390637148,0.8812986323378685
polarized_n100,100,16,93,0.536562651560249,0.07279272330711781,0.4637699282531311,0.6093553748673668,0.5394224390637148,0.8812986323378685
polarized_n100,100,16,94,0.5377643750795772,0.0733889847026697,0.4643753903769075,0.6111533597822469,0.5394224390637148,0.8812986323378685
polarized_n100,100,16,95,0.537626008457111,0.0771401021297727,0.46048590632733827,0.6147661105868837,0.5394224390637148,0.8812986323378685
polarized_n100,100,16,96,0.5285376618927988,0.03438168431630597,0.4941559775764929,0.5629193462091048,0.5394224390637148,0.8812986323378685
polarized_n100,100,16,97,0.5413377415663485,0.07460319455902874,0.46673454700731976,0.6159409361253773,0.5394224390637148,0.8812986323378685
polarized_n100,100,16,98,0.5402932006681678,0.07350321319650714,0.4667899874716606,0.6137964138646749,0.5394224390637148,0.8812986323378685
polarized_n100,100,16,99,0.5364207288052023,0.0688498876895592,0.4675708411156431,0.6052706164947615,0.5394224390637148,0.8812986323378685
polarized_n100,100,17,0,0.5476727143044143,0.07861928108773808,0.46905343321667625,0.6262919953921524,0.5447408071133255,0.8888094144871518
polarized_n100,100,17,1,0.5459663538396505,0.07904767702348442,0.4669186768161661,0.6250140308631349,0.5447408071133255,0.8888094144871518
polarized_n100,100,17,2,0.5418614717596315,0.07105328518459336,0.47080818657503815,0.6129147569442248,0.5447408071133255,0.8888094144871518
polarized_n100,100,17,3,0.5452674694559567,0.04199335468333482,0.5032741147726219,0.5872608241392916,0.5447408071133255,0.8888094144871518
polarized_n100,100,17,4,0.549065044921486,0.023614795221007612,0.5254502497004784,0.5726798401424936,0.5447408071133255,0.8888094144871518
polarized_n100,100,17,5,0.5431484148889273,0.03839356349373353,0.5047548513951937,0.5815419783826609,0.5447408071133255,0.8888094144871518
polarized_n100,100,17,6,0.5432391125775786,0.047780567591516325,0.4954585449860623,0.5910196801690949,0.5447408071133255,0.8888094144871518
polarized_n100,100,17,7,0.5468712183356657,0.05689699049161058,0.4899742278440551,0.6037682088272762,0.5447408071133255,0.8888094144871518
polarized_n100,100,17,8,0.547725347285883,0.02564457726458723,0.5220807700212957,0.5733699245504702,0.5447408071133255,0.8888094144871518
polarized_n100,100,17,9,0.5463579943415556,0.06317213667057199,0.48318585767098365,0.6095301310121276,0.5447408071133255,0.8888094144871518
polarized_n100,100,17,10,0.5431139406184694,0.0519786217665438,0.49113531885192563,0.5950925623850132,0.5447408071133255,0.8888094144871518
polarized_n100,100,17,11,0.5418725755817287,0.05598919024239038,0.4858833853393384,0.5978617658241191,0.5447408071133255,0.8888094144871518
polarized_n100,100,17,12,0.5344825066591239,0.07719825103432292,0.45728425562480096,0.6116807576934468,0.5447408071133255,0.8888094144871518
polarized_n100,100,17,13,0.5435919392125736,0.02365473561606386,0.5199372035965097,0.5672466748286376,0.5447408071133255,0.8888094144871518
polarized_n100,100,17,14,0.5475729696886918,0.060197592334034766,0.4873753773546571,0.6077705620227266,0.5447408071133255,0.8888094144871518
polarized_n100,100,17,15,0.431151561568251,0.07843897967091228,0.35271258189733873,0.5095905412391633,0.5447408071133255,0.8888094144871518
polarized_n100,100,17,16,0.5458611155240501,0.02462563932980327,0.5212354761942469,0.5704867548538534,0.5447408071133255,0.8888094144871518
polarized_n100,100,17,17,0.5419957116384422,0.07568706965144527,0.4663086419869969,0.6176827812898874,0.5447408071133255,0.8888094144871518
polarized_n100,100,17,18,0.5451492197010687,0.07457463432096467,0.470574585380104,0.6197238540220333,0.5447408071133255,0.8888094144871518
polarized_n100,100,17,19,0.5477575935129274,0.021614518140441755,0.5261430753724856,0.5693721116533692,0.5447408071133255,0.8888094144871518
polarized_n100,100,17,20,0.5474155058041886,0.0380438916663014,0.5093716141378872,0.58545939747049,0.5447408071133255,0.8888094144871518
polarized_n100,100,17,21,0.5459336652399521,0.07633420287715346,0.46959946236279865,0.6222678681171055,0.5447408071133255,0.8888094144871518
polarized_n100,100,17,22,0.5449705671541141,0.04925848826849345,0.49571207888562063,0.5942290554226075,0.5447408071133255,0.8888094144871518
polarized_n100,100,17,23,0.5080352250853223,0.03372363387924311,0.4743115912060792,0.5417588589645654,0.5447408071133255,0.8888094144871518
polarized_n100,100,17,24,0.5418790769011654,0.0598782764722597,0.48200080042890575,0.6017573533734252,0.5447408071133255,0.8888094144871518
polarized_n100,100,17,25,0.5479126134796674,0.07017866763096088,0.4777339458487065,0.6180912811106283,0.5447408071133255,0.8888094144871518
polarized_n100,100,17,26,0.5402096431437378,0.06676646695939327,0.4734431761843445,0.606976110103131,0.5447408071133255,0.8888094144871518
polarized_n100,100,17,27,0.5455856826488606,0.0447438875207581,0.5008417951281026,0.5903295701696187,0.5447408071133255,0.8888094144871518
polarized_n100,100,17,28,0.5434515199900445,0.06877625607277149,0.474675263917273,0.612227776062816,0.5447408071133255,0.8888094144871518
polarized_n100,100,17,29,0.5434846058673477,0.043684988720462045,0.49979961714688564,0.5871695945878097,0.5447408071133255,0.8888094144871518
polarized_n100,100,17,30,0.5433958859948319,0.025593409147593376,0.5178024768472386,0.5689892951424252,0.5447408071133255,0.8888094144871518
polarized_n100,100,17,31,0.5484207944017853,0.03820913730275319,0.510211657099032,0.5866299317045385,0.5447408071133255,0.8888094144871518
polarized_n100,100,17,32,0.547080605950947,0.06608513305129528,0.4809954728996517,0.6131657390022422,0.5447408071133255,0.8888094144871518
polarized_n100,100,17,33,0.5472413872128568,0.07643538027275762,0.4708060069400991,0.6236767674856144,0.5447408071133255,0.8888094144871518
polarized_n100,100,17,34,0.5451361158341397,0.04911968384930053,0.49601643198483913,0.5942557996834402,0.5447408071133255,0.8888094144871518
polarized_n100,100,17,35,0.5472991241109973,0.022524511421244314,0.524774612689753,0.5698236355322417,0.5447408071133255,0.8888094144871518
polarized_n100,100,17,36,0.5445280495043805,0.06882614543707255,0.47570190406730795,0.613354194941453,0.5447408071133255,0.8888094144871518
polarized_n100,100,17,37,0.5482773017126177,0.02723232454362276,0.5210449771689949,0.5755096262562405,0.5447408071133255,0.8888094144871518
polarized_n100,100,17,38,0.5363671229966438,0.057250532688021175,0.47911659030862264,0.593617655684665,0.5447408071133255,0.8888094144871518
polarized_n100,100,17,39,0.5438426796675828,0.04853694856910239,0.4953057310984804,0.5923796282366852,0.5447408071133255,0.8888094144871518
polarized_n100,100,17,40,0.5467223171129331,0.06785520663539986,0.4788671104775332,0.614577523748333,0.5447408071133255,0.8888094144871518
polarized_n100,100,17,41,0.5479910451870663,0.039042779980491035,0.5089482652065753,0.5870338251675573,0.5447408071133255,0.8888094144871518
polarized_n100,100,17,42,0.5483413188607937,0.02297476590513185,0.5253665529556619,0.5713160847659255,0.5447408071133255,0.8888094144871518
polarized_n100,100,17,43,0.5416155339238655,0.062203383640086804,0.4794121502837787,0.6038189175639523,0.5447408071133255,0.8888094144871518
polarized_n100,100,17,44,0.5482661865352819,0.03074534040166308,0.5175208461336188,0.579011526936945,0.5447408071133255,0.8888094144871518
polarized_n100,100,17,45,0.5476151664708465,0.06384364089984736,0.4837715255709992,0.6114588073706939,0.5447408071133255,0.8888094144871518
polarized_n100,100,17,46,0.546855343262949,0.02472577117569657,0.5221295720872525,0.5715811144386456,0.5447408071133255,0.8888094144871518
polarized_n100,100,17,47,0.548139246060351,0.0548954523183965,0.49324379374195454,0.6030346983787476,0.5447408071133255,0.8888094144871518
polarized_n100,100,17,48,0.5419157001234525,0.0589670059870472,0.4829486941364053,0.6008827061104997,0.5447408071133255,0.8888094144871518
polarized_n100,100,17,49,0.5477507374408263,0.05420946894376835,0.49354126849705793,0.6019602063845946,0.5447408071133255,0.8888094144871518
polarized_n100,100,17,50,0.5468883452078743,0.07071673356237873,0.4761716116454956,0.6176050787702531,0.5447408071133255,0.8888094144871518
polarized_n100,100,17,51,0.5482866898864337,0.04684118947763831,0.5014455004087954,0.595127879364072,0.5447408071133255,0.8888094144871518
polarized_n100,100,17,52,0.5464963476282795,0.0571881689842057,0.4893081786440738,0.6036845166124851,0.5447408071133255,0.8888094144871518
polarized_n100,100,17,53,0.5459266169295095,0.03870800809697694,0.5072186088325326,0.5846346250264864,0.5447408071133255,0.8888094144871518
polarized_n100,100,17,54,0.5470355786172854,0.07515742944721751,0.4718781491700679,0.6221930080645028,0.5447408071133255,0.8888094144871518
polarized_n100,100,17,55,0.5456193578640741,0.046909846219163595,0.4987095116449105,0.5925292040832377,0.5447408071133255,0.8888094144871518
polarized_n100,100,17,56,0.5712545774509026,0.0548605955899687,0.5163939818609339,0.6261151730408713,0.5447408071133255,0.8888094144871518
polarized_n100,100,17,57,0.5464924070840863,0.04361600009498748,0.5028764069890989,0.5901084071790738,0.5447408071133255,0.8888094144871518
polarized_n100,100,17,58,0.5470820843108277,0.07943983921305055,0.4676422450977772,0.6265219235238783,0.5447408071133255,0.8888094144871518
polarized_n100,100,17,59,0.5692409836560196,0.03644135337225965,0.53279963028376,0.6056823370282792,0.5447408071133255,0.8888094144871518
polarized_n100,100,17,60,0.5358375357532258,0.06541877674486613,0.47041875900835967,0.6012563124980919,0.5447408071133255,0.8888094144871518
polarized_n100,100,17,61,0.5450781281169784,0.07183004252876772,0.4732480855882107,0.6169081706457461,0.5447408071133255,0.8888094144871518
polarized_n100,100,17,62,0.5378972247980601,0.050796840711428745,0.48710038408663137,0.5886940655094889,0.5447408071133255,0.8888094144871518
polarized_n100,100,17,63,0.5391944664383869,0.06818898193090207,0.4710054845074848,0.6073834483692889,0.5447408071133255,0.8888094144871518
polarized_n100,100,17,64,0.5435773948424647,0.07732365679877466,0.46625373804369,0.6209010516412393,0.5447408071133255,0.8888094144871518
polarized_n100,100,17,65,0.5478433512050208,0.03471252886789718,0.5131308223371236,0.582555880072918,0.5447408071133255,0.8888094144871518
polarized_n100,100,17,66,0.545369873435005,0.057053877210004614,0.4883159962250004,0.6024237506450096,0.5447408071133255,0.8888094144871518
polarized_n100,100,17,67,0.5472547293914011,0.03306482801882353,0.5141899013725776,0.5803195574102246,0.5447408071133255,0.8888094144871518
polarized_n100,100,17,68,0.5908945744604275,0.07619896045299067,0.5146956140074368,0.6670935349134182,0.5447408071133255,0.8888094144871518
polarized_n100,100,17,69,0.5484478020907932,0.033350493208970974,0.5150973088818223,0.5817982952997642,0.5447408071133255,0.8888094144871518
polarized_n100,100,17,70,0.5485039672178849,0.0360094267119649,0.5124945405059199,0.5845133939298498,0.5447408071133255,0.8888094144871518
polarized_n100,100,17,71,0.5473471429304486,0.07798988488042775,0.4693572580500209,0.6253370278108764,0.5447408071133255,0.8888094144871518
polarized_n100,100,17,72,0.5477949184050118,0.05439686588302195,0.49339805252198987,0.6021917842880338,0.5447408071133255,0.8888094144871518
polarized_n100,100,17,73,0.6020273148435046,0.07613386565105072,0.5258934491924538,0.6781611804945553,0.5447408071133255,0.8888094144871518
polarized_n100,100,17,74,0.5471589324240151,0.03045921351297952,0.5166997189110356,0.5776181459369947,0.5447408071133255,0.8888094144871518
polarized_n100,100,17,75,0.5445151581770921,0.06421397353508644,0.4803011846420056,0.6087291317121785,0.5447408071133255,0.8888094144871518
polarized_n100,100,17,76,0.5478734186701519,0.0511105613954046,0.49676285727474734,0.5989839800655565,0.5447408071133255,0.8888094144871518
polarized_n100,100,17,77,0.5480053768137241,0.05280635060335398,0.4951990262103701,0.6008117274170781,0.5447408071133255,0.8888094144871518
polarized_n100,100,17,78,0.547603355598844,0.0698139450378733,0.4777894105609707,0.6174173006367173,0.5447408071133255,0.8888094144871518
polarized_n100,100,17,79,0.549104880543208,0.022196483752201075,0.526908396791007,0.5713013642954091,0.5447408071133255,0.8888094144871518
polarized_n100,100,17,80,0.542055784185319,0.07205961970061724,0.4699961644847017,0.6141154038859362,0.5447408071133255,0.8888094144871518
polarized_n100,100,17,81,0.543005886805774,0.05327197107300832,0.4897339157327657,0.5962778578787823,0.5447408071133255,0.8888094144871518
polarized_n100,100,17,82,0.5457063655313852,0.024722613151822673,0.5209837523795625,0.5704289786832079,0.5447408071133255,0.8888094144871518
polarized_n100,100,17,83,0.5457901222500388,0.07747491198029495,0.4683152102697438,0.6232650342303337,0.5447408071133255,0.8888094144871518
polarized_n100,100,17,84,0.5476803959758995,0.04276196128971046,0.504918434686189,0.5904423572656099,0.5447408071133255,0.8888094144871518
polarized_n100,100,17,85,0.546851193963972,0.05042896702443275,0.4964222269395392,0.5972801609884048,0.5447408071133255,0.8888094144871518
polarized_n100,100,17,86,0.5459055400207532,0.07225004880367647,0.47365549121707673,0.6181555888244297,0.5447408071133255,0.8888094144871518
polarized_n100,100,17,87,0.5484542011775583,0.03783214772552676,0.5106220534520315,0.5862863489030851,0.5447408071133255,0.8888094144871518
polarized_n100,100,17,88,0.545920748054065,0.02515192861876235,0.5207688194353026,0.5710726766728274,0.5447408071133255,0.8888094144871518
polarized_n100,100,17,89,0.5463266226001363,0.020040888956143726,0.5262857336439926,0.5663675115562801,0.5447408071133255,0.8888094144871518
polarized_n100,100,17,90,0.538561220025519,0.052934292044798145,0.4856269279807208,0.5914955120703171,0.5447408071133255,0.8888094144871518
polarized_n100,100,17,91,0.5296994969737191,0.04277080547507493,0.48692869149864415,0.572470302448794,0.5447408071133255,0.8888094144871518
polarized_n100,100,17,92,0.533906505055824,0.0639513343738887,0.4699551706819354,0.5978578394297127,0.5447408071133255,0.8888094144871518
polarized_n100,100,17,93,0.5326496579342228,0.07279272330711781,0.459856934627105,0.6054423812413406,0.5447408071133255,0.8888094144871518
polarized_n100,100,17,94,0.5440066632117162,0.0733889847026697,0.4706176785090465,0.617395647914386,0.5447408071133255,0.8888094144871518
polarized_n100,100,17,95,0.5443031614044955,0.0771401021297727,0.46716305927472285,0.6214432635342683,0.5447408071133255,0.8888094144871518
polarized_n100,100,17,96,0.5367056877750047,0.03438168431630597,0.5023240034586988,0.5710873720913107,0.5447408071133255,0.8888094144871518
polarized_n100,100,17,97,0.5359140015609004,0.07460319455902874,0.46131080700187166,0.6105171961199292,0.5447408071133255,0.8888094144871518
polarized_n100,100,17,98,0.5463925736297796,0.07350321319650714,0.4728893604332724,0.6198957868262867,0.5447408071133255,0.8888094144871518
polarized_n100,100,17,99,0.5431883053099036,0.0688498876895592,0.4743384176203444,0.6120381929994628,0.5447408071133255,0.8888094144871518
polarized_n100,100,18,0,0.5537826466542269,0.07861928108773808,0.47516336556648886,0.632401927741965,0.5502827343744895,0.8939199531092729
polarized_n100,100,18,1,0.5522041602403484,0.07904767702348442,0.47315648321686393,0.6312518372638327,0.5502827343744895,0.8939199531092729
polarized_n100,100,18,2,0.5476086272912477,0.07105328518459336,0.47655534210665434,0.618661912475841,0.5502827343744895,0.8939199531092729
polarized_n100,100,18,3,0.55163593952554,0.04199335468333482,0.5096425848422051,0.5936292942088749,0.5502827343744895,0.8939199531092729
polarized_n100,100,18,4,0.5552568061449051,0.023614795221007612,0.5316420109238975,0.5788716013659128,0.5502827343744895,0.8939199531092729
polarized_n100,100,18,5,0.5489195115768681,0.03839356349373353,0.5105259480831346,0.5873130750706017,0.5502827343744895,0.8939199531092729
polarized_n100,100,18,6,0.5487270407708013,0.047780567591516325,0.500946473179285,0.5965076083623175,0.5502827343744895,0.8939199531092729
polarized_n100,100,18,7,0.5530419214878051,0.05689699049161058,0.4961449309961945,0.6099389119794156,0.5502827343744895,0.8939199531092729
polarized_n100,100,18,8,0.5538848696740186,0.02564457726458723,0.5282402924094314,0.5795294469386059,0.5502827343744895,0.8939199531092729
polarized_n100,100,18,9,0.5525820749253305,0.06317213667057199,0.48940993825475854,0.6157542115959025,0.5502827343744895,0.8939199531092729
polarized_n100,100,18,10,0.5488918335711414,0.0519786217665438,0.4969132118045976,0.6008704553376851,0.5502827343744895,0.8939199531092729
polarized_n100,100,18,11,0.5477761139455828,0.05598919024239038,0.49178692370319244,0.6037653041879731,0.5502827343744895,0.8939199531092729
polarized_n100,100,18,12,0.543119932933029,0.07719825103432292,0.46592168189870603,0.6203181839673518,0.5502827343744895,0.8939199531092729
polarized_n100,100,18,13,0.5499242297393874,0.02365473561606386,0.5262694941233235,0.5735789653554513,0.5502827343744895,0.8939199531092729
polarized_n100,100,18,14,0.5536728054120543,0.060197592334034766,0.49347521307801956,0.6138703977460891,0.5502827343744895,0.8939199531092729
polarized_n100,100,18,15,0.4419913207471836,0.07843897967091228,0.3635523410762713,0.5204303004180959,0.5502827343744895,0.8939199531092729
polarized_n100,100,18,16,0.5522140754446018,0.02462563932980327,0.5275884361147986,0.576839714774405,0.5502827343744895,0.8939199531092729
polarized_n100,100,18,17,0.5479342913025534,0.07568706965144527,0.47224722165110816,0.6236213609539987,0.5502827343744895,0.8939199531092729
polarized_n100,100,18,18,0.551475636022963,0.07457463432096467,0.47690100170199834,0.6260502703439277,0.5502827343744895,0.8939199531092729
polarized_n100,100,18,19,0.5539171854628504,0.021614518140441755,0.5323026673224086,0.5755317036032922,0.5502827343744895,0.8939199531092729
polarized_n100,100,18,20,0.5535719682780337,0.0380438916663014,0.5155280766117323,0.5916158599443351,0.5502827343744895,0.8939199531092729
polarized_n100,100,18,21,0.5521900875208073,0.07633420287715346,0.47585588464365386,0.6285242903979608,0.5502827343744895,0.8939199531092729
polarized_n100,100,18,22,0.5512619886377093,0.04925848826849345,0.5020035003692158,0.6005204769062027,0.5502827343744895,0.8939199531092729
polarized_n100,100,18,23,0.5243875365621816,0.03372363387924311,0.4906639026829385,0.5581111704414248,0.5502827343744895,0.8939199531092729
polarized_n100,100,18,24,0.5479501189497127,0.0598782764722597,0.488071842477453,0.6078283954219724,0.5502827343744895,0.8939199531092729
polarized_n100,100,18,25,0.5539706806138979,0.07017866763096088,0.483792012982937,0.6241493482448588,0.5502827343744895,0.8939199531092729
polarized_n100,100,18,26,0.5460717882383673,0.06676646695939327,0.4793053212789741,0.6128382551977606,0.5502827343744895,0.8939199531092729
polarized_n100,100,18,27,0.5519723080580548,0.0447438875207581,0.5072284205372967,0.5967161955788128,0.5502827343744895,0.8939199531092729
polarized_n100,100,18,28,0.5488809098740888,0.06877625607277149,0.4801046538013173,0.6176571659468603,0.5502827343744895,0.8939199531092729
polarized_n100,100,18,29,0.5498964392444406,0.043684988720462045,0.5062114505239786,0.5935814279649027,0.5502827343744895,0.8939199531092729
polarized_n100,100,18,30,0.549312686077442,0.025593409147593376,0.5237192769298487,0.5749060952250353,0.5502827343744895,0.8939199531092729
polarized_n100,100,18,31,0.5545460338422327,0.03820913730275319,0.5163368965394795,0.5927551711449859,0.5502827343744895,0.8939199531092729
polarized_n100,100,18,32,0.5532485423966196,0.06608513305129528,0.4871634093453243,0.6193336754479148,0.5502827343744895,0.8939199531092729
polarized_n100,100,18,33,0.553398225254342,0.07643538027275762,0.47696284498158437,0.6298336055270997,0.5502827343744895,0.8939199531092729
polarized_n100,100,18,34,0.551518182530181,0.04911968384930053,0.5023984986808805,0.6006378663794816,0.5502827343744895,0.8939199531092729
polarized_n100,100,18,35,0.5534901320541697,0.022524511421244314,0.5309656206329254,0.5760146434754141,0.5502827343744895,0.8939199531092729
polarized_n100,100,18,36,0.5510806914110922,0.06882614543707255,0.4822545459740196,0.6199068368481647,0.5502827343744895,0.8939199531092729
polarized_n100,100,18,37,0.5544233464230061,0.02723232454362276,0.5271910218793833,0.5816556709666288,0.5502827343744895,0.8939199531092729
polarized_n100,100,18,38,0.5442917819413798,0.057250532688021175,0.4870412492533587,0.601542314629401,0.5502827343744895,0.8939199531092729
polarized_n100,100,18,39,0.5501919285724309,0.04853694856910239,0.5016549800033285,0.5987288771415333,0.5502827343744895,0.8939199531092729
polarized_n100,100,18,40,0.5529121578243554,0.06785520663539986,0.4850569511889556,0.6207673644597553,0.5502827343744895,0.8939199531092729
polarized_n100,100,18,41,0.5541079476478119,0.039042779980491035,0.5150651676673209,0.5931507276283029,0.5502827343744895,0.8939199531092729
polarized_n100,100,18,42,0.5545056572862138,0.02297476590513185,0.531530891381082,0.5774804231913456,0.5502827343744895,0.8939199531092729
polarized_n100,100,18,43,0.54771193080611,0.062203383640086804,0.4855085471660232,0.6099153144461968,0.5502827343744895,0.8939199531092729
polarized_n100,100,18,44,0.5543959122740059,0.03074534040166308,0.5236505718723428,0.585141252675669,0.5502827343744895,0.8939199531092729
polarized_n100,100,18,45,0.5536978006416191,0.06384364089984736,0.48985415974177177,0.6175414415414665,0.5502827343744895,0.8939199531092729
polarized_n100,100,18,46,0.5530869188317039,0.02472577117569657,0.5283611476560074,0.5778126900074004,0.5502827343744895,0.8939199531092729
polarized_n100,100,18,47,0.5542152515418027,0.0548954523183965,0.49931979922340625,0.6091107038601993,0.5502827343744895,0.8939199531092729
polarized_n100,100,18,48,0.5477202146458064,0.0589670059870472,0.48875320865875926,0.6066872206328536,0.5502827343744895,0.8939199531092729
polarized_n100,100,18,49,0.5538696168596412,0.05420946894376835,0.4996601479158729,0.6080790858034095,0.5502827343744895,0.8939199531092729
polarized_n100,100,18,50,0.553079535982575,0.07071673356237873,0.48236280242019625,0.6237962695449537,0.5502827343744895,0.8939199531092729
polarized_n100,100,18,51,0.5544849137076844,0.04684118947763831,0.5076437242300461,0.6013261031853226,0.5502827343744895,0.8939199531092729
polarized_n100,100,18,52,0.5527005771608439,0.0571881689842057,0.49551240817663816,0.6098887461450495,0.5502827343744895,0.8939199531092729
polarized_n100,100,18,53,0.552042962226875,0.03870800809697694,0.513334954129898,0.5907509703238519,0.5502827343744895,0.8939199531092729
polarized_n100,100,18,54,0.5532164752954042,0.07515742944721751,0.4780590458481867,0.6283739047426217,0.5502827343744895,0.8939199531092729
polarized_n100,100,18,55,0.551764327367909,0.046909846219163595,0.5048544811487454,0.5986741735870726,0.5502827343744895,0.8939199531092729
polarized_n100,100,18,56,0.5630165880156042,0.0548605955899687,0.5081559924256355,0.6178771836055729,0.5502827343744895,0.8939199531092729
polarized_n100,100,18,57,0.552690571458586,0.04361600009498748,0.5090745713635986,0.5963065715535735,0.5502827343744895,0.8939199531092729
polarized_n100,100,18,58,0.5532651165434873,0.07943983921305055,0.4738252773304368,0.6327049557565378,0.5502827343744895,0.8939199531092729
polarized_n100,100,18,59,0.5613022423745163,0.03644135337225965,0.5248608890022567,0.5977435957467759,0.5502827343744895,0.8939199531092729
polarized_n100,100,18,60,0.5441702383059401,0.06541877674486613,0.478751461561074,0.6095890150508063,0.5502827343744895,0.8939199531092729
polarized_n100,100,18,61,0.5511790483088669,0.07183004252876772,0.47934900578009915,0.6230090908376346,0.5502827343744895,0.8939199531092729
polarized_n100,100,18,62,0.5458123443307303,0.050796840711428745,0.4950155036193016,0.5966091850421591,0.5502827343744895,0.8939199531092729
polarized_n100,100,18,63,0.5469126214467177,0.06818898193090207,0.47872363951581565,0.6151016033776198,0.5502827343744895,0.8939199531092729
polarized_n100,100,18,64,0.549792945815954,0.07732365679877466,0.4724692890171793,0.6271166026147286,0.5502827343744895,0.8939199531092729
polarized_n100,100,18,65,0.5540109905341183,0.03471252886789718,0.5192984616662211,0.5887235194020155,0.5502827343744895,0.8939199531092729
polarized_n100,100,18,66,0.5513336743045307,0.057053877210004614,0.49427979709452613,0.6083875515145354,0.5502827343744895,0.8939199531092729
polarized_n100,100,18,67,0.5534452613812586,0.03306482801882353,0.5203804333624351,0.5865100894000821,0.5502827343744895,0.8939199531092729
polarized_n100,100,18,68,0.5809798899598506,0.07619896045299067,0.5047809295068599,0.6571788504128413,0.5502827343744895,0.8939199531092729
polarized_n100,100,18,69,0.5545925367682634,0.033350493208970974,0.5212420435592924,0.5879430299772344,0.5502827343744895,0.8939199531092729
polarized_n100,100,18,70,0.5546733738402336,0.0360094267119649,0.5186639471282687,0.5906828005521986,0.5502827343744895,0.8939199531092729
polarized_n100,100,18,71,0.5534696451047807,0.07798988488042775,0.47547976022435295,0.6314595299852085,0.5502827343744895,0.8939199531092729
polarized_n100,100,18,72,0.5539309769329857,0.05439686588302195,0.4995341110499637,0.6083278428160076,0.5502827343744895,0.8939199531092729
polarized_n100,100,18,73,0.5911610533306457,0.07613386565105072,0.515027187679595,0.6672949189816965,0.5502827343744895,0.8939199531092729
polarized_n100,100,18,74,0.5533556093744569,0.03045921351297952,0.5228963958614774,0.5838148228874365,0.5502827343744895,0.8939199531092729
polarized_n100,100,18,75,0.5504952874926518,0.06421397353508644,0.4862813139575653,0.6147092610277382,0.5502827343744895,0.8939199531092729
polarized_n100,100,18,76,0.5540129034341262,0.0511105613954046,0.5029023420387216,0.6051234648295308,0.5502827343744895,0.8939199531092729
polarized_n100,100,18,77,0.5541993549668119,0.05280635060335398,0.501393004363458,0.6070057055701659,0.5502827343744895,0.8939199531092729
polarized_n100,100,18,78,0.5537258024917339,0.0698139450378733,0.48391185745386056,0.6235397475296072,0.5502827343744895,0.8939199531092729
polarized_n100,100,18,79,0.5552399203887295,0.022196483752201075,0.5330434366365284,0.5774364041409306,0.5502827343744895,0.8939199531092729
polarized_n100,100,18,80,0.5486771438002263,0.07205961970061724,0.476617524099609,0.6207367635008435,0.5502827343744895,0.8939199531092729
polarized_n100,100,18,81,0.5401038758049846,0.05327197107300832,0.48683190473197635,0.5933758468779929,0.5502827343744895,0.8939199531092729
polarized_n100,100,18,82,0.5516892559206307,0.024722613151822673,0.526966642768808,0.5764118690724533,0.5502827343744895,0.8939199531092729
polarized_n100,100,18,83,0.5519193840976856,0.07747491198029495,0.47444447211739066,0.6293942960779806,0.5502827343744895,0.8939199531092729
polarized_n100,100,18,84,0.553847619199329,0.04276196128971046,0.5110856579096186,0.5966095804890394,0.5502827343744895,0.8939199531092729
polarized_n100,100,18,85,0.5530525557370731,0.05042896702443275,0.5026235887126403,0.6034815227615059,0.5502827343744895,0.8939199531092729
polarized_n100,100,18,86,0.5520513610921364,0.07225004880367647,0.4798013122884599,0.6243014098958128,0.5502827343744895,0.8939199531092729
polarized_n100,100,18,87,0.5546104997763148,0.03783214772552676,0.516778352050788,0.5924426475018416,0.5502827343744895,0.8939199531092729
polarized_n100,100,18,88,0.55190030388273,0.02515192861876235,0.5267483752639677,0.5770522325014924,0.5502827343744895,0.8939199531092729
polarized_n100,100,18,89,0.5522754522655257,0.020040888956143726,0.5322345633093819,0.5723163412216694,0.5502827343744895,0.8939199531092729
polarized_n100,100,18,90,0.546069197281734,0.052934292044798145,0.4931349052369358,0.5990034893265321,0.5502827343744895,0.8939199531092729
polarized_n100,100,18,91,0.5346672601059753,0.04277080547507493,0.49189645463090037,0.5774380655810503,0.5502827343744895,0.8939199531092729
polarized_n100,100,18,92,0.5352296804429328,0.0639513343738887,0.4712783460690442,0.5991810148168215,0.5502827343744895,0.8939199531092729
polarized_n100,100,18,93,0.5346173404109833,0.07279272330711781,0.46182461710386546,0.6074100637181011,0.5502827343744895,0.8939199531092729
polarized_n100,100,18,94,0.5500478276051833,0.0733889847026697,0.47665884290251365,0.6234368123078531,0.5502827343744895,0.8939199531092729
polarized_n100,100,18,95,0.5505623450602745,0.0771401021297727,0.4734222429305018,0.6277024471900472,0.5502827343744895,0.8939199531092729
polarized_n100,100,18,96,0.5444543523572523,0.03438168431630597,0.5100726680409463,0.5788360366735582,0.5502827343744895,0.8939199531092729
polarized_n100,100,18,97,0.5358213215961142,0.07460319455902874,0.4612181270370854,0.6104245161551429,0.5502827343744895,0.8939199531092729
polarized_n100,100,18,98,0.552619392439786,0.07350321319650714,0.4791161792432788,0.6261226056362931,0.5502827343744895,0.8939199531092729
polarized_n100,100,18,99,0.5495606722134994,0.0688498876895592,0.48071078452394017,0.6184105599030586,0.5502827343744895,0.8939199531092729
polarized_n100,100,19,0,0.5600077374197066,0.07861928108773808,0.4813884563319685,0.6386270185074446,0.5560626367887163,0.8971981678113199
polarized_n100,100,19,1,0.5584558788821856,0.07904767702348442,0.4794082018587012,0.6375035559056701,0.5560626367887163,0.8971981678113199
polarized_n100,100,19,2,0.5535928888708267,0.07105328518459336,0.48253960368623333,0.6246461740554201,0.5560626367887163,0.8971981678113199
polarized_n100,100,19,3,0.5579555176528637,0.04199335468333482,0.5159621629695288,0.5999488723361985,0.5560626367887163,0.8971981678113199
polarized_n100,100,19,4,0.5614207805532861,0.023614795221007612,0.5378059853322785,0.5850355757742938,0.5560626367887163,0.8971981678113199
polarized_n100,100,19,5,0.5549707742213915,0.03839356349373353,0.5165772107276579,0.5933643377151251,0.5560626367887163,0.8971981678113199
polarized_n100,100,19,6,0.5543387072788529,0.047780567591516325,0.5065581396873367,0.6021192748703692,0.5560626367887163,0.8971981678113199
polarized_n100,100,19,7,0.5592865601434883,0.05689699049161058,0.5023895696518778,0.6161835506350989,0.5560626367887163,0.8971981678113199
polarized_n100,100,19,8,0.5601091611482616,0.02564457726458723,0.5344645838836743,0.5857537384128488,0.5560626367887163,0.8971981678113199
polarized_n100,100,19,9,0.5588274049964436,0.06317213667057199,0.4956552683258716,0.6219995416670155,0.5560626367887163,0.8971981678113199
polarized_n100,100,19,10,0.5549871763940954,0.0519786217665438,0.5030085546275517,0.6069657981606392,0.5560626367887163,0.8971981678113199
polarized_n100,100,19,11,0.5538978063296108,0.05598919024239038,0.4979086160872205,0.6098869965720012,0.5560626367887163,0.8971981678113199
polarized_n100,100,19,12,0.5504095301213311,0.07719825103432292,0.47321127908700816,0.627607781155654,0.5560626367887163,0.8971981678113199
polarized_n100,100,19,13,0.556330472431265,0.02365473561606386,0.5326757368152011,0.5799852080473289,0.5560626367887163,0.8971981678113199
polarized_n100,100,19,14,0.5598994749377875,0.060197592334034766,0.4997018826037527,0.6200970672718222,0.5560626367887163,0.8971981678113199
polarized_n100,100,19,15,0.45278516869693103,0.07843897967091228,0.37434618902601874,0.5312241483678433,0.5560626367887163,0.8971981678113199
polarized_n100,100,19,16,0.5585016109228585,0.02462563932980327,0.5338759715930553,0.5831272502526618,0.5560626367887163,0.8971981678113199
polarized_n100,100,19,17,0.5541317721656096,0.07568706965144527,0.4784447025141643,0.6298188418170548,0.5560626367887163,0.8971981678113199
polarized_n100,100,19,18,0.5577680500486636,0.07457463432096467,0.4831934157276989,0.6323426843696283,0.5560626367887163,0.8971981678113199
polarized_n100,100,19,19,0.5601373266375862,0.021614518140441755,0.5385228084971444,0.581751844778028,0.5560626367887163,0.8971981678113199
polarized_n100,100,19,20,0.5598135872829844,0.0380438916663014,0.521769695616683,0.5978574789492858,0.5560626367887163,0.8971981678113199
polarized_n100,100,19,21,0.5584501690201611,0.07633420287715346,0.4821159661430076,0.6347843718973145,0.5560626367887163,0.8971981678113199
polarized_n100,100,19,22,0.5575507890218032,0.04925848826849345,0.5082923007533098,0.6068092772902967,0.5560626367887163,0.8971981678113199
polarized_n100,100,19,23,0.5389355897331412,0.03372363387924311,0.505211955853898,0.5726592236123843,0.5560626367887163,0.8971981678113199
polarized_n100,100,19,24,0.5542222732431767,0.0598782764722597,0.49434399677091706,0.6141005497154365,0.5560626367887163,0.8971981678113199
polarized_n100,100,19,25,0.5602600900450296,0.07017866763096088,0.49008142241406877,0.6304387576759906,0.5560626367887163,0.8971981678113199
polarized_n100,100,19,26,0.5519291099732037,0.06676646695939327,0.4851626430138104,0.6186955769325969,0.5560626367887163,0.8971981678113199
polarized_n100,100,19,27,0.55827017483492,0.0447438875207581,0.5135262873141619,0.6030140623556781,0.5560626367887163,0.8971981678113199
polarized_n100,100,19,28,0.5543754639069182,0.06877625607277149,0.4855992078341467,0.6231517199796897,0.5560626367887163,0.8971981678113199
polarized_n100,100,19,29,0.556279756622701,0.043684988720462045,0.512594767902239,0.599964745343163,0.5560626367887163,0.8971981678113199
polarized_n100,100,19,30,0.5555073310561784,0.025593409147593376,0.5299139219085851,0.5811007402037718,0.5560626367887163,0.8971981678113199
polarized_n100,100,19,31,0.5607799768991397,0.03820913730275319,0.5225708395963865,0.5989891142018929,0.5560626367887163,0.8971981678113199
polarized_n100,100,19,32,0.5594830851336219,0.06608513305129528,0.4933979520823266,0.6255682181849171,0.5560626367887163,0.8971981678113199
polarized_n100,100,19,33,0.5595733170417554,0.07643538027275762,0.48313793676899774,0.636008697314513,0.5560626367887163,0.8971981678113199
polarized_n100,100,19,34,0.5578354561479769,0.04911968384930053,0.5087157722986764,0.6069551399972775,0.5560626367887163,0.8971981678113199
polarized_n100,100,19,35,0.5597098752268348,0.022524511421244314,0.5371853638055905,0.5822343866480791,0.5560626367887163,0.8971981678113199
polarized_n100,100,19,36,0.557508123771364,0.06882614543707255,0.4886819783342915,0.6263342692084366,0.5560626367887163,0.8971981678113199
polarized_n100,100,19,37,0.5606000842540945,0.02723232454362276,0.5333677597104717,0.5878324087977173,0.5560626367887163,0.8971981678113199
polarized_n100,100,19,38,0.5510933389376623,0.057250532688021175,0.49384280624964116,0.6083438716256835,0.5560626367887163,0.8971981678113199
polarized_n100,100,19,39,0.5566974509609902,0.04853694856910239,0.5081605023918878,0.6052343995300926,0.5560626367887163,0.8971981678113199
polarized_n100,100,19,40,0.5591531055670868,0.06785520663539986,0.4912978989316869,0.6270083122024867,0.5560626367887163,0.8971981678113199
polarized_n100,100,19,41,0.5603014609513508,0.039042779980491035,0.5212586809708598,0.5993442409318418,0.5560626367887163,0.8971981678113199
polarized_n100,100,19,42,0.5606718850754158,0.02297476590513185,0.537697119170284,0.5836466509805476,0.5560626367887163,0.8971981678113199
polarized_n100,100,19,43,0.55398576991984,0.062203383640086804,0.49178238627975324,0.6161891535599269,0.5560626367887163,0.8971981678113199
polarized_n100,100,19,44,0.56058836603174,0.03074534040166308,0.5298430256300769,0.5913337064334031,0.5560626367887163,0.8971981678113199
polarized_n100,100,19,45,0.5599235713027895,0.06384364089984736,0.4960799304029421,0.6237672122026369,0.5560626367887163,0.8971981678113199
polarized_n100,100,19,46,0.5593116782928061,0.02472577117569657,0.5345859071171096,0.5840374494685027,0.5560626367887163,0.8971981678113199
polarized_n100,100,19,47,0.560516386477451,0.0548954523183965,0.5056209341590544,0.6154118387958475,0.5560626367887163,0.8971981678113199
polarized_n100,100,19,48,0.5537565939073937,0.0589670059870472,0.49478958792034655,0.6127235998944409,0.5560626367887163,0.8971981678113199
polarized_n100,100,19,49,0.5600989558852412,0.05420946894376835,0.5058894869414728,0.6143084248290095,0.5560626367887163,0.8971981678113199
polarized_n100,100,19,50,0.5593421924140028,0.07071673356237873,0.4886254588516241,0.6300589259763816,0.5560626367887163,0.8971981678113199
polarized_n100,100,19,51,0.5606746394647377,0.04684118947763831,0.5138334499870995,0.607515828942376,0.5560626367887163,0.8971981678113199
polarized_n100,100,19,52,0.5589696211619145,0.0571881689842057,0.5017814521777089,0.6161577901461202,0.5560626367887163,0.8971981678113199
polarized_n100,100,19,53,0.5582850469932038,0.03870800809697694,0.5195770388962269,0.5969930550901807,0.5560626367887163,0.8971981678113199
polarized_n100,100,19,54,0.5594399396143295,0.07515742944721751,0.484282510167112,0.634597369061547,0.5560626367887163,0.8971981678113199
polarized_n100,100,19,55,0.5580245367272545,0.046909846219163595,0.5111146905080909,0.6049343829464181,0.5560626367887163,0.8971981678113199
polarized_n100,100,19,56,0.5570601227902605,0.0548605955899687,0.5021995272002918,0.6119207183802292,0.5560626367887163,0.8971981678113199
polarized_n100,100,19,57,0.558957862151348,0.04361600009498748,0.5153418620563606,0.6025738622463355,0.5560626367887163,0.8971981678113199
polarized_n100,100,19,58,0.5594678702226804,0.07943983921305055,0.4800280310096299,0.6389077094357309,0.5560626367887163,0.8971981678113199
polarized_n100,100,19,59,0.5557727944943832,0.03644135337225965,0.5193314411221236,0.5922141478666428,0.5560626367887163,0.8971981678113199
polarized_n100,100,19,60,0.5518927921626418,0.06541877674486613,0.48647401541777563,0.6173115689075079,0.5560626367887163,0.8971981678113199
polarized_n100,100,19,61,0.5574302310861917,0.07183004252876772,0.485600188557424,0.6292602736149594,0.5560626367887163,0.8971981678113199
polarized_n100,100,19,62,0.5531668888237138,0.050796840711428745,0.502370048112285,0.6039637295351425,0.5560626367887163,0.8971981678113199
polarized_n100,100,19,63,0.5540626229393377,0.06818898193090207,0.48587364100843566,0.6222516048702398,0.5560626367887163,0.8971981678113199
polarized_n100,100,19,64,0.5558491481383284,0.07732365679877466,0.47852549133955374,0.633172804937103,0.5560626367887163,0.8971981678113199
polarized_n100,100,19,65,0.5602318398448691,0.03471252886789718,0.5255193109769719,0.5949443687127663,0.5560626367887163,0.8971981678113199
polarized_n100,100,19,66,0.557505354355019,0.057053877210004614,0.5004514771450144,0.6145592315650237,0.5560626367887163,0.8971981678113199
polarized_n100,100,19,67,0.5597006432348292,0.03306482801882353,0.5266358152160057,0.5927654712536526,0.5560626367887163,0.8971981678113199
polarized_n100,100,19,68,0.5723886495086103,0.07619896045299067,0.49618968905561966,0.648587609961601,0.5560626367887163,0.8971981678113199
polarized_n100,100,19,69,0.560810894520115,0.033350493208970974,0.527460401311144,0.594161387729086,0.5560626367887163,0.8971981678113199
polarized_n100,100,19,70,0.5608859722617091,0.0360094267119649,0.5248765455497442,0.596895398973674,0.5560626367887163,0.8971981678113199
polarized_n100,100,19,71,0.5596899839978807,0.07798988488042775,0.481700099117453,0.6376798688783085,0.5560626367887163,0.8971981678113199
polarized_n100,100,19,72,0.5601628922910629,0.05439686588302195,0.5057660264080409,0.6145597581740848,0.5560626367887163,0.8971981678113199
polarized_n100,100,19,73,0.5812266340953159,0.07613386565105072,0.5050927684442652,0.6573604997463667,0.5560626367887163,0.8971981678113199
polarized_n100,100,19,74,0.559614742744628,0.03045921351297952,0.5291555292316484,0.5900739562576075,0.5560626367887163,0.8971981678113199
polarized_n100,100,19,75,0.5566683986389643,0.06421397353508644,0.4924544251038779,0.6208823721740507,0.5560626367887163,0.8971981678113199
polarized_n100,100,19,76,0.5602457916773849,0.0511105613954046,0.5091352302819803,0.6113563530727895,0.5560626367887163,0.8971981678113199
polarized_n100,100,19,77,0.5604053282709541,0.05280635060335398,0.5075989776676002,0.613211678874308,0.5560626367887163,0.8971981678113199
polarized_n100,100,19,78,0.5599535665182698,0.0698139450378733,0.49013962148039647,0.6297675115561431,0.5560626367887163,0.8971981678113199
polarized_n100,100,19,79,0.5614445134694631,0.022196483752201075,0.539248029717262,0.5836409972216642,0.5560626367887163,0.8971981678113199
polarized_n100,100,19,80,0.5549844271025067,0.07205961970061724,0.4829248074018895,0.627044046803124,0.5560626367887163,0.8971981678113199
polarized_n100,100,19,81,0.5416035035363609,0.05327197107300832,0.4883315324633526,0.5948754746093692,0.5560626367887163,0.8971981678113199
polarized_n100,100,19,82,0.5577027457245369,0.024722613151822673,0.5329801325727143,0.5824253588763596,0.5560626367887163,0.8971981678113199
polarized_n100,100,19,83,0.5582040083311589,0.07747491198029495,0.48072909635086397,0.6356789203114539,0.5560626367887163,0.8971981678113199
polarized_n100,100,19,84,0.5600647112814805,0.04276196128971046,0.5173027499917701,0.6028266725711909,0.5560626367887163,0.8971981678113199
polarized_n100,100,19,85,0.5593253978359897,0.05042896702443275,0.5088964308115569,0.6097543648604224,0.5560626367887163,0.8971981678113199
polarized_n100,100,19,86,0.5583286897000233,0.07225004880367647,0.4860786408963468,0.6305787385036997,0.5560626367887163,0.8971981678113199
polarized_n100,100,19,87,0.5608286189195874,0.03783214772552676,0.5229964711940606,0.5986607666451141,0.5560626367887163,0.8971981678113199
polarized_n100,100,19,88,0.5580637847088411,0.02515192861876235,0.5329118560900787,0.5832157133276035,0.5560626367887163,0.8971981678113199
polarized_n100,100,19,89,0.55838450056901,0.020040888956143726,0.5383436116128663,0.5784253895251538,0.5560626367887163,0.8971981678113199
polarized_n100,100,19,90,0.5530849120604876,0.052934292044798145,0.5001506200156894,0.6060192041052858,0.5560626367887163,0.8971981678113199
polarized_n100,100,19,91,0.5414993964961093,0.04277080547507493,0.4987285910210344,0.5842702019711843,0.5560626367887163,0.8971981678113199
polarized_n100,100,19,92,0.5403965250351631,0.0639513343738887,0.47644519066127444,0.6043478594090518,0.5560626367887163,0.8971981678113199
polarized_n100,100,19,93,0.5404674934418842,0.07279272330711781,0.4676747701347663,0.613260216749002,0.5560626367887163,0.8971981678113199
polarized_n100,100,19,94,0.556066077997558,0.0733889847026697,0.48267709329488834,0.6294550627002278,0.5560626367887163,0.8971981678113199
polarized_n100,100,19,95,0.5566206624420098,0.0771401021297727,0.4794805603122371,0.6337607645717825,0.5560626367887163,0.8971981678113199
polarized_n100,100,19,96,0.5517515408315167,0.03438168431630597,0.5173698565152107,0.5861332251478226,0.5560626367887163,0.8971981678113199
polarized_n100,100,19,97,0.5399838089387605,0.07460319455902874,0.46538061437973177,0.6145870034977893,0.5560626367887163,0.8971981678113199
polarized_n100,100,19,98,0.558874748872224,0.07350321319650714,0.48537153567571684,0.6323779620687311,0.5560626367887163,0.8971981678113199
polarized_n100,100,19,99,0.5556999940551991,0.0688498876895592,0.4868501063656399,0.6245498817447583,0.5560626367887163,0.8971981678113199
polarized_n100,100,20,0,0.5664898214948647,0.07861928108773808,0.48787054040712663,0.6451091025826028,0.56211437517828,0.8990205595574137
polarized_n100,100,20,1,0.564825834186439,0.07904767702348442,0.4857781571629545,0.6438735112099234,0.56211437517828,0.8990205595574137
polarized_n100,100,20,2,0.5598487454099005,0.07105328518459336,0.4887954602253071,0.6309020305944939,0.56211437517828,0.8990205595574137
polarized_n100,100,20,3,0.5643380522615324,0.04199335468333482,0.5223446975781976,0.6063314069448673,0.56211437517828,0.8990205595574137
polarized_n100,100,20,4,0.5679691336475701,0.023614795221007612,0.5443543384265624,0.5915839288685777,0.56211437517828,0.8990205595574137
polarized_n100,100,20,5,0.5613286172973997,0.03839356349373353,0.5229350538036661,0.5997221807911333,0.56211437517828,0.8990205595574137
polarized_n100,100,20,6,0.5602242193271992,0.047780567591516325,0.512443651735683,0.6080047869187155,0.56211437517828,0.8990205595574137
polarized_n100,100,20,7,0.565640325977942,0.05689699049161058,0.5087433354863314,0.6225373164695526,0.56211437517828,0.8990205595574137
polarized_n100,100,20,8,0.566462791387647,0.02564457726458723,0.5408182141230597,0.5921073686522342,0.56211437517828,0.8990205595574137
polarized_n100,100,20,9,0.5651995901164902,0.06317213667057199,0.5020274534459183,0.6283717267870622,0.56211437517828,0.8990205595574137
polarized_n100,100,20,10,0.5613561001521007,0.0519786217665438,0.5093774783855569,0.6133347219186445,0.56211437517828,0.8990205595574137
polarized_n100,100,20,11,0.5602630167849377,0.05598919024239038,0.5042738265425474,0.6162522070273281,0.56211437517828,0.8990205595574137
polarized_n100,100,20,12,0.5569351774960317,0.07719825103432292,0.4797369264617088,0.6341334285303546,0.56211437517828,0.8990205595574137
polarized_n100,100,20,13,0.5627911961440782,0.02365473561606386,0.5391364605280143,0.5864459317601421,0.56211437517828,0.8990205595574137
polarized_n100,100,20,14,0.5662607229201262,0.060197592334034766,0.5060631305860914,0.626458315254161,0.56211437517828,0.8990205595574137
polarized_n100,100,20,15,0.46353126530462807,0.07843897967091228,0.3850922856337158,0.5419702449755404,0.56211437517828,0.8990205595574137
polarized_n100,100,20,16,0.5648694286066058,0.02462563932980327,0.5402437892768026,0.589495067936409,0.56211437517828,0.8990205595574137
polarized_n100,100,20,17,0.5605577959124446,0.07568706965144527,0.4848707262609993,0.6362448655638898,0.56211437517828,0.8990205595574137
polarized_n100,100,20,18,0.5641384592247043,0.07457463432096467,0.4895638249037396,0.638713093545669,0.56211437517828,0.8990205595574137
polarized_n100,100,20,19,0.5664992913295235,0.021614518140441755,0.5448847731890817,0.5881138094699653,0.56211437517828,0.8990205595574137
polarized_n100,100,20,20,0.5661476252301859,0.0380438916663014,0.5281037335638845,0.6041915168964873,0.56211437517828,0.8990205595574137
polarized_n100,100,20,21,0.5648228962480958,0.07633420287715346,0.4884886933709423,0.6411570991252492,0.56211437517828,0.8990205595574137
polarized_n100,100,20,22,0.5639105233043764,0.04925848826849345,0.514652035035883,0.6131690115728698,0.56211437517828,0.8990205595574137
polarized_n100,100,20,23,0.5513555596648813,0.03372363387924311,0.5176319257856381,0.5850791935441244,0.56211437517828,0.8990205595574137
polarized_n100,100,20,24,0.560655134063395,0.0598782764722597,0.5007768575911352,0.6205334105356547,0.56211437517828,0.8990205595574137
polarized_n100,100,20,25,0.5667169213345478,0.07017866763096088,0.4965382537035869,0.6368955889655087,0.56211437517828,0.8990205595574137
polarized_n100,100,20,26,0.5579217137435029,0.06676646695939327,0.4911552467841096,0.6246881807028961,0.56211437517828,0.8990205595574137
polarized_n100,100,20,27,0.5646379931040583,0.0447438875207581,0.5198941055833002,0.6093818806248164,0.56211437517828,0.8990205595574137
polarized_n100,100,20,28,0.5601584111824572,0.06877625607277149,0.49138215510968575,0.6289346672552287,0.56211437517828,0.8990205595574137
polarized_n100,100,20,29,0.5627021616146688,0.043684988720462045,0.5190171728942068,0.6063871503351308,0.56211437517828,0.8990205595574137
polarized_n100,100,20,30,0.5619210955413052,0.025593409147593376,0.5363276863937119,0.5875145046888985,0.56211437517828,0.8990205595574137
polarized_n100,100,20,31,0.5672056688782273,0.03820913730275319,0.5289965315754741,0.6054148061809805,0.56211437517828,0.8990205595574137
polarized_n100,100,20,32,0.5657922550072693,0.06608513305129528,0.499707121955974,0.6318773880585645,0.56211437517828,0.8990205595574137
polarized_n100,100,20,33,0.5659190640217135,0.07643538027275762,0.4894836837489559,0.6423544442944712,0.56211437517828,0.8990205595574137
polarized_n100,100,20,34,0.5642067358848282,0.04911968384930053,0.5150870520355276,0.6133264197341287,0.56211437517828,0.8990205595574137
polarized_n100,100,20,35,0.5660709510014948,0.022524511421244314,0.5435464395802505,0.5885954624227392,0.56211437517828,0.8990205595574137
polarized_n100,100,20,36,0.56391356448158,0.06882614543707255,0.4950874190445075,0.6327397099186526,0.56211437517828,0.8990205595574137
polarized_n100,100,20,37,0.5669775161166025,0.02723232454362276,0.5397451915729797,0.5942098406602253,0.56211437517828,0.8990205595574137
polarized_n100,100,20,38,0.5573659919536222,0.057250532688021175,0.5001154592656011,0.6146165246416434,0.56211437517828,0.8990205595574137
polarized_n100,100,20,39,0.5632364110072099,0.04853694856910239,0.5146994624381075,0.6117733595763123,0.56211437517828,0.8990205595574137
polarized_n100,100,20,40,0.5655117345538836,0.06785520663539986,0.49765652791848375,0.6333669411892835,0.56211437517828,0.8990205595574137
polarized_n100,100,20,41,0.5666519640398266,0.039042779980491035,0.5276091840593357,0.6056947440203176,0.56211437517828,0.8990205595574137
polarized_n100,100,20,42,0.5670488595580462,0.02297476590513185,0.5440740936529144,0.590023625463178,0.56211437517828,0.8990205595574137
polarized_n100,100,20,43,0.5604063140371134,0.062203383640086804,0.49820293039702657,0.6226096976772002,0.56211437517828,0.8990205595574137
polarized_n100,100,20,44,0.566974795452896,0.03074534040166308,0.5362294550512329,0.5977201358545591,0.56211437517828,0.8990205595574137
polarized_n100,100,20,45,0.5662927590986729,0.06384364089984736,0.5024491181988255,0.6301363999985203,0.56211437517828,0.8990205595574137
polarized_n100,100,20,46,0.5656736334634601,0.02472577117569657,0.5409478622877636,0.5903994046391566,0.56211437517828,0.8990205595574137
polarized_n100,100,20,47,0.5669561384788198,0.0548954523183965,0.5120606861604232,0.6218515907972163,0.56211437517828,0.8990205595574137
polarized_n100,100,20,48,0.560041074773594,0.0589670059870472,0.5010740687865468,0.6190080807606412,0.56211437517828,0.8990205595574137
polarized_n100,100,20,49,0.5664854461028604,0.05420946894376835,0.5122759771590921,0.6206949150466288,0.56211437517828,0.8990205595574137
polarized_n100,100,20,50,0.5656652672229128,0.07071673356237873,0.49494853366053404,0.6363820007852915,0.56211437517828,0.8990205595574137
polarized_n100,100,20,51,0.567185658796209,0.04684118947763831,0.5203444693185707,0.6140268482738472,0.56211437517828,0.8990205595574137
polarized_n100,100,20,52,0.5653610805618847,0.0571881689842057,0.508172911577679,0.6225492495460905,0.56211437517828,0.8990205595574137
polarized_n100,100,20,53,0.5646582734618806,0.03870800809697694,0.5259502653649036,0.6033662815588575,0.56211437517828,0.8990205595574137
polarized_n100,100,20,54,0.5657792509930862,0.07515742944721751,0.49062182154586875,0.6409366804403037,0.56211437517828,0.8990205595574137
polarized_n100,100,20,55,0.564401755407955,0.046909846219163595,0.5174919091887914,0.6113116016271186,0.56211437517828,0.8990205595574137
polarized_n100,100,20,56,0.5541610917499422,0.0548605955899687,0.4993004961599735,0.6090216873399109,0.56211437517828,0.8990205595574137
polarized_n100,100,20,57,0.5653440352649455,0.04361600009498748,0.521728035169958,0.6089600353599329,0.56211437517828,0.8990205595574137
polarized_n100,100,20,58,0.5658245616570112,0.07943983921305055,0.4863847224439607,0.6452644008700618,0.56211437517828,0.8990205595574137
polarized_n100,100,20,59,0.553417492067097,0.03644135337225965,0.5169761386948374,0.5898588454393566,0.56211437517828,0.8990205595574137
polarized_n100,100,20,60,0.5591253341240341,0.06541877674486613,0.49370655737916797,0.6245441108689003,0.56211437517828,0.8990205595574137
polarized_n100,100,20,61,0.5638118532255637,0.07183004252876772,0.491981810696796,0.6356418957543314,0.56211437517828,0.8990205595574137
polarized_n100,100,20,62,0.560085556730508,0.050796840711428745,0.5092887160190792,0.6108823974419367,0.56211437517828,0.8990205595574137
polarized_n100,100,20,63,0.5607869506641596,0.06818898193090207,0.49259796873325756,0.6289759325950617,0.56211437517828,0.8990205595574137
polarized_n100,100,20,64,0.5620044716040443,0.07732365679877466,0.48468081480526964,0.6393281284028189,0.56211437517828,0.8990205595574137
polarized_n100,100,20,65,0.5665781210216833,0.03471252886789718,0.531865592153786,0.6012906498895805,0.56211437517828,0.8990205595574137
polarized_n100,100,20,66,0.5638569433583113,0.057053877210004614,0.5068030661483066,0.6209108205683159,0.56211437517828,0.8990205595574137
polarized_n100,100,20,67,0.5660907679161218,0.03306482801882353,0.5330259398972983,0.5991555959349453,0.56211437517828,0.8990205595574137
polarized_n100,100,20,68,0.5658353231754458,0.07619896045299067,0.48963636272245514,0.6420342836284365,0.56211437517828,0.8990205595574137
polarized_n100,100,20,69,0.5672376385390647,0.033350493208970974,0.5338871453300937,0.6005881317480357,0.56211437517828,0.8990205595574137
polarized_n100,100,20,70,0.5673422349839424,0.0360094267119649,0.5313328082719775,0.6033516616959074,0.56211437517828,0.8990205595574137
polarized_n100,100,20,71,0.5660647351496344,0.07798988488042775,0.48807485026920666,0.6440546200300622,0.56211437517828,0.8990205595574137
polarized_n100,100,20,72,0.5665692368577769,0.05439686588302195,0.512172370974755,0.6209661027407989,0.56211437517828,0.8990205595574137
polarized_n100,100,20,73,0.5730104187149136,0.07613386565105072,0.4968765530638629,0.6491442843659644,0.56211437517828,0.8990205595574137
polarized_n100,100,20,74,0.5660015491905688,0.03045921351297952,0.5355423356775892,0.5964607627035483,0.56211437517828,0.8990205595574137
polarized_n100,100,20,75,0.5630229958639219,0.06421397353508644,0.49880902232883545,0.6272369693990083,0.56211437517828,0.8990205595574137
polarized_n100,100,20,76,0.5666605083625956,0.0511105613954046,0.515549946967191,0.6177710697580002,0.56211437517828,0.8990205595574137
polarized_n100,100,20,77,0.5668787798323611,0.05280635060335398,0.5140724292290071,0.6196851304357152,0.56211437517828,0.8990205595574137
polarized_n100,100,20,78,0.5663467070894943,0.0698139450378733,0.496532762051621,0.6361606521273676,0.56211437517828,0.8990205595574137
polarized_n100,100,20,79,0.5679560218918758,0.022196483752201075,0.5457595381396747,0.5901525056440768,0.56211437517828,0.8990205595574137
polarized_n100,100,20,80,0.5612033031437876,0.07205961970061724,0.4891436834431704,0.6332629228444049,0.56211437517828,0.8990205595574137
polarized_n100,100,20,81,0.5462526956282193,0.05327197107300832,0.492980724555211,0.5995246667012276,0.56211437517828,0.8990205595574137
polarized_n100,100,20,82,0.5639221323236452,0.024722613151822673,0.5391995191718225,0.5886447454754679,0.56211437517828,0.8990205595574137
polarized_n100,100,20,83,0.564593476645961,0.07747491198029495,0.4871185646656661,0.642068388626256,0.56211437517828,0.8990205595574137
polarized_n100,100,20,84,0.5664113627245068,0.04276196128971046,0.5236494014347963,0.6091733240142172,0.56211437517828,0.8990205595574137
polarized_n100,100,20,85,0.5657057052101204,0.05042896702443275,0.5152767381856876,0.6161346722345532,0.56211437517828,0.8990205595574137
polarized_n100,100,20,86,0.5647160327109334,0.07225004880367647,0.49246598390725693,0.6369660815146099,0.56211437517828,0.8990205595574137
polarized_n100,100,20,87,0.5672797696769927,0.03783214772552676,0.5294476219514659,0.6051119174025195,0.56211437517828,0.8990205595574137
polarized_n100,100,20,88,0.5644025222914124,0.02515192861876235,0.53925059367265,0.5895544509101748,0.56211437517828,0.8990205595574137
polarized_n100,100,20,89,0.5647059442283443,0.020040888956143726,0.5446650552722005,0.5847468331844881,0.56211437517828,0.8990205595574137
polarized_n100,100,20,90,0.5597715903934176,0.052934292044798145,0.5068372983486195,0.6127058824382158,0.56211437517828,0.8990205595574137
polarized_n100,100,20,91,0.5488574496197391,0.04277080547507493,0.5060866441446642,0.5916282550948141,0.56211437517828,0.8990205595574137
polarized_n100,100,20,92,0.5476153586270178,0.0639513343738887,0.48366402425312915,0.6115666930009065,0.56211437517828,0.8990205595574137
polarized_n100,100,20,93,0.5481633963342942,0.07279272330711781,0.4753706730271764,0.6209561196414121,0.56211437517828,0.8990205595574137
polarized_n100,100,20,94,0.5622639108089039,0.0733889847026697,0.48887492610623423,0.6356528955115737,0.56211437517828,0.8990205595574137
polarized_n100,100,20,95,0.5627612050794263,0.0771401021297727,0.4856211029496536,0.639901307209199,0.56211437517828,0.8990205595574137
polarized_n100,100,20,96,0.5587105912035076,0.03438168431630597,0.5243289068872017,0.5930922755198136,0.56211437517828,0.8990205595574137
polarized_n100,100,20,97,0.5467013807137432,0.07460319455902874,0.47209818615471444,0.6213045752727719,0.56211437517828,0.8990205595574137
polarized_n100,100,20,98,0.5652668538627148,0.07350321319650714,0.49176364066620765,0.6387700670592219,0.56211437517828,0.8990205595574137
polarized_n100,100,20,99,0.5618577231970178,0.0688498876895592,0.4930078355074586,0.630707610886577,0.56211437517828,0.8990205595574137
polarized_n100,100,21,0,0.5731578400698414,0.07861928108773808,0.4945385589821033,0.6517771211575795,0.5684531592077259,0.899865016269942
polarized_n100,100,21,1,0.5713878795880589,0.07904767702348442,0.4923402025645745,0.6504355566115434,0.5684531592077259,0.899865016269942
polarized_n100,100,21,2,0.5663368337249242,0.07105328518459336,0.4952835485403308,0.6373901189095175,0.5684531592077259,0.899865016269942
polarized_n100,100,21,3,0.5708542132715582,0.04199335468333482,0.5288608585882233,0.612847567954893,0.5684531592077259,0.899865016269942
polarized_n100,100,21,4,0.5745466576047296,0.023614795221007612,0.5509318623837219,0.5981614528257372,0.5684531592077259,0.899865016269942
polarized_n100,100,21,5,0.5679060016237144,0.03839356349373353,0.5295124381299808,0.606299565117448,0.5684531592077259,0.899865016269942
polarized_n100,100,21,6,0.5664266736682807,0.047780567591516325,0.5186461060767644,0.614207241259797,0.5684531592077259,0.899865016269942
polarized_n100,100,21,7,0.57218670993092,0.05689699049161058,0.5152897194393095,0.6290837004225306,0.5684531592077259,0.899865016269942
polarized_n100,100,21,8,0.573037171844334,0.02564457726458723,0.5473925945797468,0.5986817491089212,0.5684531592077259,0.899865016269942
polarized_n100,100,21,9,0.5717779944101271,0.06317213667057199,0.5086058577395551,0.6349501310806991,0.5684531592077259,0.899865016269942
polarized_n100,100,21,10,0.5679189046750928,0.0519786217665438,0.515940282908549,0.6198975264416365,0.5684531592077259,0.899865016269942
polarized_n100,100,21,11,0.5668176681460405,0.05598919024239038,0.5108284779036502,0.6228068583884309,0.5684531592077259,0.899865016269942
polarized_n100,100,21,12,0.5631443855292578,0.07719825103432292,0.4859461344949349,0.6403426365635807,0.5684531592077259,0.899865016269942
polarized_n100,100,21,13,0.5693296509053623,0.02365473561606386,0.5456749152892983,0.5929843865214262,0.5684531592077259,0.899865016269942
polarized_n100,100,21,14,0.5729061808208458,0.060197592334034766,0.512708588486811,0.6331037731548805,0.5684531592077259,0.899865016269942
polarized_n100,100,21,15,0.4742286760518773,0.07843897967091228,0.395789696380965,0.5526676557227895,0.5684531592077259,0.899865016269942
polarized_n100,100,21,16,0.571378349797827,0.02462563932980327,0.5467527104680238,0.5960039891276302,0.5684531592077259,0.899865016269942
polarized_n100,100,21,17,0.5671558109749977,0.07568706965144527,0.4914687413235524,0.6428428806264429,0.5684531592077259,0.899865016269942
polarized_n100,100,21,18,0.570654347926739,0.07457463432096467,0.4960797136057743,0.6452289822477036,0.5684531592077259,0.899865016269942
polarized_n100,100,21,19,0.5730574330408886,0.021614518140441755,0.5514429149004468,0.5946719511813304,0.5684531592077259,0.899865016269942
polarized_n100,100,21,20,0.5727096483281044,0.0380438916663014,0.534665756661803,0.6107535399944058,0.5684531592077259,0.899865016269942
polarized_n100,100,21,21,0.5713801616848664,0.07633420287715346,0.4950459588077129,0.6477143645620198,0.5684531592077259,0.899865016269942
polarized_n100,100,21,22,0.570408363609084,0.04925848826849345,0.5211498753405905,0.6196668518775774,0.5684531592077259,0.899865016269942
polarized_n100,100,21,23,0.5615662577846866,0.03372363387924311,0.5278426239054435,0.5952898916639298,0.5684531592077259,0.899865016269942
polarized_n100,100,21,24,0.5672217705721245,0.0598782764722597,0.5073434940998648,0.6271000470443843,0.5684531592077259,0.899865016269942
polarized_n100,100,21,25,0.5734083051093377,0.07017866763096088,0.5032296374783768,0.6435869727402986,0.5684531592077259,0.899865016269942
polarized_n100,100,21,26,0.5640978194968229,0.06676646695939327,0.49733135253742966,0.6308642864562162,0.5684531592077259,0.899865016269942
polarized_n100,100,21,27,0.5711504192636403,0.0447438875207581,0.5264065317428822,0.6158943067843984,0.5684531592077259,0.899865016269942
polarized_n100,100,21,28,0.5662615716141878,0.06877625607277149,0.4974853155414163,0.6350378276869593,0.5684531592077259,0.899865016269942
polarized_n100,100,21,29,0.5692126695597218,0.043684988720462045,0.5255276808392598,0.6128976582801838,0.5684531592077259,0.899865016269942
polarized_n100,100,21,30,0.5685025533598602,0.025593409147593376,0.5429091442122669,0.5940959625074536,0.5684531592077259,0.899865016269942
polarized_n100,100,21,31,0.5738534766712072,0.03820913730275319,0.535644339368454,0.6120626139739604,0.5684531592077259,0.899865016269942
polarized_n100,100,21,32,0.5724022651426561,0.06608513305129528,0.5063171320913609,0.6384873981939514,0.5684531592077259,0.899865016269942
polarized_n100,100,21,33,0.5725602026288155,0.07643538027275762,0.4961248223560578,0.6489955829015731,0.5684531592077259,0.899865016269942
polarized_n100,100,21,34,0.5707149104152068,0.04911968384930053,0.5215952265659063,0.6198345942645074,0.5684531592077259,0.899865016269942
polarized_n100,100,21,35,0.5726475953834265,0.022524511421244314,0.5501230839621821,0.5951721068046708,0.5684531592077259,0.899865016269942
polarized_n100,100,21,36,0.5704313399352091,0.06882614543707255,0.5016051944981366,0.6392574853722817,0.5684531592077259,0.899865016269942
polarized_n100,100,21,37,0.573604758686028,0.02723232454362276,0.5463724341424052,0.6008370832296508,0.5684531592077259,0.899865016269942
polarized_n100,100,21,38,0.5634963987069287,0.057250532688021175,0.5062458660189075,0.6207469313949499,0.5684531592077259,0.899865016269942
polarized_n100,100,21,39,0.5698094203968725,0.04853694856910239,0.5212724718277701,0.618346368965975,0.5684531592077259,0.899865016269942
polarized_n100,100,21,40,0.5720637923572902,0.06785520663539986,0.5042085857218903,0.6399189989926901,0.5684531592077259,0.899865016269942
polarized_n100,100,21,41,0.5732813280122305,0.039042779980491035,0.5342385480317395,0.6123241079927215,0.5684531592077259,0.899865016269942
polarized_n100,100,21,42,0.5736723947734944,0.02297476590513185,0.5506976288683626,0.5966471606786262,0.5684531592077259,0.899865016269942
polarized_n100,100,21,43,0.5669578818770099,0.062203383640086804,0.5047544982369231,0.6291612655170967,0.5684531592077259,0.899865016269942
polarized_n100,100,21,44,0.5736045073860696,0.03074534040166308,0.5428591669844065,0.6043498477877327,0.5684531592077259,0.899865016269942
polarized_n100,100,21,45,0.5729395294818056,0.06384364089984736,0.5090958885819582,0.636783170381653,0.5684531592077259,0.899865016269942
polarized_n100,100,21,46,0.5722182677159577,0.02472577117569657,0.5474924965402612,0.5969440388916543,0.5684531592077259,0.899865016269942
polarized_n100,100,21,47,0.5736715843783534,0.0548954523183965,0.5187761320599569,0.62856703669675,0.5684531592077259,0.899865016269942
polarized_n100,100,21,48,0.5665403506492684,0.0589670059870472,0.5075733446622213,0.6255073566363156,0.5684531592077259,0.899865016269942
polarized_n100,100,21,49,0.5731335980827836,0.05420946894376835,0.5189241291390153,0.627343067026552,0.5684531592077259,0.899865016269942
polarized_n100,100,21,50,0.5722839385055987,0.07071673356237873,0.5015672049432199,0.6430006720679774,0.5684531592077259,0.899865016269942
polarized_n100,100,21,51,0.5738403291182427,0.04684118947763831,0.5269991396406044,0.6206815185958809,0.5684531592077259,0.899865016269942
polarized_n100,100,21,52,0.5719382420674968,0.0571881689842057,0.514750073083291,0.6291264110517025,0.5684531592077259,0.899865016269942
polarized_n100,100,21,53,0.5711921580068923,0.03870800809697694,0.5324841499099153,0.6099001661038692,0.5684531592077259,0.899865016269942
polarized_n100,100,21,54,0.5724221486095876,0.07515742944721751,0.49726471916237014,0.6475795780568051,0.5684531592077259,0.899865016269942
polarized_n100,100,21,55,0.5709365589987262,0.046909846219163595,0.5240267127795626,0.6178464052178898,0.5684531592077259,0.899865016269942
polarized_n100,100,21,56,0.5548605938299387,0.0548605955899687,0.49999999823997,0.6097211894199074,0.5684531592077259,0.899865016269942
polarized_n100,100,21,57,0.5719213206502582,0.04361600009498748,0.5283053205552708,0.6155373207452457,0.5684531592077259,0.899865016269942
polarized_n100,100,21,58,0.5724697411039272,0.07943983921305055,0.4930299018908767,0.6519095803169778,0.5684531592077259,0.899865016269942
polarized_n100,100,21,59,0.5546450621971228,0.03644135337225965,0.5182037088248632,0.5910864155693825,0.5684531592077259,0.899865016269942
polarized_n100,100,21,60,0.5660152915829493,0.06541877674486613,0.5005965148380831,0.6314340683278155,0.5684531592077259,0.899865016269942
polarized_n100,100,21,61,0.5703456974904686,0.07183004252876772,0.49851565496170086,0.6421757400192363,0.5684531592077259,0.899865016269942
polarized_n100,100,21,62,0.5667507461147072,0.050796840711428745,0.5159539054032785,0.617547586826136,0.5684531592077259,0.899865016269942
polarized_n100,100,21,63,0.5673006563629237,0.06818898193090207,0.49911167443202165,0.6354896382938258,0.5684531592077259,0.899865016269942
polarized_n100,100,21,64,0.568391043444884,0.07732365679877466,0.4910673866461093,0.6457147002436586,0.5684531592077259,0.899865016269942
polarized_n100,100,21,65,0.5732096203011736,0.03471252886789718,0.5384970914332764,0.6079221491690708,0.5684531592077259,0.899865016269942
polarized_n100,100,21,66,0.5703802857497113,0.057053877210004614,0.5133264085397067,0.627434162959716,0.5684531592077259,0.899865016269942
polarized_n100,100,21,67,0.572667262734145,0.03306482801882353,0.5396024347153215,0.6057320907529685,0.5684531592077259,0.899865016269942
polarized_n100,100,21,68,0.5621544855027629,0.07619896045299067,0.48595552504977224,0.6383534459557536,0.5684531592077259,0.899865016269942
polarized_n100,100,21,69,0.5738779856262989,0.033350493208970974,0.5405274924173279,0.6072284788352699,0.5684531592077259,0.899865016269942
polarized_n100,100,21,70,0.5739744949177481,0.0360094267119649,0.5379650682057832,0.609983921629713,0.5684531592077259,0.899865016269942
polarized_n100,100,21,71,0.5727518562837056,0.07798988488042775,0.4947619714032779,0.6507417411641334,0.5684531592077259,0.899865016269942
polarized_n100,100,21,72,0.5732168371633082,0.05439686588302195,0.5188199712802862,0.6276137030463301,0.5684531592077259,0.899865016269942
polarized_n100,100,21,73,0.5673169206608196,0.07613386565105072,0.4911830550097689,0.6434507863118704,0.5684531592077259,0.899865016269942
polarized_n100,100,21,74,0.5725869913273753,0.03045921351297952,0.5421277778143958,0.6030462048403549,0.5684531592077259,0.899865016269942
polarized_n100,100,21,75,0.5695348877719838,0.06421397353508644,0.5053209142368974,0.6337488613070702,0.5684531592077259,0.899865016269942
polarized_n100,100,21,76,0.5733050856239074,0.0511105613954046,0.5221945242285028,0.624415647019312,0.5684531592077259,0.899865016269942
polarized_n100,100,21,77,0.573554406977686,0.05280635060335398,0.5207480563743321,0.6263607575810399,0.5684531592077259,0.899865016269942
polarized_n100,100,21,78,0.5730358610727495,0.0698139450378733,0.5032219160348762,0.6428498061106228,0.5684531592077259,0.899865016269942
polarized_n100,100,21,79,0.5745543156453655,0.022196483752201075,0.5523578318931645,0.5967507993975666,0.5684531592077259,0.899865016269942
polarized_n100,100,21,80,0.5675339060570683,0.07205961970061724,0.4954742863564511,0.6395935257576856,0.5684531592077259,0.899865016269942
polarized_n100,100,21,81,0.5526763269200354,0.05327197107300832,0.49940435584702714,0.6059482979930437,0.5684531592077259,0.899865016269942
polarized_n100,100,21,82,0.5703698515462833,0.024722613151822673,0.5456472383944606,0.595092464698106,0.5684531592077259,0.899865016269942
polarized_n100,100,21,83,0.5711576019540535,0.07747491198029495,0.4936826899737586,0.6486325139343485,0.5684531592077259,0.899865016269942
polarized_n100,100,21,84,0.5730486873040248,0.04276196128971046,0.5302867260143144,0.6158106485937352,0.5684531592077259,0.899865016269942
polarized_n100,100,21,85,0.5722699714126197,0.05042896702443275,0.5218410043881869,0.6226989384370525,0.5684531592077259,0.899865016269942
polarized_n100,100,21,86,0.5712831624493282,0.07225004880367647,0.4990331136456517,0.6435332112530047,0.5684531592077259,0.899865016269942
polarized_n100,100,21,87,0.57391437653021,0.03783214772552676,0.5360822288046833,0.6117465242557368,0.5684531592077259,0.899865016269942
polarized_n100,100,21,88,0.5709164759171003,0.02515192861876235,0.5457645472983379,0.5960684045358626,0.5684531592077259,0.899865016269942
polarized_n100,100,21,89,0.5712158844919871,0.020040888956143726,0.5511749955358434,0.5912567734481309,0.5684531592077259,0.899865016269942
polarized_n100,100,21,90,0.5663017465293305,0.052934292044798145,0.5133674544845324,0.6192360385741287,0.5684531592077259,0.899865016269942
polarized_n100,100,21,91,0.5563723883460172,0.04277080547507493,0.5136015828709423,0.5991431938210922,0.5684531592077259,0.899865016269942
polarized_n100,100,21,92,0.5553315052832203,0.0639513343738887,0.4913801709093316,0.619282839657109,0.5684531592077259,0.899865016269942
polarized_n100,100,21,93,0.5562129848719622,0.07279272330711781,0.4834202615648444,0.6290057081790801,0.5684531592077259,0.899865016269942
polarized_n100,100,21,94,0.5687006270508629,0.0733889847026697,0.4953116423481932,0.6420896117535326,0.5684531592077259,0.899865016269942
polarized_n100,100,21,95,0.5691337544455422,0.0771401021297727,0.49199365231576947,0.6462738565753149,0.5684531592077259,0.899865016269942
polarized_n100,100,21,96,0.5654162065463616,0.03438168431630597,0.5310345222300557,0.5997978908626675,0.5684531592077259,0.899865016269942
polarized_n100,100,21,97,0.5542397514603719,0.07460319455902874,0.4796365569013431,0.6288429460194006,0.5684531592077259,0.899865016269942
polarized_n100,100,21,98,0.5718518092035739,0.07350321319650714,0.49834859600706677,0.645355022400081,0.5684531592077259,0.899865016269942
polarized_n100,100,21,99,0.5682015503417137,0.0688498876895592,0.4993516626521545,0.637051438031273,0.5684531592077259,0.899865016269942
polarized_n100,100,22,0,0.5799472009069253,0.07861928108773808,0.5013279198191872,0.6585664819946634,0.5750408460440815,0.900302680702325
polarized_n100,100,22,1,0.5781724007544482,0.07904767702348442,0.4991247237309638,0.6572200777779327,0.5750408460440815,0.900302680702325
polarized_n100,100,22,2,0.5729539329456887,0.07105328518459336,0.5019006477610954,0.644007218130282,0.5750408460440815,0.900302680702325
polarized_n100,100,22,3,0.5775562968513023,0.04199335468333482,0.5355629421679674,0.6195496515346371,0.5750408460440815,0.900302680702325
polarized_n100,100,22,4,0.5813801120609197,0.023614795221007612,0.557765316839912,0.6049949072819273,0.5750408460440815,0.900302680702325
polarized_n100,100,22,5,0.5746115643609928,0.03839356349373353,0.5362180008672592,0.6130051278547264,0.5750408460440815,0.900302680702325
polarized_n100,100,22,6,0.5728926131421882,0.047780567591516325,0.5251120455506719,0.6206731807337045,0.5750408460440815,0.900302680702325
polarized_n100,100,22,7,0.57894737463116,0.05689699049161058,0.5220503841395494,0.6358443651227705,0.5750408460440815,0.900302680702325
polarized_n100,100,22,8,0.5797944033155874,0.02564457726458723,0.5541498260510002,0.6054389805801746,0.5750408460440815,0.900302680702325
polarized_n100,100,22,9,0.5785340340291811,0.06317213667057199,0.5153618973586092,0.6417061706997531,0.5750408460440815,0.900302680702325
polarized_n100,100,22,10,0.5746072654610724,0.0519786217665438,0.5226286436945287,0.6265858872276162,0.5750408460440815,0.900302680702325
polarized_n100,100,22,11,0.5734776169280675,0.05598919024239038,0.5174884266856772,0.6294668071704579,0.5750408460440815,0.900302680702325
polarized_n100,100,22,12,0.5693665029892967,0.07719825103432292,0.49216825195497377,0.6465647540236196,0.5750408460440815,0.900302680702325
polarized_n100,100,22,13,0.5759685483975683,0.02365473561606386,0.5523138127815044,0.5996232840136322,0.5750408460440815,0.900302680702325
polarized_n100,100,22,14,0.5796789272320898,0.060197592334034766,0.519481334898055,0.6398765195661246,0.5750408460440815,0.900302680702325
polarized_n100,100,22,15,0.4848762832353927,0.07843897967091228,0.40643730356448043,0.563315262906305,0.5750408460440815,0.900302680702325
polarized_n100,100,22,16,0.5780891337511214,0.02462563932980327,0.5534634944213181,0.6027147730809246,0.5750408460440815,0.900302680702325
polarized_n100,100,22,17,0.5738489180057813,0.07568706965144527,0.498161848354336,0.6495359876572265,0.5750408460440815,0.900302680702325
polarized_n100,100,22,18,0.5773847520169136,0.07457463432096467,0.502810117695949,0.6519593863378783,0.5750408460440815,0.900302680702325
polarized_n100,100,22,19,0.5798070780024074,0.021614518140441755,0.5581925598619656,0.6014215961428492,0.5750408460440815,0.900302680702325
polarized_n100,100,22,20,0.579467099745323,0.0380438916663014,0.5414232080790216,0.6175109914116244,0.5750408460440815,0.900302680702325
polarized_n100,100,22,21,0.5781605953582504,0.07633420287715346,0.501826392481097,0.6544947982354038,0.5750408460440815,0.900302680702325
polarized_n100,100,22,22,0.577079536858891,0.04925848826849345,0.5278210485903976,0.6263380251273845,0.5750408460440815,0.900302680702325
polarized_n100,100,22,23,0.5700621157089346,0.03372363387924311,0.5363384818296915,0.6037857495881778,0.5750408460440815,0.900302680702325
polarized_n100,100,22,24,0.5738806759944819,0.0598782764722597,0.5140023995222222,0.6337589524667416,0.5750408460440815,0.900302680702325
polarized_n100,100,22,25,0.5801792107334293,0.07017866763096088,0.5100005431024683,0.6503578783643902,0.5750408460440815,0.900302680702325
polarized_n100,100,22,26,0.5704595157404466,0.06676646695939327,0.5036930487810534,0.6372259826998399,0.5750408460440815,0.900302680702325
polarized_n100,100,22,27,0.5778728080906839,0.0447438875207581,0.5331289205699258,0.622616695611442,0.5750408460440815,0.900302680702325
polarized_n100,100,22,28,0.572635618326633,0.06877625607277149,0.5038593622538615,0.6414118743994045,0.5750408460440815,0.900302680702325
polarized_n100,100,22,29,0.5758390511509772,0.043684988720462045,0.5321540624305152,0.6195240398714392,0.5750408460440815,0.900302680702325
polarized_n100,100,22,30,0.5751763404480055,0.025593409147593376,0.5495829313004121,0.6007697495955988,0.5750408460440815,0.900302680702325
polarized_n100,100,22,31,0.580628610863951,0.03820913730275319,0.5424194735611978,0.6188377481667042,0.5750408460440815,0.900302680702325
polarized_n100,100,22,32,0.5791702193313254,0.06608513305129528,0.5130850862800301,0.6452553523826207,0.5750408460440815,0.900302680702325
polarized_n100,100,22,33,0.5793436762390745,0.07643538027275762,0.5029082959663168,0.6557790565118321,0.5750408460440815,0.900302680702325
polarized_n100,100,22,34,0.5774091279622579,0.04911968384930053,0.5282894441129573,0.6265288118115584,0.5750408460440815,0.900302680702325
polarized_n100,100,22,35,0.5794033973889829,0.022524511421244314,0.5568788859677386,0.6019279088102273,0.5750408460440815,0.900302680702325
polarized_n100,100,22,36,0.5771324136983166,0.06882614543707255,0.508306268261244,0.6459585591353891,0.5750408460440815,0.900302680702325
polarized_n100,100,22,37,0.5803767650499184,0.02723232454362276,0.5531444405062956,0.6076090895935412,0.5750408460440815,0.900302680702325
polarized_n100,100,22,38,0.5697169842956595,0.057250532688021175,0.5124664516076384,0.6269675169836807,0.5750408460440815,0.900302680702325
polarized_n100,100,22,39,0.5764752365011286,0.04853694856910239,0.5279382879320262,0.625012185070231,0.5750408460440815,0.900302680702325
polarized_n100,100,22,40,0.5788221841967,0.06785520663539986,0.5109669775613,0.6466773908320999,0.5750408460440815,0.900302680702325
polarized_n100,100,22,41,0.580049314451567,0.039042779980491035,0.541006534471076,0.619092094432058,0.5750408460440815,0.900302680702325
polarized_n100,100,22,42,0.5804434800197443,0.02297476590513185,0.5574687141146125,0.6034182459248761,0.5750408460440815,0.900302680702325
polarized_n100,100,22,43,0.5735950413047413,0.062203383640086804,0.5113916576646544,0.6357984249448281,0.5750408460440815,0.900302680702325
polarized_n100,100,22,44,0.5803782254441661,0.03074534040166308,0.549632885042503,0.6111235658458292,0.5750408460440815,0.900302680702325
polarized_n100,100,22,45,0.5797273912585085,0.06384364089984736,0.5158837503586611,0.6435710321583559,0.5750408460440815,0.900302680702325
polarized_n100,100,22,46,0.5789863097899276,0.02472577117569657,0.5542605386142311,0.6037120809656241,0.5750408460440815,0.900302680702325
polarized_n100,100,22,47,0.5804327657762002,0.0548954523183965,0.5255373134578036,0.6353282180945967,0.5750408460440815,0.900302680702325
polarized_n100,100,22,48,0.57315919317367,0.0589670059870472,0.5141921871866229,0.6321261991607172,0.5750408460440815,0.900302680702325
polarized_n100,100,22,49,0.5799099833548572,0.05420946894376835,0.5257005144110889,0.6341194522986255,0.5750408460440815,0.900302680702325
polarized_n100,100,22,50,0.5790556659033942,0.07071673356237873,0.5083389323410155,0.6497723994657729,0.5750408460440815,0.900302680702325
polarized_n100,100,22,51,0.5806404226302042,0.04684118947763831,0.5337992331525659,0.6274816121078425,0.5750408460440815,0.900302680702325
polarized_n100,100,22,52,0.5787055439661775,0.0571881689842057,0.5215173749819717,0.6358937129503832,0.5750408460440815,0.900302680702325
polarized_n100,100,22,53,0.5779432938107173,0.03870800809697694,0.5392352857137404,0.6166513019076942,0.5750408460440815,0.900302680702325
polarized_n100,100,22,54,0.5791899391850533,0.07515742944721751,0.5040325097378359,0.6543473686322708,0.5750408460440815,0.900302680702325
polarized_n100,100,22,55,0.5776800808559248,0.046909846219163595,0.5307702346367612,0.6245899270750884,0.5750408460440815,0.900302680702325
polarized_n100,100,22,56,0.5584721509445215,0.0548605955899687,0.5036115553545528,0.6133327465344902,0.5750408460440815,0.900302680702325
polarized_n100,100,22,57,0.578702335928735,0.04361600009498748,0.5350863358337475,0.6223183360237224,0.5750408460440815,0.900302680702325
polarized_n100,100,22,58,0.579252597160336,0.07943983921305055,0.4998127579472854,0.6586924363733865,0.5750408460440815,0.900302680702325
polarized_n100,100,22,59,0.5586271087484755,0.03644135337225965,0.5221857553762159,0.5950684621207352,0.5750408460440815,0.900302680702325
polarized_n100,100,22,60,0.5726394994775285,0.06541877674486613,0.5072207227326624,0.6380582762223945,0.5750408460440815,0.900302680702325
polarized_n100,100,22,61,0.5770785830595209,0.07183004252876772,0.5052485405307532,0.6489086255882885,0.5750408460440815,0.900302680702325
polarized_n100,100,22,62,0.5732651061427402,0.050796840711428745,0.5224682654313114,0.6240619468541689,0.5750408460440815,0.900302680702325
polarized_n100,100,22,63,0.573761319191048,0.06818898193090207,0.5055723372601459,0.6419503011219501,0.5750408460440815,0.900302680702325
polarized_n100,100,22,64,0.5749869166983169,0.07732365679877466,0.49766325989954224,0.6523105734970915,0.5750408460440815,0.900302680702325
polarized_n100,100,22,65,0.5799790113103461,0.03471252886789718,0.5452664824424489,0.6146915401782433,0.5750408460440815,0.900302680702325
polarized_n100,100,22,66,0.5770933615982402,0.057053877210004614,0.5200394843882356,0.6341472388082449,0.5750408460440815,0.900302680702325
polarized_n100,100,22,67,0.5794314243275375,0.03306482801882353,0.546366596308714,0.612496252346361,0.5750408460440815,0.900302680702325
polarized_n100,100,22,68,0.5620085285678947,0.07619896045299067,0.48580956811490406,0.6382074890208854,0.5750408460440815,0.900302680702325
polarized_n100,100,22,69,0.580653036538435,0.033350493208970974,0.547302543329464,0.614003529747406,0.5750408460440815,0.900302680702325
polarized_n100,100,22,70,0.5807682800889192,0.0360094267119649,0.5447588533769543,0.6167777068008842,0.5750408460440815,0.900302680702325
polarized_n100,100,22,71,0.5795248573342816,0.07798988488042775,0.5015349724538538,0.6575147422147094,0.5750408460440815,0.900302680702325
polarized_n100,100,22,72,0.5800058668231399,0.05439686588302195,0.525609000940118,0.6344027327061619,0.5750408460440815,0.900302680702325
polarized_n100,100,22,73,0.5650296293685356,0.07613386565105072,0.4888957637174849,0.6411634950195864,0.5750408460440815,0.900302680702325
polarized_n100,100,22,74,0.5793470641933427,0.03045921351297952,0.5488878506803632,0.6098062777063222,0.5750408460440815,0.900302680702325
polarized_n100,100,22,75,0.5761967856301066,0.06421397353508644,0.5119828120950202,0.640410759165193,0.5750408460440815,0.900302680702325
polarized_n100,100,22,76,0.5800930142195858,0.0511105613954046,0.5289824528241812,0.6312035756149904,0.5750408460440815,0.900302680702325
polarized_n100,100,22,77,0.5803426477016617,0.05280635060335398,0.5275362970983077,0.6331489983050156,0.5750408460440815,0.900302680702325
polarized_n100,100,22,78,0.5798136076601574,0.0698139450378733,0.5099996626222841,0.6496275526980307,0.5750408460440815,0.900302680702325
polarized_n100,100,22,79,0.5813626431206094,0.022196483752201075,0.5591661593684083,0.6035591268728104,0.5750408460440815,0.900302680702325
polarized_n100,100,22,80,0.5740349112458586,0.07205961970061724,0.5019752915452413,0.6460945309464758,0.5750408460440815,0.900302680702325
polarized_n100,100,22,81,0.5597536973095816,0.05327197107300832,0.5064817262365733,0.6130256683825899,0.5750408460440815,0.900302680702325
polarized_n100,100,22,82,0.5770086555059037,0.024722613151822673,0.5522860423540811,0.6017312686577264,0.5750408460440815,0.900302680702325
polarized_n100,100,22,83,0.5779559522949768,0.07747491198029495,0.5004810403146818,0.6554308642752718,0.5750408460440815,0.900302680702325
polarized_n100,100,22,84,0.5798191486431709,0.04276196128971046,0.5370571873534604,0.6225811099328813,0.5750408460440815,0.900302680702325
polarized_n100,100,22,85,0.5790425745076085,0.05042896702443275,0.5286136074831758,0.6294715415320413,0.5750408460440815,0.900302680702325
polarized_n100,100,22,86,0.5780830187522469,0.07225004880367647,0.5058329699485704,0.6503330675559233,0.5750408460440815,0.900302680702325
polarized_n100,100,22,87,0.5807110926855248,0.03783214772552676,0.542878944959998,0.6185432404110516,0.5750408460440815,0.900302680702325
polarized_n100,100,22,88,0.5776208544872359,0.02515192861876235,0.5524689258684735,0.6027727831059982,0.5750408460440815,0.900302680702325
polarized_n100,100,22,89,0.577932688636691,0.020040888956143726,0.5578917996805473,0.5979735775928348,0.5750408460440815,0.900302680702325
polarized_n100,100,22,90,0.5727686180715008,0.052934292044798145,0.5198343260267027,0.625702910116299,0.5750408460440815,0.900302680702325
polarized_n100,100,22,91,0.5638315018172972,0.04277080547507493,0.5210606963422223,0.6066023072923722,0.5750408460440815,0.900302680702325
polarized_n100,100,22,92,0.563221383236067,0.0639513343738887,0.4992700488621783,0.6271727176099556,0.5750408460440815,0.900302680702325
polarized_n100,100,22,93,0.5643117956379468,0.07279272330711781,0.4915190723308289,0.6371045189450646,0.5750408460440815,0.900302680702325
polarized_n100,100,22,94,0.5753173050826721,0.0733889847026697,0.5019283203800023,0.6487062897853418,0.5750408460440815,0.900302680702325
polarized_n100,100,22,95,0.5757299924410271,0.0771401021297727,0.4985898903112544,0.6528700945707998,0.5750408460440815,0.900302680702325
polarized_n100,100,22,96,0.5719807915358545,0.03438168431630597,0.5375991072195485,0.6063624758521604,0.5750408460440815,0.900302680702325
polarized_n100,100,22,97,0.5620615366664746,0.07460319455902874,0.4874583421074459,0.6366647312255034,0.5750408460440815,0.900302680702325
polarized_n100,100,22,98,0.5786207615723076,0.07350321319650714,0.5051175483758005,0.6521239747688147,0.5750408460440815,0.900302680702325
polarized_n100,100,22,99,0.5747601548178396,0.0688498876895592,0.5059102671282804,0.6436100425073988,0.5750408460440815,0.900302680702325
